# 8041 vertices, 16078 faces
v -0.00265639997087 -0.0494350008667 -0.0056993002072
v 0.012633100152 -0.00308450008743 0.00801290012896
v 0.0208116993308 0.0236242990941 0.00809490028769
v -0.0177402999252 0.00269460002892 -0.000918500008993
v -0.00138200004585 0.0282367002219 0.000938399985898
v 0.00224839989096 0.0367262996733 0.00838659983128
v -0.00889629963785 0.0286800991744 -0.00138799997512
v -0.0182140991092 0.00447170017287 0.000871099997312
v -0.00578119978309 0.00611840002239 -0.0150722004473
v 0.00126040005125 0.0334087014198 -0.00601139990613
v -0.000557599996682 0.0221890993416 -0.000657800002955
v 0.00113710004371 -0.00178769999184 0.00330309988931
v -0.00806059967726 0.0198235996068 -0.00198650010861
v 0.000135700000101 0.0228375997394 -0.00969719979912
v -0.00731030013412 0.0296283997595 -0.00125710002612
v 0.0163717996329 0.0133328996599 0.00737609993666
v 0.0193917993456 0.0156449005008 0.00740179978311
v -0.0098395999521 0.0113383997232 -0.014260600321
v -0.00683479988948 0.0199919007719 -0.0117217004299
v 0.00309569993988 -0.0021027000621 0.00387450004928
v 0.016907999292 -0.0104392003268 0.00249579991214
v -0.00830619968474 0.0128781003878 -0.0144164003432
v -0.00152769999113 0.0163899008185 -0.000152399996296
v 0.0157006997615 0.0247952993959 0.00922259967774
v -0.00835749972612 0.0157932005823 -0.0134707000107
v -0.0195435993373 0.00526509992778 0.00258220010437
v -0.00381759996526 0.0424925014377 0.0141243999824
v -0.00148029997945 0.0235699005425 -0.00826430041343
v -0.00919890031219 -0.0351114012301 0.00182440003846
v -0.00813439954072 0.00103140005376 0.0121229998767
v 0.0108962003142 -0.0494350008667 -0.00710659986362
v -0.0171140991151 0.00868850015104 0.00235580001026
v -0.00474100001156 0.0250174999237 -0.00300069991499
v 0.0111584998667 -0.0117749003693 0.00770060019568
v 0.00859950017184 0.016714900732 -0.00595489982516
v -0.00817569997162 -0.00491150002927 0.0123840998858
v 0.010102099739 -0.0152666000649 0.00712049985304
v 0.00643659988418 0.00570430001244 -0.00951979961246
v 0.00522040016949 0.0293099004775 0.000969499989878
v 0.00413670018315 0.0408863984048 0.00486769992858
v 0.0156555995345 -0.0445588007569 -0.00303149991669
v -0.0133395995945 0.00984560046345 -0.00108489999548
v -0.00376609992236 0.00559769989923 0.00261479988694
v 0.0147229004651 0.0164052993059 0.000250899989624
v 0.0140129001811 0.0079583004117 0.00726100010797
v 0.00226309988648 0.0158974006772 -0.0114014996216
v 0.000760000024457 0.0319073982537 0.00334769999608
v 0.00940879993141 -0.0314612984657 -0.0118164997548
v 0.00367589993402 -0.0128124002367 -0.0122068999335
v -0.0143526997417 0.0147749995813 -0.00873879995197
v 0.0051070000045 -0.00406539998949 0.0055978000164
v 0.0101423002779 -0.0404791012406 -0.0123950997368
v 0.000683300022501 -0.00176490005106 -0.0133525002748
v 0.0201242994517 0.01874230057 0.00308310007676
v 0.0176780000329 0.00880379974842 -0.00197290000506
v 0.00348940002732 0.0273573007435 -0.00833540037274
v -0.00825630035251 0.00536930002272 -0.0141738001257
v -0.0130436997861 0.0108225001022 -0.0119551997632
v -0.000818400003482 0.0123167000711 -1.43999995998e-05
v -0.0134361004457 0.0347009003162 -0.00415869988501
v -0.012119400315 0.00911050010473 -0.01281309966
v -0.00258859992027 -0.0023729999084 0.00696919998154
v 0.012110600248 0.0341060012579 0.00510459998623
v -0.0138581003994 0.00870629958808 -0.0111419996247
v 0.00945920031518 -0.0494350008667 -0.00496739987284
v 0.00981390010566 0.000669999979436 0.00631699990481
v 0.0138827003539 0.0180872995406 0.00713350018486
v 0.000969899992924 -0.0037664999254 0.00404949998483
v -0.00514760008082 -0.0234463997185 0.00592069979757
v -0.0074922000058 0.00186079996638 0.0114772003144
v 0.017786199227 0.0244957990944 0.00647460017353
v 0.0123370001093 -0.0374225005507 -0.0103246998042
v -0.00745719997212 0.0437696017325 0.000970799999777
v 0.0128614995629 -0.0230340007693 -0.00598490005359
v 0.00207439996302 0.041134301573 0.0135530997068
v -0.0177669003606 0.0149985998869 0.01228430029
v -0.0149951996282 0.01115319971 -0.00529980007559
v 0.0155172999948 0.0153543995693 0.00795529969037
v 0.00877100042999 -7.88000033936e-05 0.00589179992676
v 0.00760750006884 0.0400123000145 0.0148355001584
v 0.00414999993518 -0.0258853007108 -0.0123300999403
v 5.80999985687e-05 -0.0181178990752 -0.0125842001289
v 0.012948400341 -0.0382786989212 -0.00966279953718
v -0.00890639983118 0.0111894998699 -0.0146089000627
v 0.00528310006484 0.0126091996208 0.00291029992513
v -0.00757719995454 -0.0239662993699 -0.0103999003768
v 0.00293729989789 -0.0235942993313 -0.0124236997217
v 0.00504830013961 0.0150654995814 0.00311119994149
v -0.00388449989259 0.0424885004759 0.0105681000277
v -0.0150611996651 -0.0107960999012 -0.00481500010937
v -0.00872009992599 0.00799330044538 -0.0145541001111
v 0.0133670000359 -0.0171077996492 0.00438009994105
v 0.00891000032425 0.041241299361 0.0191801004112
v -0.0122378002852 0.036803200841 0.00105810002424
v -0.0149138001725 0.00844679959118 -0.00357219995931
v 0.00297209993005 -0.0494350008667 0.00217309989966
v 0.0190262999386 0.00780750019476 -0.000283300003503
v -0.00111239997204 0.015823200345 -0.011608700268
v -0.00425639981404 0.0205367002636 -0.00882729981095
v -0.00594280008227 -0.0384244993329 -0.0130553003401
v -0.00305090006441 0.00436350004748 0.00285380007699
v -0.0209950003773 0.0022283999715 0.00515960017219
v -0.0181681998074 0.00152499997057 -0.000702399993315
v -0.00508059980348 0.0251494999975 -0.00914580002427
v -0.00404299981892 0.0265014003962 -0.004571700003
v 0.00765130016953 -0.0491014011204 0.00641340017319
v 0.00567100010812 0.0116801001132 -0.00958629976958
v -0.0114166997373 0.0397356003523 0.00395489996299
v 0.0197541005909 0.0191766005009 0.0100239999592
v -0.0210663992912 0.00263269990683 0.00616639992222
v -0.00850250013173 -0.0363112017512 -0.0112027004361
v 0.0193207003176 0.00542079983279 0.00237190001644
v -0.00519840000197 0.0167836993933 -0.0119545999914
v 0.00662859994918 0.0255187004805 -0.00160710001364
v -0.00617100019008 0.00711209978908 0.00443750014529
v -0.00252579990774 0.0178558994085 -0.0101715996861
v -0.011644099839 0.0156459994614 0.00937029998749
v 0.00749030010775 0.014113499783 0.00446499977261
v -0.00627809995785 -0.0161895006895 0.00942779984325
v -0.0188983008265 0.0137620000169 0.011109800078
v -0.00801580026746 -0.0334688983858 0.00294060003944
v -0.000730599975213 -0.017298899591 -0.0123639004305
v -0.0202501993626 0.00480140000582 0.00343680009246
v 0.0150864003226 0.0122300004587 0.00700830016285
v -0.0175394006073 -0.0129805998877 0.00164909998421
v 0.00589480018243 -0.00713809998706 0.00720829982311
v -0.00715149985626 -0.0250043999404 -0.0108909998089
v -0.00656979996711 0.0364587008953 0.0015727999853
v 0.0134356003255 0.0182640999556 0.00604999996722
v 0.0202419999987 0.0174032002687 0.00289170001633
v 0.00381050002761 0.00616210000589 -0.0113460002467
v -0.00264750001952 -0.022396100685 0.00600549997762
v 0.0136054996401 0.0217956993729 0.00255189999007
v 0.00477139977738 0.0130601003766 -0.0103176999837
v -0.0177305005491 0.0134035004303 0.00383160007186
v 0.00418339995667 -0.0494350008667 0.00454609980807
v 0.000123499994515 0.0446169003844 0.00861580017954
v 0.00996149983257 -0.0456837005913 -0.0129938004538
v 0.00667840009555 0.0342799983919 0.011590199545
v 0.0119602000341 -0.0313412994146 0.000723899982404
v 0.00655579986051 -0.0235217995942 0.00544330012053
v -0.00704789999872 -0.0398570001125 -0.0124623999
v -0.00361280003563 -0.0494350008667 -0.00659850006923
v 0.0142596997321 0.0109144998714 -0.00351909990422
v 0.00332130002789 0.0198746006936 0.00201139994897
v 0.00297209993005 -0.0434381999075 -0.0150546003133
v -0.0132400002331 0.0371956005692 -0.000634399999399
v -0.00896759983152 -0.00464060017839 -0.0111800003797
v 0.00620219996199 0.0259828995913 0.00436270004138
v 0.0188593994826 0.0157063007355 0.000553800025955
v 0.011009500362 -9.49999957811e-06 -0.00828540045768
v 0.0130708003417 0.0342705994844 0.0129281003028
v 0.0120583996177 -0.0437780991197 -0.0113604003564
v -0.000459200004116 -0.0214930009097 0.00595049979165
v 0.010701299645 -0.0239195991307 -0.00899070035666
v -0.00786009989679 0.0464694015682 0.00588830001652
v 0.00677230022848 -0.0494350008667 -0.00804520025849
v 0.00598269980401 0.0154123995453 -0.00731990020722
v -0.00581429991871 -0.00445559993386 -0.0127951996401
v -0.00779440021142 -0.0451071001589 -0.0120903002098
v 0.0201571006328 0.0145568996668 0.00300189992413
v 0.0157862007618 -0.0455331988633 -0.00384230003692
v -0.00426850002259 0.0235578007996 -0.00692440010607
v 0.0105582997203 0.00939469970763 0.0059373001568
v 0.00138340005651 0.0211961008608 0.000508999975864
v 0.0120684001595 0.00336350011639 0.00638120016083
v -0.00757439993322 -0.00952600035816 0.0117266997695
v -0.0167315993458 -0.0146062001586 0.000151700005517
v -0.000658500008285 -0.0242257993668 -0.0132173998281
v -0.0137924998999 0.0113019002602 -0.0110830003396
v -0.0138047998771 0.0124735003337 -0.0108697004616
v 0.00645390013233 0.0295582991093 -0.00369699997827
v -0.018819000572 0.000711200002115 0.0103364996612
v 0.0105742998421 0.0283436998725 -0.0017362999497
v -0.0183907002211 0.021455200389 0.0105641996488
v -0.00212440011092 0.0226441007107 -0.00772689981386
v 0.0168391000479 -0.00834430009127 0.00441299984232
v 0.00413479981944 0.00594619987532 0.00206200010143
v 0.00247110007331 0.00463410001248 -0.0120029002428
v 0.0107645997778 0.0200056992471 0.00508309993893
v -0.0078956997022 -0.0485298000276 -0.0118100000545
v 0.0125689003617 -0.0494340993464 -0.00584079977125
v 0.00566110014915 0.019420100376 -0.00644179992378
v 0.000741800002288 -0.0415444001555 -0.0149287004024
v -0.0150570999831 -0.0147574003786 -0.00339239998721
v 0.00883099995553 -0.0259523000568 -0.0108192004263
v -0.00257100001909 0.00525780022144 -0.0148590002209
v -0.00153040001169 0.0437204986811 0.00735880015418
v 0.0096089001745 -0.0373600013554 0.00454000011086
v 0.0120317004621 0.0202294997871 0.00470250006765
v -0.00389649998397 0.00213410006836 -0.0147748999298
v 0.0153968995437 -0.00943369977176 -0.00402930006385
v 0.0117971003056 0.0296330992132 0.0107976002619
v 0.0073142000474 0.00893250014633 0.00403149984777
v 0.0153780002147 0.00816429965198 0.00732860015705
v 0.0074506001547 0.0311325006187 0.0036812000908
v 0.00517830019817 0.0394571982324 0.0167773999274
v -0.0154085000977 -0.0163109004498 -0.00169760000426
v -0.0184391997755 0.00182150001638 0.0108062000945
v 0.0121616004035 0.0273889992386 0.00880009960383
v -0.00658169994131 0.0392259992659 -0.00304830004461
v 0.00542260007933 -0.0481394007802 -0.0148015003651
v -0.0159473996609 0.00874510034919 0.00183219998144
v -0.00701289996505 -0.0494350008667 -0.00103839999065
v 0.00872300006449 0.0095650004223 0.00484549999237
v 0.00171049998607 0.0242157001048 0.000911500013899
v 0.0196023005992 0.011297499761 0.0016838000156
v 0.0141356000677 0.0312828011811 0.00491030002013
v -0.00763180013746 -0.0494350008667 -0.0065290001221
v -0.000423599994974 -0.0430309996009 0.00659799994901
v 0.0133881000802 0.0290756002069 0.000209299993003
v -0.0130513003096 0.0192655008286 -0.00463820016012
v 0.0122034996748 0.0333519987762 0.00418640021235
v 0.00279489997774 0.00589710008353 -0.0120454002172
v 0.00495410012081 0.0242084003985 0.000500200025272
v -0.00643809977919 -0.0281911995262 -0.011972299777
v -0.00960060022771 -0.00549629982561 -0.0105483001098
v 0.0167325008661 -6.2799997977e-05 -0.00382829993032
v 0.0124503001571 0.0368297994137 0.0148160001263
v -0.0085792997852 -0.0379495993257 -0.0111959995702
v -0.00339980004355 -0.0390934981406 0.00533800013363
v 0.00618269992992 0.0266593005508 -0.00570510001853
v 0.0128301996738 -0.0457719005644 -0.0107359001413
v 0.00163189996965 -0.0490919984877 -0.01469380036
v 0.00999009981751 -0.049422301352 -0.0107549000531
v -0.0072416998446 -0.0494345985353 0.000915099983104
v 0.0125925997272 -0.0489653982222 -0.0100817000493
v -0.00370549992658 0.0178525000811 -0.0101859997958
v 0.012033900246 0.0232918001711 0.00605690013617
v -0.00136180000845 0.0350241996348 0.00567479990423
v -0.013096800074 0.00276309996843 -0.0108473999426
v 0.00945500005037 -0.0341894999146 -0.0121451998129
v 0.0131962997839 0.0316169001162 0.0110162002966
v -0.00800490006804 -0.0403576008976 -0.0117819998413
v -0.0174998007715 -0.00621750019491 -0.00277379993349
v -0.00192980002612 -0.0494302995503 -0.0129941999912
v -0.0123105999082 0.014019199647 -0.00307890004478
v 0.0160373002291 -0.0046651000157 0.00644929986447
v 0.00884899962693 -0.0485932007432 0.00641189981252
v 0.0134909003973 0.0182135999203 0.00158020004164
v -0.0202764999121 -0.00243510003202 0.00437839981169
v -0.00170639995486 0.0441478006542 0.00840399973094
v -0.00911560002714 0.0404946990311 -0.00326570007019
v 0.00204900000244 -0.0157626997679 -0.0126146003604
v -0.0181641001254 -0.000306500005536 0.0106025999412
v 0.00246550003067 0.0189187992364 -0.0103029999882
v -0.0133581003174 0.0303710997105 -0.00387890008278
v -0.00443679979071 0.0296614002436 -0.0048385001719
v -0.00551330018789 -0.0494350008667 -0.00238150008954
v -0.00837939977646 0.0336549989879 0.000968799984548
v 0.0114096999168 -0.0493966005743 0.00267659989186
v 0.0109201995656 -0.0454678982496 -0.0123699000105
v 0.00551149994135 -0.0488530993462 0.00720380013809
v 0.00553059997037 0.0365329012275 0.0173483993858
v 0.0198018997908 0.0147839002311 0.0018296999624
v 0.00439639994875 -0.048956900835 0.00701519986615
v -0.0082403998822 -0.0370760001242 0.00259450008161
v -0.00683500012383 0.0421916991472 0.00520530017093
v -0.000434999994468 -0.0248408000916 0.00563840009272
v -0.0161981992424 0.00555869983509 -0.00442259991542
v 0.00581600004807 0.020757900551 -0.00613569980487
v -0.00783949997276 -0.0239385999739 0.00540360016748
v 0.00584340002388 -0.0494350008667 -0.00207099993713
v -0.0179168991745 0.0267530996352 0.0123752001673
v 0.00357690011151 0.0352066010237 0.0068367999047
v -0.0191778000444 0.0100400000811 0.0102877998725
v 0.0157759003341 -0.00831570010632 0.005934599787
v 0.00487140007317 -0.0494350008667 -0.0107701998204
v -0.0126031003892 0.0422572009265 -9.46000000113e-05
v 0.0119701996446 0.0355838984251 0.00700260000303
v -0.0161250997335 -0.0153326001018 -0.000974200025667
v -0.00851900037378 0.0252148993313 -0.00157199997921
v -0.00797319971025 0.0240886993706 -0.00163990003057
v -0.00829729996622 0.02310179919 -0.0114594995975
v 0.020276799798 0.0203627999872 0.00424320017919
v -0.00105109997094 -0.016157399863 0.00725510017946
v -0.0151805002242 0.0201210007071 0.00404899986461
v -0.00770549988374 0.0254107005894 -0.0110354004428
v -0.00856710039079 -0.0442015007138 -0.0114117003977
v 0.00613910006359 -0.0478896014392 0.00731959985569
v 0.0136746997014 0.0100849000737 0.00716149993241
v -0.00832519959658 -0.00613939994946 0.0123664001003
v 0.00837870035321 -0.0391716994345 0.0055940002203
v 0.0179782994092 -0.00603660009801 0.00124510005116
v -0.00664599984884 -0.0317203998566 0.00397509988397
v 0.0209756996483 0.0217304993421 0.00707580009475
v -0.0125102000311 0.0202418994159 -0.0105622000992
v -0.0185972992331 0.00635940022767 0.0107811996713
v -0.00917449966073 0.0224932990968 -0.0116151003167
v -0.00594370020553 0.000689600012265 -0.0140257999301
v -0.0202289000154 5.3100000514e-05 0.00269629992545
v 0.00181349995546 -0.0494350008667 0.00455059995875
v 0.0150712002069 0.0224258992821 0.00679669994861
v -0.00640470022336 -0.0162415001541 -0.010514699854
v -0.011444799602 0.0229074005038 0.00868740025908
v 0.000429200008512 0.0383104011416 0.0107410000637
v 0.0108783999458 -0.0400311015546 0.00426089996472
v 0.0114034004509 -0.0382546000183 0.00324489991181
v -0.00143679999746 -0.0429707989097 -0.0147930998355
v 0.0100338002667 -0.00808370020241 -0.0088141001761
v -1.47000000652e-05 -0.0332004986703 0.00563619984314
v -0.0152190001681 0.0185874998569 0.0136839002371
v -0.0205348990858 0.00100649998058 0.00333900004625
v -0.0123145002872 -0.02994979918 -0.00268139992841
v 0.00577360019088 0.00270919990726 0.00350339990109
v -0.0207662004977 0.0021557 0.0040942998603
v 0.00398109992966 -0.00697309989482 -0.0121697997674
v 0.0133667998016 0.0192600004375 -0.000702399993315
v -0.0199177991599 0.0164994001389 0.0069849002175
v -0.017624700442 -0.0123450998217 0.000911700015422
v 0.00489020021632 -0.00758309988305 -0.0115552004427
v -0.0122165000066 -0.0250483006239 0.000656899996102
v -0.0163848996162 -0.00120349996723 0.0115881999955
v -0.0205892995 0.00294989999384 0.00371100008488
v 0.012106699869 0.00566260004416 0.00638859998435
v -0.014538500458 0.0055162999779 -0.010005700402
v 0.000303500011796 0.0356763005257 0.00734130013734
v -0.000636200013105 0.033304899931 0.0042906999588
v 0.00489469990134 0.0314891003072 -0.00593589991331
v 0.0200137998909 0.0185042005032 0.00912819989026
v -0.018371399492 0.0272413995117 0.00937850028276
v -0.0025675999932 -0.0494350008667 0.00229509989731
v -0.00868429988623 -0.0115580996498 0.0114786997437
v -0.0113516002893 -0.0314944982529 -0.00746520003304
v 0.00342370010912 0.00511940009892 0.00173290004022
v -0.00262819998898 -0.0472051016986 0.00669360021129
v 0.0108489003032 -0.0321860983968 0.00235150009394
v 0.0196860004216 0.0109265996143 0.00287520000711
v -0.00469869980589 0.0317034982145 -0.00517559982836
v 0.00031420000596 -0.0223670993 0.00580570008606
v 0.0128253996372 0.00779670011252 0.00694510014728
v -0.013395300135 0.00819540023804 0.011655700393
v 0.00398330017924 0.016833299771 -0.00979819986969
v -0.0143168000504 0.0159754008055 -0.00806329958141
v 0.0187146998942 0.0102019999176 -0.00060129998019
v 0.000761299976148 -0.0450882017612 -0.0152236996219
v -0.0128584001213 0.0232554990798 -0.00963139999658
v -0.0205847006291 0.0084857000038 0.00705110002309
v -0.00832070037723 0.0103892004117 -0.0148772997782
v -0.000936599972192 -0.0383398011327 -0.0145707000047
v -0.00693659996614 0.0444600991905 0.00456830020994
v -0.00759299984202 -0.0162682998925 0.00960270036012
v 0.0143304998055 -0.0419154018164 -0.00800990033895
v -0.0132496999577 0.014845199883 0.00391739979386
v 0.0201175007969 0.016125600785 0.00652820011601
v -0.0061665000394 0.0294710993767 -0.00942400004715
v 0.000491600017995 -0.00960629992187 -0.0127576002851
v 0.0198711007833 0.0199539996684 0.00337149994448
v -0.00585639989004 0.040316298604 0.000149600004079
v -0.00100259995088 -0.00656689982861 0.00623899977654
v -0.0122312000021 0.0103500001132 -0.0127028003335
v 0.00381839997135 -0.0494350008667 -0.00476509984583
v 0.0063888002187 -0.039664901793 0.00631640013307
v -0.0204077009112 0.0107604004443 0.00704229995608
v -0.010072699748 -0.0160114001483 -0.00800880044699
v -0.00443700002506 -0.00733589986339 -0.0126048000529
v -0.0153695000336 0.00759870000184 -0.00431049987674
v 0.00371469999664 0.0238019004464 0.000440600008005
v -0.000718600000255 0.0235270000994 -0.000473199994303
v -0.0190271995962 0.0156590994447 0.00507989991456
v -0.015703400597 0.00656499993056 -0.0038091999013
v -0.0172016993165 -0.0112806996331 0.00639359978959
v -0.0143322004005 0.0117897996679 -0.0101170996204
v -0.0181850008667 0.0200817994773 0.00527560012415
v 0.0027878000401 0.0244754999876 0.00099670002237
v -0.0155881997198 0.00630930019543 -0.00271690008231
v -0.0157522000372 0.00662440015003 -0.00615879986435
v -0.00353850005195 0.00732869980857 0.000850800017361
v -0.000733900000341 -0.0453845001757 0.00690909987316
v -0.00681299995631 -0.0482851006091 -0.0126403998584
v -8.08999975561e-05 0.00814289972186 -0.0138563998044
v 0.0129167996347 0.0366276986897 0.0126614999026
v 0.00594320008531 0.0373980998993 0.0196401998401
v 0.00644070003182 -0.0221071001142 0.00588720012456
v 0.00565299997106 0.00618490017951 0.00289339991286
v -0.0119542004541 -0.00319440010935 -0.0100595001131
v -0.00203309999779 0.0185171999037 -0.000117399998999
v -0.0163311995566 0.0227915998548 0.00489890016615
v 0.0107332002372 -0.0196314994246 -0.0079261995852
v -0.0188880991191 0.0180389992893 0.0054072001949
v -0.00245209992863 0.0173435993493 -0.000188899997738
v 0.0164860002697 0.0253162998706 0.00843490008265
v -0.00856169965118 0.045579098165 0.00303160003386
v -0.0094630997628 -0.00898849964142 -0.00954569969326
v -0.00161319994368 -0.00703730015084 0.00714780017734
v 0.00795510038733 -0.0446076989174 0.00676369993016
v -0.00102399999741 0.0358599983156 0.00679219979793
v -0.0156893003732 0.00604469981045 -0.00164709996898
v -0.00866650044918 0.00320059992373 -0.0135345999151
v -0.0200309995562 0.00116119999439 0.00225230003707
v 0.0115491002798 0.00360430008732 -0.00759069994092
v -0.0197459999472 0.00014829999418 0.00164959998801
v -0.0200536996126 0.0018261000514 0.00913729984313
v -0.00852330029011 0.0322751998901 -0.00929030030966
v 0.0146629996598 0.0177352000028 0.00801569968462
v -0.00789450015873 -0.000591000018176 -0.0129447001964
v -0.00337140006013 0.0253245998174 -0.00321940006688
v 0.00645919982344 -0.0164823997766 -0.0106760002673
v -0.00160189997405 0.0224348995835 -0.00857609976083
v -0.0156135996804 0.00536850001663 -0.00788800045848
v -0.00484379986301 -0.0049475999549 -0.013063499704
v 0.015998499468 -0.00249379989691 -0.00447120005265
v 0.0153361996636 0.00250179995783 0.00706750014797
v -0.010151299648 -0.0493253991008 -0.00694460002705
v -0.00796610023826 -0.000308399990899 0.0121873999014
v 0.0181348007172 0.0213767997921 0.0122948996723
v -1.36999997267e-05 0.0179267004132 0.000295400008326
v 0.000834600010421 -0.0433820001781 -0.0151003999636
v -0.0106455003843 0.0367554984987 -0.00623530009761
v 0.00438430020586 -0.00876200012863 -0.0119235003367
v -0.018178999424 -0.0107396999374 0.00276020006277
v -0.00675680022687 -0.00503539992496 -0.0122018000111
v -0.0159812998027 -0.00136210001074 -0.00666789989918
v -0.00117219996173 0.0176113005728 -2.66000006377e-05
v 7.62999989092e-05 0.0105486996472 -0.0136489002034
v -0.0201386995614 0.00692240009084 0.00411069998518
v -0.0117830000818 0.0417724996805 -0.00140950002242
v -0.020420299843 0.0073091997765 0.0050157001242
v -0.0154151003808 -0.00129719998222 -0.00753640010953
v -0.00680609978735 0.0143606998026 -0.0138347996399
v 0.00259770010598 0.0385180003941 0.0102559998631
v -0.0143938995898 0.00804749969393 0.000486500008265
v 0.0106138000265 -0.00100910000037 0.00719289993867
v -0.0155172999948 0.00938639976084 0.0121640004218
v -0.00560660008341 -0.0448026992381 0.00499009992927
v -0.00751410005614 -0.00594389997423 -0.0115491002798
v 0.0100355995819 0.0300762001425 -0.000258499989286
v 0.00116880005226 -0.00762439984828 -0.0130978999659
v 0.010534199886 0.00266060000286 0.00603790022433
v 0.0193646997213 0.0116779999807 0.00488069979474
v -0.00307339988649 -0.0350981988013 -0.0140402000397
v 0.0121983001009 -0.0122632998973 0.00720700016245
v -0.00882059987634 0.00926580000669 0.0037575000897
v 0.0127510996535 -0.0322904996574 -0.00888259988278
v 0.0126986000687 -0.0469500012696 -0.0108030000702
v 0.0117352996022 0.00792680028826 -0.00696690008044
v 0.0101528000087 -0.00530629977584 -0.00871070008725
v 0.011786499992 0.00916520040482 -0.00661290017888
v 0.0180868003517 0.0112501997501 -0.00114800001029
v -0.019172700122 -0.00540840020403 0.00184030004311
v 0.0124826002866 -0.0292492005974 -0.000288100010948
v 0.0103703001514 0.0394497998059 0.0138606997207
v -0.0119434995577 0.0100622996688 0.0104048997164
v 0.0132713997737 -0.0116493999958 0.00686720013618
v -0.00661659985781 -0.0113132996485 0.0111031997949
v 0.00538119999692 0.0406283996999 0.0189242009073
v 0.0141521999612 -0.0174608007073 -0.00322089996189
v 0.006141200196 0.0246172994375 -0.00569610018283
v -0.000859200023115 0.0220507998019 -0.00937599968165
v 0.0139215001836 -0.0190514996648 0.000994300004095
v -0.0203876998276 0.0112418001518 0.00790559966117
v 0.0126919997856 -0.021754199639 -0.00607539992779
v -0.018455600366 -0.00496720010415 0.00827919971198
v 0.00469589978456 -0.00648250011727 -0.011683399789
v 0.00035739998566 -0.00270500010811 0.0037394000683
v -0.00769869983196 0.0345204994082 0.00130470003933
v 0.0181501992047 -5.29999997525e-05 -0.00146769999992
v 0.0179540999234 0.030253900215 0.0145594999194
v 0.0151318004355 -0.0162017997354 0.000275400001556
v 0.0176989007741 0.0183224994689 0.00989490002394
v -0.0135914003477 0.00683180009946 -0.0113177997991
v 0.00353739992715 0.0332791991532 -0.00572140002623
v -0.016980599612 -0.00310269999318 0.0106504000723
v -0.00284299999475 0.0375569984317 0.0039547001943
v 0.012238400057 -0.046430401504 0.00440890016034
v -0.00614550011232 0.0020107999444 -0.0142660997808
v 0.00303329993039 -0.016501000151 -0.0124158002436
v -0.00485369982198 0.0313446000218 -0.00642379978672
v -0.0111533002928 0.0280662998557 -0.0102353999391
v 0.000401299999794 -0.0146917002276 0.00702429981902
v -0.0144459996372 -0.00996599998325 -0.00563749996945
v 0.00674539990723 0.00221569999121 0.00418280018494
v 0.00907579995692 -0.0160339996219 -0.00935729965568
v -0.000311899988446 -0.0182911995798 0.00673050014302
v 0.00814629998058 -0.0151421995834 -0.00985470041633
v 0.0136628998443 -0.0174512993544 -0.00445730006322
v -0.00739989988506 0.0367081016302 0.00221060006879
v -0.00908469967544 -0.0440892018378 0.00218620011583
v -0.00339330011047 0.0035822999198 0.00374360010028
v -0.020157199353 0.014393299818 0.00849850010127
v -0.0123734995723 0.0365554988384 -0.00508410017937
v 0.0188531000167 0.00916610006243 0.00480390014127
v 0.00745359994471 -0.0341291986406 -0.0128837004304
v -0.0177043005824 0.00556359998882 0.000887700007297
v 0.00753200007603 -0.0140928002074 -0.0100517999381
v -0.00299749989063 -0.0156987998635 0.00815990008414
v -0.00427980022505 -0.0328586995602 0.00488989986479
v 0.0116691999137 -0.0162023995072 -0.00699960021302
v 0.00203020009212 -0.00590620003641 -0.012996500358
v -0.00327240000479 -0.0316451005638 -0.0137727996334
v -0.0119909001514 -0.026003299281 -0.00542399985716
v 0.0119535000995 -0.0451796017587 0.00457210000604
v -0.00448089977726 0.0194432009012 -0.00976989977062
v 0.0088358996436 -0.0208963006735 0.00593140022829
v -0.00800469983369 0.0107814995572 -0.000172600004589
v 0.0150405000895 -0.00542550021783 0.0071370000951
v -0.0200832001865 -0.0018948999932 0.00281099998392
v -0.00514720007777 0.0275161005557 -0.00873660016805
v -0.0139749003574 0.0198286995292 -0.00648499978706
v 0.0140142003074 -0.0480023995042 -0.00880009960383
v -0.00777659984306 -0.0199564993382 0.00743220001459
v -0.0182108003646 0.0140949999914 0.0118047995493
v -0.0118204997852 -0.0296541992575 -0.000644400017336
v -0.0144686996937 -0.00710600009188 -0.00665570003912
v 0.00483979983255 -0.00725479982793 0.00675489986315
v 0.00622709980235 0.0245281998068 -0.00362280011177
v 0.0144963003695 0.0144859999418 -0.00111299997661
v 0.00679170014337 -0.0408658012748 0.00644019991159
v 0.00993779953569 -0.0494350008667 -0.00787209998816
v -0.0080736996606 -0.0251860003918 0.00482650008053
v 0.00110190000851 0.0405456982553 0.00143449997995
v -0.00263780006208 0.0275004003197 -0.000476199988043
v 0.00945299956948 0.0219935998321 0.00612690020353
v -0.0077724000439 -0.0267842002213 -0.0107308998704
v -0.0081283999607 -0.0250458996743 -0.0101330000907
v 0.0147839998826 -0.0405103005469 -0.00291720009409
v -0.0134233003482 0.0144333001226 -0.0108716003597
v -0.0101677002385 0.00868360046297 0.00573399988934
v -0.0098901996389 -0.0494291000068 -0.0019759000279
v -0.000644500018097 -0.0211089998484 -0.0127625996247
v 0.013227599673 0.0355259999633 0.00927489995956
v -0.0143378004432 0.0279626995325 0.0110021997243
v 0.0133189996704 0.0209062993526 -0.00222050002776
v -0.00824190024287 0.0085826003924 0.00482460018247
v 0.0179396998137 -0.00574079994112 0.00268030003645
v -0.00917220022529 -0.0494346991181 -0.00293789990246
v 0.00492609990761 -0.0494350008667 -0.00444060005248
v -0.00654260022566 -0.0180029999465 -0.0104486001655
v -0.0156481992453 0.00115320004988 0.012330699712
v -0.00521870004013 -0.0272260997444 0.00512810004875
v 0.00239549996331 -0.00327280000784 -0.0128164002672
v -0.00720770005137 -0.0338987000287 0.00346400006674
v 0.00189960002899 -0.0400588996708 -0.0147612998262
v 0.00833570025861 0.0174267999828 0.00469629978761
v -0.019406599924 0.00125990004744 0.00123960000928
v 0.00522999977693 0.0376688987017 0.00292319990695
v -0.00689719989896 -0.0489463992417 0.00421770010144
v 0.00639230012894 -0.0139095000923 -0.0105959996581
v -0.00199100002646 0.0124629996717 -5.17000007676e-05
v -0.0013987000566 0.00847680028528 -0.0143109997734
v 0.00808189995587 -0.0458936989307 0.00686429999769
v -0.00211960007437 0.0365137010813 0.000451200001407
v -0.00865370035172 -0.00233209994622 -0.0120682995766
v 0.0084025003016 -0.0104417996481 -0.00949059985578
v -0.00129939999897 -0.017369300127 0.00711809983477
v 0.00945150014013 -0.0329049006104 -0.0120062995702
v 0.00737919984385 -0.0383908003569 -0.0134356003255
v 0.0133298002183 -0.0346201993525 -0.00191220000852
v 0.0111218001693 -0.0284170005471 -0.0100478995591
v 0.00944279972464 -0.0291191991419 -0.0113514997065
v 0.00288029992953 0.0396246984601 0.0110603002831
v -0.00643400009722 -0.0124735999852 0.0107685001567
v -0.00676140002906 0.0262729991227 -0.010553999804
v -0.0116466004401 -0.0316707007587 -0.000896400015336
v -0.0174013003707 0.00474580004811 2.00000002337e-07
v -0.0122538004071 -0.00615159980953 -0.00870549958199
v -0.0131061002612 0.0347255989909 -0.00519580021501
v 0.0129517996684 -0.0258601997048 -0.000860899977852
v -0.00715029984713 -0.041123598814 -0.0124521004036
v 0.00319690001197 -0.0159048996866 0.00735269999132
v -0.0101204002276 -0.00550100021064 0.0127454996109
v -0.00888589955866 -0.0408341996372 -0.0110052004457
v -0.00489050010219 0.0332817994058 -0.0026191000361
v -0.0161981992424 -0.0158428996801 0.000366799999028
v 0.0133445998654 -0.0242669992149 -0.00257349992171
v -0.0135955996811 0.00946830026805 0.0117774996907
v -0.0150862997398 -0.00871950015426 -0.00549719994888
v -0.0110264001414 0.00797090027481 0.00892210006714
v 0.0146949999034 -0.0397825017571 -0.0039682998322
v -0.00279360008426 0.0366750992835 0.00345900002867
v 0.000475500011817 -0.0243140999228 0.00563090015203
v 0.0130276000127 -0.0315590016544 -0.00798279978335
v -0.00967559963465 0.0479203984141 0.00649490021169
v 0.0123329004273 -0.0299835000187 -0.0090201003477
v -0.0084777995944 -0.0476320981979 0.00316440011375
v 0.0130137000233 -0.0424523986876 0.00278159999289
v 0.0147150997072 -0.00513239996508 -0.00550029985607
v -0.0202050991356 0.00635060016066 0.00859090033919
v 0.0134488996118 0.035226598382 0.0105381999165
v 0.0109607996419 -0.0228295996785 0.00399649981409
v 0.00100289995316 0.0453021004796 0.0149528998882
v 0.0114276995882 -0.0220451001078 -0.00777840008959
v 0.000203200004762 -0.0342198982835 -0.0142091000453
v -0.00939659960568 -0.0135960998014 -0.00869110040367
v -0.00179380003829 0.0327541008592 0.00240519992076
v 0.0158826000988 -0.00590150011703 -0.00403749989346
v -0.0199142992496 0.00811699964106 0.00438100006431
v 0.0126395002007 -0.040783200413 -0.0103975003585
v 0.0116226999089 -0.0200789999217 -0.00710280006751
v -0.00351290008985 -0.00667389994487 -0.0130762998015
v -0.000707499973942 -0.0108781997114 0.00689260009676
v 0.00781449954957 0.00653940020129 0.00411360012367
v -0.0200520996004 0.00961990002543 0.0089311003685
v 0.00703299976885 0.0393579006195 0.0138712003827
v 0.000367500004359 -0.0105803003535 0.00640089996159
v 0.0131053002551 -0.0390846990049 0.00120689999312
v -0.0154203996062 0.0250256005675 0.0139314997941
v 0.0102265002206 0.0334967002273 0.00383870000951
v 0.0138686001301 -0.0443231984973 0.00213930010796
v -0.017446199432 0.0287280008197 0.00886670034379
v 0.00513690011576 0.0375615991652 0.00420329999179
v 0.0116197997704 -0.000360100006219 0.00738530000672
v -0.000165999997989 -0.0470003001392 0.00727349985391
v -0.00810009986162 0.0463113002479 0.00469509977847
v 0.0122029995546 -0.0193610992283 -0.00635170005262
v 0.00676420005038 -0.0160312000662 0.00762199983001
v 0.00566159980372 0.0359255000949 0.00130759994499
v -0.0170230995864 0.0257102996111 0.00644040014595
v 0.00699859997258 0.0193830002099 -0.00491899996996
v 0.0160696003586 0.00474089989439 0.00704619986936
v -0.0133266998455 0.0259073991328 -0.00851699989289
v 0.00219010002911 -0.00414719991386 0.00438319984823
v -0.0145503999665 0.0134666003287 -0.00887660030276
v -0.000299600011203 -0.0299443006516 -0.0137475002557
v 0.0132817998528 -0.0238898992538 -0.00164789997507
v -0.0013503000373 -0.00996640045196 0.00724160019308
v 0.0103871999308 -0.0130583997816 0.00758960004896
v -0.00923120044172 -0.0182578004897 -0.00862060021609
v -0.0106921996921 -0.00530549976975 -0.0100004998967
v 0.00583699997514 0.0352169983089 0.00048779998906
v -0.0171035993844 0.0266856998205 0.00677380012348
v -0.0148716997355 0.0176484007388 0.00375059992075
v -0.0107851000503 -0.0439566001296 -0.00862069986761
v 0.00546640018001 0.00871440023184 0.00297849997878
v 0.00324380001985 0.0162787996233 0.00199280004017
v -0.0110729001462 -0.0418570004404 -0.00804520025849
v 0.00871040020138 0.0311829000711 0.0114499004558
v -0.00967769976705 0.0440935008228 0.00762889999896
v 0.0101124001667 -0.0484310984612 0.00566409993917
v -0.00693840021268 -0.00369310006499 0.0118202995509
v 0.00238210009411 0.00545450020581 0.00111730000935
v -0.0157331004739 0.0182675998658 0.0037575000897
v -0.000456400011899 -0.00979410018772 0.00646449998021
v -0.0141711998731 -0.0112260002643 -0.00545379985124
v -0.00996560044587 0.0387253984809 -0.00476599996909
v 0.00169780000579 -0.0494350008667 -0.00227420008741
v -0.00946069974452 0.0372435003519 0.00272189988755
v 0.00824490003288 0.0112578002736 -0.00805469974875
v -0.00387350004166 -0.0494350008667 -0.00539570022374
v 0.0131924999878 -0.0327423997223 -0.00790810026228
v 0.00928479991853 0.01346619986 0.00549690006301
v 0.00225899997167 -0.0234907008708 0.00564069999382
v 0.012830699794 -0.039523601532 -0.00999089982361
v -0.000557599996682 -0.00461059994996 0.00514539983124
v -0.00735939992592 0.0108473999426 -0.014916700311
v -0.0059047001414 0.013487899676 -0.0139428004622
v 0.0115865003318 -0.0239812005311 -0.00813200045377
v 0.0167008005083 -0.011460499838 0.0019648000598
v 0.00313450000249 -0.0494350008667 0.00455089984462
v 0.0180530007929 0.00189810001757 0.00523660006002
v -0.0198206994683 0.0177149996161 0.00858770031482
v 0.0110091995448 -0.00131279998459 -0.00834350008518
v -0.016143899411 0.0240333005786 0.00523169990629
v 0.0172572992742 0.0307982992381 0.0154176997021
v -0.0155197000131 0.00207250006497 -0.00808880012482
v -0.00879549980164 0.0347774997354 -0.00780710019171
v -0.0162978991866 0.021838599816 0.0136695001274
v 0.00300189992413 0.00143980002031 -0.0118070002645
v 0.00195639999583 -0.0469109006226 -0.0153315002099
v 0.00998890027404 0.00836330000311 -0.00790659990162
v 0.0150843001902 -0.0464140996337 0.000292300013825
v 0.0112720998004 0.00555159989744 -0.00756900012493
v -0.00290789990686 0.0264881998301 -0.00111119996291
v -0.0091663999483 0.0135620003566 -0.0014648999786
v 0.014530999586 -0.0156436990947 0.00365699990653
v -0.00150440004654 -0.00511689996347 -0.0137016996741
v -0.00104560004547 -0.00328589999117 0.00518300011754
v -0.0140415998176 0.0181082002819 0.0134819997475
v -0.00036460001138 -0.0436627008021 -0.0150148002431
v 0.00346809998155 0.0214479994029 -0.00954729970545
v -0.00694519979879 0.00259659998119 0.0106781003997
v 0.00699129980057 0.0316080003977 0.00965919997543
v 0.012336499989 -0.0480412989855 -0.0109350997955
v -0.00882969982922 -0.0320143997669 0.00247809989378
v -0.00779200019315 0.0306528992951 -0.0009533999837
v -0.00562610011548 0.0282864999026 -0.00919639971107
v -0.0192005001009 -0.00576440012082 0.00602500000969
v -0.000694199989084 -0.00243950006552 0.00430889986455
v -0.0119038997218 0.0296288002282 -0.009406699799
v 0.00437369989231 -0.0191514994949 0.00688559981063
v -0.0156266000122 0.0136968996376 0.00325229996815
v 0.00908249989152 0.00768660008907 -0.00834619998932
v -0.0160815995187 0.0126972002909 0.00314859999344
v -0.0195333994925 -0.00463060010225 0.00618099980056
v -0.014760799706 0.00956939999014 -0.00390159990638
v 0.00152399996296 0.0122183999047 0.000568600022234
v 0.0197602007538 0.0290952008218 0.0143747003749
v -0.00505620008335 -0.00393360015005 -0.0132243996486
v -0.00841450039297 -0.0344135016203 0.0025786999613
v -0.00814490020275 0.0230269990861 -0.0018754999619
v 0.0125946998596 0.0283578000963 0.00942809972912
v -0.0131345000118 0.0134137002751 -0.00366650009528
v -0.0154558997601 0.00768020004034 -0.00552809983492
v 0.00802330020815 0.0119107002392 0.00442259991542
v 0.019799599424 0.0119332000613 0.00371910003014
v 0.00144559994806 -0.0285518001765 0.00541300000623
v 0.00517889996991 0.0155659001321 -0.00833979994059
v -0.0148433996364 0.010126600042 -0.00914440024644
v 0.00511239981279 0.0192740000784 0.00310979993083
v -0.0184640008956 0.0170827005059 0.0119099002331
v -0.000584500026889 0.0396636016667 0.0134348999709
v 0.00211560004391 -0.0332865007222 -0.0138464998454
v -0.0155285997316 -0.0116379000247 -0.0040711001493
v 0.0133568001911 0.00017939999816 0.00758749991655
v -0.0100405998528 -0.0199510995299 -0.00786830019206
v 0.000402000005124 0.0388340987265 0.0118423001841
v -0.0105838002637 -0.0140904998407 0.0104347001761
v 0.00288149993867 0.035856500268 0.00760569982231
v -0.00987649988383 0.0140244998038 -0.00179370003752
v 0.0057868999429 -0.0494350008667 -0.011297499761
v 0.0114372000098 -0.0481120012701 -0.0117435995489
v 0.0112082995474 -0.0494350008667 -0.00401590019464
v 0.0124909998849 -0.037328299135 0.00138829997741
v -0.00906679965556 0.0389578007162 0.00405400013551
v 0.00717590004206 -0.000730999978259 -0.0103604001924
v 0.0111392997205 0.0124762002379 -0.00621670018882
v -0.0203507002443 0.0120456004515 0.00714509980753
v 0.0114936996251 0.0145611995831 -0.00550989992917
v -0.0023900999222 0.0388789996505 0.0094392998144
v 0.00122199999169 0.037331700325 0.0091033000499
v -0.017883900553 0.021543899551 0.0116638001055
v 0.00358749995939 0.0424336008728 0.00924309995025
v -0.00670070014894 0.00600120006129 -0.0148689001799
v 0.0167679991573 0.00664870021865 0.00691520003602
v -0.00771400006488 -0.0377284996212 -0.0119077004492
v 0.0125569999218 0.0192281007767 0.00425700005144
v 0.00732940016314 -0.0330431014299 -0.0127830998972
v 0.00476159993559 -0.0479146018624 0.00748179992661
v -0.0123455002904 -0.0110681997612 0.011124599725
v 0.0144951995462 -0.0018296999624 0.00762590020895
v -0.014601400122 0.0141145996749 -0.0078087002039
v -0.0134469997138 0.0137366997078 0.00353170000017
v -0.0189465992153 -0.000940300000366 -0.000109300002805
v 0.00139660004061 -0.0272927992046 -0.0131687000394
v -0.0197819005698 0.00402359990403 0.00951819960028
v -0.0132424002513 0.0203872006387 -0.00955120008439
v 0.00817590020597 -0.0277337990701 0.00440140021965
v -0.0197174996138 0.00225530005991 0.00193360005505
v -0.0084614995867 -0.0494350008667 -0.00495909992605
v 0.00815729983151 0.0328367985785 0.0125086996704
v -0.00255659990944 -0.00594790000468 -0.0134639004245
v -0.00757180014625 0.00869319960475 0.00368149997666
v -0.00792349968106 -0.0447431989014 0.0033742999658
v -0.0128269996494 0.0178855992854 -0.0106793995947
v -0.0132149998099 0.024916600436 -0.00886730011553
v -0.00721559999511 -0.0187650993466 -0.01008919999
v -0.013611599803 0.0265094004571 0.0123589998111
v 0.00335379992612 -0.00550189986825 0.00535609992221
v -0.00481970002875 -0.0494350008667 -0.00872599985451
v -0.000689100008458 -0.0320787988603 -0.014019199647
v -0.00854250043631 0.00666380021721 -0.0143254995346
v -0.00771370017901 0.00730409985408 -0.0147845000029
v 0.0151116000488 -0.0437683016062 -0.00675379997119
v -0.00782249961048 0.00307939993218 0.0112623004243
v 0.0115457996726 0.0263317991048 -0.00261819991283
v -0.00294649996795 0.020854100585 -0.00806260015815
v -0.00553479976952 -0.0371970012784 -0.0132218999788
v -0.0134217999876 -0.0203654002398 0.00326730008237
v 0.00872089993209 0.0348668992519 0.00625149998814
v 0.00977750029415 0.0355516001582 0.00646070018411
v 0.00477810017765 -0.0210283994675 0.00628789979964
v 0.0143032995984 -0.0392994992435 -0.00685810018331
v 0.00436849985272 0.00487590022385 0.00232740002684
v -0.0107121001929 0.00505599984899 0.0112952003255
v 0.0144424000755 0.00910490006208 0.00730379996821
v 0.0117086004466 0.0332841016352 0.0141447000206
v 0.00337589997798 0.0366820991039 0.00796930026263
v 0.00352560007013 -0.00639079976827 0.00578199978918
v 0.0128966998309 -0.0334833003581 -0.00884169992059
v 0.011161999777 0.0350186005235 0.016595300287
v -0.00800529960543 -0.0457832999527 0.00347710005008
v -0.00198339996859 -0.0318941995502 -0.0140030998737
v -0.000391300010961 0.0279179997742 0.00156180001795
v -0.0133672999218 0.0223292000592 -0.00462540006265
v -0.000788700010162 -0.00401319982484 -0.013782300055
v 0.0110908001661 0.0389913991094 0.0130946002901
v 0.000304899993353 0.0227917991579 -0.000273299985565
v 0.0031165999826 -0.0222130995244 -0.0122988000512
v 0.0113236000761 0.038883600384 0.0142609002069
v 0.000166199999512 0.0215933993459 -0.00991469994187
v 0.0172096006572 -0.00950339995325 0.000257600011537
v -0.0121858995408 0.0355898998678 0.000606800022069
v -0.0048445998691 0.0263457000256 -0.00268590007909
v -0.00995289999992 -0.000568200019188 0.0130514996126
v 0.00715909991413 -0.0494350008667 -0.00216299993917
v -0.00745900021866 -0.00821120012552 0.0118918996304
v 0.0140383997932 -0.0493339002132 -0.00108299998101
v -0.00111519999336 -0.0338019989431 0.00557210016996
v 0.00389720010571 0.018225999549 -0.00957520026714
v 0.0130021004006 0.0333659015596 0.00504740001634
v -0.00692320009694 -0.0386584997177 -0.0124931000173
v 0.00669879978523 -0.0335732996464 0.00530470022932
v -0.0047844001092 -0.0338281989098 -0.0133956000209
v -0.0195455998182 0.0162022002041 0.00592519994825
v -0.0157494004816 0.00118919997476 -0.00750839989632
v -0.00952010042965 0.0423721000552 0.0068886000663
v 0.013057500124 -0.0370053015649 -0.00930119957775
v 0.00293370010331 0.00313149997965 0.00183860003017
v -0.0144627997652 0.00876349955797 0.0120582003146
v -0.00555909983814 -0.0191402994096 0.00772310001776
v 0.0112613001838 -0.0494350008667 -0.00536049995571
v 0.0109294997528 0.00880470033735 -0.00732500012964
v -0.00305190007202 -0.0483997985721 0.00655850023031
v -0.00293729989789 -0.0493565015495 0.00559510011226
v -0.00116240000352 -0.049432400614 -0.0124182999134
v -0.0125759001821 -0.0254158005118 -0.00313300010748
v -0.0146955000237 0.0111664999276 -0.00939560029656
v -0.0208001006395 0.00436929985881 0.00736809987575
v -0.00761070009321 -0.0108105000108 0.0114824995399
v 0.0199453998357 0.0265034995973 0.0167590007186
v -0.00647860020399 0.0160933006555 -0.000617299985606
v -0.0140535002574 0.0170303005725 -0.00872089993209
v 0.0171793997288 0.000921399972867 -0.00335490005091
v -0.0157168004662 -0.0168498996645 0.000788300007116
v 0.00379880005494 0.00151960004587 0.002648799913
v 0.0115710999817 -0.0490496009588 -0.0110181001946
v 0.0105175999925 0.0252280998975 0.0071719000116
v 0.00601499993354 0.0190002992749 -0.00543410005048
v -0.0192710999399 0.0195429008454 0.00705579994246
v -0.00218730000779 0.016944700852 -0.0108089996502
v 0.0129294004291 -0.0122904004529 -0.00670340005308
v -0.00849210005254 0.0183920003474 -0.0126657001674
v -0.0158529002219 -0.0056608999148 -0.00570849981159
v 0.0164034999907 -0.0125912996009 0.00118619995192
v -0.00437649991363 0.0252842996269 -0.00677959993482
v -0.000789400015492 0.0232612006366 -0.00906660035253
v -0.00815980043262 -0.0155151002109 -0.00947470031679
v 0.00181289995089 -0.0207151994109 0.00615199981257
v -0.00794520042837 0.0332197993994 -0.00865389965475
v -0.0107557997108 0.00917289964855 0.00679789995775
v 0.0025371001102 0.0430712997913 0.00603999989107
v 0.0148614998907 0.00110740005039 -0.00503939995542
v -0.0189564991742 -0.00748240016401 0.00335450004786
v 0.0127945002168 0.0349197015166 0.0138828000054
v -0.0086866999045 -0.0181338004768 0.00851640012115
v -0.00401510018855 -0.00100369995926 -0.0141746997833
v -0.00032329998794 0.031961299479 -0.00592519994825
v 0.00569160003215 -0.0142627004534 0.00783860031515
v -0.0113201998174 -0.0443165004253 -0.00743919983506
v -0.00669990014285 0.0433652997017 0.00494660018012
v 0.00960709992796 0.0304148998111 0.0113414004445
v 0.00244170008227 0.0169689003378 0.00145260000136
v -0.0133769996464 -0.00397579977289 -0.00872930046171
v 0.0140351997688 -0.016524400562 0.00377540010959
v 0.0119300996885 -0.035233899951 0.00142340001184
v 0.0184493009001 -0.00241809990257 0.00123549997807
v 0.0124570997432 0.0356043018401 0.0148270996287
v 0.0066944998689 -0.0136689003557 0.00793750025332
v -0.00472960015759 0.0290290005505 -0.00714999996126
v -0.0088579999283 -0.0207729991525 -0.00898330006748
v 0.0151019999757 -0.0476229004562 -5.04000017827e-05
v -0.0111231002957 -0.043166000396 -0.000977199990302
v 0.00245389994234 0.0219119992107 -0.00986499991268
v 0.0122616998851 -0.0330636017025 -0.00983809959143
v -0.00295199989341 0.0388096012175 0.00628610001877
v 0.0136593999341 -0.0351709015667 -0.00703020021319
v 0.00656049977988 0.0205415003002 0.00388980004936
v -0.00489840004593 -0.0222053993493 0.00627950020134
v -0.0199756007642 0.00521920016035 0.00915190018713
v -0.0164468996227 -0.00724700000137 -0.00437569990754
v 0.0116651002318 -0.0301347002387 0.0011916999938
v -1.6000000187e-06 0.016490900889 -0.01143770013
v 0.0132788000628 -0.0281541999429 -0.00535769993439
v -0.00915759988129 0.01947359927 -0.00239169993438
v 0.0125890001655 0.00949809979647 -0.00578889995813
v -0.0132433995605 0.0242046993226 0.0132935997099
v -0.00800689961761 -0.0228914991021 -0.00989849958569
v 0.000274699996226 -0.00832439959049 -0.0130893001333
v -0.0123613998294 0.0122247003019 -0.00230749999173
v 0.0114091997966 -0.0264752991498 -0.00906429998577
v 0.00113959994633 0.0297656003386 0.00229139998555
v -0.0192437004298 0.00604559993371 0.0100694997236
v 0.0193086992949 0.0103944996372 0.000666800013278
v -0.014267699793 -0.019487099722 0.00193579995539
v 0.00312009989284 -0.0492086000741 0.00698059983552
v -0.00015639999765 0.00679149990901 -0.0138074001297
v 0.0156849995255 0.00589409982786 0.00722029991448
v -0.00748190004379 -0.0271186996251 0.00442960020155
v -0.0128311999142 0.0232519991696 0.0131384003907
v 0.000544100010302 0.00147160002962 0.0019666000735
v 0.00942519959062 -0.012446500361 -0.00916280038655
v -0.00837669987231 -0.0333487987518 -0.011163700372
v 0.0110675999895 -0.0239857006818 0.00348780001514
v -0.0129311997443 0.0050788000226 -0.0114877000451
v 0.00601120013744 0.0165331996977 -0.00685219978914
v -0.0130160003901 0.0177907999605 0.0128352995962
v 0.0112966997549 -0.0311344992369 0.00173120002728
v -0.00672290008515 0.0255018994212 -0.0017375999596
v -0.00284769991413 0.0285378992558 -0.000888700014912
v -0.00693009980023 -0.0307525992393 -0.0120035000145
v -0.00699809985235 0.0276017002761 -0.0104125002399
v -0.0102027999237 0.0224964991212 -0.0114973001182
v 0.0129891997203 -0.0346123985946 -0.000859800027683
v 0.0136358002201 -0.0146340001374 0.00540259992704
v -0.0187538005412 0.0132421003655 0.0044782999903
v 0.00469879992306 0.0220768004656 0.00112619996071
v -0.0109366998076 -0.0179025009274 0.00808390043676
v -0.000385999999708 0.0392812006176 0.000666900014039
v 0.00829000025988 -0.0404032990336 -0.0133314002305
v -0.00855529960245 -0.0382956005633 0.00227810000069
v 0.0122894002125 -0.0166350994259 0.00562069984153
v 0.0108457002789 0.00762239983305 -0.00758079998195
v 0.00542829977348 0.0352553017437 0.00338010000996
v -0.0130786998197 0.0191865004599 -0.0100672999397
v -0.00425009988248 -0.0494350008667 0.00172519998159
v 0.0122844995931 -0.032467700541 0.000214500003494
v -0.0117688002065 -0.0120548997074 -0.00711710005999
v 0.00192800001241 -0.045533798635 -0.0152992997319
v -0.00969070009887 -0.0103064002469 -0.00904539972544
v 0.00414730003104 -0.00830939970911 0.00674720015377
v 0.00228619994596 0.0131927998737 0.0010000000475
v 0.0131021998823 0.00570400012657 0.0068071000278
v 0.00555220013484 0.0361284986138 0.000319499988109
v -0.0113503998145 0.0156116001308 -0.00261169997975
v 0.00022230000468 0.0144624002278 0.000139600000693
v -0.0184278991073 -0.00970549974591 0.00339379999787
v -0.0126924002543 -0.01762319915 -0.00514280004427
v -0.0117990002036 0.0424051992595 0.00610410002992
v 0.00561970006675 0.0356522016227 -0.000576600024942
v -0.00765250017866 -0.0473760999739 -0.0121983997524
v -0.0119860004634 -0.0176180992275 0.0077472999692
v -0.00582149997354 -0.0426236987114 0.00456430017948
v -0.00109140004497 0.0407778993249 0.0150173995644
v -0.0190357007086 0.0163901001215 0.0111675001681
v 0.0141412997618 0.00880759954453 -0.00455849990249
v 0.00906139984727 -0.0494350008667 -0.000547099974938
v 0.0118314996362 0.000602399988566 -0.00768849998713
v -0.00928850006312 0.00126439996529 -0.0128618003801
v 0.0129672000185 -0.0287341997027 -0.00718879979104
v -0.000853899982758 -0.0494350008667 0.00232720002532
v -0.0163295008242 0.0144279999658 0.0127945998684
v 0.00593180023134 0.0200188998133 -0.00510780001059
v -0.00571649987251 0.0152775999159 -0.000395699986257
v -0.0188670996577 -0.00230620009825 -0.000449000013759
v 0.00471720006317 -0.0380618013442 -0.0141043001786
v -0.0163091998547 -0.0155052002519 0.00383180007339
v 0.00635930011049 0.027859300375 -0.00285990000702
v -0.0157970990986 -0.016481500119 0.00361909996718
v -0.00966669991612 -0.0418191999197 0.0012595000444
v -0.00273759989068 0.0364748984575 0.00466560013592
v -0.00593509990722 0.0217253006995 -0.0108070001006
v -0.0138477999717 0.0212865993381 0.0138624999672
v -0.000501499976963 -0.0352778993547 -0.0143547998741
v 0.000410700013163 -0.00418480020016 -0.0134870000184
v 0.0144870001823 0.0293690003455 0.00543970009312
v 0.0114427004009 0.0256684999913 0.00734099978581
v -0.00828879978508 0.0463478006423 0.00729670003057
v -0.0117801995948 0.0156360995024 0.0061197001487
v 0.00711609981954 -0.0318375006318 -0.0126727996394
v -0.00189690000843 0.039333999157 0.0118651995435
v 0.00978939980268 -0.00166740000714 0.00701639987528
v -0.00462039979175 -0.00898320041597 0.0104064997286
v -0.0116405002773 -0.0304067991674 -0.00680840015411
v -0.00645599979907 0.00325109995902 0.00971450004727
v -0.0117726996541 0.0151797002181 -0.0123001001775
v -0.00646839989349 0.0373824983835 -0.00460280012339
v 0.0113636003807 0.0331691987813 0.00354050006717
v 0.00881890021265 -0.0437671989202 0.00632980000228
v -0.0127940997481 -0.0239720009267 -0.00190589996055
v 0.0139057999477 0.0287785995752 0.00765090016648
v -0.00779459998012 0.0439796000719 0.00698299985379
v -0.0157513003796 -0.0168702993542 0.00193190004211
v -0.0136876003817 0.019374800846 -0.00893979985267
v 0.0151484003291 -0.0135834999382 0.00417910004035
v 0.00990249961615 -0.026004999876 -0.0102017000318
v 0.015754500404 -0.0144849997014 0.00115050002933
v 0.00582830002531 0.0286475997418 -0.00607219990343
v -0.0138071002439 0.0281066000462 -0.00672720000148
v 0.0153711996973 -0.0478883981705 -0.00134389998857
v 0.00683380011469 0.0362179018557 0.0105133997276
v -0.00221790000796 0.0151712996885 -0.0119287995622
v 0.00836629979312 -0.0391057990491 -0.0131545001641
v 0.010097200051 0.0160374995321 0.00548279983923
v 0.0106640998274 0.0391885004938 0.017834700644
v 0.0079391002655 0.0243810005486 -0.00277139991522
v -0.00852460041642 -0.0141217997298 0.0106261000037
v -0.00587539980188 0.0227453000844 -0.0106033999473
v 0.0198072995991 0.0287855993956 0.0175289008766
v -0.0012190999696 -0.0251998007298 -0.0133199002594
v 0.00595129979774 -0.0448293015361 0.00721300020814
v -0.00748179992661 0.0391348004341 -0.00396530004218
v -7.80999980634e-05 -0.00861360039562 0.00596889993176
v -0.00317119993269 0.00420540012419 -0.0149667998776
v 0.0110066002235 0.0353409983218 0.0061850999482
v 0.005642300006 0.00485899997875 -0.00994839984924
v -0.0170875005424 0.00761940004304 0.0117389997467
v -0.00164809997659 0.0345181003213 -0.00227789999917
v -0.0126838004217 0.0409951992333 0.00377830001526
v -0.00967650022358 -0.0125121995807 0.0112003004178
v 0.0114609999582 0.0371580012143 0.0172733999789
v 0.00244019995444 0.0424093008041 0.0136050004512
v -0.00463660014793 -0.0442868992686 -0.0138651002198
v 0.0172840002924 0.0308983996511 0.0181855000556
v -0.0198225993663 0.014366899617 0.00972149986774
v -0.0102369002998 -0.0200209002942 0.00683380011469
v -0.0017256999854 0.0397360995412 0.0130284996703
v 0.00405689980835 0.0370780006051 -0.00144929997623
v 0.0117626003921 -0.0494350008667 -0.00643299985677
v 0.0126681998372 -0.0269751995802 -0.00027359998785
v 0.00271870009601 -0.0139046004042 0.00724799977615
v 0.0175103005022 0.029607899487 0.0135198002681
v 0.014990599826 0.00904050003737 -0.0037809999194
v 0.0126662999392 -0.0265596006066 -0.00729750003666
v 0.0120403999463 -0.046380199492 -0.0114815998822
v -0.00803820043802 -0.0321841984987 -0.0113447997719
v -0.00829919986427 0.0326186008751 0.000235700004851
v -0.0183796994388 0.0202881004661 0.0112910000607
v -0.0127590997145 -0.0171531997621 0.00757010001689
v 0.00650400016457 -0.00601150002331 0.00712529988959
v 0.0188507009298 0.000937999982852 0.00258289999329
v -0.000723499979358 -0.022465499118 0.00583779998124
v 0.0190079007298 0.0205821990967 0.00292379991151
v -0.000740799994674 -0.0286605991423 -0.0136772003025
v 0.0127175999805 -0.00143129995558 -0.00728029990569
v -0.00985950045288 0.0296087004244 -0.0102436002344
v 0.0121512003243 -0.0249885004014 -0.00772400014102
v -0.0186388008296 -0.00354119995609 -0.000823899987154
v -0.0121825002134 0.00204539997503 -0.0113407997414
v -0.0126550002024 -0.0246449001133 -0.00105349998921
v 0.0059529999271 -0.0417549982667 0.00674440013245
v -0.000136100003147 -0.0329333990812 -0.0140723995864
v -0.015130800195 0.00533800013363 -0.00901450030506
v -0.0055288001895 -0.0247932001948 0.00556100020185
v -0.00135809998028 -0.0289610996842 0.00546560017392
v 0.00800830032676 -0.0360954999924 0.00522000016645
v -0.00120349996723 0.00636789994314 0.000207799996133
v -0.0191791001707 0.000201600007131 0.000610399991274
v -0.0190885998309 -0.000370699999621 0.00975080020726
v 0.00898890011013 0.0320415012538 0.012359299697
v 0.011801100336 -0.0364882014692 0.00208400003612
v 2.2700000045e-05 -0.0405311994255 0.0063280002214
v 0.00335339992307 0.0409138984978 0.0109700001776
v -0.000125000005937 0.00240290001966 -0.0135960998014
v 0.00549919996411 -0.0314380005002 0.00526080001146
v -0.00869010016322 0.0265996009111 -0.00149809999857
v 0.0106266997755 0.0393900983036 0.0164030008018
v 0.0114014996216 -0.0342567004263 0.00197319989093
v 0.0038491000887 -0.0203984007239 0.00643339985982
v 0.00896940007806 0.0210293997079 0.00556589988992
v 0.0104358000681 0.0309711005539 0.000628700014204
v 0.00806230027229 0.00345600000583 0.00465509993955
v -0.00545789999887 -0.0494350008667 -0.0105403000489
v 0.00513760000467 0.0293413996696 -0.0065943999216
v 0.0120970997959 -0.0258409995586 0.00135429995134
v 0.0205473992974 0.024602400139 0.0141888996586
v 0.00137049995828 0.0203125998378 -0.0102375000715
v 0.00498559977859 0.0368009991944 -0.000422899989644
v -0.00140119995922 0.0178973991424 -0.0105545995757
v 0.0102894995362 -0.0132130002603 -0.00870030000806
v -0.00670310016721 -0.0494350008667 -0.00747149996459
v 0.0144228003919 -0.0385331995785 -0.00399739993736
v 0.0117584997788 0.0362222008407 0.0164778009057
v 0.000169199993252 0.0460409000516 0.0141022000462
v 0.00856660027057 -0.0351511016488 0.00480249989778
v 0.00662739994004 0.0328461006284 0.00954790040851
v 0.0198970008641 0.0232417993248 0.00600450020283
v 0.0107770999894 -0.0494350008667 -0.00048180000158
v 0.010671899654 0.00748689984903 0.00595699995756
v 0.00474350014701 -0.0308069996536 -0.0129946004599
v -0.0133699001744 0.0215268004686 -0.00909589976072
v -0.0187568999827 0.00134009995963 0.000288500013994
v 0.0101074995473 -0.00628570001572 -0.00875919964164
v 0.00260800006799 -0.0414464995265 -0.0148660996929
v -0.0117322001606 -0.0316587984562 -0.00657689990476
v 0.00904230028391 0.0219020992517 -0.00450790021569
v -0.00114179996308 0.0168303996325 -0.0111129004508
v 0.00246810005046 0.0117434002459 0.00110849994235
v -0.00413670018315 -0.0239412002265 -0.0122908996418
v 0.00901059992611 0.0241858996451 -0.0035262000747
v 0.00023790000705 0.0422848016024 0.0038513999898
v -0.00457220012322 0.0238349996507 -0.0081254998222
v -0.0130983004346 0.0268418006599 -0.00363099994138
v -0.00399590004236 0.0214486997575 -0.00782630033791
v 0.0130374003202 -0.0348402000964 -0.00888520013541
v 0.0211267992854 0.0251429993659 0.0119292996824
v 0.012019299902 -0.0181678999215 -0.00646289996803
v 0.00703810015693 0.018449800089 0.00402639992535
v 0.00967060029507 -0.0214680992067 0.00536030018702
v 0.0118006002158 -0.0494249016047 0.0014635999687
v -0.00616930006072 -0.0492470003664 -0.0122996000573
v -0.00248849997297 -0.0138125000522 -0.0119209997356
v 0.00102800002787 -0.0162383001298 -0.0126150995493
v 0.00901059992611 -0.0147559996694 0.00752949994057
v -0.0121012004092 -0.0200231000781 0.00560860009864
v -0.0126879001036 0.0408886000514 -0.00111339997966
v 0.000159899995197 0.0280537009239 -0.00812149979174
v -0.0112685998902 -0.0474965013564 -0.00758730014786
v 0.000720900017768 0.039664298296 0.000478300004033
v -0.00964490044862 0.0183342006058 -0.0022146999836
v 0.00262310006656 -0.00937779992819 -0.0126061998308
v -0.00203339988366 0.0378609001637 0.00784070044756
v -0.00397749990225 -0.0494350008667 0.000418599986006
v -0.0112282996997 0.045431599021 0.00755260000005
v 0.0076434998773 0.0304825007915 0.00967650022358
v -0.0171681996435 -0.0131162004545 0.00483269989491
v -0.00627289991826 0.0385169014335 0.0021865000017
v -0.0159839000553 0.00533689977601 -0.00668010022491
v -0.00189129996579 -0.0153179001063 0.00768159981817
v -0.00437980005518 -0.026154300198 -0.0126802995801
v 0.000375100004021 -0.0478684008121 0.00741990003735
v -0.0181012991816 0.0224309004843 0.00647679995745
v -0.00632400019094 -0.0419187992811 -0.0129969995469
v -0.0091179003939 0.00151309999637 0.012570399791
v 0.0120305996388 -0.00423560012132 0.00809899996966
v 0.000208600002225 -0.0383307002485 -0.0146308001131
v 0.0139322001487 -0.0390608012676 -0.0079257003963
v 0.00312480004504 -0.02250630036 0.00579610001296
v 0.0118771996349 -0.00199929997325 -0.00790079962462
v 0.00473809987307 0.00231399992481 0.00292219989933
v -0.00960929971188 -0.0396635010839 0.00120389997028
v 0.013323600404 0.0122961997986 -0.00349029991776
v 0.0150293000042 -0.0415517985821 -0.00298259989358
v -0.000116499999422 0.000527099997271 0.00253039994277
v -0.00244010007009 -0.0251170005649 -0.0131217995659
v 0.0118265999481 -0.0354310013354 -0.0106773003936
v -0.00803990010172 -0.0494063012302 -0.00968379992992
v 2.01000002562e-05 -0.014530999586 -0.012368099764
v -0.0112912999466 0.00207730010152 0.0131007004529
v 0.0155777996406 0.0292457994074 0.0150634003803
v -0.0120943002403 0.0249140001833 0.0103361997753
v 0.000634800002445 0.00312040001154 -0.0130805997178
v 0.00763039989397 0.0107818003744 0.00418219994754
v 0.00315420003608 0.013440400362 -0.0119203003123
v 0.0119176004082 -0.000702399993315 -0.00779489986598
v 0.0140976998955 -0.0483932010829 0.00158180005383
v -0.018280800432 0.0230583995581 0.00772299990058
v 0.00686130020767 -0.00566980009899 -0.0100964996964
v -0.0145912999287 -0.00204319995828 0.0124556003138
v 0.00106279994361 -0.0140199996531 -0.012507500127
v -0.00528769986704 0.0331353992224 -0.00144390005153
v -0.00927930045873 0.0369990989566 -0.00620150007308
v -0.000706400023773 -0.0494350008667 -0.00363960000686
v -0.0126266004518 0.0448215007782 0.00619299989194
v -0.0124030997977 0.0240295995027 0.00698880013078
v 0.00444289995357 -0.015652699396 0.00760569982231
v 0.00317110004835 0.00387870008126 -0.0114561002702
v 0.0114324996248 0.0160012003034 0.00548409996554
v 0.0110099995509 -0.00604279991239 -0.00839199963957
v -0.0103323003277 0.00187489995733 -0.0124294003472
v 0.00123609998263 -0.02983189933 0.00546270003542
v 0.0115681998432 0.00237450003624 -0.00767599977553
v -0.010228600353 -0.00647060014307 -0.00987020041794
v -0.00502459984273 0.000316299992846 0.00929309986532
v -0.00110830005724 -0.0105090998113 -0.0124954003841
v -0.0184908993542 -0.00760579993948 0.000886900001206
v 0.0108339004219 0.0166979003698 -0.00549010001123
v -0.00640719989315 -0.0237889997661 0.00573310023174
v 0.00439439993352 -0.00169980002102 -0.0119660003111
v 0.00409380020574 0.0256016999483 -0.00857749953866
v -0.0121109001338 0.0196339990944 -0.00390610005707
v 0.00478699989617 0.00963729992509 -0.011091100052
v -0.0159070994705 0.00425060000271 -0.00734509993345
v 0.00211560004391 -0.00205000001006 -0.0128018995747
v 0.00584870018065 -0.00928260013461 0.00766640016809
v -0.00283510005102 -0.0328618995845 -0.0139592001215
v -0.000489400001243 -0.0394398011267 -0.0146936997771
v -0.00990839954466 0.0282764993608 -0.00164300005417
v 0.00833600014448 -0.0323121994734 -0.0123763997108
v 0.000663999991957 0.0309484004974 0.00249690003693
v -0.0184623003006 -0.00569179980084 -0.000407000014093
v 0.0171533003449 0.0110481996089 -0.00190220004879
v -0.00662110000849 -0.0361201018095 0.00375850009732
v 0.00399169977754 0.0416316986084 0.00712950015441
v 0.0125820999965 0.0316177010536 0.0117439003661
v 0.0114029003307 0.0265941992402 0.00811090040952
v -0.00365399988368 -0.0304650999606 -0.013563499786
v 0.0064563001506 -0.00813660025597 0.00765000004321
v 0.0122089004144 -0.0225061997771 -0.00696629984304
v -0.0124797997996 0.034316599369 -0.00676359981298
v 0.0125858001411 -0.0350565984845 0.000225299998419
v -0.00425759982318 -0.0350250005722 -0.0136617999524
v -0.00862469989806 0.0473283007741 0.00640110019594
v 0.0154465995729 -0.0437178015709 -0.00237690005451
v 0.00870699994266 -0.0494350008667 -0.00394129985943
v 0.0202194992453 0.0207444000989 0.0107936002314
v -0.0166935995221 -0.000926300010178 -0.00551829999313
v -0.00841050036252 0.0218642000109 -0.00228679995053
v 0.0165199004114 0.0118856001645 -0.00203359988518
v -0.020989600569 0.00341919995844 0.00563989998773
v 0.0129215996712 -0.0196957997978 -0.00546560017392
v -0.015427400358 0.00759389996529 -0.00677469978109
v -0.00498679978773 0.0277481004596 -0.00244700000621
v -0.0160083994269 -6.96999995853e-05 0.0120270000771
v 0.00821520015597 -0.0493706986308 0.00549349980429
v -0.00473880022764 -0.0064379000105 0.0105274002999
v 0.0119276996702 0.0378443002701 0.0112284002826
v -0.00139019999187 -0.042371198535 0.00627220002934
v -0.0161617007107 0.0160694997758 0.00355680007488
v -0.00692469999194 2.30000005104e-05 -0.0135078001767
v -0.0117065003142 -0.0482152998447 -0.00512900017202
v 0.0156989004463 -0.0465594008565 -0.00468380004168
v 0.00609700009227 0.0233133006841 -0.00553740002215
v -0.000629900023341 0.0443504005671 0.0079148998484
v 0.0095897000283 -0.0214955005795 -0.0093285003677
v -0.0208473000675 -2.11999995372e-05 0.00515369977802
v 0.00682390015572 0.0182195007801 -0.00538419978693
v 0.00769789982587 -0.00493409996852 -0.00963160023093
v 0.00789279956371 -0.0494350008667 -0.00621969997883
v 0.0142914000899 0.0254925005138 0.00381079991348
v -0.011854399927 -0.00616839993745 0.0126074999571
v 0.00618240004405 0.0333352982998 -0.000120400000014
v -0.00632819999009 -0.0494350008667 -0.00324540003203
v 0.0139939999208 0.0168443005532 0.00739989988506
v 0.0122464001179 -0.0494350008667 -0.00479209981859
v 0.0151046998799 -0.0443146005273 -0.000372999988031
v -0.00713940011337 0.0289043001831 -0.0101605998352
v 0.0095458002761 0.0392653010786 0.0206003002822
v 0.000998000032268 0.0114054000005 0.000346599990735
v -0.00028479998582 0.0426932014525 0.0164430998266
v 0.00766579993069 0.0399162992835 0.0210807006806
v 0.0127026000991 -0.0187759008259 -0.00571569986641
v 0.00799740012735 0.0233516991138 -0.00339070009068
v -0.0116630997509 0.0426853001118 -0.000694699992891
v -0.0182245001197 0.0117057003081 0.0114415995777
v -0.0142868999392 0.0152489999309 -0.00597180007026
v 0.0160623006523 0.0124156996608 0.00707710022107
v -0.00947550032288 0.00888909958303 0.00478920014575
v -0.00728469993919 0.00945250038058 0.00172059994657
v 0.00940950028598 -0.00661629997194 0.0080941002816
v -0.0165238007903 -0.00514019979164 0.0104061001912
v 0.00327489990741 0.0263592004776 -0.00875829998404
v -0.00530530000106 -0.0127004999667 0.0102396002039
v -0.000965200015344 0.000544600014109 -0.0140885999426
v 0.0101829003543 -0.00556090008467 0.00809159968048
v 0.0120272999629 -0.00430630007759 -0.00782610010356
v -0.0163205005229 -0.0113692004234 -0.00319679989479
v 0.014861700125 -0.0408213995397 -0.00536900013685
v 0.0208177007735 0.0188117008656 0.00526840006933
v -0.0205830000341 -0.00134499999695 0.00497510004789
v -0.0181968994439 0.0162406004965 0.00442630006
v -0.0184052009135 -0.00242200004868 0.00959589984268
v 0.00522209983319 0.0223695002496 -0.00804660003632
v 0.00295219989493 0.025622099638 0.00147420004942
v -0.00690650008619 -0.0208484008908 -0.0104165002704
v 0.00646439986303 0.00122360000387 0.0041624000296
v -0.015907600522 -0.0126884998754 -0.00322589999996
v -0.0179875995964 0.019355000928 0.012186399661
v -0.00936540029943 -0.0264801997691 0.00359879992902
v -0.00476690009236 0.0301686991006 -0.00679130014032
v -0.00635829987004 -0.0173198003322 0.00888790003955
v -0.0121205002069 -0.0289306007326 -0.00539600010961
v 0.0188554991037 0.00305019994266 0.00371029996313
v -0.00869270041585 -0.0360546000302 0.0022332998924
v -0.00513250008225 0.0263004004955 -0.00900659989566
v 0.0106031997129 -0.0479806996882 -0.0124538997188
v 0.00367420003749 0.029334699735 0.00217940006405
v -0.016180999577 -0.0144148999825 -0.00181759998668
v -0.0122077995911 -0.0292808990926 -0.00165540003218
v -0.00240579992533 0.00324640003964 0.00300260004587
v -0.0181243997067 0.021223500371 0.00579780014232
v 0.0108105996624 0.0360994003713 0.00710370019078
v -0.0208241995424 0.00540459994227 0.00686950003728
v 0.0188117008656 0.00662659993395 -0.000815599982161
v 0.0108880000189 0.0335613004863 0.0149782001972
v -0.00281389988959 -0.0294953994453 -0.013669599779
v 0.00912099983543 -0.00593370012939 -0.00907540041953
v -0.0124784000218 -0.0099010001868 0.0114669995382
v -0.0121085997671 0.00408679991961 0.0124444998801
v -0.0108203003183 -0.0269598998129 -0.00770210009068
v 0.00542300008237 0.0060382001102 -0.0100908996537
v -0.017479300499 0.00189059996046 0.011431099847
v 0.0145098995417 -0.0400783009827 -0.00181369995698
v -0.00426399987191 -0.0280984994024 0.00521819991991
v 0.0101581998169 0.0323765017092 0.00239269994199
v -0.0158933997154 0.027331000194 0.0135040003806
v 0.011063599959 0.0346508994699 0.00532899983227
v -0.00766329979524 0.0285528004169 -0.0013538999483
v -0.0107375001535 -0.0170888993889 0.008714299649
v -0.0107476003468 0.0136628001928 -0.00220669992268
v 0.0110935000703 -0.0156350005418 0.0066476999782
v -0.0123819997534 -0.0013679000549 -0.0104652000591
v 0.0201779995114 0.0142174996436 0.00424150004983
v 0.0192473009229 0.0194422006607 0.00233129994012
v 0.0175276994705 -0.000271600001724 -0.00276240007952
v 0.00918420031667 -0.00376809993759 -0.00900570023805
v 0.0132801001891 0.0262506008148 0.00689690001309
v 0.0149034000933 -0.0416674986482 -0.0061798999086
v 0.0018111000536 -0.00705499993637 0.00537980021909
v 0.0126692997292 -0.0292841996998 -0.00815720017999
v -0.00430640019476 -0.000398600008339 0.00852920021862
v -0.00603079982102 -0.00997859984636 -0.0112928999588
v 0.00149129994679 0.0379718989134 0.0101074995473
v -0.0164723005146 0.0249550994486 0.0136292995885
v -0.0125246001408 0.0453335009515 0.00319670001045
v -0.0160600002855 0.0262330006808 0.0137574998662
v 0.0133854998276 -0.0227607004344 -0.00159020000137
v -0.0116291996092 0.0223565008491 -0.00297409994528
v 0.00196329993196 -0.000225299998419 -0.0126115996391
v 0.00517270015553 0.0138384997845 0.0029742999468
v -0.00923459976912 -0.0432722009718 -0.0107327001169
v -0.00087769998936 0.0265295002609 -0.00778649980202
v -0.00362739991397 0.0134124001488 -0.0132860001177
v -0.004539700225 0.0307326000184 -0.00428730016574
v -0.0110103003681 0.0129861999303 0.00802559964359
v 0.0071852998808 -0.0409792996943 -0.0138116003945
v 0.00921829976141 0.00212970003486 0.00560799986124
v 0.0189091991633 0.0232232995331 0.0140164997429
v -0.00850229989737 0.0245626997203 -0.0112742995843
v 0.00173709995579 0.0387566015124 0.0112370997667
v -0.0150209004059 -0.0174576994032 -0.00115330005065
v -0.0133737996221 0.0318301990628 -0.00659709982574
v 0.014848199673 -0.0422018989921 -0.00106529996265
v 0.00654979981482 0.0290181990713 0.00463009998202
v -0.0133156999946 0.0413242988288 0.00159290002193
v 0.0126927001402 -0.0492040999234 -0.00898240040988
v -0.00904139969498 -0.00403549987823 0.0126890996471
v -0.0108537999913 0.0335491001606 -0.00840040016919
v -0.00335730006918 -0.0228886008263 -0.0123354000971
v -0.00799250043929 0.00935040041804 0.00272760004736
v -0.00861710030586 -0.0476874001324 -0.0113931000233
v -0.0124137001112 0.0221656002104 0.0128095997497
v -0.000276900012977 0.0154799995944 -0.0118551999331
v -0.0121119003743 0.00445370003581 -0.0118720997125
v -0.00820880010724 -0.0494064986706 0.000743700016756
v -0.00464519998059 0.0203997008502 -0.000965400016867
v -0.000628200010397 0.00948220025748 -0.0139683000743
v 0.00118010002188 -0.00298779993318 -0.0132074998692
v 0.00871520023793 0.0380731001496 0.0207103993744
v -0.00101849995553 0.0105004003271 -5.18999986525e-05
v 0.0100084999576 0.00733599998057 -0.00801290012896
v -0.00466109998524 0.0256294999272 -0.00802289973944
v -0.0051559000276 -0.0326473005116 -0.0131641998887
v -0.018518300727 0.027124799788 0.0103753004223
v 0.00372319994494 0.0398670993745 0.00954699981958
v -0.00512349978089 0.00258180010132 -0.0146554997191
v -0.00937980040908 0.0332053005695 0.000642900005914
v -0.0103796003386 -0.0138879995793 -0.00791180040687
v -0.00327349989675 -0.0169580001384 0.00792330037802
v -0.0102121997625 0.0285890009254 -0.0104505000636
v -0.00920830015093 -0.0494070984423 -0.00791699998081
v 0.00018750000163 0.0127293998376 -0.0130550004542
v 0.0140875997022 0.0226162001491 -0.000370399997337
v 0.00261750002392 0.0390732996166 -8.51000004332e-05
v -0.000145600002725 -0.00159730005544 0.00348059996031
v 0.00764680001885 0.0292729008943 0.00125980004668
v 0.0163691006601 0.0258617997169 0.00926769990474
v 0.00847699958831 0.0149098997936 -0.00663059996441
v 0.0180259998888 -0.0049816002138 0.000388099986594
v 0.0131430998445 -0.0281460992992 -0.00638739997521
v 0.0149681000039 -0.0410244986415 -0.00407750019804
v -0.016564199701 0.0077220001258 0.00148360000458
v -0.0140099003911 0.0195950008929 -0.00774639984593
v -0.0120030995458 -0.0230411998928 -0.00509440014139
v -0.0162463001907 0.0283908005804 0.00789059977978
v 0.00714679993689 0.00490440009162 0.00387250003405
v 0.00220520002767 -0.0332255996764 0.00569419981912
v -0.0110031003132 -0.0206038001925 0.00599709991366
v 0.0125182997435 0.00824190024287 -0.00626860000193
v 0.00517270015553 -0.00520210014656 0.00614310009405
v -0.00860590022057 -0.0261991992593 -0.00991559959948
v -0.0121916001663 -0.00885239988565 -0.00777749996632
v 0.0119498996064 0.0129880001768 -0.00542679987848
v -0.0206404998899 0.00402180012316 0.00405699992552
v -0.00915610045195 0.0430494993925 -0.000996400020085
v -0.0100702997297 0.0203619003296 -0.0119615998119
v -0.00870900042355 0.0422648005188 -0.00169339997228
v -0.0130799999461 0.0249275993556 0.00667410017923
v 0.0183780994266 0.00307979993522 0.004955700133
v 0.0113610997796 0.0274528991431 -0.00208229990676
v -0.0100624002516 0.0110948998481 -0.000259799999185
v -0.0184732992202 -0.00863679964095 0.00154029997066
v -0.0169242005795 -0.00658430019394 -0.00382500002161
v -0.0178165007383 -0.00778520014137 -0.00127510004677
v 0.00638040015474 0.00547599978745 0.00336869992316
v -0.0106413001195 0.0136594995856 -0.0133386999369
v 0.00887960009277 0.00907269958407 -0.00826190039515
v -0.0179900992662 -0.00711240014061 0.0077301999554
v -0.0187948998064 -0.00451949983835 -8.79999970493e-06
v -0.015272599645 -0.012218600139 0.00863340031356
v -0.00898659974337 0.0380427017808 -0.0053501999937
v -0.00940010044724 -0.0305649992079 -0.00993010029197
v 0.00622549979016 0.0242497008294 -0.00478410022333
v -0.00573719991371 -0.0280437003821 0.00486239977181
v 0.00578279979527 -0.0210526995361 0.00630640005693
v 0.0123608000576 0.0191824994981 -0.00404960010201
v -0.0208535008132 0.00439700018615 0.00503899995238
v -1.20000004245e-06 0.0250502005219 -0.00904009956867
v -0.00698779989034 -0.0459847003222 0.00432799989358
v -0.0163407996297 -0.0158016998321 0.00250719999894
v 0.0115513000637 0.0221331994981 -0.00419230014086
v 0.0180115997791 0.0273802001029 0.0182329006493
v 0.00904749985784 0.0121993999928 0.00513559998944
v -0.00367200002074 -0.0250713992864 -0.0127232000232
v 0.000163300006534 -0.0117073003203 0.0066988999024
v -0.00966660026461 -0.0347279012203 -0.00998120009899
v 0.00875980034471 0.015603300184 0.00535790016875
v 0.0112287998199 0.0232915002853 -0.00404720008373
v 0.00056760001462 -0.0120818996802 -0.0123966000974
v -0.0131398001686 0.0339245013893 -0.00589289981872
v 0.0148718003184 0.00793400034308 -0.00416819984093
v 0.0125598004088 0.0255618002266 -0.00246959994547
v 0.0116472998634 0.0142414001748 0.0063044000417
v 0.012439600192 0.0266811996698 -0.0019688999746
v -0.00505860010162 0.031065100804 -0.00256779999472
v 0.00803830008954 0.00442200014368 -0.00896169990301
v -0.0163540001959 0.00656699994579 0.0119676003233
v -0.00873630028218 0.0345912016928 0.0015027000336
v 0.0172025002539 0.0251464992762 0.00751399993896
v 0.0125228995457 0.0324638001621 0.00333409989253
v 0.00284989993088 -0.0403470993042 0.00664780009538
v -0.0152738997713 -0.0162997990847 0.00541059998795
v 0.0110985999927 -0.0144773004577 0.00696170004085
v -0.0152171002701 -0.017803600058 0.0013490000274
v -0.0108954003081 0.00594269996509 -0.0129597997293
v -0.00688670016825 0.00441539986059 0.00941069982946
v 0.0200494993478 0.0249899998307 0.0153261004016
v 0.00299359997734 0.0198478996754 -0.00992290023714
v -0.0119398003444 0.0249364990741 -0.0102783003822
v 0.0194754004478 0.0240486003458 0.0147345000878
v 0.020905399695 0.0243682991713 0.0091893998906
v -0.0101653998718 0.00522779999301 -0.0131355002522
v -0.00656590005383 0.00793490000069 0.00350770005025
v 0.00455940002576 -0.0390805006027 -0.0142764002085
v 0.00416189990938 -0.00372399995103 0.00496709998697
v -0.0159866996109 0.00567319989204 -0.00333989993669
v -0.00322409998626 0.0276561006904 -0.00154510000721
v 0.0183099005371 0.0180764999241 0.000934400013648
v 0.0040267999284 -0.0168888997287 0.00738159986213
v -0.0015393999638 -0.0255082994699 0.00562880001962
v -0.00971479993314 -0.0482372008264 0.00170220003929
v -0.00762940011919 -0.0188711006194 0.00811310019344
v -0.0165708996356 0.00426409998909 -0.00444420007989
v -0.012529999949 0.0090234996751 0.0110002998263
v -0.00510249985382 -0.0435982011259 0.00507429987192
v 0.0126208001748 0.030534800142 0.0109345000237
v 0.00425039976835 0.0131457000971 0.00232820003293
v -0.00535199977458 0.0291761998087 -0.00858800020069
v -0.0181539002806 0.0189167000353 0.00489140022546
v -0.00466329976916 0.0144565002993 -0.000238399996306
v -0.0126686003059 0.00568880001083 0.011844499968
v 0.00527259986848 -0.00469030020759 -0.0113433999941
v 0.0148026002571 0.0182424001396 0.00145840004552
v -0.0112573001534 -0.00419260002673 -0.0100894998759
v 0.00781089998782 0.0264640003443 0.00635029980913
v -0.0080393999815 -0.0494098998606 0.00185979995877
v 0.00868059974164 0.0190133992583 0.00441389996558
v 0.0033160999883 0.0267865005881 0.0017190000508
v -0.0027989000082 0.0360165983438 0.00254100002348
v 0.0126082999632 -0.0411370992661 0.00283579993993
v -0.0106272995472 -0.043746098876 0.000117600000522
v -0.0121005000547 0.0231472998857 0.012210899964
v -0.00669969990849 0.0225154999644 -0.0110871000215
v 0.000129599997308 -0.0275634992868 -0.013470900245
v -0.00927419960499 0.0193971004337 -0.0123560000211
v 0.0205259993672 0.0196553003043 0.00910769961774
v 0.0153826996684 -0.00294560007751 -0.00507420022041
v -0.0120962001383 0.0210315007716 0.012417299673
v -0.0151273999363 0.00676919985563 0.0121357999742
v -0.00360880000517 0.0407757014036 0.011684499681
v -0.00899770017713 0.0175877008587 -0.00172419997398
v -0.0152313001454 -0.005403699819 -0.00651460001245
v -0.00826250016689 0.0167126990855 -0.0012987999944
v -0.0182395000011 0.0236380007118 0.00899059977382
v -0.012564400211 0.019993500784 0.0128806997091
v -0.00812220014632 0.000665400002617 -0.0132090998814
v 9.99999974738e-06 0.029961399734 0.00188490003347
v 0.0120810000226 0.0380158983171 0.0146495001391
v 0.00696709984913 0.00869760010391 -0.00913000013679
v 0.0106838997453 0.00269320001826 -0.00824019964784
v -0.00051079998957 0.0288184005767 -0.00731249991804
v -0.00939179956913 -0.0429810993373 0.0017045000568
v -0.00179849995766 0.0463110990822 0.0153141003102
v -0.0076092001982 -0.0492076985538 0.00309720006771
v 0.00744460010901 0.00297780008987 -0.00949830003083
v -0.0133159998804 0.0142756002024 0.0122544998303
v -0.0127079999074 -0.00703989993781 0.0122184995562
v -0.0135573996231 0.0244970005006 -0.00467150006443
v -0.013187199831 0.0253081005067 0.0127569995821
v -0.0180063992739 -0.00594050018117 -0.00159320002422
v -0.00489979982376 0.0331958010793 -0.00473649986088
v 0.0176414996386 0.0176337994635 0.000353899988113
v 0.00760200014338 -0.0116956997663 0.00810400024056
v 0.00274990010075 -0.0494350008667 -0.00414289999753
v -0.0180556997657 0.0243222005665 0.00793819967657
v 0.0143678998575 0.0241539999843 0.00165590003598
v 0.00854059960693 0.00350439990871 -0.00893239956349
v 0.00371630000882 -0.0494350008667 -0.0103721003979
v -0.00461019994691 0.0280703008175 -0.00699800020084
v -0.000581200001761 0.0417927987874 0.00368559989147
v 0.00707909977064 0.0346221998334 0.00823299959302
v -0.00852060038596 0.0449815988541 0.0021190000698
v 0.00173130002804 -0.0460930988193 0.00740520004183
v -0.0121675999835 0.037569899112 -0.00449519976974
v -0.00900399964303 0.00830920040607 0.00581269990653
v -0.000715999980457 0.0210612006485 -0.000224300005357
v 0.0131730996072 0.000441100011813 -0.00646079983562
v 0.00864559970796 0.0268134996295 0.00714220013469
v 0.00696900021285 0.0204933006316 -0.00441059982404
v -0.00811319984496 -0.0355052016675 -0.0114981997758
v 0.00422560004517 -0.00481119984761 0.0054695000872
v -0.020294399932 0.0132600003853 0.00781720038503
v 0.00659690005705 -0.0306816995144 0.00497960019857
v 0.0156266000122 -0.0443414002657 -0.00427330005914
v -0.00924479961395 0.00674029998481 0.00862869992852
v 0.0145634999499 -0.0469803996384 -0.00815389957279
v 0.0132844001055 -0.0413759984076 0.00197040010244
v 0.0116809997708 -0.0190922003239 0.00499649997801
v 1.22999999803e-05 -0.0356788001955 0.00583910010755
v -0.00864879973233 0.00610810006037 0.0093448003754
v 0.0059389998205 0.0219790004194 -0.00585839990526
v 0.0123309995979 -0.039939198643 0.00275050010532
v -0.000690300017595 0.029063699767 0.00144350004848
v 0.00616660015658 -0.0494350008667 -0.00426700012758
v -0.00749380001798 0.0190488994122 -0.00129559997004
v 0.0119601003826 -0.0377384014428 0.0023503000848
v -0.0188811998814 0.0192170999944 0.00588419986889
v -0.000235400002566 -0.0369140990078 0.00592479994521
v 0.00438049994409 -0.0206062998623 -0.0117637999356
v -0.00923870038241 -0.0466927997768 -0.010833799839
v 0.00383349996991 0.0249533001333 0.000830499979202
v -0.0117496997118 -0.0483119003475 -0.00403340021148
v 0.00668369978666 -0.0480290018022 -0.0144728999585
v -0.00384539994411 -0.0272822007537 -0.013096800074
v 0.0128445997834 -0.0358530990779 -0.00943659991026
v -0.00579860014841 0.00442169979215 0.00754880020395
v -0.0107728997245 -0.0245887991041 0.00331620010547
v 0.0133271003142 0.0195070002228 0.0013753999956
v -0.00895799975842 0.000188699996215 0.0126446001232
v 0.0125837996602 -0.0337181985378 -0.000194599997485
v 0.00614670012146 0.0236545000225 0.00447210017592
v -0.0156405996531 0.000108100000944 -0.00749390013516
v 0.00711379991844 0.0274304002523 0.00594139983878
v -0.0203488003463 0.0103216003627 0.00817069970071
v 0.0110288001597 -0.0229013003409 -0.00840639974922
v 0.0139084002003 -0.000816499989014 0.0077190999873
v -0.0135853001848 0.0276574008167 -0.00433660019189
v -0.0106447003782 -0.0106250997633 -0.00829880032688
v -0.00759010016918 0.026018999517 -0.00151780003216
v 0.00779000017792 -0.031506601721 0.00470580020919
v -0.00808059982955 0.0267872996628 -0.0108922999352
v 0.0194333996624 0.0137646002695 0.00107120000757
v 0.0174038000405 -0.00371599989012 0.00507199997082
v 0.00182400003541 -0.0373452007771 -0.0144640998915
v -0.00976219959557 0.0249719005078 -0.0018164999783
v -0.0174724999815 -0.0104710003361 -0.00119750003796
v -0.00895669963211 -0.0122924000025 -0.00916070025414
v 0.011069400236 0.00857380032539 0.0062176999636
v 0.0128333996981 0.00118270004168 0.00729010021314
v 0.012234300375 -0.0303355995566 0.000197200002731
v 0.0133176995441 -0.026181999594 -0.00342980003916
v -0.00203049997799 -0.00980889983475 -0.0125757995993
v -0.0171488001943 -0.000187700003153 -0.0046160002239
v 0.00513050006703 -0.0238083004951 -0.0118003999814
v -0.00884169992059 -0.00112060003448 -0.0123795997351
v -0.0117720002308 -0.00516390008852 -0.00939659960568
v -0.0167715996504 -0.0033905999735 -0.00503440015018
v -0.0101402001455 -0.0333241000772 0.00103180005681
v -0.0053554000333 0.0351677983999 -0.000974400027189
v 0.0127544999123 -0.0280914995819 -0.000794699997641
v -0.019141100347 -0.00635509984568 0.00271239993162
v -0.000640099984594 -0.0480349995196 0.00723960017785
v -0.00425940006971 -0.0209973007441 -0.011696299538
v -0.00895109958947 0.0149122001603 -0.0136751998216
v -0.00974819995463 -0.0148230995983 -0.00834389962256
v 0.00250849989243 -0.0102746002376 0.00658079981804
v 0.0134672001004 -0.0392021983862 -0.00896690040827
v 0.00787180010229 0.0334254987538 0.00556340022013
v -0.0141302002594 0.0170821007341 -0.00618440005928
v 0.00158130005002 -0.0143095003441 0.0070243999362
v -0.00881940033287 -0.0145840998739 -0.00905499979854
v 0.00308630010113 0.0164094995707 -0.0107688000426
v 0.00458669988438 -0.0490655004978 -0.0145134003833
v -0.0132672004402 0.0268604997545 0.00987149961293
v 0.0206209998578 0.0179516002536 0.00417760014534
v -0.00590369990095 0.0271079000086 -0.00978180021048
v -0.00958549976349 0.0215907990932 -0.00254729995504
v 0.00683129997924 0.0236664004624 -0.00294740009122
v 0.0123031996191 -0.0169916991144 -0.00626569986343
v -0.00713049992919 0.0355926007032 0.00155189994257
v 0.00628070021048 0.000195899992832 -0.0108099998906
v -0.000436700007413 -0.0494350008667 -0.00224329996854
v 0.000609899987467 -0.0425503998995 0.00671919994056
v 0.0176956001669 -0.00521390000358 -0.00083590002032
v -0.00974669959396 -0.01850909926 0.00806920044124
v -0.0129378000274 0.0331562012434 -0.00677850004286
v -0.000703900004737 0.0461146011949 0.0130011001602
v 0.00969360023737 -0.000524699978996 0.00656939996406
v -0.00961690023541 0.0152788003907 -0.00173110002652
v 0.00534089980647 0.0113425003365 0.00293479999527
v -0.00357310008258 -0.0204348992556 0.00667019980028
v -0.0110956002027 -0.0217323005199 -0.00659709982574
v -0.000907699984964 0.0450256988406 0.0103414002806
v -0.00907790008932 -0.0372224003077 0.00181839999277
v -0.0167772993445 -0.00218970002607 0.011095800437
v 0.0133907003328 0.0308458004147 0.0100105004385
v 0.00846599973738 -0.0347597002983 -0.0126294000074
v 0.00832919962704 0.0133496001363 -0.0073052002117
v 0.0101113002747 -0.00421770010144 -0.00868749991059
v -0.0160755999386 -0.0103850997984 0.00870199967176
v 0.015572199598 -0.0478025004268 -0.00412649987265
v 0.0123159997165 -0.00802490022033 -0.00755540002137
v 0.0154242999852 -0.046735599637 -0.000867200025823
v 0.0128565002233 0.0174039006233 0.000771099992562
v -0.00901560019702 0.0102644003928 0.00158150005154
v 0.00385940005071 -0.0494350008667 -0.00128339999355
v 0.0105232996866 -0.0494350008667 -0.00274590007029
v 0.0177942998707 -0.00706700002775 0.00203750003129
v -0.00639180000871 0.0236721001565 -0.0107770003378
v -0.0104039004073 -0.0491092987359 -0.00825409963727
v 0.00243330001831 0.0157967992127 0.00128710002173
v 0.00517559982836 -0.0393330007792 0.00643920013681
v 0.0191489998251 0.0136583996937 0.00648869993165
v 0.0192785002291 0.0126862004399 0.00567810004577
v -0.00853599980474 -0.0272923000157 0.00383700011298
v -0.00382920005359 -0.0140431001782 -0.0115865003318
v 0.0132002998143 -0.0469278991222 0.00339529989287
v 0.00441549997777 -0.0279591009021 0.00518900016323
v -0.0178814996034 0.00359610002488 -6.79999993736e-06
v -0.00777250016108 -0.0282531995326 0.00397229986265
v -0.00648610014468 0.042229399085 0.000321900006384
v 0.0169623997062 0.0198161005974 0.00161519995891
v 1.06999996206e-05 0.0372919999063 0.00878879986703
v -0.0133474003524 0.0266500990838 0.00867110025138
v -0.00159869994968 -0.0483004003763 -0.0148251997307
v 0.00136540003587 -0.0494350008667 -0.010212900117
v -0.0119642000645 0.0261965002865 -0.0101345004514
v -0.00964829977602 -0.0226492993534 -0.00836279988289
v -0.0167085994035 -0.00984240043908 -0.00313499988988
v 0.019424200058 0.0066921999678 0.00165200000629
v -5.83000000915e-05 0.0355001986027 -0.0036434000358
v 0.0198796000332 0.0135634001344 0.00216259993613
v 0.00566310016438 0.00741389999166 0.00293459999375
v 0.0133790001273 -0.0372154004872 -0.0004506999976
v -0.00780249992386 -0.0392213016748 0.00294089992531
v 0.0192933995277 0.0303383991122 0.016058800742
v 0.000178999995114 0.043979998678 0.0165816005319
v -0.0140140997246 0.0158660002053 -0.00932260043919
v -0.00519780023023 0.0337274000049 -0.00564179988578
v 0.00618299981579 -0.0218892991543 -0.0112375002354
v 0.00121380004566 -0.00511849997565 -0.0132441995665
v 0.0179437007755 0.0281362999231 0.0108217997476
v 0.00549879996106 -0.0101351002231 -0.0111411996186
v -0.019683200866 -0.00469460012391 0.00402180012316
v 0.00841339956969 -0.0476396009326 0.00672359997407
v 0.0139832999557 0.0324455983937 0.00636859983206
v -0.00609959987924 -0.00349520007148 0.0113100996241
v -0.0052923001349 0.0320301987231 -0.00722680008039
v 0.0152476001531 -0.00189640000463 -0.00523359980434
v -0.00874639954418 -0.0345648005605 -0.0109150996432
v 0.012485800311 0.00986849982291 0.0068516000174
v -0.0100586004555 -0.00321809994057 0.0129629001021
v 0.00339800002985 0.0280237998813 0.00201510009356
v 0.00362240010872 0.00822290033102 0.00172930001281
v 0.00811360031366 -0.0427995994687 -0.0136556997895
v -0.00920910015702 -0.0358661003411 -0.0105138001963
v 0.0147000998259 -0.0435504987836 -0.00773280020803
v 0.0117821004242 -0.0406045988202 0.00361269991845
v 0.00706510012969 0.0415091998875 0.0177430994809
v -0.00871440023184 -0.00878609996289 0.0121133001521
v 0.00676889996976 -0.00444140005857 -0.0102113001049
v -0.00347410002723 0.0233414005488 -0.00595259992406
v 0.0162321999669 0.0228342991322 0.00525989988819
v -0.0191762000322 0.00498839979991 0.0102361999452
v 0.00599069986492 0.00815400015563 -0.00981749966741
v 0.0042580999434 -0.0217639002949 -0.0118819000199
v -0.00743670016527 -0.0133891003206 0.0107723996043
v -0.0088534001261 -0.0494325011969 -0.00669289985672
v -0.00327220000327 -0.0116349002346 -0.0119887003675
v -0.0194499008358 0.0184317994863 0.00662249978632
v -0.010091399774 -0.0126767996699 -0.00827430002391
v -0.0085504995659 0.0187186002731 -0.00174269999843
v -0.00782280042768 0.038637701422 0.00359280011617
v -0.013332599774 0.0423181988299 0.00238050008193
v 0.0137670999393 -0.0492508001626 0.000631899980363
v -0.00942279957235 -0.049221098423 -0.00937450025231
v 0.0115451002494 -0.0393798016012 0.00345390010625
v -0.0131984995678 0.0190028995275 0.0132485004142
v 0.0175013002008 -0.0075389998965 -0.000380699988455
v 0.0110953003168 0.0339406989515 0.00440020021051
v -0.000204700001632 0.0267746001482 0.00142390001565
v 0.0120502999052 0.0210269000381 -0.00404890021309
v 0.00382240000181 0.015532899648 -0.0104729998857
v -0.00140660000034 0.026922300458 -0.00695970002562
v 0.00585700012743 0.0240081008524 -0.00672420021147
v 0.00537829985842 0.0100419996306 0.00298270001076
v -0.00475530000404 0.0325054004788 -0.00345560000278
v -0.00893099978566 -0.0490186996758 -0.0104473000392
v -6.90000015311e-05 -0.00702949985862 -0.0133702000603
v 0.00472689978778 0.0387835986912 0.00601579993963
v -0.00872179958969 0.0417364984751 0.00639169989154
v 0.000129199994262 -0.0311165004969 -0.0138253998011
v 0.00921680033207 0.00429389998317 -0.00855250004679
v -0.00911329966038 0.0468216016889 0.00420789979398
v -0.0062132999301 -0.0137103004381 0.0103339003399
v 0.00880379974842 -0.0403437018394 0.00565470010042
v -0.0172263998538 0.0233264993876 0.00566279981285
v 0.0139747997746 -0.036744300276 -0.00320079992525
v -0.00775260012597 0.0418627001345 -0.00168630003463
v -0.0098249996081 -0.0211020000279 0.00624309992418
v -0.00535529991612 0.00324440002441 0.00775789981708
v -0.00149709999096 0.0256332997233 -0.00728210015222
v -0.00846690032631 0.044389501214 0.00116800004616
v -0.00845220033079 0.0436820983887 2.0499999664e-05
v 0.00451679993421 -0.0494350008667 -0.00835189968348
v -0.00588029995561 -0.0439709015191 -0.0132761998102
v 0.00222690007649 0.0436154007912 0.0134230004624
v 0.00621700007468 0.0336380004883 -0.00138609996065
v 0.0118311000988 -0.0494338981807 -0.00746370013803
v -0.00986849982291 -0.0423562005162 -0.00997720006853
v -0.00983159989119 0.0422255992889 -0.00180379999802
v -0.0147200999781 -0.0118960002437 -0.00477779982612
v -0.00990589987487 -0.0247815009207 0.0040171998553
v -0.0178436003625 0.0237330999225 0.0114911999553
v 0.00870770029724 0.0340189002454 0.00530060008168
v 0.00102810002863 -0.0494350008667 -0.0113284997642
v -0.00993950013071 -0.0282538998872 -0.00900819990784
v -0.00350799993612 -0.013059400022 0.00902619957924
v -0.00886910036206 -0.0300520993769 0.00281030009501
v 0.0125222001225 0.0133397998288 -0.00461120018736
v -0.00346320006065 -0.0181223992258 0.00756609998643
v -0.00662790006027 0.0433235988021 0.00200859992765
v -0.000596099998802 0.0424618981779 0.0045813000761
v 0.0182550996542 -0.00368060008623 0.00078790000407
v -0.0174014996737 0.0220897998661 0.0052685001865
v -0.00938109960407 0.0398859009147 0.00492340000346
v 0.00326710008085 0.0150691000745 0.00181239994708
v 0.00298020010814 0.0433010011911 0.0100009003654
v -0.00988950021565 0.0383487008512 0.0033772001043
v 0.00841300003231 -0.0377653986216 -0.0129802003503
v 0.0130412001163 0.014714400284 -0.00207670009695
v -0.00932290032506 -0.0272279996425 -0.0094467997551
v 0.0117260003462 -0.0243088006973 0.00256619998254
v 0.0132750999182 -0.0494287014008 -0.00495730014518
v -0.0170012991875 0.0228204000741 0.0130101004615
v -0.00927039980888 -0.033575899899 -0.0103519000113
v 0.0024997999426 -0.049432400614 0.00576939992607
v -0.00991190038621 0.0348834991455 0.00152900000103
v -0.00995610002428 -0.0187759008259 -0.00797680020332
v -0.0183435995132 0.0225039999932 0.00977519992739
v -0.00952719990164 -0.0159565992653 0.00971930008382
v -0.0163135007024 0.0204092003405 0.00418510008603
v 0.0019420000026 -0.0194782000035 0.00651089986786
v -0.0103318002075 -0.0395391993225 0.000245000002906
v 0.00318649993278 0.0187066998333 0.00217909994535
v 0.015817200765 -0.00819970015436 -0.00369810010307
v 0.00277610006742 -0.0171303004026 0.00713039981201
v -0.00500879995525 -0.0402363985777 0.00476239994168
v 0.00312280002981 -0.0405203998089 -0.0147093003616
v 0.00688620004803 0.0226498991251 -0.00348570011556
v 0.00251249992289 0.00873920042068 0.00105399999302
v -0.0162879992276 0.0274737998843 0.00688279978931
v -0.00459659984335 0.0305323004723 -0.00559419998899
v -0.000430699990829 -0.00182779994793 -0.0138472998515
v -0.00937009975314 -0.00281179999001 -0.0115846004337
v 0.00908220000565 -0.0362479016185 0.0046703000553
v 0.00846539996564 -0.0463716983795 -0.0138186998665
v 0.00634329998866 0.02635489963 -0.000526899995748
v 0.00614609988406 -0.0458420999348 0.00729899993166
v -0.00221779989079 -0.0159948002547 -0.0119518004358
v 0.013429700397 -0.0465327017009 -0.00999370031059
v 0.00581379979849 -0.0494350008667 -0.0100742997602
v -0.0033227999229 -0.0441469997168 -0.0143531002104
v -0.013959299773 0.0275398008525 0.00911279954016
v -0.000207100005355 -0.0035959999077 0.0043826000765
v 0.00942580029368 -0.0355166010559 -0.0123167997226
v 0.00181259994861 0.0252145994455 0.00142660003621
v -0.0062250001356 0.0422651991248 0.00152739998884
v -0.00487150019035 -0.0494350008667 -0.0070688999258
v 0.0126662002876 -0.00934439990669 0.00773059995845
v -0.0101343998685 -0.0428531989455 0.000762999989092
v 0.00806790031493 0.0212910007685 0.00528969988227
v -0.00675289984792 0.0345848016441 0.000899399979971
v -0.00105169997551 -0.0341529995203 -0.0142454002053
v 0.0191038995981 0.0300040002912 0.0149357998744
v 0.0149205997586 -0.0451787002385 0.000549799995497
v 0.00729419989511 -0.0396622009575 -0.0136217996478
v 0.00890369992703 -0.0267165005207 0.00416549993679
v -0.00993280019611 -0.0441525988281 0.00121679995209
v -0.00108289998025 -0.00889759976417 0.00678899977356
v 0.0099737001583 -0.0366881005466 -0.0121563002467
v 0.00252599990927 0.0218238998204 0.000493999978062
v -0.0091158002615 0.0288971997797 -0.0105098001659
v 0.00121929997113 0.0356729999185 -0.00399120012298
v 0.0144563997164 0.0297616999596 0.00346900010481
v -0.00240020011552 0.0322491005063 0.000474900007248
v 0.00631130021065 0.0277184993029 -0.00511230016127
v -0.012369999662 0.0125470999628 0.0111736003309
v -0.012900499627 0.0367351993918 -0.0040452000685
v 0.00907550007105 -0.0086473999545 -0.00918429996818
v 0.00755630014464 -0.0451412983239 -0.0141319995746
v 0.0155221996829 0.0259508006275 0.0112686995417
v -0.0138978995383 0.0259215999395 -0.00586890010163
v 0.0136246997863 -0.0393559001386 0.000344800006133
v -0.00976719986647 0.043782800436 -0.00017499999376
v 0.0101613998413 0.0170770008117 0.00471330014989
v -0.013285599649 0.0298283994198 -0.00757330004126
v 0.010439099744 -0.0494321994483 -0.00909139961004
v -0.00412049982697 -0.00975290033966 -0.0121144000441
v -0.0153435999528 0.012291200459 0.0125078996643
v -0.00949469953775 0.0160197000951 -0.0132461003959
v -0.0119001995772 -0.0270783994347 -0.00584860006347
v 0.00658239983022 0.0170974005014 -0.00602809991688
v -0.017838999629 -0.0104182995856 0.00557509995997
v -0.00890049990267 -0.011143900454 -0.00940029975027
v 0.00611500022933 0.0223283004016 -0.00454750005156
v -0.00985340029001 0.0203262995929 -0.00291249994189
v 0.00569800008088 -0.049433298409 -0.0123968999833
v -0.00630320003256 0.0395576991141 0.00278210011311
v 0.00600229995325 0.0292709004134 -0.000706600025296
v -0.00678709987551 -0.0261547993869 -0.0113653000444
v -0.0172115005553 -0.0117773003876 -0.00126629997976
v -0.0103764999658 -0.0493908002973 -0.00329559994861
v -0.00315049989149 -0.00917039997876 -0.0125289000571
v 0.0077828001231 0.00916969962418 -0.00869099982083
v 0.0124664995819 -0.02051669918 -0.00621049990878
v 0.00957379955798 -0.00707359984517 -0.0089624999091
v 0.0120959002525 0.0348164997995 0.00605149986222
v 0.00327589991502 0.0137807000428 0.00170180003624
v 0.0132622998208 -0.0302446000278 -0.00333929993212
v 0.0115240998566 -0.0473046004772 0.00498049985617
v 0.0123878000304 -0.0238469000906 -0.00705430004746
v 0.0097096003592 -0.0238054003567 -0.00974829960614
v 0.00927860010415 -0.0248962994665 -0.0102958995849
v 0.00352660007775 -0.0237541999668 0.00558489980176
v -0.0034636000637 0.0406600013375 0.00819170009345
v -0.00298730004579 -0.0128546999767 -0.0118810003623
v 0.0128293000162 -0.0275880992413 -0.00728859985247
v -0.0133028998971 -0.0197899993509 -0.00325670000166
v -0.0103601999581 -0.0482643991709 -0.00919940043241
v 0.0120032997802 0.0166251007468 -0.00484010018408
v 0.00845829956234 -0.0256917998195 0.00453109992668
v -0.00263689993881 0.0222964994609 -0.00183039996773
v -0.0128586003557 0.0204476006329 -0.00439429981634
v 0.0131572000682 -0.0381047017872 0.000583400018513
v 0.0172311998904 -0.00785909965634 0.00376249989495
v -0.010969299823 -0.0492608994246 -0.00445170002058
v -0.00934099964797 0.0471449010074 0.00756449997425
v 0.00800359994173 0.0335643999279 0.0135393003002
v -0.0180731005967 0.00619689980522 0.00162380002439
v -0.00931870006025 0.00586229981855 -0.0137435002252
v 0.00982940010726 -0.0192095004022 -0.00875249970704
v 0.0104828001931 -0.0471912994981 0.00573380012065
v 0.00723670003936 -0.0420860983431 0.00653639994562
v -0.0166902001947 0.00138040003367 -0.00564240012318
v 0.0111659001559 -0.0494349002838 -0.00819430034608
v -0.00583019992337 0.0321523994207 -0.00116099999286
v -0.0104042999446 0.0468561984599 0.00384090002626
v -0.000112900001113 -0.0223258007318 -0.0129939001054
v 0.000170600003912 -0.0133140999824 -0.0123597001657
v -0.0090306000784 0.0172633994371 -0.0130075998604
v -0.0118556004018 0.0175790991634 -0.00319710001349
v 0.00453600008041 -0.026000900194 0.0052753998898
v 8.80000006873e-05 -0.0157955996692 0.00705310003832
v 0.00230100005865 0.0427367016673 0.00502490019426
v -0.000711000000592 -0.0124992001802 -0.0122640002519
v -0.0121451998129 0.0168555993587 0.00592589983717
v -0.0177244003862 0.00176609994378 -0.00175539997872
v -0.00769570004195 -0.0176414009184 -0.00976959988475
v -0.0172247998416 0.00668560015038 0.00119550002273
v -0.0118805998936 0.0213318001479 -0.0108720995486
v -0.010498800315 0.0450666993856 0.00174500001594
v -0.00154680002015 -0.0218716003001 0.00597750023007
v 0.0133977998048 -0.033685401082 -0.00262890011072
v -0.0157360006124 0.0205630008131 0.0137857003137
v 0.0130471996963 -0.0246131997555 -0.000691200024448
v 0.0157625004649 0.0256386008114 0.0100641995668
v 0.000707499973942 -0.0262419003993 -0.0132485004142
v -0.00471640005708 -0.0351231992245 0.00471210014075
v -0.0120131000876 0.0247300006449 -0.00278860004619
v 0.0191249996424 0.00839599967003 0.00414479989558
v -0.00230789999478 -0.0120206000283 -0.012113600038
v 0.0068041998893 0.0403974987566 0.0207800008357
v 0.0195589996874 0.0225767996162 0.0131868002936
v 0.0109781995416 0.0302543994039 -0.000204700001632
v -0.00876700039953 0.0315559990704 -0.000515000021551
v 0.00619120011106 0.00682060001418 -0.00964850001037
v -0.0104441996664 -0.0326558016241 -0.00892630033195
v 0.00825390033424 -0.0358587987721 -0.0128288995475
v -0.00924090016633 0.0354177989066 -0.00734739983454
v 0.0118883997202 -0.00699289981276 0.00816029962152
v -0.00228059990332 -0.0390685983002 0.00567789981142
v -0.00445639993995 0.0285234004259 -0.00324429990724
v -0.000699699972756 0.0416406989098 0.0158456992358
v 3.07000009343e-05 -0.030161799863 0.00549919996411
v 0.0110878003761 0.0136243999004 -0.00598290003836
v 0.00533950002864 0.0171824991703 0.00362599990331
v 0.0111891999841 -0.0420688018203 -0.0118415998295
v 0.00769220013171 -0.027898600325 -0.0117536000907
v -0.00946549978107 0.0260313991457 -0.00166700000409
v 0.00997210014611 -0.043735101819 -0.0128330998123
v 0.00311059993692 0.0342343002558 0.00621350016445
v 0.0129273999482 -0.0156124001369 0.00555380014703
v 0.00496669998392 -0.0410283990204 -0.0144467996433
v 0.00166319997516 -0.00114379997831 -0.0128696002066
v 0.009566700086 -0.0110318996012 -0.00906800013036
v -0.00202080002055 0.0349573008716 -0.00108650000766
v -0.00422010011971 -0.00440530013293 0.00986989960074
v -0.000253800011706 -0.0417792983353 0.00644849985838
v -0.00860620010644 -0.0215488001704 0.00636530015618
v 0.0141826998442 -0.0106781003997 -0.00547439977527
v -0.0174070000648 0.0144418003038 0.00381899997592
v -0.00914600025862 -0.0157712008804 -0.00876959972084
v 0.017450099811 0.0248144008219 0.0155600998551
v 0.0127074001357 -0.010159900412 -0.00712649989873
v 0.00620860001072 -0.0231688991189 -0.0113776996732
v -0.00941090006381 -0.0239861998707 -0.00879330001771
v -0.00184929999523 -0.0387082993984 -0.0144715998322
v 0.0117245996371 0.00763380015269 0.00650550005957
v -0.0172566995025 0.0184177998453 0.0128859002143
v -0.016768399626 0.000912400020752 0.0117456996813
v 0.0106806000695 -0.0341853015125 0.00286350003444
v -0.00562880001962 -0.0171869006008 -0.010874800384
v -0.00852230004966 -0.0298807006329 -0.0106402002275
v 0.00305909989402 0.00269909994677 -0.0115903997794
v -0.017714900896 -0.00840879976749 0.00741299986839
v -0.0135283004493 0.0335770994425 -0.00373849994503
v 0.0142906000838 0.0293965004385 0.00656489981338
v 0.0136035997421 -0.00847449991852 0.0075151999481
v -0.00118759996258 0.0464808009565 0.0140439998358
v 0.00739719998091 0.0289562996477 0.00765969976783
v 0.00327560002916 0.0395758002996 0.00103459996171
v 0.0106341000646 -0.0490538999438 -0.0119251003489
v 0.00680120009929 -0.0267702993006 0.00485409982502
v -1.02000003608e-05 0.00251340004615 0.00161319994368
v 0.00795789994299 -0.0340958014131 0.00495650013909
v 0.0194945000112 0.00871490035206 0.00231210002676
v 0.00170969997998 0.0437985993922 0.00678530009463
v -0.0109120998532 0.00943680014461 0.00813610013574
v -0.0186556000262 -0.00862129963934 0.00278949993663
v 0.00157920003403 -0.0422350987792 0.00680750003085
v 0.00903670024127 -0.0160034000874 0.00725039979443
v -0.00934130046517 0.0164938997477 -0.00174269999843
v 0.0126579999924 -0.00682900007814 -0.0073394998908
v -0.0115735996515 -0.0478615984321 -0.00641239993274
v -0.0128520000726 0.0319921001792 -0.00239560008049
v 0.013277599588 -0.00714589981362 0.00782909989357
v -0.0120286000893 -0.0305963996798 -0.00159580004402
v 0.00926790013909 -0.00973660033196 -0.00914609991014
v 0.0128813004121 -0.00334269995801 -0.0072615002282
v 0.0119252996519 0.028813900426 0.010111999698
v -0.00146890000906 0.0229112002999 -0.00125620001927
v 0.000182799994946 0.0448133014143 0.00965860020369
v 0.0142246000469 0.0206075999886 0.0044782999903
v 0.0028808999341 0.0411158017814 0.00281429989263
v 0.0162610001862 0.026549000293 0.0102792996913
v -0.00855250004679 -0.0311676003039 -0.0107923997566
v -0.0176349002868 0.0262333005667 0.00737009989098
v -0.00435939989984 0.0144864004105 -0.0128928003833
v -0.00547310011461 -0.0260636005551 0.00530089996755
v -0.00695590022951 -0.019887400791 -0.0103035997599
v -0.000689100008458 0.00173679995351 0.00227009993978
v -0.00465410016477 0.0233967006207 -0.00302019994706
v 0.000711000000592 -0.0135832997039 0.00692240009084
v -0.011583100073 -0.028665099293 0.000159400005941
v 0.00944430008531 0.00649539986625 -0.00828220043331
v 0.000662999984343 -0.0253190994263 0.00555919995531
v -0.00409660022706 0.0260362997651 -0.00379150011577
v -0.0172456 -0.00137169996742 -0.0043966001831
v -0.00903210043907 -0.0250934995711 -0.00933429971337
v -0.00229250011034 0.040531501174 0.00472240010276
v 0.00915000028908 -0.0494350008667 -0.00267919991165
v 0.0147706000134 -0.00878810044378 0.00673789996654
v -0.00578230014071 0.0183048006147 -0.000520800007507
v -0.00143900001422 0.040176499635 0.0140736000612
v -0.0173335000873 -0.0133908996359 0.00363960000686
v -0.000869299983606 0.0387011989951 0.0111560998484
v -0.013488500379 0.032808098942 -0.00570520013571
v 0.0134014999494 -0.0488068014383 -0.00925400014967
v -0.00225879997015 0.0137665001675 -0.000109699998575
v -0.00979680009186 0.0320915989578 -0.00938900001347
v 0.0123493000865 0.0260242000222 0.00743500003591
v 0.0132438996807 0.0278861001134 0.00836540013552
v -0.00902260001749 -0.0244552008808 0.00471160002053
v -0.0166172999889 -0.00702810008079 0.00960920006037
v -0.0182742998004 0.0129137998447 0.0115892002359
v 0.0179383996874 0.0238575991243 0.00556469988078
v -0.0096498997882 0.0323469005525 -5.94000011915e-05
v -0.000424300000304 0.0346390008926 -0.00395390018821
v -0.00900239963084 0.0125856995583 -0.00140690000262
v -0.00925770029426 0.0122857000679 -0.0143296001479
v -0.00986330024898 -0.0114962998778 -0.00864989962429
v -0.00621910020709 -0.038162201643 0.00401479983702
v -0.0124345002696 -0.0232727006078 -0.00408650003374
v -0.00408829981461 0.0430313982069 0.0115735996515
v -0.0124687999487 0.0219995994121 0.00593200000003
v -0.00934830028564 -0.0316919013858 -0.0101182004437
v -0.00827939994633 -0.00916550029069 -0.0102329999208
v 0.000928300025407 -0.0331556014717 -0.0139923002571
v -0.00315660005435 -0.0286321006715 0.00533419987187
v -0.00902139954269 -0.0420330017805 -0.0109096001834
v 0.00165530003142 0.00652180006728 -0.0129156997427
v -0.0167638007551 -0.0107329003513 0.00758370012045
v 0.00938289985061 -0.0385981015861 -0.0126408003271
v -0.00890680029988 -0.0324296988547 -0.0106193004176
v 0.013508300297 0.0327963009477 0.0109860002995
v 0.00422419980168 0.034694198519 0.00592549983412
v -0.0121614998206 -0.0240956004709 0.00162190000992
v -0.00941049959511 -0.0494349002838 -0.0041676000692
v -0.00917659979314 -0.0339857004583 0.00196320004761
v 0.00967309996486 0.00181289995089 -0.00879999995232
v 0.00459539983422 -0.0494350008667 0.000956200005021
v 0.0109818996862 -0.00952669978142 -0.00837530009449
v 0.0110342996195 0.0379922017455 0.0182518996298
v -0.0169181991369 -0.00864040013403 -0.00313049997203
v -0.00172639999073 0.0317360013723 0.00140970002394
v -0.00182580004912 -0.014538699761 -0.0120214000344
v -0.00139979994856 0.0329128988087 -0.00380549998954
v 0.0130188995972 -0.0055793998763 -0.00711990008131
v -0.0132489996031 -0.0220442991704 -0.000766700017266
v -0.00646310020238 0.00885989982635 -0.0151316998526
v -0.0164780002087 0.0101380003616 0.0120548997074
v -0.0207062996924 -0.000689300009981 0.00630659982562
v 0.0140327000991 0.0327556990087 0.00769140012562
v 0.00242540007457 0.0376547984779 0.00934519991279
v -0.00145980005618 0.0305451992899 0.000913100026082
v 0.0151604004204 0.0281140003353 0.0149608999491
v 0.000467500009108 -0.0441735982895 -0.0151386996731
v 0.0101356999949 0.0209577009082 0.00570200011134
v -0.0124637000263 -0.0245072003454 -0.00382520002313
v -0.00525210006163 -0.0415013991296 -0.0135283004493
v 0.00599840003997 0.034506700933 -0.000437999988208
v -0.000500999973156 0.0117453997955 -0.0134755000472
v -0.0174045991153 -0.00821429956704 -0.0022450000979
v -0.00207810010761 0.0300558004528 -0.00414129998535
v -0.0175033006817 0.0281614996493 0.012359100394
v 0.00596019998193 0.0407552011311 0.0199999008328
v -0.00479619996622 -0.0361787006259 -0.0135036995634
v 0.00669870013371 0.0326596982777 0.00733100017533
v -0.00697020022199 -0.0228218007833 -0.010643299669
v 0.00416560005397 0.00193449994549 -0.0111490003765
v -0.00772819994017 0.0418245010078 0.00600309995934
v 0.00964200031012 0.00748160015792 0.00534849986434
v 0.0182153005153 -0.00126519997139 -0.000798700028099
v 0.00892280042171 -0.0366895012558 -0.0126620000228
v 0.0125636002049 0.0218707006425 0.00494340015575
v -0.00798659957945 -0.0494350008667 -0.00762380007654
v 0.00752149987966 0.00771400006488 0.0040616998449
v -0.0059226998128 -0.0214636009187 0.00663919979706
v -0.0177315995097 -0.00185779994354 -0.00327980006114
v 0.0121309002861 -0.0388015992939 0.00258790003136
v -0.0136662004516 -0.0208084005862 -0.000639099976979
v -0.00906910002232 5.48999996681e-05 -0.0126518998295
v -0.00994249992073 -0.00189079996198 0.0130227999762
v -0.0119118001312 0.0189532004297 0.00648640003055
v 0.00968020036817 0.00977380014956 0.0054116002284
v 0.00680010020733 -0.0441161990166 0.00697579979897
v 0.00679640006274 0.0293381009251 0.00667440006509
v 0.00359850004315 0.0402303002775 0.00223560002632
v 0.00433349981904 0.040697298944 0.00631040008739
v -0.00142500002403 0.00287039997056 0.00226239999756
v 0.00560110015795 -0.0467506982386 0.00742329983041
v 0.00413369992748 -0.0229869000614 -0.0120061999187
v -0.0160681009293 0.0164637994021 0.0131940003484
v -0.0163033008575 0.0193507000804 0.0134888002649
v 0.0210526995361 0.0214753001928 0.00899230036885
v -0.0172584000975 -0.00380369997583 -0.0040267999284
v -0.00900940038264 0.0107314996421 0.000449100014521
v -0.0091810002923 0.0276794005185 -0.0107971997932
v -0.00250920001417 0.0453107990324 0.0118055995554
v 0.0124350003898 0.00669769989327 0.00670089991763
v -0.00601030001417 -0.0149897001684 0.00984049960971
v 0.00693560019135 0.0215994007885 -0.00397920003161
v -2.9299999369e-05 -0.00296860001981 -0.0136602995917
v 0.000240299996221 -0.00527640013024 -0.0134786004201
v -0.0149346003309 -0.0159907992929 -0.0028878999874
v -0.0165608990937 -0.013664400205 0.00572580005974
v 0.0123028000817 0.0230109002441 -0.00355469994247
v 0.00568690011278 0.0202405992895 0.0030280998908
v -0.00897230021656 -0.0460585989058 0.00259839999489
v 0.013421700336 0.0135920001194 0.00677300011739
v -0.0167436990887 -0.0021627000533 -0.00530039984733
v 0.0128373997286 0.0295382998884 0.00998380035162
v -0.00105229998007 -0.00779560022056 -0.0132256997749
v 0.00778579991311 -0.030228599906 0.00459309993312
v -0.0175887998194 0.0226888991892 0.0120606999844
v -0.0133429002017 0.0357097014785 -0.00354019994847
v -0.011568300426 0.0228745006025 0.0111397998407
v 0.00756110018119 0.00179530004971 -0.00973660033196
v -0.00203570001759 -0.0284890998155 -0.0136810997501
v 0.00518780015409 0.037990398705 0.0187689997256
v -0.0144694000483 0.0147591996938 -0.00683810003102
v -0.00376529991627 0.0415334999561 0.00989869982004
v 0.0142123997211 0.0252608004957 -0.000605300010648
v -0.0127571998164 -0.0213271006942 0.00336669990793
v 0.011315099895 -0.0261211004108 0.00240530003794
v -0.00920809991658 -0.0328610017896 0.00205989996903
v -0.0164142996073 -0.0134222004563 -0.00205800007097
v -0.00630130013451 0.0405417010188 0.00327030010521
v -0.00802540034056 -0.0108214998618 -0.0100312996656
v -0.014983500354 0.0240851994604 0.0140594998375
v 0.00590759981424 -0.0313472002745 -0.0128635000437
v 0.00223030010238 0.0440468005836 0.0107177998871
v -0.00768070016056 -0.0494339987636 -0.000118500000099
v -0.0127782002091 0.026643499732 -0.00924609974027
v -0.00870889984071 -0.0494341999292 -0.0018635999877
v 0.00898330006748 0.0139616997913 -0.00683509977534
v 0.0151832001284 0.00482460018247 -0.00427490007132
v -0.00318849994801 0.039579000324 0.00874510034919
v -0.0170383006334 0.000874300021678 -0.00480919983238
v 0.015334200114 -0.0455284006894 -0.000611399998888
v -0.00867069978267 0.0471636988223 0.0052077001892
v -0.00840429961681 -0.0311095993966 0.00295679992996
v -0.000979000004008 -0.0231529995799 -0.0129827000201
v -0.00258530001156 0.0386787988245 0.00829940009862
v 0.0139164999127 -0.036054700613 -0.00616490002722
v -0.0123658999801 0.0235041994601 -0.00320919998921
v -0.00527360010892 -0.016821699217 0.00881929975003
v -0.0173030998558 0.00161939999089 -0.00369850010611
v 0.00202100002207 -0.0390742011368 -0.0146484998986
v 0.0140607999638 0.0237988997251 0.00280779995956
v -0.0118054999039 -0.0438305996358 -0.00530049996451
v -0.0090234996751 0.0458944998682 0.00775410002097
v -0.01527130045 0.00850670039654 -0.00741520011798
v -0.00729409977794 -0.00684180017561 0.0119661996141
v 0.00774020003155 -0.048460599035 0.00675640022382
v -0.0043055000715 0.0111777996644 -0.000420199998189
v 0.00957189965993 0.0148488003761 -0.00634650001302
v 0.0130227999762 -0.0270205996931 -0.00149010005407
v 0.0164720006287 0.0241145007312 0.00687899999321
v 0.00659130001441 0.0348986983299 0.0104596000165
v 0.0125615000725 0.0199877992272 -0.00369090004824
v 0.0134762004018 -0.0331420004368 -0.00683439988643
v -0.0134867001325 0.0346197001636 -0.00305279996246
v -0.00642749993131 0.0374174006283 0.00184669997543
v -0.0203520990908 -0.00224140007049 0.00553110009059
v 0.00591180007905 0.0220184996724 0.00365399988368
v -0.00954269990325 0.0454775989056 0.00242329994217
v -0.0204984005541 0.00970380008221 0.00703619979322
v 0.00324640003964 -0.0139399003237 -0.0123928999528
v -0.00948170013726 0.0448280982673 0.00145840004552
v 0.0113380998373 -0.0316729992628 -0.0106097003445
v -0.00999039970338 0.0451097004116 0.00787090044469
v -0.00895159970969 0.0434493012726 0.00736529985443
v 0.0106330001727 -0.0271086990833 -0.0100191002712
v 0.00597060006112 0.0400541014969 0.0160950999707
v 0.00528670009226 0.0191022008657 -0.00768340006471
v 0.00139109999873 0.00918720010668 0.000503299990669
v -0.0171792004257 0.00397010007873 -0.00106220005546
v 0.00603670021519 0.0211918000132 -0.00486769992858
v -0.0114264003932 -0.041075501591 -0.00716269994155
v -0.0138414995745 0.0168584994972 0.0131062995642
v 0.00618520006537 0.026788700372 -0.00218340009451
v 0.00797879975289 0.0157664995641 -0.00636170012876
v 0.0153034999967 0.0275011993945 0.0136689003557
v -0.010855499655 0.0414933003485 -0.00214760005474
v 0.0174973998219 0.00761449988931 -0.00229940004647
v -0.00913459993899 -0.0284049008042 -0.00984069984406
v -0.00958480034024 0.041403401643 -0.00250880001113
v -0.0180117990822 0.00943060033023 0.00318340002559
v 0.012785400264 -0.0493706017733 0.000930099980906
v 0.016011800617 0.014233100228 0.00766489980742
v 0.0198200996965 0.0129405995831 0.00456860009581
v -0.0042328001 0.0259547997266 -0.00575810018927
v 0.0110908998176 -0.0413001999259 0.0044471998699
v -0.000507400021888 0.00400080019608 0.0011916999938
v -0.0127467000857 0.0153133999556 0.0118481004611
v 0.00819979980588 -0.00675259996206 0.00788449961692
v -0.00131409999449 -0.0470312982798 -0.0149814998731
v -0.00897610001266 0.0239585004747 -0.00175669998862
v -0.0182437002659 0.0284544993192 0.0101824998856
v 0.0179487001151 0.0157225001603 -0.000224999996135
v -0.017379399389 0.0109523003921 0.0118147004396
v 0.00459370017052 -0.0194384995848 -0.0116312000901
v 0.00145570002496 -0.0343157015741 -0.0140928002074
v -0.0175842996687 0.0274448990822 0.00772169977427
v -0.0052804001607 0.0288874004036 -0.00230129994452
v 0.0132072996348 -0.0435408018529 -0.0101400995627
v -0.0129736000672 0.0311219003052 -0.00768609996885
v 0.0117148999125 0.0363794006407 0.00796910002828
v 0.0127149000764 -0.0445404984057 -0.0107901999727
v -0.00261530000716 0.0329319983721 -0.000491500017233
v 0.0101308999583 0.0237626004964 -0.00399539992213
v 0.0165184997022 0.00208269990981 0.0066921999678
v 0.0120246000588 -0.0425613000989 -0.0112362997606
v -0.00112819997594 -0.0325866006315 0.00552099989727
v 0.00753109995276 0.00554870022461 -0.00903849955648
v -0.0135094001889 -0.0104227997363 0.0108340000734
v -0.000301599997329 0.0402050018311 0.0143614998087
v 0.00777949998155 -0.0202307999134 0.00646930001676
v 0.00409610010684 0.0156012000516 0.0025371001102
v 0.000142799995956 -0.0494350008667 -0.0104673001915
v 0.000621300016064 -0.0107918996364 -0.0125189004466
v 0.00038919999497 0.021671300754 -0.000144799996633
v 0.00741299986839 -0.00315689994022 0.00638249982148
v -0.0076679000631 -0.0378929004073 0.00303200003691
v 0.00614000018686 0.0272767990828 -0.00120369996876
v -0.006403000094 -0.0216448009014 -0.0108107002452
v 0.0139888999984 -0.0379911996424 -0.00725950021297
v 0.00628869980574 0.0252893008292 -0.00468489993364
v -0.0138601996005 0.0241282992065 -0.00719190016389
v 0.000751100014895 -0.0373564995825 -0.0145377004519
v -0.0170178003609 0.0271979998797 0.0132926004007
v -0.00829560030252 -0.0429169982672 -0.0116266002879
v 0.0077471002005 -0.0494350008667 0.000975199975073
v -0.00898609962314 0.0354367010295 0.00193240004592
v 0.00458109984174 -0.00953389983624 0.00724700000137
v -0.0172467008233 0.0216904003173 0.0127237001434
v -0.017161199823 0.02593459934 0.0131625998765
v 0.0107907997444 0.0255590006709 -0.00316249998286
v -0.0104294996709 0.00712590012699 0.00852630008012
v -0.0101330997422 0.0307721998543 -0.00980560015887
v 0.00575370015576 0.0160559993237 0.0037668000441
v 0.019911300391 0.028324900195 0.01265889965
v -0.00918180029839 0.0305436998606 -0.00108429999091
v -0.0133245000616 0.0365407988429 -0.00159640004858
v -0.00876520015299 -0.0396581999958 -0.0110823996365
v -0.0112228998914 0.0037509999238 -0.0122300004587
v 0.000917299999855 -0.036364801228 0.00599709991366
v 0.0110964998603 0.0359498001635 0.017471300438
v -0.0134135000408 0.0285296998918 -0.0077724000439
v -0.0077494001016 0.00786450039595 0.00599650014192
v 0.0169390998781 -0.0105811003596 1.12999996418e-05
v 0.00569090014324 0.0298050008714 -0.00581840006635
v 0.0135420998558 -0.0380702987313 -0.00855190027505
v 0.0138124004006 -0.0374953001738 -0.00157029996626
v -0.00526189990342 0.0106801996008 -0.014800700359
v 0.00559520022944 0.0345587991178 0.00271159992553
v -0.0119407996535 0.0148913003504 0.00522819999605
v 0.00751629984006 -0.0111007997766 -0.0098780002445
v 0.0138622997329 0.0153054995462 -0.000130300002638
v -0.0087205003947 -0.0192246008664 0.00780670018867
v 0.012933799997 0.0363011993468 0.0103133004159
v 0.00711729982868 0.0323803983629 0.0106252999976
v 0.008320200257 0.0414311997592 0.0178315006196
v 0.00286599993706 0.0430991016328 0.0112691000104
v -0.00635450007394 0.00564090022817 0.00733140017837
v -0.00619710003957 0.00615580007434 0.00631880015135
v -0.00534600019455 0.00618730019778 0.00415100017563
v -0.00645099999383 -0.0348304994404 0.00388820003718
v 0.00473939999938 0.0304003991187 -0.00649219984189
v -0.00950550008565 -0.0445319004357 -0.0104628000408
v 0.0112503003329 0.037823099643 0.010019400157
v 0.0018177999882 -0.0169076994061 -0.0126644000411
v 0.0164928007871 -0.0080310003832 -0.00266880006529
v -0.00946949981153 0.00246049999259 -0.0129875000566
v -0.00166639999952 1.75000004674e-05 0.00415690010414
v -0.0117132999003 0.00581789994612 0.0111360996962
v 0.00341939995997 -0.0289846006781 -0.012932700105
v 0.0133269000798 -0.0319280996919 -0.00697979982942
v -0.00132609996945 0.0107565997168 -0.0139140998945
v -0.00261180009693 -0.0144657995552 0.00819389987737
v -0.00844489969313 0.00235279998742 0.0119810001925
v -0.00188430002891 0.00109359994531 -0.0144784003496
v -0.00817499961704 0.037508700043 0.00286310003139
v 0.0190427005291 0.0286845006049 0.0121085997671
v 0.0181529000401 0.00665309978649 -0.00180039997213
v -0.00375519995578 0.0185896009207 -0.0096373995766
v -0.0092850998044 -0.0492039993405 0.00132130004931
v -0.00848169997334 0.00923269987106 -0.0148258004338
v -0.00134209997486 -0.0494350008667 0.00123419996817
v 0.0111533002928 0.0227818991989 0.00627230014652
v 0.00526459980756 -0.00826700031757 0.00724499998614
v -0.0090351998806 0.0112794004381 -0.000733499997295
v -0.00790429953486 0.0195000991225 -0.012207900174
v 0.0125187002122 -0.0314601995051 -0.000388899992686
v 0.0112902000546 0.0157718993723 -0.00543559994549
v -0.0178625993431 0.0179482009262 0.00447549996898
v -0.0126531003043 0.0425322987139 0.00520640006289
v -0.0128352995962 0.0364748016 8.81000014488e-05
v 0.0193610005081 0.0210210997611 0.0118442997336
v 0.000961699988693 0.00188150000758 -0.0129321003333
v 0.00665109977126 0.0267200991511 0.00512930005789
v 0.00417800014839 0.0144066996872 0.00240199989639
v -0.00137039995752 0.0387667007744 0.00118849996943
v 0.00586199993268 0.0410601012409 0.0178038999438
v -0.0199836995453 -0.00358069990762 0.00417149998248
v -0.00786789972335 -0.0302505996078 0.00345459999517
v -0.00889640022069 -0.0454651005566 -0.0111336996779
v 0.00903099961579 -0.0455130003393 -0.0134971002117
v -0.00576800014824 -0.000628400011919 -0.0137742999941
v -0.00510360021144 0.034208599478 -0.00180550001096
v -0.000210400001379 0.00380699988455 -0.0136428000405
v -0.0168983992189 -0.0125524997711 0.00600749999285
v 0.018671900034 0.000979300006293 0.00361920008436
v 0.0132477004081 -0.0281392000616 -0.00317690009251
v -0.0106477001682 0.0377469994128 0.00262359995395
v 0.0133028998971 -0.0271661002189 -0.00486540002748
v 0.00400809990242 -0.000691600027494 -0.011925900355
v 0.0131382998079 -0.0271016992629 -0.00613790005445
v 0.00863089971244 -0.0237354002893 -0.0104077998549
v -0.00823730044067 0.0426321998239 0.00684149982408
v 0.0132285002619 -0.027117099613 -0.00270069995895
v 0.00887420028448 0.0252848993987 -0.00289350003004
v 0.00445730006322 0.0143959000707 -0.0101506998762
v 0.0107735004276 0.0367073006928 0.0184291992337
v -0.000373199989554 -0.0494350008667 -0.00101410003845
v -0.00472920015454 0.00863089971244 0.00050409999676
v -0.0172092001885 -0.00775020010769 0.00854449998587
v -0.00787280034274 0.0345318987966 -0.00777130015194
v 0.00782150030136 -0.0327926985919 0.00483149988577
v 0.00282859988511 0.0342295989394 -0.0052411002107
v -0.0104665998369 -0.00942720007151 -0.0087631996721
v -0.00697250012308 0.0213287994266 -0.0114300996065
v -0.013281499967 0.0376911982894 -0.00163640000392
v -0.000431699998444 0.0138088995591 -0.0126465996727
v -0.00177800003439 -0.0494350008667 0.000141299999086
v 0.00803580041975 -0.0193870998919 -0.0101368995383
v 0.000771199993324 -0.0353531986475 -0.0143063999712
v 0.00753809977323 0.0296927001327 0.00866429973394
v 0.0193214993924 0.00651070009917 0.00298999994993
v 0.0124204996973 0.0376636013389 0.0124687002972
v -0.00150609994307 0.0342089012265 0.00464010005817
v -0.00431540003046 -0.0167792998254 -0.0113757997751
v -0.0116552999243 -0.0251030996442 0.00184070004616
v -0.0103751998395 -0.0228470992297 0.00479790009558
v -0.0152049995959 0.00737630017102 -0.00313719990663
v 0.0047043999657 0.0187171008438 -0.0087305996567
v 0.0100346002728 0.00960270036012 -0.00765699986368
v 0.00395039981231 0.04152970016 0.00844400003552
v 0.0133162001148 -0.0253433994949 -0.00428179977462
v 0.0133814001456 -0.0341039001942 -0.00777019979432
v -0.0118613997474 -0.0389356985688 -0.0044515999034
v 0.000930099980906 -0.00779710011557 0.00549300014973
v -0.00570419989526 0.0180280003697 -0.0117261996493
v 0.0163458008319 0.012992599979 -0.00177239999175
v -0.0107722999528 0.0213868003339 -0.0115213999525
v -0.013737199828 0.0297448001802 -0.00511919986457
v -0.00955380033702 0.0215160995722 -0.0117945000529
v -0.00974989961833 -0.00162889994681 -0.0118183000013
v 0.0131690995768 -0.0234277993441 -0.000580799998716
v -0.011285699904 -0.0230685994029 0.00385030009784
v -0.01388650015 0.0244807992131 -0.00588490022346
v -0.0156399998814 0.0135206999257 0.0127673996612
v 0.00561629980803 0.0245928000659 0.00143109995406
v -0.0153595004231 -0.0155071998015 0.00613979995251
v -0.00138819997665 -0.0494350008667 -0.0016609999584
v 0.0105771999806 0.00649610022083 -0.00783200003207
v 0.00890070013702 0.0105982003734 0.00491910008714
v 0.00549860019237 -0.0231193006039 0.0056385002099
v 0.0148521000519 0.0144969997928 0.00734709994867
v -0.0172074008733 0.00304419989698 0.0116103002802
v 0.0105640999973 -0.0293343998492 -0.0107413996011
v 0.00440869992599 0.0233047995716 -0.0088053997606
v -0.00877439975739 -0.00792109966278 -0.0102685000747
v 0.0126013997942 0.00456479983404 0.00647679995745
v -0.0172055996954 0.012539899908 0.00346420006827
v -0.0131048997864 -0.0182581003755 -0.00436640018597
v 0.00743660004809 -0.0494350008667 -0.00409970013425
v -0.0031173999887 0.039486899972 0.00748440017924
v -0.00995589978993 -0.00846379995346 0.0122859999537
v 0.00637800013646 -0.0388302989304 -0.013799900189
v 0.0136200003326 0.0335593000054 0.00681529985741
v -0.016788199544 0.00406729988754 -0.00235419999808
v 0.00660989992321 -0.0494350008667 -0.000185400000191
v -0.0168494004756 0.005826999899 0.000168400001712
v 0.0200532004237 0.0241523999721 0.00709730014205
v -0.00413559982553 -0.00238840002567 0.00924159958959
v -0.0131235001609 0.0147518003359 -0.00385509990156
v 0.0170770008117 -0.0103374999017 0.00128610001411
v 0.00238869991153 0.0181402005255 0.00157810002565
v -0.0100518995896 0.0147711997852 -0.0133710997179
v 0.0133306002244 -0.0187663007528 -0.00478720013052
v 0.0128832003102 -0.0494340993464 -0.00274550006725
v 0.0132112996653 -0.0146612003446 -0.00594029994681
v -0.00145189999603 -0.0494350008667 -0.00600789999589
v 0.013287499547 0.0220600999892 0.00382780004293
v -0.010340699926 -0.028981199488 0.00177309999708
v -0.0150089003146 0.0100491000339 -0.00500850006938
v -0.000429999985499 0.0366080999374 0.00784980040044
v 0.00433429982513 -0.027546800673 -0.0125267002732
v 0.0138817001134 -0.00290119997226 0.00783499982208
v 0.0171121004969 0.00287130009383 0.00635869987309
v 0.000483100011479 -0.0170802008361 -0.0125876003876
v -0.00916409958154 -0.0193255003542 -0.00867860019207
v 0.012600700371 -0.0186148993671 0.00429710000753
v 0.00950170028955 0.0406925007701 0.0183860007674
v -0.00619819993153 -0.0314837992191 -0.012542700395
v 0.00588769977912 -0.00276540010236 -0.0111533002928
v -0.0106058996171 0.00811079982668 0.0077042998746
v -0.000311300012982 0.0378514006734 -0.000947199994698
v -0.009805300273 -0.0299511998892 0.00201350008138
v -0.00225939997472 -0.0494350008667 -0.00992160011083
v -0.00606699986383 -0.0250195004046 -0.0116063002497
v -0.0134543003514 0.0356402993202 -0.00235920003615
v 0.00904669985175 -0.0197222009301 0.00629669986665
v -0.00372959999368 -0.00351070007309 0.00910430029035
v -0.00917030032724 -0.0233660005033 0.00518089998513
v -0.0172042995691 0.0168852005154 0.00394320022315
v 0.000422200013418 0.0332449004054 0.00486559979618
v 0.0146778998896 0.0286161992699 0.00338119990192
v -0.0167886000127 0.0181194003671 0.00395660009235
v 0.00485809985548 -0.0144181996584 -0.01155260019
v 0.0079370001331 -0.0494262985885 -0.0115309003741
v 0.00626640021801 0.0256274007261 -0.00301299989223
v -0.00956160016358 -0.0260974001139 -0.0089929997921
v -0.0139830000699 -0.0178744997829 0.00562659977004
v 0.0093419002369 0.0375122986734 0.00907079968601
v -0.00708839995787 -0.0491283982992 -0.0119067002088
v 0.0167245008051 -0.0115711996332 0.000736200017855
v -0.00685349991545 -0.024924300611 0.00530350022018
v -0.0039488999173 0.0122929997742 -0.000209499994526
v -0.00871040020138 -0.0281937997788 0.00342589989305
v -0.0161565002054 0.0192287992686 0.00395110016689
v -0.00837799999863 -0.0494336001575 -0.00865210033953
v 0.0127884997055 0.0146145997569 0.00651449989527
v 0.0135490000248 -0.0490943007171 0.00175840000156
v 0.0186225995421 -0.00123199995141 0.00171049998607
v -0.0140065997839 0.010256299749 0.0024671999272
v 0.0144691001624 0.0203550998122 0.00341830006801
v -0.0126256998628 0.0223296005279 -0.00373309990391
v -0.00671629980206 -0.0304205995053 0.0040942998603
v 0.00146950001363 -0.0432545989752 0.00694190012291
v 0.00998110044748 -0.0178977996111 0.00649490021169
v 0.0186940003186 0.0303930994123 0.0183297004551
v 0.00234059989452 -0.0482589006424 -0.0151350004598
v -0.00148269999772 0.0426151007414 0.0162355005741
v 0.0158459991217 0.000368400011212 -0.00457410002127
v 0.0104778995737 -0.0120138004422 -0.00865290034562
v -0.0150862997398 0.00720049999654 -4.76999994135e-05
v 0.00655059982091 0.0130142001435 -0.00828490033746
v -0.0198941994458 -0.0025698998943 0.00727859977633
v 0.019109800458 0.00421629985794 0.00304089998826
v 0.0131446002051 0.0185774005949 0.000298800005112
v -0.00972780026495 -0.0294269006699 -0.00943310000002
v -0.0146965002641 -0.0187536999583 0.00161849998403
v 0.00908809993416 -0.0494350008667 -0.0059953997843
v -0.0105825001374 -0.0371152982116 -1.42999997479e-05
v 0.014308899641 -0.0183665007353 -0.000620800012257
v 0.0155132003129 0.00925999972969 0.0072260000743
v -0.00744850002229 -0.0164519995451 -0.00992109999061
v 0.00840140040964 0.0202795006335 0.00487709976733
v -0.00576859991997 0.0314938984811 -0.00828529987484
v -0.0134035004303 0.0128921996802 0.0120831998065
v -0.00123980001081 0.000865000009071 0.00319020007737
v -0.0169812999666 -0.010961400345 -0.00222979998216
v 0.0199724007398 0.0275742001832 0.0172495990992
v 0.00337879988365 0.0421679988503 0.0105117000639
v 0.00309340003878 0.0419261008501 0.0117325000465
v -0.00840060040355 -0.0217726994306 -0.00943190045655
v -0.00290270010009 0.0290488004684 -0.00319380010478
v -0.0157737005502 0.00318889995106 -0.00773160019889
v 0.00988429971039 -0.0494350008667 -0.00670790020376
v -0.00666949991137 0.0402230992913 -0.00229669990949
v 0.0182096995413 0.00374420010485 -0.0019988999702
v -0.0135926995426 0.0326246991754 -0.00451690005139
v -0.00954900030047 -0.0400867015123 -0.0102744000033
v 0.0196337997913 0.0210187006742 0.00382110010833
v -0.00163029995747 0.0334765017033 0.00358849996701
v 0.0156498998404 -0.014455200173 -0.000870499992743
v 0.0113124996424 -0.0251745004207 -0.00877759978175
v -0.0105445003137 -0.0230020992458 -0.00735609978437
v 0.00787459965795 0.0175784006715 -0.00569520005956
v -0.0138421002775 0.010190400295 -0.00212919991463
v 0.0124564003199 -0.0362049005926 0.000916799996048
v 0.00214760005474 0.0440175011754 0.0121053997427
v -0.0118396002799 -0.0456161014736 -0.00384199991822
v 0.00274939998053 0.0428543016315 0.0125412996858
v 0.00600910000503 -0.0180604998022 -0.0109625998884
v -0.0100801996887 -0.043606299907 -0.00972940027714
v -0.00477989995852 0.00644830008969 0.0029420000501
v 0.00801749993116 -0.0494350008667 -0.00216039991938
v -0.00823879987001 -0.0404547005892 0.00263140001334
v 0.00263089989312 -0.0427036993206 0.006973200012
v -0.017294999212 -0.00539960013703 -0.00352480006404
v -0.00927930045873 -0.0371051989496 -0.0104905003682
v 0.00733490008861 0.0373331010342 0.0107634002343
v 0.0119083998725 0.035300899297 0.0157095007598
v 0.01458489988 0.0209592003375 0.00870180036873
v 0.00104270002339 0.0381909012794 -0.00129000004381
v -0.0131424004212 0.0014838000061 -0.0105831995606
v -0.00423960015178 0.00145970005542 0.00699659995735
v 0.0145277995616 -0.0483234003186 -0.00757799996063
v -0.0107604004443 -0.0396381989121 -0.00855869986117
v 0.0116673000157 -0.0276107005775 -0.00920419953763
v 0.00781819969416 -0.0494350008667 -0.00741210021079
v 0.00213430006988 -0.0145501997322 -0.0125960996374
v -0.00895419996232 -0.0203440003097 0.00703560002148
v -0.00999580044299 -0.0407093986869 0.000772500003222
v -0.0106528997421 -0.0192521996796 -0.00725879985839
v 0.00573060009629 0.0348820984364 -0.00174269999843
v -0.0161243993789 -0.013193000108 0.00688169989735
v -0.00543229980394 0.0364971011877 -0.00145089998841
v -0.0196295008063 0.0187384001911 0.00794779974967
v -0.019092399627 0.00762180006132 0.0102409999818
v 0.00874890014529 -0.0172880999744 -0.00956009980291
v -0.00695180008188 -0.0478865988553 0.00456639984623
v 0.00181199994404 -0.0492649003863 0.00692069996148
v -0.0112541997805 -0.00630419980735 -0.00930539984256
v -0.00773169985041 -0.00183219998144 -0.0126334996894
v -0.00588939990848 -0.0228876005858 -0.0112950000912
v 0.00223569991067 -0.0414053983986 0.00675480021164
v 0.0040222001262 0.0377231985331 -0.000666900014039
v 0.0129650002345 0.0340409018099 0.00596860004589
v 0.0113479997963 -0.029071399942 0.00169449998066
v -0.0066194999963 -0.0432048998773 -0.0128514003009
v -0.00517380004749 0.0120355999097 -0.000449100014521
v -0.0067174998112 -0.00581850018352 0.0117410002276
v 0.00734989997 -0.0098588000983 -0.00990870036185
v 0.00699040014297 -0.024885000661 -0.0113757997751
v -0.0172386001796 -0.00734930019826 -0.00294529995881
v 0.0104849003255 -0.0293227992952 0.00269940006547
v -0.00801909994334 0.0427561998367 -0.000922699982766
v 0.0127339996397 0.0356124006212 0.00807600002736
v -0.00692990003154 -0.0106453998014 -0.0107054002583
v -0.0172431003302 -0.0095491996035 0.00750569999218
v 0.0131748002023 0.0359430983663 0.0115873999894
v 0.00226349988952 -0.0306378994137 0.00546190002933
v 0.0138600002974 0.0296126008034 0.00821129977703
v -0.00181199994404 0.0211704000831 -0.00890349969268
v 0.0205111000687 0.0166439004242 0.00386109994724
v -0.0135811995715 -0.0152796003968 -0.00482260016724
v -0.00588710000739 -0.0491136014462 0.00440909992903
v -0.00892840046436 0.0360799990594 -0.00681980000809
v 0.00896499957889 0.0206419993192 -0.00491830008104
v -0.00978530012071 -0.0462362989783 0.00171149999369
v 0.00407289993018 0.0373059995472 0.0075908000581
v -0.00323250005022 0.023187700659 -0.00280670006759
v -0.0207359008491 0.00326870009303 0.00776680000126
v -0.00931650027633 -0.047252099961 0.00233649997972
v -0.00518490001559 -0.0489185005426 0.00543810008094
v -0.0203191991895 0.00375170004554 0.00324129988439
v -0.0166248008609 -0.00564270000905 -0.00466080009937
v 0.00349940010346 0.030440999195 -0.00706489989534
v 0.00907639972866 0.0276193004102 0.00817240029573
v -0.0129675995559 0.0377507992089 0.000450199993793
v -0.00789660029113 0.00409149983898 -0.0140885999426
v -0.00612890021876 -0.048412900418 0.00504200020805
v -0.00612520007417 -0.0438156984746 0.00452439999208
v -0.00790110044181 0.00495149986818 0.0100640999153
v 0.00955099985003 0.00565400021151 0.00507069984451
v -0.0103495996445 -0.0361213982105 0.000417000002926
v -0.012004699558 0.0164487995207 -0.00310679990798
v 0.0052129002288 -0.0118239996955 0.00779539998621
v 0.0112242996693 -0.0128873996437 -0.00811180006713
v 0.00998799968511 -0.00189459999092 -0.00874510034919
v -0.0138354003429 0.0107164001092 0.011997600086
v -0.0182608999312 0.026191400364 0.00899459980428
v 0.00353799993172 0.0100387996063 0.00178169994615
v 0.00580140016973 -0.0189263001084 0.0070369001478
v -0.0105427997187 0.0459110997617 0.00284969992936
v 0.00737129990011 0.0120751000941 -0.00817889999598
v -0.0137938996777 0.0138354003429 -0.00458109984174
v 0.00590660003945 0.0367824994028 0.0133766997606
v -0.0027848999016 0.000411899993196 -0.0145359002054
v -0.01667409949 -0.0122218998149 -0.00222830008715
v 0.00393230002373 0.00283450004645 0.00238390010782
v -0.00717390002683 0.0169174000621 -0.000866600021254
v 0.0079148998484 -0.0154432002455 0.00758970016614
v -0.0042165000923 0.00412419997156 -0.0150295002386
v 0.011249399744 -0.0353333987296 0.00245209992863
v -0.0107717998326 0.0442285984755 0.00750930001959
v 0.00636259978637 -0.00676950020716 -0.01043090038
v 0.0137465000153 -0.038419701159 -0.000604600005317
v -0.0180663000792 0.00030469999183 -0.0017138000112
v -0.0147089995444 -0.0171942003071 -0.00233549997211
v -0.0102711003274 0.0464171990752 0.00785920023918
v -0.00672530010343 0.00770189985633 -0.0150637999177
v -0.00914879981428 -0.0407513007522 0.00176869996358
v 0.0192868001759 0.0220723003149 0.00435600010678
v -0.0104037001729 0.0443741008639 0.000705000013113
v 0.0058900997974 -0.00333549990319 0.00565249985084
v 0.0045146998018 -0.00632760021836 0.00625880016014
v -0.00817759986967 0.0135471997783 -0.00108580000233
v 0.0153059996665 0.0238256007433 0.0108155999333
v -0.014977700077 0.0111546004191 0.0123268999159
v 0.0127614997327 -0.0250260997564 -0.00669660000131
v -0.0100633995607 -0.0470970012248 -0.00983589980751
v 0.01300359983 -0.0242292992771 -0.00585479987785
v -0.0170239005238 0.00426190020517 0.0117081999779
v -0.00760499993339 0.0209398996085 -0.00223010010086
v -0.0203840993345 0.000783100025728 0.00831410009414
v -0.00452079996467 -0.0391121990979 0.00491230003536
v 0.0130919003859 -0.0336789004505 -0.00150090001989
v -0.00368990004063 -0.0494350008667 0.00259399996139
v -0.0138154001907 0.02221589908 -0.00569339981303
v 0.000665100000333 -0.0494350008667 -0.00161100004334
v 0.0109852999449 -0.0363988988101 0.00308929989114
v 0.00605960004032 0.0260454993695 0.00269829994068
v 0.0071836002171 0.0128670996055 0.00402709981427
v 0.0136388000101 -0.0336613990366 -0.00579540012404
v 0.0110775996 -0.0441303998232 -0.0121652996168
v 0.0210123006254 0.0255120005459 0.0132608003914
v 0.0171108990908 0.0199057999998 0.0111587997526
v 0.00832260027528 0.0245127007365 0.00636379979551
v -0.00681710010394 0.0147433998063 -0.000674500013702
v 0.000317600002745 0.0191593002528 0.00052980001783
v -0.00473369983956 -0.0209816992283 0.00668150000274
v 0.0122975995764 -0.0234264992177 0.00201829988509
v -0.013897200115 0.025160100311 -0.00680099986494
v 0.0103647997603 0.0177155006677 -0.00549810007215
v -0.00736419996247 0.0027803000994 -0.0140273002908
v -0.00187909998931 0.00229720002972 -0.0145555995405
v -0.00981140043586 0.033281698823 -0.00879469979554
v 0.0134209003299 -0.0326159000397 -0.00350819993764
v 0.0105248996988 -0.0467435009778 -0.012630100362
v 0.00684359995648 0.00455280020833 -0.00942980032414
v -0.0182550996542 0.0181187000126 0.0120807001367
v 0.000795800006017 -0.0176787003875 0.00682079978287
v 0.00945379957557 -0.0446177013218 -0.0132101001218
v -0.00180750002619 -0.00286270002834 0.00608700001612
v -0.0066625000909 -0.0451477989554 -0.0128773003817
v -0.0132788000628 0.0382931008935 -0.000661499972921
v -0.0171122997999 -0.0141271995381 0.00133050000295
v 0.00531540019438 0.0369128994644 0.000876599980984
v -0.0125567996874 -0.02613450028 -0.00228030001745
v -0.0167804993689 0.00544269988313 0.0118231996894
v 0.00271579995751 -0.0494350008667 -0.00290259998292
v -0.0169731993228 -0.0136530995369 -0.00034460000461
v -0.0161364004016 0.00592650007457 -0.000625599990599
v -0.0166257005185 -0.0152101004496 0.00131960003637
v -0.0169900991023 0.00979369971901 0.0027640000917
v -0.000598800019361 0.0154425995424 -3.51999988197e-05
v -0.00231790007092 -0.00723200011998 -0.013216599822
v 0.00696300016716 0.0284145995975 0.00192589999642
v 0.00992759969085 -0.0442364998162 0.00588710000739
v -0.00261100009084 -0.00906910002232 0.00856240000576
v 0.00289999996312 -0.0494350008667 -0.000354099989636
v -0.00210950011387 -0.00359140010551 0.00689479988068
v -0.00140790001024 -0.00407689996064 0.00607329979539
v 0.00212659989484 -0.0214034002274 -0.0126157999039
v -0.00396959995851 0.00209710001945 0.00583750009537
v 0.0128380004317 -0.0240607000887 0.00041219999548
v 0.00738780014217 -0.006888799835 -0.00981280021369
v 0.00630139978603 0.0302063003182 -0.00133210001513
v -0.00486990017816 -0.0383912995458 -0.0135653000325
v 0.00547399977222 0.00366519996896 0.00318189989775
v -0.00930150039494 0.0227707996964 -0.00208600005135
v 0.0130658000708 0.0327306985855 0.00428549991921
v -0.0107378996909 0.021329600364 -0.0030046000611
v 0.0120190000162 -0.0288040004671 -0.0091455001384
v 0.0207131002098 0.0206786002964 0.00966390036047
v 0.00959580019116 -0.0428973995149 0.00578889995813
v -0.01128050033 0.033553801477 0.000314000004437
v 0.0181834008545 0.00919129978865 0.00575010012835
v -0.0193044003099 0.0198973994702 0.00823710020632
v 0.0136241000146 -0.0207314006984 -0.00263500004075
v -0.0167957991362 0.0206224992871 0.0132346004248
v 0.000614000018686 0.0341054983437 -0.00524359988049
v 1.84000000445e-05 0.0331601984799 -0.00556359998882
v 0.00147460005246 -0.00891730003059 -0.0128736998886
v 0.0129439001903 -0.031464099884 -0.00157710001804
v 0.00202569994144 0.0264493003488 0.00191670004278
v 0.0146356998011 0.0214482005686 0.00621780008078
v 0.00208760006353 -0.00252200011164 0.00375499995425
v -0.0066313999705 0.00713390018791 0.00565980002284
v -0.0135757997632 -0.0127921001986 0.00977849960327
v 0.000113100002636 0.0240567997098 -0.00937320012599
v 0.00646009994671 0.0408752001822 0.0167779996991
v -0.000933000002988 -0.0195041000843 0.00646869977936
v 0.0144677003846 -0.0146410996094 0.00446109985933
v 0.00535889994353 0.0267778001726 0.000325000000885
v 0.00272300001234 0.0334217995405 0.00546539993957
v -0.00604290002957 -0.0271211992949 -0.0120173003525
v -0.00456809997559 0.000865000009071 0.00817380007356
v -0.00412470009178 -0.0140541996807 0.00919719971716
v -0.00170110003091 -0.00594579987228 0.00705899996683
v -0.0103650996462 0.0105954995379 0.00098600005731
v -0.0123589001596 0.0187887009233 0.0124118002132
v -0.0143123995513 -0.0155518995598 -0.00393430003896
v 0.00735419988632 0.0012309999438 0.00472139986232
v 0.0103104002774 0.03745130077 0.0194086991251
v -0.013307900168 0.021791299805 0.00505980011076
v -0.000156099995365 0.0300728995353 -0.00701460009441
v 0.0131732998416 0.0271696001291 -0.00108139996883
v -0.00915899965912 0.00448099989444 -0.0135163003579
v 0.0048941001296 -0.00348760001361 -0.0117622995749
v -0.00695380009711 0.0167526006699 -0.0129260998219
v -0.00647060014307 0.0308589991182 -0.00917540024966
v 0.0147270001471 -0.0431047007442 -2.39000000875e-05
v -0.0014424000401 0.00758210010827 -0.000189800004591
v 0.00515750003979 -0.000164099998074 -0.0113800996915
v 0.00951649993658 0.00313040008768 -0.00865169987082
v 0.0137737002224 -0.0429655015469 -0.00931550003588
v -0.000907799985725 0.0368080995977 -0.00145720003638
v 0.0043115997687 -0.0478491000831 -0.0150528997183
v -0.0102757997811 0.00412190007046 -0.0128370001912
v -0.00655440008268 0.00501690013334 0.00836529955268
v 0.00651630014181 -0.0124446004629 0.00801649969071
v -0.00943159963936 0.00273649999872 0.0123939001933
v 0.0154395997524 -0.0440655015409 -0.00552209978923
v 0.00491510005668 -0.0346936993301 -0.0135656995699
v -0.0124887004495 -0.0274085998535 -0.00259929988533
v -0.0153689999133 -0.00999299995601 0.00963889993727
v -0.000356300006388 -0.0235271994025 0.00572329992428
v -0.00990180019289 0.00622970005497 0.00952100008726
v -0.00722149992362 -0.0260258000344 0.00485489983112
v -0.0139851998538 0.00231079990044 -0.0100483996794
v -0.0018772999756 -0.0262592006475 -0.0134253995493
v -0.00127180002164 -0.0274248998612 -0.0135949002579
v -0.0118303997442 -0.0442603006959 -0.00407089991495
v 0.0117450002581 -0.023054599762 -0.00768940011039
v 0.000394600006985 0.0288041997701 0.00197100010701
v -0.00151800003368 -0.0400716997683 -0.0146118002012
v -0.00384050002322 -0.0069865998812 0.00978679955006
v 0.0100378002971 -0.028150100261 -0.0107656000182
v 0.00820679962635 -0.0488936007023 -0.0134538998827
v 0.01353880018 -0.00661240005866 -0.00655939988792
v 0.00290849991143 -0.0446940995753 -0.0151912998408
v 0.0112062003464 -0.00825349986553 -0.00826479960233
v 0.0105419997126 0.0306954998523 0.0118912998587
v 0.00709970016032 -0.0130302999169 -0.0101810004562
v -0.0119064003229 0.00109759997576 0.0132552003488
v -0.0152511997148 0.00640749977902 -0.00854340009391
v 0.0131668997929 -0.0291671995074 -0.00265730009414
v -0.015328399837 -0.0131679000333 0.00796260032803
v 0.0140268001705 -0.0406130999327 0.000202800001716
v 0.00224360008724 0.0243564993143 -0.00955499988049
v -0.0106456000358 -0.0150806000456 -0.00758109986782
v 0.00911059975624 -0.0226019006222 -0.00989190023392
v 0.0133023001254 0.0314007997513 0.00288940011524
v -0.00332359992899 0.0108789997175 -0.0143542997539
v -0.00434400001541 -0.0494350008667 -0.01112930011
v 0.00314699998125 -0.0494350008667 -0.0125682000071
v -0.0152500998229 -0.00714740017429 -0.00589529983699
v -0.000206400000025 -0.049430899322 -0.012751000002
v -0.010940999724 -0.0161700006574 -0.00721370009705
v -0.00116510002408 -0.0332231000066 -0.014148700051
v -0.0133004998788 0.0404217988253 0.000973500020336
v -0.0121119003743 -0.00171410001349 0.0131815001369
v -0.0138830002397 0.021068399772 -0.00610559992492
v -0.00178609997965 -0.0349166989326 0.00553009985015
v -0.0157492998987 -0.00769119989127 0.0102225998417
v 0.000189099999261 -0.0404984988272 -0.0148243000731
v -0.000765500008129 -0.0350019000471 0.00568930013105
v -0.00120719999541 -0.0361045002937 0.00570520013571
v 0.000921999977436 0.00684890011325 0.000390800007153
v 0.0152398003265 -0.0422885008156 -0.00372230005451
v 0.0150664001703 -0.00392509996891 -0.00528240017593
v -0.0135607002303 -0.00703389989212 -0.00743169989437
v -0.0129340002313 0.0171913001686 0.00478120008484
v 0.0128926998004 -0.0178225003183 -0.00553089985624
v -0.000388599990401 0.0462687015533 0.0154465995729
v -0.00749750016257 -0.0177717003971 0.00877830013633
v -0.00437049986795 0.00952310021967 -0.000374199997168
v 0.0163441002369 -0.0126291001216 -5.03000010212e-05
v 0.0063764997758 0.00137069995981 -0.0104216001928
v 0.00541510013863 0.0105411997065 -0.0102716004476
v 0.0079052997753 0.0265603996813 -0.00134600000456
v -0.0070941997692 0.0132438996807 -0.014288100414
v 0.0132753001526 0.0158553998917 0.00669369986281
v 0.0145747000352 -0.0100971003994 0.00651030009612
v -0.0109670003876 0.0146396001801 -0.0129201998934
v 0.0115000000224 -0.0377659015357 -0.0111918002367
v 0.00285569997504 -0.0259256996214 -0.0126563003287
v -0.00185140001122 -0.04815049842 0.00694159977138
v -0.0166624002159 0.000257400010014 -0.00566359981894
v 0.0136120002717 0.0208359006792 -0.00128580001183
v -0.00203490001149 0.0056489999406 0.00106699997559
v -0.00250900001265 0.0245862994343 -0.00153929996304
v -0.00741689978167 0.00617309985682 0.00824560038745
v 0.01908659935 0.00290410011075 0.00119730003644
v -0.0162151996046 0.000934000010602 -0.00660269986838
v 0.00668680015951 0.035298101604 0.0165739003569
v 0.00118440005463 -0.00891990028322 0.00585610000417
v -0.00837130006403 0.00194250000641 -0.0134214004502
v 0.0137333003804 -0.0176580008119 0.00330110010691
v -0.00151099998038 0.0369261987507 0.00737969996408
v 0.0109280003235 -0.0138461999595 -0.0081935999915
v 0.0104277003556 0.0138341998681 0.00608999980614
v 0.000416499999119 0.0456122010946 0.0128220999613
v 0.0134931998327 -0.0323213003576 -0.00575770018622
v -0.0162661001086 0.0041408999823 -0.00630090013146
v -0.0128381000832 0.0171268992126 -0.00389709998854
v -0.00580559996888 -0.0142216999084 -0.0108426995575
v -0.0144608002156 0.00786270014942 -0.000689200009219
v 0.00252209999599 0.0326180011034 0.00459499983117
v -0.00940870027989 -0.0288041997701 0.00270770001225
v 0.00915949977934 -0.046495500952 0.00648199999705
v -0.015171200037 0.0286040008068 0.0108310002834
v 0.00561039987952 0.0144733004272 -0.00829300004989
v 0.0133721996099 -0.0112354997545 -0.00636530015618
v 0.0128025002778 -0.0494199991226 -0.00718190008774
v 0.00599560001865 0.0341149009764 0.000764099997468
v 0.0132138002664 0.0248530004174 0.00589040014893
v -0.0121301999316 0.0148978997022 0.010922299698
v -0.00271999998949 -0.0186379998922 -0.0119433999062
v 0.0110740000382 0.011268899776 -0.00657839979976
v -0.0160742998123 0.00685419980437 0.000376499985578
v 0.00773620000109 0.0417998991907 0.0189286991954
v -0.00201530009508 0.0322225987911 -0.00302519998513
v 0.00440060021356 0.0172230992466 0.00302530010231
v -0.00611159997061 -0.0133223999292 -0.0107813002542
v -0.0130644999444 0.0425797998905 0.00103599997237
v -0.0118458000943 -0.0449962988496 -0.0049927001819
v -0.00354139995761 -0.0494350008667 -0.0075559001416
v 0.0197590999305 0.014899100177 0.00632990011945
v -0.00970690045506 -0.0326209999621 -0.00982439983636
v 0.014136900194 -0.0128592997789 -0.00517430016771
v -0.00702549982816 0.0421622991562 -0.000787400000263
v -0.00253900000826 0.0306525994092 -0.000942800019402
v -0.0165649000555 0.00878230016679 0.0119703002274
v -0.0183019004762 0.00510339997709 0.0109930997714
v 0.0139285000041 0.0303390007466 0.00256259995513
v 0.0137253003195 0.0320775993168 0.00995429977775
v -0.00562469987199 0.036066301167 -4.81999995827e-05
v -0.00679800007492 -0.041461199522 0.00381870009005
v -0.000983700039797 0.0142543995753 -7.37000009394e-05
v 0.00254260003567 -0.00626640021801 0.00532410014421
v -0.0069761001505 0.0359468013048 -0.00626089982688
v -0.0099532995373 -0.0343489982188 0.00111149996519
v -0.0101421996951 0.011747200042 -0.00129839999136
v -0.0105972001329 -0.0384722985327 -0.00884739961475
v -0.00887649971992 0.0381143987179 0.00335719995201
v -0.00585319986567 0.0193095002323 -0.0113613996655
v 0.0114203998819 0.00654039997607 0.00621919985861
v 0.0125842001289 0.0331561006606 0.0131481997669
v 0.0133761996403 0.0347621999681 0.0117776002735
v 0.0115344002843 0.0211217999458 0.0054020001553
v -0.00803720019758 0.00417210021988 0.0107977995649
v -0.0202565994114 -0.00143589999061 0.00729310000315
v 0.000637200020719 0.0442968010902 0.00761809991673
v -0.0172876995057 0.0155894998461 0.0038465000689
v 0.00348090007901 0.0386025011539 0.00928370002657
v 0.0143239004537 0.0283121000975 0.00590630015358
v -0.0158791001886 0.0152773996815 0.0130500998348
v -0.0118402000517 0.0177247002721 0.00684610009193
v 0.000699599971995 0.0248201992363 0.0010406000074
v 0.0070361001417 0.00748000014573 -0.00916889961809
v 0.00413399981335 -0.00135180004872 0.00390949985012
v 0.00436310004443 0.0105841998011 0.00236340006813
v -0.00209939992055 0.0264407005161 -6.61000012769e-05
v -0.00530089996755 0.00146689999383 0.0090752998367
v -0.00659839995205 -0.0101204002276 0.0113204000518
v -0.00456870021299 -0.0283707994968 -0.0129824001342
v 0.0118629997596 -0.0494318008423 0.000312899996061
v 0.013084099628 -0.0494320988655 -0.00394910015166
v -0.0101362997666 -0.0270945001394 -0.00857350043952
v 0.012756800279 0.0120810996741 -0.00456239981577
v 0.00805659964681 0.0310894995928 0.00248669995926
v -0.00262450007722 0.0217987000942 -0.00752020021901
v 8.03000002634e-05 0.0409527011216 0.0151827996597
v 0.01381389983 -0.0454344004393 0.00252370000817
v -0.0117247002199 -0.00726730003953 -0.00865299999714
v 0.00428240001202 0.00738039985299 -0.0112447999418
v 0.00253639998846 -0.0270901992917 -0.0128672998399
v -0.00409010006115 0.0435867011547 0.0136642996222
v -0.0160667002201 0.0252711996436 0.00568149983883
v -0.0018072000239 0.0285082999617 -0.00545330019668
v 0.012216700241 -0.011238399893 0.00747910002246
v -0.00663499999791 -0.0494345016778 -0.00992089975625
v 0.0131139997393 0.035461999476 0.0127867003903
v -0.0158821009099 -0.0064297998324 0.010568600148
v 0.00380870001391 -0.00730219995603 0.00625440012664
v 0.00185060000513 -0.0256594996899 0.00547999981791
v -0.0161578003317 -0.0161269996315 0.00137189996894
v -0.000769799982663 0.0199046991765 0.000151000000187
v -0.0139437997714 0.0208260994405 -0.00729699991643
v 0.00660220021382 0.0368913002312 0.0115563003346
v 0.00706310011446 0.00644880020991 -0.00920149963349
v -0.0157606992871 -0.0161552000791 0.00448070000857
v 0.00796999968588 0.0355642996728 0.0186704993248
v 0.000434399989899 -0.0279939994216 0.00545619986951
v 0.0131537998095 0.0182463992387 -0.000888700014912
v -0.0171332992613 0.00299039995298 -0.00300209992565
v -0.0104336999357 -0.0414861999452 -0.00915480032563
v -0.000874900026247 0.00517999986187 0.00076959998114
v 0.00876589957625 -0.00560460006818 0.00781199987978
v 0.0140380002558 0.0308405999094 0.00373039999977
v 0.0143045000732 -0.0439705997705 -0.00861150026321
v -0.00178199994843 0.0241023004055 -0.000928000023123
v -0.00243579992093 -0.017707599327 0.00735760014504
v -0.0174580998719 -0.00128550000954 0.0108286999166
v -0.0130853001028 -0.00593400001526 0.0123402001336
v -0.00161499995738 -0.0447742007673 0.00658599985763
v -0.00545720010996 -0.00676270015538 -0.0123346997425
v -0.00943030044436 -0.0451685003936 0.00195709988475
v -0.00252009998076 0.0311939995736 -0.00192339997739
v 0.0110393995419 -0.0409714989364 -0.0118479002267
v -0.00429010018706 0.0272509995848 -0.00548390019685
v -0.0127753000706 0.0277072004974 -0.00903659965843
v 0.00452909991145 0.0176585000008 -0.00896629970521
v -0.00980830006301 -0.045776899904 -0.0101420003921
v -0.0109703000635 -0.0376458987594 -0.00814909953624
v -0.00104979996104 0.00293709989637 -0.0141601003706
v -0.00381579995155 -0.00952029973269 0.00976509973407
v 0.019380800426 0.0269037000835 0.00955490022898
v -0.00566159980372 -0.005610300228 -0.0125612998381
v -0.0173022001982 -0.00261089997366 -0.00417590001598
v -0.00235430011526 0.0353289991617 0.00011380000069
v 0.00680369976908 0.0160306002945 -0.0065127001144
v -0.0120521001518 0.0393127985299 0.00291280006059
v -0.000452500011306 0.0362295992672 -0.00255950004794
v 0.00269560003653 -0.037942301482 -0.0144415004179
v 0.0105502996594 -0.0107928998768 0.0080051003024
v 0.00588499987498 -0.043390199542 -0.0144851002842
v 0.0124503001571 -0.0281207002699 -0.00824110023677
v 0.00735099986196 0.000523500028066 -0.0101388003677
v -0.0170823000371 -0.00418249983341 0.0102182999253
v -0.0159166008234 -0.0105172004551 -0.00401879986748
v -0.00127719994634 0.0281322002411 -0.00660699978471
v 0.00577249983326 0.0337246991694 0.00193589995615
v -0.00479080015793 -0.0494345016778 0.00291849998757
v 0.00111579999793 -0.0494350008667 0.00337569997646
v 0.00479459995404 0.016695799306 -0.00866889953613
v -0.00128840003163 0.0113084996119 -3.08000016958e-05
v 0.0153122004122 0.0267526004463 0.0149416001514
v 0.00607430003583 -0.00229150010273 0.00521790003404
v -0.00630570016801 -0.0335225984454 0.00401889998466
v 0.000119999996969 -0.036359898746 -0.0144478995353
v 0.0143718002364 0.0273445993662 0.00515099987388
v 0.0120275001973 -0.0340972989798 0.000965300016105
v -0.0155186997727 -0.00891430024058 0.00996179971844
v -0.00616269977763 -0.040423899889 0.0041505000554
v -0.0145261995494 -0.0149101996794 0.00769959995523
v -0.00246610003524 -0.0423775017262 -0.0145244002342
v -0.00349949998781 -0.011965200305 0.00922019965947
v -0.01120790001 0.00392520008609 0.0123571995646
v 0.0137457996607 -0.00962200015783 0.00718689989299
v 0.00506439991295 0.0378318987787 0.00162440002896
v 0.0137158995494 0.0344536006451 0.00956900045276
v 0.00672460021451 -0.00329550006427 -0.0104123996571
v 0.0147273996845 0.00139530003071 0.00731249991804
v -0.00998220033944 0.000710399996024 0.0129920998588
v 0.0165643002838 0.0263374000788 0.0168900992721
v -0.00708490004763 -0.00713169993833 -0.0114307003096
v 0.00771570019424 -0.0215192995965 0.00596759980544
v -0.00686259986833 -0.0206947997212 0.00703509990126
v 0.00473980000243 0.0324234999716 0.00334280007519
v -0.0162362996489 -0.00848240032792 -0.00425000023097
v 0.0137742003426 -0.0348294004798 -0.00594059983268
v 0.0137310000136 -0.0343777015805 -0.00482279993594
v -0.00548769999295 0.00558489980176 0.00537490006536
v -0.0206808000803 0.00732570001855 0.0067047001794
v 0.01193660032 0.0240352004766 -0.00343860010616
v -1.22999999803e-05 -0.025209100917 -0.0132841998711
v -0.00728760007769 -0.0132339997217 -0.0101544000208
v -0.00817720033228 0.0294787995517 -0.0102832997218
v 0.0100592998788 -0.0190424006432 0.00611020019278
v -0.00565249985084 -0.0356310009956 0.00429549999535
v 0.0013538999483 0.0446661002934 0.0113409999758
v -0.00861889962107 0.0413914993405 -0.00245549995452
v -0.00466870004311 -0.0494350008667 -0.00159230001736
v -0.0162774007767 -0.00396300014108 0.0110013997182
v -0.0114104002714 0.0150504000485 0.00735099986196
v -0.0123731996864 0.0129009000957 -0.0122924000025
v -0.0103204995394 -0.0448549985886 -0.00941309984773
v -0.0107161002234 0.041917398572 0.00636629993096
v 0.0141094997525 0.0203671008348 0.00569339981303
v 0.0119356997311 0.0116731999442 -0.00573330000043
v -0.0160921998322 -0.00292479991913 -0.00619059987366
v 0.00819559954107 0.00859619956464 0.00453989999369
v 0.00425110012293 -0.0494350008667 -8.75999976415e-05
v 0.00161459995434 -0.0238445997238 -0.0128455003724
v 0.0105148004368 0.0394559018314 0.0150391003117
v -0.00197060010396 0.0261498000473 -0.00618699984625
v 0.0103254001588 -0.0220363996923 0.00477440003306
v 0.0188590008765 0.011482800357 -0.000201400005608
v -0.00561799993739 -0.00125940004364 0.0106135001406
v 0.0137638999149 0.00462319981307 0.00692440010607
v 0.00835390016437 0.000733399996534 -0.00951560027897
v 0.00826410017908 0.0286247991025 0.0084936004132
v -0.0123602999374 0.0159262996167 0.00509939994663
v -0.00165130000096 0.0194483008236 -5.80000014452e-05
v 0.00463959993795 0.00640690000728 -0.010702399537
v 0.00462119979784 0.0230474006385 0.00043720001122
v 0.00679120002314 -0.00198969990015 -0.0105464998633
v -0.00956919975579 0.0396335981786 -0.00403239997104
v -0.017447700724 -0.00659039989114 0.00880880001932
v -0.0156877990812 -0.00212389999069 0.0118551999331
v 0.00870389956981 -0.00205240002833 0.00656350003555
v 0.00751060014591 0.0252627003938 0.00594269996509
v -0.0102781001478 0.0377427004278 -0.00554809998721
v 0.00461289985105 0.039750199765 0.00419140001759
v -0.0120072001591 -0.0232596993446 0.00269869994372
v 0.00134760001674 -0.0364277996123 -0.0143886003643
v 0.0100902002305 -0.0255623999983 0.00370289990678
v 0.00906889978796 0.0230580996722 -0.00406190007925
v 0.0165275000036 0.0216946993023 0.0119086001068
v -0.00330920005217 0.028016699478 -0.00271570007317
v -0.00136160000693 0.0372596010566 -0.000337800011039
v 0.0165849998593 -0.00569189991802 -0.00306449993514
v -0.00876410026103 -0.00262119993567 0.0126328999177
v 0.0142992995679 -0.0182952005416 0.000502099981532
v -0.00494890008122 0.00138000003062 -0.0144750997424
v -0.00136190000921 0.0253855995834 0.000194399995962
v -0.00462449993938 -0.00612979987636 -0.0128482002765
v -0.00403399998322 0.0245292000473 -0.00577249983326
v 0.0141752995551 -0.00969600025564 -0.00557269994169
v -0.00038849998964 -0.00597989978269 0.00538829993457
v 0.0142743000761 -0.00412059994414 -0.00605520000681
v 0.00103399995714 -0.0151546997949 -0.0125598004088
v 0.0159868001938 -0.0102180000395 0.00493820011616
v 0.0121120000258 0.0343540012836 0.0148168001324
v -0.0133039997891 0.0432506985962 0.00339969992638
v -0.00543599994853 -0.0414204001427 0.00464810011908
v -0.0102330995724 0.0306134000421 -0.00132409995422
v -0.0172643996775 -0.00957180000842 -0.00212899991311
v 0.0100381998345 0.0138464001939 -0.00646049994975
v -0.0104454001412 -0.0382026992738 0.00011490000179
v 0.013801000081 -0.00315349991433 -0.00652799988165
v -0.0109269004315 -0.0481573008001 -0.00826289970428
v -0.011019599624 0.0278124008328 -0.00207079993561
v 0.00306080002338 0.0294199995697 -0.00764829991385
v -0.00816189963371 0.039638299495 0.00457229977474
v -0.00606720009819 -0.0494350008667 0.0011648000218
v -0.00591930001974 0.0348637998104 0.000104600003397
v -0.0160057991743 -0.0114804003388 0.00821390002966
v 0.00615649996325 0.0133220003918 0.00348709989339
v 0.0104871001095 -0.0312584005296 -0.0111982002854
v 0.00315269990824 -0.0494350008667 -0.0115334996954
v 0.0134875997901 0.00249089999124 -0.00580869987607
v 0.0136078000069 0.0233779996634 0.00389469997026
v -0.00755489990115 0.0409491993487 -0.00243259989657
v -0.00600849976763 0.0412523001432 0.000962099991739
v -0.00625539990142 0.0357098989189 0.000933400006033
v 0.000285799993435 0.0205231998116 0.000377999996999
v -0.000819900014903 -0.00921680033207 -0.012847200036
v 0.00585500011221 0.0251540001482 -0.006711400114
v 0.00583270005882 0.0262369997799 -0.00665079988539
v -0.00206029997207 -0.00143740000203 -0.0142580997199
v -0.00611370010301 -0.00472800014541 0.0114000998437
v 0.0100442999974 0.0190031006932 0.00454110000283
v -0.008804500103 0.0205432008952 -0.012031099759
v -0.000991399982013 -0.0119526004419 0.00723539991304
v 0.0158064998686 -0.00368550000712 -0.00452340021729
v -0.0158083997667 0.00666370010003 -0.00496899988502
v 0.000873900018632 0.0274276006967 0.00197999994271
v 0.00286979996599 -0.0212673991919 0.00607240013778
v 0.00850910041481 -0.0141340000555 -0.00962600018829
v 0.00404570018873 0.000637300021481 -0.0115561001003
v -0.00656409980729 0.0383009016514 -0.00384099991061
v -0.00512290000916 0.0093042999506 -0.0150488996878
v 0.0150730004534 0.0133549999446 -0.00187180005014
v -0.00157750002109 -0.0141324996948 0.00763309979811
v 0.0135602997616 0.0161292999983 0.000902200001292
v 0.00417210021988 0.00869289971888 -0.011645199731
v -0.0037038999144 -0.0362091995776 -0.0139130000025
v -0.0148385995999 0.0110334996134 0.00261939992197
v -0.00396879995242 -0.0293831992894 -0.0133467996493
v -0.0136022996157 -0.000819800014142 -0.00968889985234
v 0.0133325001225 -0.0291882995516 -0.00486510014161
v -0.0176573004574 -0.0123180001974 0.0040437001735
v -0.000697200011928 -0.0163921006024 -0.0123095996678
v 0.00173959997483 0.0342618003488 -0.00536550022662
v 0.00786649994552 -0.0266133006662 0.00459299981594
v -0.0151266995817 0.0083699002862 -0.00842859968543
v 0.0149288000539 -0.0117081999779 0.00556389987469
v 0.0142205003649 0.0171817000955 0.00119159999304
v 0.000421100005042 0.0451120994985 0.0159766003489
v 0.0140952998772 -0.0124757001176 0.00598090002313
v -0.00950220040977 0.0239550005645 -0.0113602997735
v 0.00103899999522 0.0412960015237 0.0149838998914
v -0.0146300997585 0.0129915997386 -0.00593349989504
v 0.00423429999501 0.0293845999986 -0.00715429987758
v 0.0062465001829 0.0358799993992 0.0175794009119
v -0.00598389981315 0.0391156002879 -0.00176699995063
v -0.0159860998392 0.0172533001751 0.00366030004807
v -0.0114034004509 0.0200666002929 -0.0114769004285
v 0.014298199676 -0.0379231981933 -0.00509200012311
v 0.00260940007865 -0.0365746989846 -0.0142674995586
v 0.0142745003104 0.0206042006612 0.00673099979758
v 0.0136684002355 0.0219831001014 -0.00164949998725
v -0.00575570017099 0.0224227998406 -0.00245489994995
v 0.00268890010193 0.0286998003721 0.00230169994757
v -0.00840970035642 0.0407335013151 0.00556730013341
v -0.00187649996951 0.027312900871 -0.00588769977912
v -0.00554420007393 0.0110651999712 -0.000529700017069
v -0.0137917995453 -0.00647879997268 0.0119374003261
v 0.0035381000489 0.04256080091 0.00791809987277
v -0.0046947998926 -0.042393501848 0.00511940009892
v -0.0155784999952 0.00649699987844 -0.00736739998683
v 0.0141519997269 -0.0378153994679 -0.00282640010118
v -0.0015432999935 -0.0297011993825 -0.0138103999197
v -0.00943300034851 0.0136054996401 -0.0139181995764
v 0.00594490021467 0.0259450990707 0.00153630005661
v 0.00953229982406 0.0258480999619 0.00716890022159
v -0.00223549990915 -0.0494350008667 -0.00874080043286
v -0.0034769999329 -0.0494350008667 -0.00200559990481
v 0.0137454997748 0.0227645002306 0.00291109993123
v 0.00843400042504 0.030012300238 0.000732899992727
v 0.0111148003489 0.0317558012903 0.00158419995569
v 0.0139674004167 0.0264228992164 -0.000536600011401
v 0.0102441003546 0.0201635994017 -0.00507309986278
v -0.0181010998785 -0.0107153998688 0.00159630004782
v 0.00202240003273 0.0136222001165 -0.0123859001324
v -0.00240939995274 -0.0338536016643 0.00537309981883
v -0.00214549992234 0.00416570017114 -0.0146963000298
v 0.000199500005692 0.0146593004465 -0.0122405001894
v 0.00961379986256 0.0147540997714 0.00573479989544
v 0.0138926999643 0.0313785001636 0.00899909995496
v 0.0157731994987 0.0174576994032 0.00862499978393
v 0.0153291001916 0.0222562998533 0.00567909982055
v -0.010676600039 -0.0426984988153 -0.000104400001874
v 0.000916099990718 -0.04126060009 0.00657660001889
v 0.013976899907 0.00236869999208 0.00713140005246
v 0.00672660022974 0.0286152996123 0.0057780998759
v -0.0183281004429 0.00245769997127 0.000101199999335
v 0.00146800000221 -0.0112559003755 0.00657449988648
v -0.015646500513 -0.0151471002027 -0.00228739995509
v -0.010795599781 0.00950719974935 0.00577499996871
v -0.0180142000318 0.0256283003837 0.00810160022229
v 0.00867720041424 0.0309542994946 0.00147480005398
v -0.0178092997521 1.39000003401e-05 -0.00266120000742
v 0.0052233999595 0.00100060005207 -0.0110053000972
v 0.00656280014664 0.0278708003461 0.00493959989399
v -0.0151345999911 -0.013556599617 -0.0037972999271
v 0.00504799978808 -0.0423628985882 -0.0145781999454
v 0.0150699000806 -0.0487680993974 -0.00495499977842
v -0.0132411997765 -0.00602489989251 -0.00803809985518
v 0.00720660015941 -0.038762498647 0.00595339993015
v 0.00278010009788 0.0433427989483 0.00735449977219
v 0.00189159996808 0.00340580008924 0.00138489995152
v 0.0126844001934 -0.0252302996814 0.000300599989714
v -0.00684660021216 -0.0428873002529 0.00393699994311
v 0.0139081003144 -0.0470275990665 -0.00922910030931
v 0.000455900008092 -0.000642099999823 0.00286479992792
v 0.00339840003289 -0.00853069964796 -0.0124460002407
v -0.00906470045447 0.0073668002151 0.00761009985581
v 0.0130473002791 -0.0213382001966 0.00143760000356
v 0.00320210005157 -0.0152511997148 -0.0124003998935
v -0.0128311002627 0.0353487990797 -0.000360500009265
v -0.00286190002225 -0.0494350008667 0.000156499998411
v 0.018805699423 0.0103877000511 0.00517260003835
v 0.0143977003172 -0.0418378002942 5.83000000915e-05
v 0.0144896004349 -0.0392477996647 -0.00287410011515
v -0.0147292995825 0.0121400998905 -0.00892870035022
v 0.0139084002003 -0.00536399986595 -0.00631330022588
v 0.00952200032771 0.0400716997683 0.0158047992736
v 0.00410480005667 -0.000338200014085 0.00346240005456
v 0.00380589999259 -0.0116753000766 -0.0121536003426
v 0.0108674997464 -0.027097299695 0.00258950004354
v -0.00402260012925 0.0194116998464 -0.000423399993451
v -0.00973880011588 -0.0169131997973 0.00912099983543
v 0.0190506000072 0.0182511005551 0.00968610029668
v -0.0120337996632 -0.0276356004179 -0.000440500007244
v -0.0130722001195 0.0435010008514 0.0047213002108
v 0.0183506999165 -0.00346380006522 0.00207730010152
v 0.0178135000169 0.00615729996935 0.00614740001038
v 0.0137139996514 -0.0204594992101 -0.00139520002995
v 0.00441379984841 -0.033349301666 0.00561460014433
v -0.0123589001596 0.0180936995894 0.00566110014915
v -0.00437110010535 0.00808100029826 -0.015108499676
v -0.00109769997653 0.0428863987327 0.00557560008019
v -0.00532509991899 0.0213054008782 -0.00183860003017
v -0.0135698998347 -0.0107348002493 -0.00610020011663
v -0.010649099946 -0.0216965992004 0.00541049987078
v -0.00708509981632 -0.0352440997958 -0.0122458999977
v 0.00449660001323 0.00526459980756 -0.0106498003006
v -0.0102607998997 -0.0256140008569 0.00328919989988
v -0.00740099977702 -0.0364739000797 -0.0120866000652
v -0.0114355003461 0.0188497006893 -0.011717800051
v -0.00113959994633 -0.0494350008667 -0.010643299669
v 0.00195679999888 0.0440438985825 0.00812400039285
v 0.0137806003913 -0.0163225997239 -0.00462559983134
v 0.0178792998195 -0.00397880002856 0.00406910013407
v -0.0128736998886 0.016560100019 0.0123730003834
v 0.0147064002231 0.0261189993471 0.00179140002001
v -0.0153107000515 -0.0040096999146 0.0117014003918
v 0.00999009981751 -0.00309040001594 -0.00871970038861
v -0.0161607991904 -0.00485139992088 -0.00559670012444
v -0.0143876001239 0.00681750010699 -0.0103259999305
v 0.0181259997189 -0.0043826000765 0.00293519999832
v -0.0122533002868 0.019053099677 -0.0110457995906
v 0.0120296003297 -0.015666000545 0.00615759985521
v -0.00993700046092 -0.0238281991333 0.00450030015782
v 0.0143553996459 -0.0135966995731 0.00522470008582
v 0.00591839989647 0.0329812988639 0.00127310003154
v 0.00116300000809 0.0452220998704 0.0136628001928
v 0.0162630993873 -0.00902600027621 0.00511460006237
v 0.00221580010839 -0.0283320993185 -0.0130874002352
v 0.00720980018377 -0.00920819956809 0.00797950010747
v -0.00320199993439 -0.0494350008667 0.00134499999695
v 0.0178766008466 0.00104140001349 -0.00235330010764
v -0.0102562000975 -0.0278926994652 0.00226090010256
v -0.00866600032896 -0.0102324998006 0.0118047995493
v -0.000164099998074 0.0348247997463 0.0063844001852
v 0.00605359999463 -0.0401820987463 -0.0140685001388
v -0.0110047003254 -0.0270629003644 0.00174870004412
v -0.0131448004395 0.0444783009589 0.00397050008178
v -0.0152679998428 -0.00104799994733 0.0122817996889
v 0.0101514998823 0.0398316010833 0.0186820998788
v 0.0100691001862 0.0392058007419 0.0198451001197
v -0.0120256999508 -0.0131382998079 -0.00668680015951
v -0.00413910020143 0.0101953996345 -0.0147307999432
v 0.0131964003667 -0.0222578998655 -0.00493729999289
v 0.00128980004229 0.0223615001887 -0.00994830019772
v 0.00985870044678 -0.0494350008667 -0.00143529998604
v 0.00477229990065 0.0386705994606 0.00238330010325
v -0.00435809977353 0.0285457000136 -0.00518799992278
v -0.00423979992047 0.027301300317 -0.00326730008237
v 0.0150073003024 0.0047073001042 0.00714700017124
v 0.0135078998283 -0.0155873997137 -0.00527090020478
v -0.00574279995635 0.0257153008133 -0.00995029974729
v 0.0146158998832 -0.04049000144 -0.00651759980246
v -0.00842530000955 0.0295579992235 -0.00121569994371
v 0.0133146001026 0.0085546001792 -0.00543820019811
v -0.0103452997282 -0.0319774001837 0.00101430003997
v 0.00172469997779 -0.0221254006028 0.00583329983056
v 0.00507720001042 -0.0494350008667 -0.00104889995418
v -0.00775060011074 -0.0481108017266 0.00383380008861
v 0.0112854996696 -0.0215441007167 0.00422149989754
v 0.0139979002997 -0.0492783002555 -0.00690140016377
v -0.00779640022665 -0.0143820000812 -0.00974669959396
v -0.0109775997698 -0.0282282996923 0.00127390003763
v 0.00922469981015 -0.0415880009532 0.00571169983596
v -0.0116513995454 -0.026144599542 0.00120639998931
v -0.0017851999728 0.0404375009239 0.003587000072
v 0.0135474996641 -0.000968399981502 -0.00651839980856
v -0.0170933995396 0.0245577003807 0.00603049993515
v 0.00328069995157 -0.0438883006573 0.00718839978799
v 0.00331060006283 -0.0417191013694 0.00686320010573
v 0.0187292993069 0.0296931993216 0.0138001004234
v 0.00048250000691 -0.00961050018668 0.00611309986562
v -0.0100848004222 -0.0337007008493 -0.00944670010358
v 0.00399209978059 -0.00790790002793 -0.0121590001509
v 0.0076946998015 -0.0259387008846 -0.0113222999498
v 0.00958599988371 -0.0352442003787 0.00414279988036
v -0.010147199966 0.0237760990858 -0.00207730010152
v -0.00200730003417 0.0396207012236 0.00311350007541
v 0.0164704006165 -0.00112789997365 0.00659949984401
v 0.00242540007457 -0.0282240007073 0.00535329990089
v 0.0154312998056 -0.0475873984396 -0.00551829999313
v -0.00244880001992 0.0275665000081 -0.00467649986967
v -0.0105187995359 -0.0293032992631 -0.00851260032505
v -0.0127125997096 -0.0235517993569 -0.0029690999072
v -0.00441349996254 -0.0106044998392 0.0101095996797
v -0.012513499707 -0.0264742001891 -0.00345820002258
v -0.00581680005416 -0.0112819001079 -0.011166700162
v -0.00517919985577 0.0221728999168 -0.00993259996176
v -0.00108800001908 0.0374841988087 0.0083686998114
v 0.0039467997849 0.0362532995641 0.00724689988419
v -0.00497619993985 0.00445959996432 0.00552920019254
v -0.0114521998912 -0.0455081984401 -0.00710250018165
v 0.00579679990187 0.0348699986935 0.0016009999672
v -0.0110120996833 0.00698189996183 0.00957399979234
v -0.010468499735 -0.0374255999923 -0.00900870002806
v 0.000217299995711 0.0205348990858 -0.0101372003555
v -0.00452290009707 0.00783750042319 0.00120519998018
v 0.00447800010443 0.0303815994412 0.00218449998647
v -0.0118939001113 0.0226718001068 0.00711009977385
v -0.00359870004468 0.0102685997263 -0.000393900001654
v -0.000466500001494 -0.0138760004193 0.00718799978495
v 0.00384639995173 0.0283658001572 -0.00774969998747
v 0.0110603999346 -0.0494350008667 -0.00168180000037
v 0.0200728997588 0.0235136002302 0.0137336002663
v 0.0154951997101 -0.0480554997921 -0.00271090003662
v -0.0106464000419 -0.0407847985625 -0.000220000001718
v 0.0140078002587 0.0280953999609 0.000377899996238
v -0.0117544000968 -0.0458213984966 -0.00588330021128
v -0.00464250007644 0.0156462006271 -0.000260100001469
v 0.0121780000627 0.00283779995516 -0.00710920011625
v -0.00223420001566 0.0352463014424 0.00473350007087
v -0.00358149991371 0.0152623998001 -0.0120345996693
v 0.0143665997311 0.0305157005787 0.006018999964
v -0.0142480004579 0.00749670015648 0.0120077002794
v -0.0018054000102 0.0215926002711 -0.000928700028453
v 0.00962060038 0.0295237991959 0.0105173997581
v 0.0139888003469 0.0325357988477 0.00886400043964
v -0.0051841000095 -0.0477009005845 0.00567030021921
v 0.0159748997539 0.0166758000851 -0.00020900000527
v 0.0100509002805 0.0357067994773 0.0183163993061
v 0.00109050003812 0.0347910001874 0.00679730018601
v -0.0176436007023 0.0205435007811 0.0123800002038
v -0.00775439990684 0.0206218007952 -0.0118433004245
v -0.00185829994734 0.0333288013935 -0.00264610000886
v 0.0116183999926 0.0199165008962 -0.00460320012644
v -0.00992770027369 -0.0373666994274 0.000870499992743
v -0.0119944000617 -0.0185444001108 -0.00580239994451
v 0.00614089984447 -0.0275273006409 0.0049454998225
v 0.0124933002517 0.00398850021884 -0.00675400020555
v 0.00311969988979 -0.0461119003594 -0.0152749996632
v 0.0193367991596 0.0117092002183 0.000727700011339
v -0.00206470000558 0.0416864007711 0.015430400148
v 0.00223589991219 -0.0393152981997 0.00647220015526
v 0.0140311997384 0.00763210002333 -0.00501709990203
v -0.0104850996286 -0.0462163984776 0.000697400013451
v 0.00952790025622 0.0398298017681 0.0145049002022
v -0.0130653996021 0.0115948999301 0.0116619002074
v -0.00212719989941 0.0311939008534 0.000230699995882
v 0.00107929995283 -0.0351145006716 0.00587020022795
v -0.00531220017001 -0.0494350008667 -0.00366750010289
v 0.0137053998187 -0.0490964986384 -0.00817460007966
v -0.0105622000992 -0.0449644997716 0.000417900009779
v -0.00754649983719 0.0443423017859 0.00198419997469
v -0.01189730037 0.0236138999462 -0.0104885995388
v 0.0145305003971 -0.0413377992809 -0.00731540005654
v 0.0067834998481 -0.0443084985018 -0.0143218003213
v 0.012647899799 0.0106100998819 -0.00528680020943
v 0.0147789996117 -0.0425540991127 -0.00716440007091
v 0.00849520042539 -0.0371956005692 0.00517609994859
v -0.000898200029042 0.038317501545 0.000134300003992
v 0.0105290003121 -0.0428799018264 -0.0124025996774
v -0.0111790001392 0.047861199826 0.00632200017571
v -0.0116023002192 -0.0273425001651 0.000656999996863
v -0.0154566001147 0.00784240011126 0.00100080005359
v -0.00810020044446 0.0282242000103 -0.0106044001877
v -0.00613289978355 0.0403033010662 -0.00111529999413
v -0.00574149983004 0.0100442999974 -0.000195400003577
v 0.00832299981266 -0.0269422996789 -0.0112901004031
v 0.00216459995136 -0.0494350008667 -0.0110045000911
v -0.012899399735 -0.0234235990793 -0.000745000026654
v -0.0132715003565 0.0222574993968 0.0135960001498
v -0.00788590032607 0.0178753007203 -0.00123219995294
v -0.00476999999955 -0.015070900321 0.00926550012082
v -0.00594819989055 0.036848898977 0.000907199981157
v 0.0109208002687 0.0188776999712 -0.00514370016754
v -0.0114756003022 0.0446310006082 0.00138759997208
v -0.00719879986718 -0.0494350008667 -0.00866100005805
v 0.00396799994633 0.00325810001232 -0.0109833003953
v 0.0119332000613 0.0179261993617 0.00403939979151
v -0.00533560011536 0.00923050008714 0.000348900008248
v 0.0109189003706 0.0211820006371 -0.00460600014776
v -0.00752539979294 0.00558209978044 0.00911500025541
v 0.0100980997086 -0.0363634005189 0.00393529981375
v 0.00531439995393 -0.0494350008667 -0.00324070011266
v -0.0150295002386 0.0172850005329 0.0134659996256
v 0.0181815996766 -0.00473819999024 0.00167240004521
v 0.0133988000453 -0.00433900021017 -0.0068449000828
v -0.0037487000227 0.0171703994274 -0.000222400005441
v -0.00841240026057 -0.0133405001834 -0.00942580029368
v 0.0150365997106 0.0165429990739 0.00804970040917
v -0.00588130019605 0.0373820997775 -0.00343109993264
v -0.012766899541 0.0213738996536 -0.0100343003869
v 0.006212499924 0.0234369002283 -0.00414439989254
v -0.0136901000515 0.0308592002839 -0.00481690000743
v -0.00216370006092 0.0249656997621 -0.0062970998697
v 0.00479259993881 0.0344130992889 0.00489509990439
v -0.00828349962831 -0.0464310012758 -0.0117178997025
v -0.0037501999177 -0.00542879989371 -0.0133036002517
v -0.0117544997483 -0.034269798547 -0.00631040008739
v 0.0102292997763 0.0273279007524 -0.00226680003107
v 0.0170747991651 -0.00780479982495 -0.00154540000949
v 0.00115859997459 -0.0480454005301 -0.0152148995548
v -0.0102615002543 0.0392982997 0.00414420012385
v -0.0165122002363 0.0289907995611 0.0117033999413
v -0.0147773995996 0.0189555007964 0.0039547001943
v 0.0182774998248 0.0266281999648 0.00895230006427
v 0.0131125999615 0.013602799736 -0.00279349996708
v 0.00869879964739 -0.0494350008667 -0.00936179980636
v -0.00556399999186 -0.00200269999914 -0.0135159995407
v 0.0112998001277 0.0190939996392 0.00439620018005
v -0.00187559996266 0.0244824998081 -0.00714869983494
v -0.00132150005084 -0.00649250019342 -0.013500300236
v -0.012140000239 -0.0262978002429 -7.75000007707e-05
v -0.0104857999831 0.0259511005133 -0.00197419989854
v 0.0115515999496 0.01774450019 -0.00503760017455
v 0.00974209979177 -0.0316062010825 0.0034843001049
v 0.00577950011939 0.0250107999891 0.00258470000699
v -0.00246570003219 0.0199184995145 -0.00904009956867
v -0.0203636009246 0.00207019993104 0.00296769989654
v -0.00778259988874 -0.0195074006915 -0.0097426995635
v -0.00582210021093 0.038158301264 0.000883399974555
v -0.00994899962097 0.0361142009497 -0.00685650017112
v -0.00171720003709 0.0190648008138 -0.00989320036024
v 0.0113968998194 -0.0172375999391 -0.00710909999907
v 0.0123400995508 -0.0474753007293 0.00422269990668
v 0.0021512999665 0.0253806002438 -0.00935870036483
v -0.00425620004535 0.00396770006046 0.0045953001827
v 0.00152759999037 0.0261989999563 -0.00913180038333
v 0.0118599003181 0.0104058003053 -0.0061769997701
v -0.00727749988437 0.0120628001168 -0.0146556999534
v -0.012321700342 0.0379091985524 0.00154079997446
v -0.010344600305 0.0330381989479 0.000320099992678
v -0.0152618000284 0.0228841993958 0.0140819996595
v 0.00501319998875 0.0118613000959 -0.0104472003877
v -0.0100095998496 0.0314616002142 -0.000789100013208
v 0.0146575002 -0.00288640009239 -0.00575960008428
v -0.00171450001653 0.0140075003728 -0.012597899884
v 0.0101353004575 0.0108516998589 -0.00728139979765
v -0.0112485000864 0.0196887999773 0.00852179992944
v -0.00379860005341 -0.0218724999577 -0.0120029002428
v -0.0197416990995 -0.0019314000383 0.00178289995529
v 0.00822979956865 0.0290619004518 0.00015199999325
v -0.000467200006824 -0.0373613014817 -0.014532700181
v -0.00359229999594 0.0136117003858 -0.000138100003824
v -0.00184309994802 0.0445538982749 0.00958240032196
v 0.0204170998186 0.0261179003865 0.0157377999276
v -0.00412440020591 -0.0154248001054 -0.0114391995594
v 0.0094133997336 0.0178894996643 0.00449630012736
v -0.0101567003876 0.0432497002184 0.00731009989977
v 0.0149218002334 0.0101503999904 0.00721629988402
v 0.00567479990423 -0.0114383995533 -0.0109946001321
v 0.00642480002716 -0.0101221995428 0.00791469961405
v -0.00231679994613 0.0101752998307 -0.000224000003072
v -0.00305940001272 -0.041455399245 -0.014330400154
v 6.35000033071e-05 -0.0199979990721 -0.0127387000248
v 0.00548420008272 -0.0340510010719 0.00559369986877
v -0.011934700422 0.0336056984961 -0.00767219997942
v 0.014800099656 0.0197253003716 0.00877919979393
v -0.0154991997406 -0.0096549000591 -0.00475799990818
v 0.00543570006266 -0.0104777002707 0.00770989991724
v -0.0202760007232 0.00302559998818 0.00883689988405
v 0.00519540021196 -0.0367732010782 0.00604269979522
v 0.00412379996851 -0.0453779995441 -0.0151006001979
v 0.00848949979991 0.0143828000873 0.00515010021627
v -0.00111439998727 -0.0309455003589 -0.0139237996191
v -0.0154429003596 -0.00418919976801 -0.00667730020359
v -0.0105122998357 0.0191616993397 -0.0121232001111
v 0.00832029990852 0.0123849995434 -0.00766760017723
v -0.010734600015 0.0156961008906 -0.0128210997209
v 0.0136125003919 -0.0454520992935 -0.00981499999762
v -0.0138381998986 0.0180674996227 0.00419830018654
v 0.00699600018561 -0.000817099993583 0.00502709997818
v 0.014510399662 -0.0460791997612 0.00150000001304
v 0.00307049998082 -0.002609499963 -0.0125407995656
v 0.00541700003669 0.0245900005102 -0.00755580002442
v -0.0125483004376 0.0242260992527 0.0125021999702
v -0.0155196003616 -0.00337289995514 -0.00683669978753
v -0.0117416996509 -0.0423459000885 -0.00328129995614
v -0.0109264003113 0.0127122001722 0.00692499987781
v -0.0130375996232 0.0425522997975 0.00429389998317
v 0.00989990029484 -0.0202795993537 0.00571929989383
v 0.0129381995648 0.0149769997224 -0.0033271999564
v 0.0172671992332 0.0167548004538 -0.000166400001035
v -0.0152238002047 0.000968599983025 -0.00832080002874
v 0.0144440997392 0.0250835996121 0.00266109989025
v -0.00552859995514 -0.0342961996794 0.0043700998649
v -0.013930699788 0.016868300736 0.00390210002661
v 0.0191910006106 0.0261805001646 0.00850689969957
v -0.00179320003372 0.00209060008638 0.00309009989724
v 0.01450929977 0.0259405001998 0.000508300028741
v 0.0120587004349 -0.0418924987316 0.0037175999023
v -0.0151230003685 0.00933669973165 -0.00819510035217
v -0.00258120009676 0.00041219999548 0.00503350002691
v 0.00124340003822 -0.0310341995209 -0.0136337000877
v 0.0068493001163 -0.0306008998305 -0.012524199672
v 0.00566439982504 0.0181754995137 -0.00643120007589
v 0.00615380005911 0.0248185005039 0.00448369979858
v -0.0108567001298 0.0116245001554 0.00657230010256
v 0.0143572995439 0.026372499764 0.00445639993995
v -0.0150972995907 0.0275982990861 0.0129135996103
v 0.00874160043895 -0.0494350008667 0.00200209999457
v -0.0154306003824 0.00428979983553 -0.00841149967164
v -0.0136569002643 -0.0173684004694 0.00656579993665
v 0.0121772000566 -0.0318833999336 -0.00971930008382
v -0.00475329998881 -0.0403711013496 -0.0137021997944
v 0.00672180019319 -0.0118479002267 -0.0103134000674
v -0.00417080009356 -0.0494350008667 -0.00412910012528
v -0.00349809997715 -0.0425245016813 -0.0142185995355
v -0.0108342003077 0.0104603003711 0.00617399998009
v -0.0176257006824 -0.00061960000312 -0.00342620001175
v -0.0146743003279 0.00816330034286 -0.00234830006957
v 0.00617789989337 0.036237500608 0.0124778002501
v -0.0123415999115 -0.0220637992024 -0.00449649989605
v 0.00194860005286 -0.022628499195 -0.0127071002498
v 0.000988099956885 -0.0470710992813 0.00743969995528
v -0.0103522995487 0.0430695004761 -0.000960899982601
v -0.011791200377 -0.0218912996352 -0.00556760001928
v -0.0113856000826 0.0433258004487 0.00687920022756
v 0.00650190003216 -0.0456753000617 -0.0145555995405
v -0.0122317997739 0.00686280010268 -0.0124278999865
v 0.000646299973596 0.00610109977424 -0.0133439004421
v 0.00508880009875 0.0364652015269 0.00477930018678
v 0.0064297998324 0.0275241006166 0.00277359993197
v -0.00557299982756 -0.0300548002124 0.00463700015098
v -0.00447189994156 0.00329150003381 0.0056794998236
v 0.0117734996602 0.0222535002977 0.00574370007962
v 0.0145952999592 0.0292841996998 0.00436230003834
v 0.00980519969016 -0.0168296005577 -0.00872770044953
v -0.00388849992305 -0.0474474988878 0.00625189999118
v -0.0105520002544 0.0102829998359 -0.0139370998368
v -0.0113043002784 0.0134658999741 0.00917579978704
v -0.0071244998835 -0.0154948001727 0.00992430001497
v -0.0126681998372 0.0259137004614 0.00948469992727
v -0.0125029003248 0.0251604001969 0.0116553995758
v -0.0108153000474 0.00974259991199 0.00286959996447
v 0.0148705998436 -0.048615001142 -0.00628620013595
v 0.00423299986869 -0.016022099182 -0.0118819000199
v 0.0101316999644 -0.0140129998326 0.00743249990046
v 0.0127823995426 0.0162914991379 -0.00377500010654
v 0.0120388995856 0.0119754998013 0.00665479991585
v -0.000393900001654 -0.0261275991797 0.00555879995227
v -0.00166089995764 -0.00808080006391 0.00735269999132
v 0.00596839981154 -0.0127266002819 -0.0108088999987
v 0.00148980005179 -0.0244817007333 0.00557680008933
v 0.0159412994981 0.00393630005419 -0.00388270011172
v 0.00769349979237 0.0410546995699 0.0167116001248
v -0.0177529994398 -0.00312680006027 -0.00310659990646
v -0.0163800995797 -0.00832400005311 0.00932709965855
v 0.0133881997317 0.0145119000226 -0.000980300013907
v 0.0150972995907 -0.0473218001425 -0.00683839991689
v 0.011190299876 -0.0492951013148 -0.0103037003428
v -0.00217529991642 -0.0165327005088 0.00758039997891
v 0.00212320010178 0.0115985004231 -0.0129032004625
v -0.00666789989918 -0.0195844992995 0.00763759994879
v 0.0142320999876 -0.045142300427 -0.00885379966348
v -0.00698210019618 0.0102963997051 0.000201000002562
v -0.00713679986075 -0.0319061987102 -0.011991799809
v -0.0127582997084 0.0260549001396 0.0107319997624
v -0.0149927996099 0.0110218999907 -0.00838159956038
v -0.00567150022835 0.00266180001199 0.00887790042907
v 0.00421620020643 -0.0494350008667 0.00197619991377
v -0.0110262995586 -0.00121969997417 0.0132197998464
v -0.00203020009212 -0.000812100013718 0.00512650003657
v -0.0196713991463 0.000680099998135 0.00942489970475
v -0.00486799981445 -0.0494350008667 -0.000351599999703
v 0.0202987994999 0.0281214993447 0.0136892003939
v 0.0114050004631 -0.043088298291 -0.0118161002174
v 0.00642299978063 -0.0429252013564 0.00685579981655
v 0.00761169986799 -0.0399907007813 0.00605560000986
v 0.0183642003685 0.00774070015177 -0.00144869997166
v 0.0151417003945 -0.041964199394 -0.00494789984077
v -0.0151482997462 0.0154791995883 0.003447300056
v -0.0101450998336 -0.00448390003294 0.0128544000909
v -0.00261000008322 -0.0198778994381 -0.0121069997549
v -0.00212449999526 -0.0229381006211 -0.0127264996991
v 0.00908499956131 -0.0451022982597 0.00642640003935
v 0.0172115992755 0.0209213998169 0.0118535002694
v 0.00397840002552 -0.0441220998764 -0.0149868000299
v 0.0166060999036 0.0227198991925 0.0123891001567
v -0.0111375004053 -0.00248320004903 0.0131371002644
v 0.00954759959131 -0.0289702005684 0.00356519990601
v -0.00655760010704 -0.0494350008667 -0.00210830010474
v 0.00631330022588 -0.0493610985577 -0.013075299561
v -0.00276779988781 -0.0259607005864 0.00558699993417
v -0.0163267999887 0.0230333991349 0.013704800047
v 0.00472080009058 -0.0240361001343 0.00549380015582
v -0.00123659998644 -0.0271515995264 0.00552440015599
v 0.00109579996206 0.0445294007659 0.00893149990588
v -0.00368599989451 -0.0474978014827 -0.0143052004278
v 0.00401449995115 -0.0216464996338 0.00603550020605
v -0.0128114996478 -0.020999500528 -0.00368320010602
v -0.0114895002916 0.0164262000471 -0.0122124999762
v 0.000574000005145 -0.0494350008667 -0.00292999995872
v -0.0150194000453 0.0232957992703 0.00486110011116
v -0.0106018995866 0.00299980002455 0.0127371996641
v 0.000846799986903 0.0115315997973 -0.0132780000567
v -0.015303700231 0.0278744995594 0.00762310018763
v 0.00538469990715 0.0255874004215 0.000562399975024
v -0.0152019001544 -0.0176452994347 8.34000020404e-05
v 0.00392269995064 -0.0451312996447 0.0073750000447
v 0.0100664999336 -0.00354010006413 0.0076701999642
v -0.0088112000376 -0.0395451001823 0.00205320003442
v 0.00489499978721 0.0199296995997 -0.0084936004132
v -0.0116745000705 -0.0403012000024 -0.0062243998982
v 0.00721170008183 0.0275106001645 0.000277499988442
v -0.0111530004069 7.89999976405e-05 0.0132438996807
v 0.0155504001305 -0.0145842004567 0.0022499000188
v -0.000942400016356 -0.00775989983231 0.0064563001506
v -0.0102131003514 0.000666600011755 -0.0122819002718
v -0.0144953997806 -0.0164746996015 0.00641540018842
v -0.011240599677 0.00133380002808 -0.0118244998157
v 0.00450929999352 0.0382591001689 0.00694260001183
v -0.00650809984654 -0.0494350008667 -0.00632339995354
v 0.0132489996031 0.00344739994034 0.00678020017222
v 0.00221200007945 -0.0319271981716 0.005565200001
v 0.00544699979946 -0.0202805995941 -0.0113505003974
v 0.0144164003432 -0.00851439964026 -0.00541639979929
v 0.00855199992657 -0.0214095991105 -0.0100563997403
v -0.0126964999363 -0.014747899957 0.00927270017564
v 0.0143517004326 -0.0063696000725 -0.00573829980567
v 0.0190513990819 0.00641469983384 0.00411189999431
v -0.0112319998443 -0.0172374993563 -0.006827800069
v -0.00304109998979 -0.0314049981534 0.00524289999157
v 0.00522900000215 -0.00164759997278 0.00449449988082
v -0.0074522998184 -0.0438316017389 0.00361689995043
v 0.000822099973448 0.0136866997927 -0.0126189999282
v -0.00433890009299 -0.0174626000226 0.00817679986358
v -0.0198245998472 0.017614999786 0.0074002998881
v 0.0035002999939 -0.0494350008667 -0.00922259967774
v 0.000680800003465 -0.0494350008667 -0.00560689996928
v -0.0107778999954 -0.00743959983811 -0.00920599978417
v -0.00698320008814 0.0201212000102 -0.0016335999826
v -0.0127267995849 -0.0197831001133 -0.00440469989553
v 0.00432740012184 -0.0465455986559 0.00751410005614
v 0.00457740016282 -0.0295295007527 -0.0128028998151
v 0.00801539979875 0.0371045991778 0.0203006006777
v 0.0128745995462 0.015616199933 -0.00123129994608
v 0.00571769988164 -0.0300887003541 -0.0126809999347
v -0.00237970007583 -0.0417385995388 0.00591470021755
v -0.0107302004471 -0.00625010021031 0.0126956999302
v 0.0026825000532 0.00430339993909 0.00146339996718
v -0.01839119941 -0.00132409995422 0.010073300451
v 0.0188842006028 0.00195249996614 0.00310579990037
v 0.000668200023938 -0.0494350008667 -0.000348900008248
v 0.000895700010005 0.0174276009202 -0.0110863000154
v 0.00928159989417 -0.0398383997381 -0.01281309966
v -0.0110494997352 0.035788398236 -0.00681249983609
v -0.00416789995506 0.0278184004128 -0.00436939997599
v 0.0141013003886 -0.049378298223 -0.00435250019655
v -0.000533699989319 0.0188797991723 -0.0104406997561
v 0.0100047001615 -0.0406281016767 0.00504820002243
v 0.00553649989888 0.0386669002473 0.0198480002582
v -0.0108350003138 -0.0117998002097 -0.00787809956819
v -0.0102564999834 -0.0267529003322 0.00274699996226
v -0.0050773001276 -0.0378898009658 0.00460910005495
v -0.0117253996432 0.0362599007785 -0.00603580009192
v 0.0140984999016 -0.011828600429 -0.00543650006875
v 0.0129979997873 0.0159924998879 -0.00245080003515
v -0.0208588000387 0.00101530004758 0.00446659978479
v 0.00907380040735 0.0357731990516 0.0189407002181
v -0.00329030002467 0.0183633994311 -0.000230200006627
v 0.000176700006705 -0.044793099165 0.00698520010337
v -0.00855099968612 -0.0240218006074 -0.0096110003069
v -0.0146947996691 -0.00296339998022 -0.00790490023792
v -0.0106002995744 -0.0189760997891 0.00743559980765
v -0.0176970008761 0.0171390008181 0.0125596998259
v -0.0141169000417 0.014049500227 -0.00984609965235
v 0.0066039999947 -0.0494350008667 -0.00659540016204
v 0.0144429001957 0.0301977992058 0.00468319980428
v -0.0126075996086 -0.0187950991094 -0.0049239997752
v 0.0035896000918 -0.028900500387 0.00527029996738
v 0.017958400771 0.0293656997383 0.0187094993889
v 0.0152489999309 -0.000649800000247 -0.00513180019334
v -0.0147289996967 0.00425820006058 -0.00957420002669
v 0.0051441998221 -0.0455988012254 0.00738540012389
v -0.0113688996062 -0.0195211991668 0.00661339983344
v -0.0106538999826 -0.0327613018453 0.000502799986862
v 0.00269070011564 -0.0247166994959 0.00550800003111
v 0.0140824001282 -0.0183195006102 0.00160950003192
v -0.0148740997538 0.00887359958142 -0.00928939972073
v -0.0130615001544 0.0443077012897 0.00289779994637
v -0.00587349990383 -0.0369335003197 0.00417349999771
v 0.0119195999578 -0.0307996999472 -0.00983379967511
v 0.0143724000081 0.000312099989969 0.00753469998017
v -0.00605330010876 -0.0474303998053 -0.0132138999179
v 0.00682489993051 0.0319536998868 0.00611090008169
v 0.0161939002573 0.0050781997852 -0.00357710011303
v 0.00515099987388 -0.025130899623 0.00530580012128
v -0.00449009984732 -0.0494350008667 -0.00987649988383
v -0.000567800016142 -0.0263135004789 -0.0134730003774
v -0.0137865003198 0.0217822995037 -0.00804410036653
v 0.0119395004585 -0.0451689995825 -0.0115697002038
v -0.00118989998009 -0.0494350008667 -0.00934320036322
v -0.005410999991 -0.0179792009294 0.00829110015184
v -0.000211899998249 0.0133477002382 2.85000005533e-05
v -0.0108545999974 -0.0350565984845 -0.000197100001969
v 0.0135562997311 0.00681259995326 0.00709239998832
v -0.000269499985734 0.0166953001171 8.70000003488e-05
v 0.00548550020903 -0.0166612006724 0.00754510005936
v -0.0190903004259 0.0113356001675 0.0105707002804
v -0.0140302004293 0.0161614008248 -0.00548949977383
v 0.00533069996163 0.0233168993145 0.00134319998324
v -0.0178849995136 -0.00973850023001 -0.000158099996042
v -0.00708460016176 0.00794020015746 0.0047162999399
v 0.00567829981446 -0.044596798718 -0.0146813001484
v -0.0151890004054 0.00318040000275 -0.0087577002123
v -0.0146113997325 0.0204039998353 0.0139223998412
v -0.0150830997154 0.00708010001108 -0.00195450009778
v 0.0057475999929 0.0317726992071 0.00132799998391
v -0.00670529995114 -0.00379809993319 -0.0125658996403
v 0.00808770023286 -0.0310399997979 -0.0122555997223
v 0.00108550000004 -0.0325575992465 0.00563290016726
v 0.00986819993705 -0.0230376999825 0.00466379988939
v -0.017648499459 -0.00903039984405 -0.00126269995235
v 0.00589019991457 -0.00392969977111 -0.0109668998048
v 0.0138458004221 0.0332759991288 0.00982009992003
v 0.0131689002737 -0.0166749991477 -0.00541040021926
v -0.00026150001213 0.0177209991962 -0.0109184999019
v -0.0171565003693 0.0160227008164 0.0127779999748
v -0.0144188003615 0.00944409985095 -0.0102898003533
v -0.0182681009173 -0.0099218999967 0.00447459984571
v 0.0169131997973 0.0281485002488 0.0114746997133
v 0.0047117001377 -0.0494350008667 -0.00960970018059
v -0.000697500014212 -0.000378400000045 0.00333960005082
v -0.00179100001696 -0.0351946987212 -0.0142786996439
v 0.0139033999294 0.0336392000318 0.00865780003369
v -0.0110446996987 -0.0317601002753 0.000147300001117
v -0.0199475008994 0.0154448002577 0.00925169978291
v 0.0110585996881 -0.020856000483 -0.00786679983139
v 0.0160440001637 -0.0135035999119 0.00171720003709
v -0.0106092002243 -0.0427001006901 -0.00892299972475
v 0.0158152002841 -0.00325910001993 0.00683890003711
v 0.0152847003192 -0.0156305003911 0.00142760004383
v -0.00282329996116 -0.00468110013753 -0.0136764999479
v 0.000703199999407 0.0339713990688 0.00586010003462
v 0.0126342996955 -0.0157319009304 -0.0062377997674
v -0.00727589987218 0.0301549006253 -0.00981699954718
v -0.0190907008946 0.00428720004857 0.00173170003109
v -0.00182779994793 0.0462386012077 0.0132226999849
v -0.0123065998778 -0.0280783995986 -0.00154349999502
v 0.0127782998607 0.0164622999728 -0.000287900009425
v 0.00302259996533 -0.0462874993682 0.00750049995258
v -0.00638769986108 -0.0362282991409 -0.0127237997949
v -0.0179439000785 -0.0116128996015 0.00332039990462
v 0.0124711003155 0.0175561998039 -0.00420839991421
v 0.015374599956 -0.0126759996638 -0.00315840006806
v -0.0176455006003 -0.011111699976 -0.000259799999185
v 0.00568199995905 -0.0153425997123 0.00773270009086
v 0.0145816002041 -0.0484611988068 0.000806100026239
v -0.00721730012447 0.0429807007313 0.00610980018973
v -0.00227540009655 0.0434029996395 0.00797940045595
v 0.00974239967763 0.0312982015312 0.0121262995526
v -0.0103395003825 -0.0485460013151 0.000721800024621
v -0.0108412997797 -0.0478021986783 -0.000129299995024
v 0.014844099991 0.0216215997934 0.00975430011749
v -0.00228819996119 -0.0083151999861 0.00815409980714
v -0.000808899989352 0.0397789999843 0.00158599996939
v -0.00513479998335 0.0308646000922 -0.00755019998178
v -0.00546699995175 0.0364147983491 -0.00287050008774
v -0.00171079998836 -0.0494350008667 -0.00474489992484
v -0.0116015998647 -0.0488345995545 -0.003124400042
v -0.0021367999725 0.0390638001263 0.010634499602
v -0.0124939000234 0.0183994006366 -0.00389260007069
v -0.00991460029036 0.0344363003969 -0.00810709968209
v 0.0172486007214 0.00528670009226 -0.00281509989873
v 0.0100983995944 0.0125467004254 0.00585009995848
v -0.0145298000425 -0.0094806002453 0.0105480002239
v -0.00393689982593 -0.0433233007789 0.00556500023231
v -0.00264269998297 0.0356791988015 0.00130320002791
v 0.00404850021005 -0.00258779991418 -0.0121881999075
v 0.0146206999198 0.0264184009284 0.0031381000299
v -0.00115939998068 -0.0363291017711 -0.0144106997177
v -0.0104724997655 0.0474456995726 0.00735899992287
v -0.00254860008135 0.0341240987182 -0.00021640000341
v 0.0154836000875 0.0206346008927 0.0029275000561
v -0.0179322008044 -0.0111260004342 0.00437350012362
v 0.016980599612 0.0242973007262 0.0143921999261
v -0.0148203996941 0.0128402002156 -0.0078480001539
v -0.00348539999686 0.0426576994359 0.00944899953902
v 0.0114104999229 -0.0166810005903 0.0061940997839
v 0.0154713997617 -0.0434354990721 -0.00340580008924
v -0.00824860017747 -0.0226856991649 0.00584550015628
v 0.00185200001579 -0.0131863001734 0.00697570014745
v 0.0016098000342 0.035709798336 0.00761910015717
v -0.00821959972382 -0.0389526002109 -0.0115366997197
v -0.00244430010207 0.0325303003192 -0.00173340004403
v 0.0202539991587 0.0213405992836 0.00494060013443
v -0.017893999815 -0.0118348002434 0.00209799990989
v 0.00160750001669 0.0286516994238 0.00229629990645
v 0.0083365002647 -0.0032923000399 0.00690970011055
v 0.00129719998222 0.028307100758 -0.00837889965624
v 0.000411899993196 0.0122916996479 0.000162500000442
v 0.00928809959441 -0.0278118997812 0.00382600002922
v 0.00524650001898 0.00718480022624 -0.0103262998164
v 0.00701199984178 -0.0453419014812 0.00709260022268
v -0.0113251004368 0.0413229987025 0.00560670020059
v -0.003432800062 -0.00264839990996 0.00838430039585
v -0.0106726996601 0.0403353013098 0.00501840002835
v -0.00252200011164 0.0317929014564 -0.000706600025296
v -0.00519519997761 0.0198912005872 -0.0105285001919
v 0.00650160014629 0.00817549973726 0.00352389994077
v 0.0194226000458 0.00790959969163 0.00147649995051
v -0.0132566997781 0.0277155991644 -0.00825939979404
v 0.0191102996469 0.00373640004545 0.000537700019777
v 0.00691730016842 -0.046674400568 0.00720149977133
v 0.00697069987655 -0.0224610995501 -0.0109962997958
v -0.00547080021352 -0.0071430997923 0.0110248997808
v -0.0153042003512 0.0074432999827 -0.00799740012735
v -0.0132191004232 0.013258099556 -0.011444799602
v 0.0131983999163 0.0226121004671 -0.00271890009753
v 0.0147583996877 -0.00734109990299 -0.00515710003674
v -0.0120478002355 0.0274465996772 -0.00984469987452
v -0.0136874997988 -0.0157903004438 0.00787150021642
v -0.018017500639 0.0226119998842 0.0109419003129
v 0.00320439995266 -0.0352232009172 0.00592479994521
v -0.0128362001851 0.0165486000478 -0.011029000394
v -0.00183970003854 -0.01689190045 -0.0120799001306
v 0.011509699747 0.0371421016753 0.00897070020437
v 0.011594099924 0.0384792983532 0.0121878003702
v 0.00302470009774 -0.0364792011678 0.00610730005428
v 0.00885020010173 -0.0122234001756 0.00802469998598
v 0.00568229984492 0.0307020992041 -0.00546200014651
v 0.00247410009615 -0.031000200659 -0.0134167000651
v -0.0114468000829 0.0372374989092 -0.00543359993026
v 0.0140773998573 -0.0367144010961 -0.00510129984468
v -0.00191979994997 -0.00387339992449 -0.0138971004635
v 0.0130073996261 0.0181539002806 0.00482530007139
v 0.00227740011178 -0.0269646998495 0.00538480002433
v 0.0144929997623 0.0246510002762 0.000465099990834
v -0.00173340004403 0.0296608004719 -0.00502680009231
v 0.00376269989647 -0.0315634012222 -0.0132967000827
v -0.015122000128 0.00878150016069 -0.00487670022994
v 0.00330400001258 -0.0337851010263 -0.0137315001339
v 0.0148342996836 -0.0413194000721 -0.00196669995785
v 0.0151941999793 -0.0425595007837 -0.00239360006526
v -0.00272200000472 0.029619300738 -0.00100559997372
v 0.00721739977598 -0.0157133005559 -0.0102981999516
v 0.000265799986664 0.0372635982931 -0.00203129998408
v -0.00172509998083 0.0361169986427 -0.000709499989171
v 0.00797550007701 0.0164429005235 0.0049291998148
v 0.00691090011969 -0.0188625007868 -0.0106549998745
v 0.00786640029401 -0.0494350008667 -0.00868159998208
v -0.0112036000937 0.0347861014307 0.000997300026938
v -0.0148051995784 0.00873269978911 0.0015032000374
v 0.00483419978991 0.00400400022045 -0.0104272002354
v 0.0121830999851 0.0310446005315 0.00114820001181
v 0.00134620000608 0.0146239995956 -0.0121598998085
v -0.0182144995779 0.0248016994447 0.00984339974821
v 0.0132360002026 0.0204936005175 0.00388319999911
v -0.0138074997813 0.0134541997686 -0.0106354998425
v -0.0172403994948 0.0196764003485 0.0128878997639
v -0.00396850006655 -0.00567140011117 0.00981730036438
v 0.0055014998652 0.0237630996853 0.00243919994682
v 0.00243779993616 0.0405087992549 0.0016741999425
v 0.00595680018887 0.0310117993504 0.000453499989817
v 0.00546209979802 0.0367467999458 0.00211549992673
v 0.0129773998633 0.0190389994532 -0.00307069998235
v 0.0109943998978 0.0100284004584 -0.00697800004855
v -0.0119227999821 0.0407746993005 0.00458779977635
v 0.00877260044217 0.0285097006708 -0.000878899998497
v 0.00317730009556 -0.0493208989501 -0.0143197001889
v -0.011949500069 -0.000679599994328 0.0132397999987
v 0.00337500008754 -0.00931669957936 0.0066892998293
v 0.0051047001034 -0.00291220005602 0.0050388998352
v 0.0150672001764 0.0204150006175 0.00976829975843
v 0.00700479978696 -0.0494350008667 -0.00529129989445
v 0.0173195004463 -0.00144959997851 0.00571120018139
v -0.00833669956774 -0.0291459001601 0.00340360007249
v 0.00615569995716 0.00952390022576 -0.00966189987957
v 0.00492369988933 -0.0321043990552 -0.0131807001308
v 0.00960129965097 0.0281013008207 -0.00169930001721
v 0.0136746000499 0.0273960996419 0.00726850004867
v -0.0129506001249 0.0280959997326 -0.00328919989988
v 0.016815200448 0.0106861004606 0.0067062000744
v -0.00211589992978 -0.0461243987083 -0.0147917000577
v -0.0107445996255 0.0235444996506 -0.011170799844
v 0.0137433996424 -0.0106183001772 0.00692019984126
v -0.0120823001489 -0.0222631003708 0.00351949990727
v 0.0151110002771 -0.00832539983094 -0.00460379989818
v 0.0012335999636 0.0446082986891 0.0101702995598
v 0.00835760030895 -0.0190274007618 0.00673130014911
v 0.0178405996412 0.0262611992657 0.0174195002764
v -0.00948819983751 -0.00652279984206 0.0125789996237
v -0.00731820007786 0.0430205985904 1.87999994523e-05
v -0.0123688001186 0.00768009992316 0.0109748998657
v -0.0142734004185 -0.00599189987406 -0.0072134998627
v -0.0181108992547 0.0236940998584 0.0102909002453
v 0.0121060004458 0.00874220021069 0.00670510018244
v -0.00982819963247 0.00801439955831 0.00671509979293
v -0.00611720001325 -0.0226354002953 0.00616700015962
v -0.0149029996246 -0.0030906999018 0.0121347000822
v -0.0111819999292 0.0217156000435 0.00927739962935
v 0.0156111996621 0.00709539977834 -0.0037060000468
v -0.0191651005298 -0.0014380000066 0.00921730045229
v -0.0103005003184 0.0191038008779 -0.00280219991691
v -0.00967319961637 0.0360607989132 0.00209200009704
v 0.00200539990328 -0.0354432016611 -0.0141837000847
v 0.0151901002973 -0.0428507998586 -0.00585879990831
v -0.00472440011799 6.10000006418e-06 -0.0142497997731
v -0.0148061001673 0.00192980002612 -0.00911159999669
v -0.00266449991614 -0.0236483998597 0.00582720013335
v 0.00648229988292 0.0194668006152 0.00362309999764
v 0.0104142995551 -0.0379719994962 -0.0120136998594
v -0.0076294997707 0.0323779992759 -0.00899980030954
v -0.010664800182 0.0326637998223 -0.00892600044608
v 0.00640529999509 -0.0200967006385 0.00666159996763
v 0.00701660010964 -0.0494198985398 0.00559089984745
v 0.00327019998804 -0.0494350008667 -0.00792760029435
v -0.000406900013331 -0.041557200253 -0.0148561000824
v -0.0075996001251 0.00843990035355 -0.0149558996782
v -0.0201156008989 0.0156159996986 0.00788170006126
v 0.00525079993531 0.0343786999583 0.00380680011585
v -0.0153259001672 0.0067596998997 -0.000773400010075
v -0.00841279979795 0.0398210994899 -0.00374879990704
v -0.0121018998325 0.0271316003054 -0.00266549992375
v 0.0175406001508 -0.0042351000011 -0.00158599996939
v 0.00774489995092 0.0152474995703 0.00483469991013
v 0.00783609971404 -0.0289794001728 0.00452680001035
v -0.00752699980512 -0.0314032994211 0.00350159988739
v 0.00914230011404 0.0176889002323 -0.00568890012801
v 0.0066618998535 0.0335724018514 0.0105734001845
v 0.00518770003691 -0.0494350008667 -0.00631449976936
v -0.0070739001967 0.0379336997867 0.00270360009745
v -0.00769719993696 -0.0312357991934 -0.0115055004135
v -0.0149490004405 0.00751559995115 -0.00921840034425
v -0.0141858998686 0.00936440005898 0.00196200003847
v 0.0132309999317 0.00892660021782 0.0071088001132
v -0.00758360000327 -0.0493197999895 -0.0109503995627
v 0.0147361997515 0.0275448001921 0.00299179996364
v 0.010633200407 0.0368220992386 0.00809250026941
v 0.000926300010178 -0.0265073999763 0.00547780003399
v 0.0200226008892 0.0132552003488 0.00336339999922
v -0.0152482995763 0.0196327008307 0.0138111999258
v 0.00399529980496 0.0214657001197 0.00128760002553
v 0.0102305002511 0.0120620001107 -0.00689350022003
v -0.0119682997465 0.0285631008446 -0.0025027000811
v 0.0132988998666 0.0282706990838 -0.000425200007157
v -0.0030914999079 -0.0103847999126 -0.0122506003827
v 0.00176639994606 -0.0494350008667 -0.00098979996983
v -0.00222659995779 0.0253036990762 -0.000721300020814
v 0.0186413992196 0.0215737000108 0.00344679993577
v 0.00998270045966 -0.0342132002115 0.003587000072
v -0.0078304996714 0.0354353003204 -0.00705379992723
v -0.0112920003012 0.020781500265 0.00802909955382
v 0.00176550005563 0.0181792005897 -0.0107412002981
v 0.0141649004072 0.0269878003746 0.000183399999514
v -0.00169079995248 -0.0110446000472 0.00764709990472
v 0.013188900426 -0.00782429985702 -0.00679490016773
v 0.0127635002136 0.00180800003 -0.00659050000831
v -0.0136409001425 0.0114682996646 0.0029442999512
v 0.0154651999474 0.028403300792 0.016813699156
v 3.46999986505e-05 0.0432295016944 0.00536340009421
v -0.0111028002575 0.0138280997053 0.00711640017107
v -0.011226600036 0.0197459999472 0.00979959964752
v 0.00545530021191 -0.0066529000178 -0.0111001003534
v -0.00329370005056 -0.00473569985479 0.00889510009438
v 0.00740629993379 -0.0236888993531 -0.0109999002889
v -0.0124048003927 0.0438539981842 0.00113300001249
v 0.00355460005812 -0.0147454002872 0.00748649984598
v -0.0113377002999 0.022459000349 -0.01105070021
v 0.0159625001252 -0.0139124998823 0.000186699995538
v 0.0151260001585 -0.048972800374 -0.00349260005169
v -0.00294809998013 -0.0149357002228 -0.0117832999676
v -0.00279879989102 -0.0400451011956 0.00560060003772
v 0.005380500108 0.0334585011005 0.00309029989876
v -0.00681110005826 0.0412185005844 -0.00153949996457
v -0.0146941002458 0.0135802999139 -0.00683420011774
v -0.0127282002941 -0.0156835000962 0.00866070017219
v -0.00979639962316 0.0182304996997 -0.0126245003194
v -0.0142285004258 0.01482069958 0.0128015996888
v 0.00682470016181 -0.0494350008667 0.00346500007436
v 0.0144955003634 0.00355060002767 0.0069984998554
v 0.0153914000839 0.0255097001791 0.0125452000648
v 0.0131205003709 0.0307953003794 0.00179410004057
v 0.0154640004039 -0.0463098995388 -0.00601160014048
v -0.000770999991801 -0.0149967996404 0.00727690011263
v -0.018667800352 -0.00860890001059 0.00419260002673
v 0.00511319981888 0.0211434997618 -0.00827480014414
v -0.00595979997888 0.0205039996654 -0.0110627003014
v 0.00466459989548 0.00786149967462 0.00238609989174
v 0.0183054003865 0.000841600005515 0.00461480021477
v -0.0145361004397 -0.0171734001487 0.00564790004864
v -0.00233260006644 -0.0197470001876 0.00663080019876
v -0.00251260004006 -0.0472956001759 -0.0146963996813
v 0.0153962001204 -0.0431573987007 -0.0046199997887
v -0.0110130999237 0.0107607003301 0.00856159999967
v -0.00280739995651 0.0401069000363 0.0124362995848
v -0.0143472002819 0.0269261002541 0.0129027999938
v 0.00609209993854 0.0357990004122 0.0133816003799
v 0.0139530999586 0.0253660995513 0.0048794997856
v 0.00934170000255 -0.0424689017236 -0.0130492998287
v 0.0123167000711 0.0317599996924 0.002216800116
v -0.0157896000892 -0.0140027999878 -0.00278680003248
v 0.00216890010051 -0.0472937002778 0.00755649991333
v -0.0144999995828 -0.0186886005104 -0.000883899978362
v 0.00893410015851 0.0408097989857 0.016838600859
v -0.0118594001979 0.0298485998064 -0.00232829991728
v 0.00572150014341 -0.0494350008667 -0.00881629996002
v 0.0190839990973 0.00303200003691 0.00245249993168
v 0.00503329979256 0.0360958017409 -0.00160269998014
v 0.0172049999237 -0.00546600017697 -0.00199049990624
v 0.015728700906 -0.0135500002652 0.00300009991042
v 0.00106160005089 0.0249962005764 -0.00943940039724
v 0.00720030022785 -0.0200597997755 -0.0106109995395
v -0.013611599803 0.0181204993278 -0.00942269992083
v -0.0177862998098 0.00866710022092 0.011390700005
v -0.0114495996386 0.0145075004548 0.00614660000429
v 0.000159000002895 -0.0193274002522 0.00644329981878
v 0.0143429003656 0.0201890002936 0.00770260021091
v 0.00368919991888 -0.0268545001745 -0.0125639000908
v 0.00331600010395 -0.0326393991709 0.00559419998899
v -0.0142922997475 0.0193060003221 0.0137283001095
v -0.0116199003533 0.0172426998615 0.00802510045469
v 0.0055443001911 -0.0327593013644 0.00541799981147
v 0.0133450003341 -0.0310331005603 -0.00620009982958
v -0.00148940004874 0.0413989983499 0.00420530000702
v 0.0077702999115 0.0254616998136 -0.00200350000523
v 0.00756209995598 -0.00580029981211 0.00748009979725
v -0.00240870006382 -0.0306784007698 -0.0138467000797
v -0.0051358002238 0.0343509986997 -0.00445210002363
v 0.0209468007088 0.0195738002658 0.00648379977793
v 0.00260840007104 0.0283720996231 -0.00823570042849
v -0.0201347004622 0.013198800385 0.00656539993361
v -0.00211209990084 -0.00852449983358 -0.0129046002403
v 0.0172095000744 0.0267602000386 0.00949839968234
v 0.0142922997475 -0.00377049995586 0.00766080012545
v 0.00896259956062 0.031881801784 0.00238820002414
v -0.00129389995709 -0.0373127013445 0.00577670009807
v 0.0200472995639 0.0219826009125 0.0122956996784
v -0.01458190009 0.0282265003771 0.00982419960201
v -0.0108720995486 0.0117838997394 0.00774540007114
v -0.0071622999385 -0.0229966994375 0.00592439994216
v 0.00603879988194 -0.0385099984705 0.00619400013238
v 0.0134557997808 0.0258290003985 -0.00154349999502
v 0.0124601004645 0.0364417992532 0.00905719958246
v 0.00304739992134 -0.00740600004792 -0.012605600059
v 0.0158265996724 0.0224341005087 0.0116085000336
v 0.0156312994659 -0.00193839997519 0.00710090016946
v -0.010791500099 0.010535299778 0.00734640005976
v 0.00421370007098 0.0323590002954 -0.00596080021933
v 0.0128183998168 0.036137200892 0.0138133000582
v -0.00320190005004 -0.0370750017464 0.00529879983515
v 0.00242889998481 -0.0494350008667 0.00334950000979
v 0.0133175998926 -0.0251302998513 -0.00302949990146
v -0.00359659991227 0.0405750013888 0.0105320001021
v -0.00290110008791 -0.0485466010869 -0.0144135998562
v 0.0185844004154 0.0115663995966 0.00586130004376
v 0.00730860000476 -0.00880150031298 -0.00990210007876
v -0.014115399681 -0.0194210000336 0.00299960002303
v -0.0077161998488 0.0272748004645 -0.00146479997784
v -0.0112928003073 0.00978679955006 0.00932780001312
v -0.0114936996251 0.0110512999818 0.00971120037138
v -0.013102799654 0.0411329008639 0.00277379993349
v 0.00757029978558 0.0165481008589 -0.00608310010284
v -0.0115860002115 0.0109214000404 0.00428880006075
v -0.00155539996922 -0.0242564994842 0.00572519982234
v -0.0141719998792 -0.0168754998595 -0.00347190001048
v 0.00456399982795 0.0331469997764 -0.00531810009852
v 0.0156452003866 -0.0453044995666 -0.00514899985865
v 0.00682409992442 -0.0210120007396 0.00628450000659
v 0.00902920030057 -0.00117699999828 0.00640599988401
v 0.00131650001276 0.0199570003897 0.000953499984462
v 0.00298579991795 0.0177398994565 -0.0104002002627
v -0.00448249978945 -0.018634300679 0.00768519984558
v -0.00119470001664 -0.0419017001987 -0.0147670004517
v 0.0135479997844 0.0318976007402 0.00401089992374
v -0.0102823004127 -0.0304985996336 -0.0089541003108
v 0.00523190014064 0.0136807002127 -0.00926390010864
v 0.0156284999102 0.0193336997181 0.00966400001198
v 0.00881529971957 -0.0309014003724 0.00413919985294
v -0.00213479995728 -0.0440277010202 -0.0146882003173
v -0.00276080006734 -0.0450991988182 -0.0145739000291
v 0.0090188998729 0.0351217985153 0.0179606005549
v -0.0105456002057 0.009291799739 0.00486870016903
v 0.0133047997952 0.0246980991215 -0.00215819990262
v 0.00750590022653 -0.0493699014187 -0.0126865999773
v 0.0183649007231 -0.000824399990961 0.00400929991156
v 0.015234099701 0.0235258992761 0.00864609982818
v -0.0114692002535 0.00996400043368 -0.0133076002821
v 0.0186656992882 3.02999997075e-05 0.00324660004117
v -0.00573890004307 0.0364608988166 -0.00413249991834
v -0.0103783998638 0.00302250008099 -0.0125770997256
v -0.0013106999686 -0.0220212992281 -0.012769700028
v 0.0148590998724 -0.0487814992666 -0.000523500028066
v 0.00971850007772 0.0363662987947 0.00748219992965
v 0.0102383997291 -0.0416386984289 -0.0124610997736
v -0.0122485999018 0.0175847001374 0.0118741998449
v 0.0207353997976 0.0187676008791 0.00749030010775
v 0.0129089998081 -0.0292045995593 -0.00146689999383
v -0.00163750001229 -0.0190596003085 -0.0122980996966
v 0.0129982996732 -0.0361486002803 -0.000171899999259
v -0.0110234003514 0.00900170020759 -0.0136010004207
v 0.0157478991896 0.0244768001139 0.0126432003453
v -0.00774129992351 -0.0302528999746 -0.0113433003426
v 0.0150004001334 -0.0156025001779 0.00267830002122
v -0.00889640022069 -0.0419346988201 0.00211580004543
v 0.00919159967452 -0.0248799994588 0.00439540017396
v 0.0121681001037 -0.0126293003559 -0.00739309983328
v 0.00998909957707 -0.0302878990769 -0.0113159995526
v 0.000112000001536 0.0400716997683 0.00117499998305
v 0.0153508996591 0.0261023007333 0.0137472003698
v 0.00423349998891 -0.0359598994255 0.00600050017238
v 0.0104854004458 0.0341220982373 0.0159306004643
v -0.0111562004313 0.0120727000758 0.00892859976739
v -0.0199264995754 0.0106185004115 0.00924079958349
v -0.0139338001609 -0.00304759992287 -0.0086265001446
v 0.0154104996473 0.0268028005958 0.0124645996839
v 0.00340140005574 -0.0278696008027 -0.0127716995776
v -0.0102864997461 0.0338670015335 0.000890899973456
v 0.000697800016496 -0.0211680997163 0.0060004000552
v -0.0108815003186 0.00601110002026 0.0103575000539
v 0.00113160000183 -0.0206426996738 -0.0127985998988
v -0.00811639986932 -0.0416218005121 -0.011731499806
v 0.00392160005867 -0.0116729000583 0.0074002998881
v -0.0178289990872 -0.00505510019138 -0.00242160004564
v 0.00925960019231 -0.0493957996368 -0.0115823997185
v 0.00628540012985 0.0271134003997 0.00408810004592
v 0.00362790003419 -0.0104871001095 0.00707460008562
v 0.0150683000684 -0.0125623997301 0.00495020020753
v 0.0181885007769 0.0136649003252 0.0072193001397
v -0.0108727002516 0.00116820004769 0.0131692998111
v 0.0100199999288 -0.030253700912 0.0031429999508
v -0.0142818000168 -0.00833360012621 0.0111124999821
v 0.0154616003856 0.0295103006065 0.0163505002856
v 0.0135874999687 -0.0339509993792 -0.00370869995095
v 0.013885599561 0.0232982002199 -0.00141300004907
v 0.00874570012093 0.0274215005338 -0.00159260001965
v 0.0125551996753 0.0373242013156 0.0136751001701
v 0.00458050007001 0.0109460996464 -0.0112800002098
v -0.0100972997025 -0.00436969986185 -0.0106682004407
v 0.0133744999766 -0.0240982007235 -0.00369210005738
v -0.00181319995318 -0.0493167005479 -0.0141029004008
v 0.0154389003292 0.00595049979165 -0.00399729982018
v 0.00393400015309 -0.0494243018329 0.00578409992158
v 0.0138753997162 0.00643469998613 -0.00536700012162
v -0.0112712997943 -0.0037760999985 0.0129891997203
v -0.00721229985356 0.0369469001889 -0.00561549980193
v -0.0058321999386 0.0139471003786 -0.000419399992097
v -0.00980580039322 -0.00765059981495 -0.00973779987544
v -0.00299590011127 0.0415276996791 0.0145006999373
v 0.0157249998301 -0.0457074008882 -0.0025698998943
v 0.00495819980279 0.0354242995381 -0.00272529991344
v -0.0103491004556 -0.0083996001631 -0.00915259961039
v -0.00693939998746 0.00873290002346 0.00255950004794
v -0.0163334999233 0.00481270020828 -0.0056631998159
v 0.0111966999248 -0.0460873991251 0.00527339987457
v -0.00554999988526 0.0150418998674 -0.0130957998335
v 0.0171626005322 0.0139396004379 0.0076092001982
v 0.0016556000337 -0.0101560996845 -0.0126296002418
v -0.00944279972464 -0.0275557003915 0.00311579997651
v 0.00827880017459 -0.00213359994814 -0.00950829964131
v 0.00926730036736 -0.0148472003639 -0.00925219990313
v 0.00585660012439 0.0361118987203 0.0142996003851
v -0.00172509998083 0.0382225997746 0.00892600044608
v -0.0147312004119 0.00130789994728 0.0127245001495
v -0.0146787995473 0.00998509954661 0.0121419001371
v -0.00845849979669 -0.00365340011194 -0.0117501001805
v 0.0139354001731 0.0217749997973 0.000455400004284
v 0.000617599987891 0.0185876004398 -0.0107006002218
v -0.0134448995814 0.0212914999574 -0.00501610012725
v -0.0036178000737 -0.0339007005095 -0.0138239003718
v -0.00152239995077 -0.00204619998112 0.0051959999837
v -0.0126822004095 -0.00229969993234 -0.0099189998582
v -0.0103530995548 -0.0130192004144 0.0109350001439
v 0.0163155999035 0.000147099999595 0.0067930999212
v -0.0120726004243 -0.0196749009192 -0.00546569982544
v 0.013824599795 0.0213191006333 -0.000389499997254
v 0.00514080002904 0.0257018990815 -0.00770530011505
v -0.012909100391 0.0103045003489 0.00287920003757
v 0.00755999982357 0.0342296995223 0.0144942002371
v 0.00775650003925 0.000122500001453 0.00519220018759
v 0.0153425000608 -0.0450236983597 -0.00642469990999
v 0.000602899992373 0.00937709957361 -0.0136331003159
v 0.0042447000742 0.0207665003836 -0.00911779981107
v 0.0156955998391 0.00374409998767 0.00700830016285
v 0.00626860000193 -0.0247651003301 0.00522940000519
v 0.00307280011475 0.0121151003987 -0.0123330000788
v -0.0205310005695 0.00812490005046 0.00576529977843
v 0.00721939979121 -0.0255971997976 0.00491040013731
v 0.000458499998786 -0.0241301003844 -0.0131344003603
v -0.011607600376 -0.0132724000141 0.0105071002617
v 0.0157082993537 -0.0114102000371 0.00469270022586
v -0.0116566000506 -0.0144597999752 0.00993559975177
v 0.0141626000404 -0.04933879897 -0.005603000056
v -0.00500359991565 -0.0493863001466 -0.0125117003918
v 0.010668899864 -0.0433869995177 0.00526330014691
v 0.0134028000757 -0.0361342988908 -0.00838840007782
v -0.00185809994582 0.008944099769 -0.000315899989801
v -0.0131030995399 0.00248449994251 0.0130022000521
v -0.0142761999741 0.0129199000075 -0.0099160997197
v -0.00211160001345 -0.0490744002163 0.00640959991142
v -0.0104767000303 0.0225565005094 -0.00246759993024
v 0.0107506997883 -0.0165020003915 -0.00782729964703
v 0.0106626003981 0.0104142995551 0.00600929977372
v 0.0079980995506 0.0212156008929 -0.0044352998957
v -0.00278480001725 0.00243950006552 0.00389520009048
v -0.0104246996343 -0.0170948002487 -0.00761980004609
v -0.012179300189 0.000818700005766 -0.0111475996673
v -0.0151824001223 0.0145538002253 0.00331340008415
v 0.00535630015656 0.0363872982562 0.0034888999071
v -0.011222999543 -0.0291806999594 -0.00750039983541
v -0.00215839990415 0.0380822010338 0.00196249992587
v -0.00963979959488 -0.0194275006652 0.00746419979259
v 0.00170579995029 -0.0494350008667 -0.00485089980066
v 0.00658630020916 0.0321304015815 0.00847829971462
v 0.0102434996516 -0.0245028007776 0.00393870007247
v 0.015056299977 -0.0460379011929 -0.00725870020688
v 0.0147812999785 0.00695100007579 0.00731849996373
v 0.00112240004819 0.00245060003363 0.00157219998073
v -0.000726600002963 0.0244082994759 -0.00872350018471
v -0.00396770006046 -0.0494346991181 0.00377879990265
v -0.00774420006201 0.0174803007394 -0.0128848003224
v 0.00781190022826 0.0348255001009 0.00718169985339
v -0.0081530995667 0.037340901792 -0.00570659991354
v 0.0206841006875 0.0229148995131 0.00703539978713
v -0.00948079954833 -0.0222346000373 0.00566359981894
v -0.011341500096 -0.0239538997412 -0.00638310005888
v -0.0110157998279 -0.0303978994489 -0.00795440003276
v -0.00268279993907 0.0356363989413 0.00371340010315
v 0.0152850998566 0.0133526995778 0.00719230016693
v -0.0043048998341 -0.0373308993876 -0.0137548996136
v -0.0142293004319 0.00199560006149 0.0128421997651
v 0.0156574994326 0.0121210999787 -0.002285100054
v 0.0189372003078 0.0259530004114 0.0170598998666
v 0.0045531000942 0.0369668006897 0.00662600016221
v 0.011953400448 0.0382960997522 0.0134082995355
v 0.0101912003011 0.027079500258 0.00828170031309
v 0.00177950004581 0.0294186994433 -0.00792360026389
v 0.000886699999683 0.00726860016584 -0.0134132001549
v -0.0012256000191 0.00407089991495 -0.0142705999315
v 0.0169751998037 -0.0045694001019 -0.00267919991165
v -0.0102631002665 0.012503599748 -0.0138189001009
v 0.00636149989441 0.00248160003684 -0.0100841997191
v 0.0162898004055 0.0207930002362 0.0113049997017
v -0.006512099877 -0.044975399971 0.00446530012414
v 0.00564010022208 0.037270501256 0.0143138002604
v 0.0157182998955 0.0219991002232 0.0045472998172
v -0.0141000999138 -0.008958700113 -0.00629860023037
v 0.00667680008337 -0.0321296006441 0.00512079987675
v -0.00121849996503 -0.0410071015358 0.00613089976832
v 0.0144878001884 -0.0409662015736 -0.000852899975143
v 0.0157767999917 0.0235649999231 0.01199979987
v 0.0191309005022 0.00910400040448 5.80999985687e-05
v -0.0110640004277 0.0313449986279 -0.00122310000006
v 0.0070199999027 -0.0288201998919 -0.0121354004368
v 0.0132221002132 -0.0249671004713 -0.00185400003102
v 0.01312149968 0.0199484992772 -0.00264770002104
v -0.00627449993044 0.0364037007093 -0.00530119985342
v 0.00845490023494 -0.0424657985568 0.00622540013865
v -0.00527040008456 0.0209816992283 -0.0102674001828
v 0.00917350035161 0.0328892990947 0.0135362995788
v -0.0123289003968 0.0224050004035 -0.0103342998773
v -0.00233529997058 0.0339144989848 0.00293459999375
v -0.00550050009042 -0.00833049975336 0.0109989997
v 0.0152543997392 0.0275551006198 0.01593340002
v 0.0160939004272 0.0272163990885 0.011318099685
v 0.0141099998727 -0.0373166017234 -0.00616170000285
v 0.0168916005641 0.0289642997086 0.0183898992836
v 0.00223320000805 -0.024802999571 -0.0127296997234
v 0.0108874002472 -0.0333663001657 0.00246710004285
v 0.00328899989836 -0.0339335016906 0.00574909988791
v 0.0130836004391 -0.028112500906 -0.00203359988518
v 0.0166298002005 0.0299017000943 0.0144830001518
v 0.00854820013046 0.00249000010081 -0.00914900004864
v 0.0103654004633 -0.0336171016097 -0.0115940002725
v -0.0138071998954 -0.0195643007755 -0.00208940007724
v 0.00739279994741 0.0209143999964 0.00462550017983
v -0.00280579994433 0.00162540003657 -0.0147272003815
v 0.00182140001561 0.0105779003352 -0.0131451999769
v -0.0108490996063 -0.0238138996065 -0.00707319984213
v 0.00801210012287 0.0223015993834 -0.00395519984886
v -0.0119025995955 0.0310704000294 -0.00196800008416
v -0.00426589976996 -0.00855659972876 -0.0123493000865
v 0.00414540013298 -0.0402226001024 0.00664369994774
v 0.00144939997699 0.0126136997715 -0.0128717999905
v -0.0106998998672 -0.0281034000218 -0.00807289965451
v 0.013025900349 -0.0494055002928 -0.000250899989624
v -0.00128229998518 -0.0129966000095 0.00748960021883
v -0.0141308000311 -0.0179159007967 -0.00287139997818
v 0.00485779996961 -0.017933100462 0.00726839993149
v -0.00232809991576 -0.00737030012533 0.00810850039124
v -0.00525479996577 -0.0124840000644 -0.011233500205
v 0.0106429997832 -0.00714639993384 -0.00855769962072
v -0.00561610003933 0.0245232004672 -0.0100541003048
v 0.00646390020847 0.0107864998281 0.00353750004433
v -0.011511599645 -0.0422399006784 -0.00688030011952
v 0.00998659990728 -0.0267661008984 0.00348379998468
v -0.0181575994939 -0.00867579970509 0.00630619982257
v -0.00271359994076 0.0299954991788 -0.00264779990539
v 0.0103069003671 -0.0249701999128 -0.009606000036
v 0.0190072990954 0.0240844003856 0.00608329987153
v 0.00283019989729 -0.0376197993755 0.00626270007342
v -0.0122252004221 -0.0208509005606 -0.00498320022598
v 0.0117538003251 -0.0232033003122 0.00297840009443
v -0.00615510018542 -0.0494350008667 -0.00858020037413
v -0.0206014998257 0.00512980017811 0.00440320000052
v 0.0139583004639 0.0194129999727 0.0066802999936
v 0.00902500003576 0.00391600001603 0.00499700009823
v -0.0113068995997 -0.0299325007945 0.000227800002904
v -0.0111336000264 0.00979780033231 0.00409669987857
v 0.0049898000434 0.0282771997154 -0.00707319984213
v 0.00944560021162 0.0247962996364 0.00684149982408
v 0.0140354000032 -0.0493552014232 -0.00223369989544
v 0.0101191997528 -0.0227307006717 -0.00917220022529
v -0.0100293997675 -0.0316214002669 -0.00937459990382
v -0.00434429990128 -0.0243267007172 0.00573330000043
v -0.0011177000124 0.00726549979299 -0.0142579004169
v 0.00684679998085 0.030100600794 0.00761230010539
v 0.0003202999942 0.0378215014935 0.00973859988153
v -0.0107634002343 -0.0315739996731 -0.00843099970371
v -0.00392429996282 -0.0380968004465 0.00509870005772
v 0.0135672995821 0.0195176005363 0.00505150016397
v 0.0161809008569 -0.0106968004256 -0.00230769999325
v 0.00431350013241 0.0118616996333 0.00232620001771
v -0.00102520000655 0.0273222997785 0.00105900003109
v -0.00431940006092 -0.0412231981754 0.0051625999622
v -0.0196761991829 0.00634039985016 0.00324640003964
v -0.0055629000999 -0.00957429967821 0.0109465001151
v 0.00777019979432 0.00226789992303 0.00478419987485
v 0.00925690028816 -0.0410781987011 -0.0129575999454
v -0.014502399601 -0.01062740013 0.0101127000526
v 0.0101317996159 -0.0204863995314 -0.00867670029402
v -0.00663070008159 0.0436406992376 0.00381459994242
v -0.0116061000153 0.032591201365 -0.00845190044492
v 0.00243009999394 -0.0296535994858 -0.0132189001888
v -0.00234219990671 0.0462553985417 0.0141276000068
v 0.00356930005364 -0.0302491001785 -0.0131080998108
v 0.0125393001363 0.0164711996913 0.00575240002945
v -0.00949059985578 0.0462026000023 0.00332090002485
v 0.0134006002918 -0.0233069006354 -0.00264429999515
v -0.000992799992673 0.0436914004385 0.0166149996221
v -0.00684559997171 0.0181872993708 -0.000832499994431
v -0.0109983002767 -0.036294799298 -0.000635500007775
v -0.0183799006045 -0.00969769991934 0.00219510006718
v -0.00382070010528 0.0251937992871 -0.00444430019706
v 0.0132809001952 -0.0477720014751 -0.00994789972901
v 0.0105571998283 -0.0217346008867 -0.00856089964509
v -0.0052033001557 0.035346198827 -0.00228879996575
v 0.00782269984484 0.0229518003762 0.00583670008928
v -0.0139167001471 -0.00485630007461 -0.00794619973749
v -0.0141995996237 -0.00418320018798 0.0122757004574
v -0.0134824998677 0.0201814007014 0.0135872000828
v 0.00302330008708 -0.0494350008667 -0.00663769990206
v 0.00629180017859 0.0121082998812 0.00343649997376
v 0.00205200002529 -0.0357890017331 0.00599840003997
v 0.00508290017024 0.0312854014337 0.00211829994805
v -0.00263369991444 0.0254370998591 -0.00523350015283
v -0.00299339997582 0.0254493001848 -0.00189379998483
v 0.00709939980879 0.0338521003723 0.00725689996034
v -0.00241470010951 0.023836100474 -0.00642659980804
v -0.00539370020851 0.0234197992831 -0.010035299696
v -0.0136548001319 -0.0020433999598 -0.00923749990761
v -0.0107846995816 -0.03371720016 -0.00846880022436
v 0.0178011991084 0.00480369990692 0.00604039989412
v 0.00662739994004 0.0141174001619 -0.00768950022757
v 0.0106616998091 -0.0208925008774 0.00501260021701
v 0.00236340006813 -0.00522609986365 0.00485150003806
v 0.00394959980622 0.019567899406 -0.0093865999952
v -0.000794999999925 0.044672999531 0.00904920045286
v -0.0117683000863 -0.032770998776 -0.00154229998589
v 0.00130350003019 -0.0425077006221 -0.0150292003527
v 0.0157827995718 0.00275489990599 -0.00415020016953
v -0.0017464000266 0.020433800295 -0.000278799998341
v 0.0163979995996 0.00621860008687 -0.00327609991655
v -0.00403760001063 -0.00408829981461 -0.0135292997584
v -0.0109054995701 -0.0419484004378 -0.00066419999348
v 0.00822770036757 -0.0416648983955 -0.0134904999286
v -0.00159869994968 0.00451570004225 0.00152879999951
v 0.00944549962878 -0.0375428013504 -0.0125091001391
v 0.00436619995162 -0.0346538983285 0.00579530000687
v -0.00186349998694 0.0096549000591 -0.0142882000655
v -0.0030050999485 0.0142289996147 -0.0126275001094
v -0.0021160999313 -0.0494340993464 0.00452309986576
v -0.00783520005643 -0.0206042993814 -0.00977250002325
v -0.00320510007441 0.0451941005886 0.0125096002594
v 0.00106939999387 0.0134771000594 0.000374099996407
v 0.0204636994749 0.0274371001869 0.0159483999014
v 0.00571799976751 -0.0191264003515 -0.0111536001787
v -0.0134651996195 0.0156821999699 -0.0104868998751
v -0.0186272002757 0.0218302998692 0.00755839981139
v 0.0172026995569 0.0256223995239 0.0164400991052
v 0.01981870085 0.0224459003657 0.00523910019547
v -0.0177331008017 0.0288216006011 0.0112942000851
v -0.0136968996376 0.00879910029471 0.00116550002713
v 0.0108080999926 0.0288817994297 0.0102982996032
v -0.0182955991477 0.027739899233 0.0114475004375
v 0.0102361999452 -0.01662280038 0.0067329001613
v -0.0175221003592 -0.011802200228 0.00519210007042
v -0.010223899968 0.0247552003711 -0.0111440997571
v 0.00559120019898 0.035624101758 0.00244239997119
v 0.000673300004564 0.0364803001285 -0.00303140003234
v 0.00326290004887 0.00891679991037 -0.0123993000016
v 0.0154512999579 0.0246831998229 0.011633399874
v 0.000688600004651 0.0155464997515 -0.0118570001796
v -0.00775239989161 0.0150803998113 -0.0137011995539
v -0.00400809990242 0.0046791001223 0.00358800007962
v -0.0109793003649 -0.0451813004911 -0.00828349962831
v 0.0167769994587 0.0272103995085 0.0178126003593
v -0.0137117002159 0.00998730026186 -0.0112982001156
v -0.000881400017533 0.0187695994973 0.000127399995108
v 0.0143600003794 0.0156233999878 0.00746090011671
v 0.00551600009203 0.039028801024 0.0156119996682
v 0.0101813999936 -0.0143515001982 -0.00864920020103
v -0.0161662995815 0.0178839992732 0.0133822001517
v -0.0110662998632 -0.0346449017525 -0.00799330044538
v 0.0109198000282 -0.00255899992771 -0.00838140025735
v -0.0143577000126 0.0137662002817 0.0126732997596
v 0.0107345003635 -0.0107647003606 -0.00850810017437
v 0.0125569002703 -0.0444069989026 0.00384719995782
v 0.00932530034333 -0.0488972999156 -0.0128667000681
v -0.0121994996443 0.0332629010081 -0.000558600004297
v -0.010914100334 0.0423309989274 -0.0014543000143
v -0.00878260005265 -0.0100806001574 -0.00970030017197
v 0.00635010004044 0.0324257984757 -0.00100379996002
v -0.000293999997666 0.0256293006241 0.00101280002855
v 0.00240499991924 -0.0484867990017 0.00752920005471
v -0.000892299984116 0.0324860997498 -0.00492940004915
v 0.0118024004623 -0.0139161003754 -0.00746840005741
v -0.0133300004527 -0.00501579977572 0.0124431001022
v -0.00396650005132 0.0437800996006 0.0121037997305
v 0.0158441998065 -0.01238979958 0.00375290005468
v 0.000487699988298 -0.049434799701 0.00454400014132
v -0.00276049994864 0.00800229981542 -0.000128500003484
v -0.0122098997235 0.0249716006219 0.00889329984784
v -0.00615279981866 0.0124393003061 -0.0144025003538
v 0.0162543002516 -0.0113223996013 0.00371289998293
v -0.00236409995705 0.023610599339 -0.00184140005149
v -0.011649900116 0.0237655993551 0.0105082001537
v -0.0106309996918 -0.0151997003704 0.00988909974694
v 0.0128488000482 -0.0200836006552 0.00284529989585
v 0.0108987996355 0.038496401161 0.0110317999497
v -0.0131013002247 0.00896480027586 -0.0119537999853
v -0.00262699997984 0.00502290017903 0.00199669995345
v 0.0110151004046 -0.0147834001109 -0.0079190004617
v 0.00143449997995 0.0390896983445 -0.000335699995048
v 0.00408690003678 0.0347326993942 -0.00427770009264
v -0.0202361997217 0.00848460011184 0.00843039993197
v -0.00350470002741 0.0194367002696 -0.00892749987543
v -0.0087932003662 0.0446502007544 0.00759059982374
v 0.00492329988629 0.0346915014088 -0.00368060008623
v -0.016192600131 -0.0151551002637 0.00479009980336
v 0.000449100014521 0.0399661995471 0.0137144997716
v 0.00659759994596 0.0313782989979 0.00742689985782
v 0.0161624997854 -0.000725899997633 -0.00439010001719
v -0.00633380003273 0.0101146996021 -0.0150204002857
v -0.00248409993947 -0.0359457992017 0.00543509982526
v 0.0183068998158 0.0173180997372 0.00914500001818
v -0.0119788004085 0.0240768007934 0.0114452000707
v 0.00641029980034 -0.0111846998334 0.00798860006034
v 0.0115021001548 -0.0116868996993 -0.00801809970289
v -0.0143381999806 0.0140933003277 -0.00577169982716
v 0.00684079993516 -0.00788860023022 -0.0101522002369
v -0.018546000123 0.0222757998854 0.00863999966532
v -0.0109363999218 0.043648801744 -0.000144499994349
v 0.0167282000184 0.00303389993496 -0.00351519999094
v 0.0158025007695 0.0215507000685 0.0112340999767
v -0.00609889999032 0.0171003993601 -0.0123933004215
v 0.0165451001376 0.00737999984995 -0.0029839000199
v -0.0118233002722 0.0408084988594 -0.00215870002285
v -0.0109262000769 0.0405013002455 -0.00296130008064
v -0.0109446998686 -0.0406920984387 -0.008280900307
v 0.011932999827 -0.0212887004018 -0.0070317001082
v 0.0187043994665 0.000558900006581 0.000357999990229
v -0.00171940005384 -0.0399930998683 0.00589569984004
v 0.00680809980258 -0.0148769998923 0.00778520014137
v 0.0153377996758 0.0154699999839 -0.0007366000209
v -0.00763770006597 -0.00307559990324 -0.0123186996207
v -0.00651230011135 -0.0468763001263 0.00480159977451
v 0.00177950004581 -0.0260141994804 -0.0129642002285
v -0.0198692008853 -0.000409000000218 0.00871390011162
v 0.0167143996805 0.0157108008862 -0.000696400005836
v -0.00706630013883 0.0235626995564 -0.0018485999899
v 0.000116299997899 4.37000016973e-05 -0.0135661996901
v -0.00297509995289 0.0243928004056 -0.00547070009634
v -0.00220440002158 0.00125039997511 0.0040401997976
v -0.00493060005829 -0.0113926995546 0.0103035997599
v 0.012899200432 -0.00896140001714 -0.00699219992384
v 0.0163371004164 0.0183349996805 0.00941869989038
v -0.0141126997769 0.0185985006392 -0.00691650016233
v 0.00485489983112 -0.0267686992884 -0.0122878002003
v -0.00269169989042 -0.0186806004494 0.00710509996861
v -0.0182597003877 -0.00590839982033 0.00803859997541
v 0.00489060021937 -0.0181143004447 -0.0114612001926
v -0.0134458998218 0.0226750001311 -0.00877320021391
v -0.0139490999281 0.0220215003937 -0.00688009988517
v 0.011686399579 -0.00702159991488 -0.00802099984139
v 0.011828799732 -0.00330440001562 -0.0079458002001
v 0.0205346997827 0.0230314992368 0.0126235997304
v 0.0161764007062 0.0110545000061 -0.00242880010046
v 0.00296019995585 0.000175499997567 -0.0120957000181
v 0.0167337991297 0.0224411003292 0.00422170013189
v 0.0168405007571 0.0236613992602 0.00588179985061
v 0.00664260005578 0.0334153994918 0.00834670010954
v 0.00825239997357 0.0131534999236 0.00476170005277
v -0.0142545001581 0.0274932999164 0.0120532000437
v 0.0192285999656 0.00422099977732 0.00164050003514
v 0.00215610000305 0.00237379991449 0.00179320003372
v 0.0180606991053 0.0210934001952 0.00274919997901
v -0.00833129975945 -0.0262532997876 0.00431190012023
v -0.0149467000738 0.0246051996946 0.00533309997991
v -0.00401950022206 -0.0494139008224 -0.012453599833
v 0.00627529993653 0.00437609991059 0.0035192000214
v -0.00587810017169 0.0402412004769 0.00133460003417
v -0.00745399994776 0.0400311984122 -0.00317010004073
v 0.0160431992263 0.0244704000652 0.00797730032355
v -0.00641909986734 0.0192804001272 -0.000914299977012
v 0.0101642999798 -0.0156020000577 -0.0085228998214
v -0.0149247003719 -0.00741779990494 0.0109759001061
v -0.0111979003996 -0.0430882014334 -0.00776300020516
v -0.00301470002159 0.0113939996809 -0.00016520000645
v -0.0116253998131 0.0138483000919 -0.0126820001751
v -0.00243799993768 -0.00546049978584 0.00796059984714
v -0.000731799984351 0.0391738004982 0.0124140996486
v 0.0170642007142 0.0288872998208 0.0124551001936
v 0.0139704998583 0.0270450003445 0.00623939977959
v -0.00499049993232 0.0325442999601 -0.00604380015284
v 0.0135770998895 -0.0331660993397 -0.0046932999976
v -0.000180999995791 -0.0494350008667 0.00340069993399
v 0.00643120007589 0.0355826988816 0.011520399712
v -0.0113963996992 0.0360588990152 0.00142079999205
v 0.00684170005843 -0.0175672005862 -0.0105768004432
v -0.0164531990886 0.00211009988561 0.0119834998623
v 0.010392899625 0.00394980004057 -0.00818710029125
v 0.0125823998824 0.0219273995608 -0.00347379990853
v 0.00389720010571 0.000597400008701 0.00300169992261
v 0.000146999998833 -0.000820300017949 -0.0135724004358
v 0.0164334997535 -0.00988870020956 -0.00212770001963
v -0.00744350021705 -0.0367125011981 0.0032152000349
v -0.00347070000134 0.0444872006774 0.0117538999766
v 0.00910960044712 0.0296422000974 -0.000252500001807
v 0.00695650000125 0.016057100147 0.0044538998045
v -0.0150653002784 0.0215632002801 0.0140533996746
v 0.0130263995379 0.0171271990985 -0.00259270006791
v 0.00695980014279 0.0416062995791 0.019991999492
v -0.0116419000551 0.012423899956 0.0100897001103
v -0.00954669993371 -0.0361206009984 0.00139140000101
v -0.00622349977493 0.0413079001009 -0.000372200011043
v 0.00712099997327 -0.0278094001114 0.00472699990496
v -0.00101400003769 -0.049155998975 0.00669049983844
v 0.013412299566 -0.0227940995246 -0.00376129988581
v -0.0100640999153 0.00937779992819 0.00381279992871
v 0.0082387002185 -0.0289485994726 -0.0118019003421
v 0.0134904002771 -0.0221075005829 -0.00265259994194
v 0.00248860009015 -0.0189577993006 -0.0124973999336
v 0.00709450012073 0.0355678014457 0.0093218004331
v -0.0148468995467 0.0258745998144 0.00599130010232
v -0.0114786997437 0.0306183006614 -0.00935189984739
v 0.00924040004611 0.0116494996473 -0.00750319985673
v 0.0187982991338 0.00425070011988 0.00429630000144
v 0.0194741003215 0.0254589002579 0.0163109991699
v 0.00482780020684 0.0387049987912 0.0178028997034
v -0.0185704994947 0.00943010021001 0.010871199891
v -0.0128891998902 0.0331757999957 -0.00161210005172
v -0.0109171001241 0.0290353000164 -0.00193699996453
v -0.0160322003067 0.00210290006362 -0.00709560001269
v -0.013207600452 0.00951439980417 0.00197779992595
v -0.00762889999896 -0.0494350008667 -0.00189940002747
v -0.0181473009288 0.00754320016131 0.0111320996657
v -0.0135233998299 0.0168692991138 -0.00998259987682
v -0.0138162998483 0.0229658000171 -0.00764180021361
v -0.0113014001399 0.0236172005534 -0.00255049997941
v -0.00680179987103 0.0388919003308 0.00306720007211
v -0.00459829997271 -0.0197964999825 0.00717059988528
v 0.00707270018756 0.0404454991221 0.0157977007329
v 0.0176723003387 0.00429200008512 -0.00261690001935
v 0.0158418994397 0.00712089985609 0.00725180003792
v 0.0108976997435 0.015046400018 0.00595169980079
v -0.00668280012906 -0.00256439996883 -0.0129057001323
v 0.0183425005525 0.0292429998517 0.0126761998981
v 0.00677300011739 0.0293394997716 0.00348330009729
v -0.0139154000208 0.0233993008733 0.0138526996598
v 0.0171128995717 -0.00891789980233 0.00339359999634
v -0.00725839985535 0.0158542003483 -0.0133633995429
v 0.0171879995614 0.00951000023633 0.00657679978758
v -0.0121643999591 -0.0214780997485 0.0041809999384
v 0.00494789984077 0.0386702008545 0.0035989000462
v -0.00501109985635 -0.0494350008667 0.000784099975135
v 0.0143459998071 -0.0112322000787 0.00630019977689
v -0.0111573999748 -0.0463625006378 -0.00792749971151
v 0.00182620005216 -0.0494350008667 -0.0061435000971
v 0.00582729978487 -0.0491071008146 -0.014065399766
v 0.0172575004399 0.0127713000402 0.00709450012073
v -0.00675080018118 -0.0339784994721 -0.0123854000121
v -0.00017939999816 -0.00725260004401 0.00565390009433
v -0.0199188999832 0.010927000083 0.00539570022374
v -0.00110650004353 0.0294912997633 -0.0061917998828
v 0.0102353002876 -0.0325655005872 0.00308830011636
v 0.0144953001291 -0.00126319995616 -0.00581890018657
v 0.00509129976854 0.0374679006636 0.0176059007645
v 0.010932199657 0.0166205000132 0.00488879997283
v 0.00693070003763 0.0372084006667 0.0200890991837
v 0.00463620014489 0.0378488004208 0.00037059999886
v -0.0023014000617 -0.0494350008667 -0.011117500253
v -0.00180820003152 -0.0374879986048 -0.0144052002579
v -0.0105718001723 -0.0460738018155 -0.00906519964337
v 0.000356700009434 0.00483179977164 0.000762199983001
v 0.00709349988028 0.0380661003292 0.0118324002251
v 0.0105895996094 0.01793500036 0.00418689986691
v 0.00228539993986 0.0304690003395 -0.00741029996425
v -0.0138681000099 0.0271953009069 -0.00537010002881
v -0.0192808993161 0.0119836004451 0.00477320002392
v -0.00353430001996 -0.0421218015254 0.00557080004364
v 0.0157581996173 -0.0467481017113 -0.00332179991528
v 0.0024011998903 -0.0293917004019 0.00537959998474
v -0.0156558007002 -0.0165976006538 -0.000430599990068
v -0.00290600000881 -0.0239857006818 -0.0127211995423
v -0.0123461997136 -0.0286720991135 -0.00431990018114
v -0.00467860000208 0.00265350006521 0.00680550001562
v 0.0176464002579 0.0162844005972 0.00854749977589
v 0.0149406995624 -0.00290179997683 0.00743919983506
v 0.0170578006655 0.0274622999132 0.0104898996651
v -0.01120490022 0.0208992995322 0.0103294998407
v -0.00843549985439 -0.0074172001332 0.0122673995793
v 0.00207510008477 0.00987459998578 0.000843000016175
v -0.0124185997993 -0.0275894999504 -0.00388929992914
v 0.0116886002943 0.0251412000507 -0.00315989996307
v -0.0138082997873 0.0287800002843 -0.00592629984021
v 0.0161713995039 -0.0123025001958 -0.00132130004931
v -0.00774660008028 -0.0123103000224 -0.00996689964086
v -0.00164290005341 0.029357900843 0.000741700001527
v -0.0183335002512 -0.00474999984726 -0.00121709995437
v 0.0158679001033 0.0272784996778 0.0170095991343
v 0.00819060020149 0.0414126999676 0.0202469993383
v -0.0120147997513 -0.0286883991212 -0.000797800021246
v 0.00659020012245 0.0305441003293 0.00644360017031
v 0.0182412005961 -0.00317230005749 0.00330260000192
v 0.00217059999704 -0.0345173999667 0.0058388998732
v 0.00890589971095 -0.0494350008667 0.000597000005655
v -0.00371469999664 -0.0191290993243 -0.0116838999093
v 0.00689970003441 0.0308622997254 0.00861840043217
v 0.0172204002738 0.0281971991062 0.0184454992414
v 0.00323239993304 -0.00448110001162 0.00488260015845
v 0.00984410010278 0.029069500044 -0.00111049995758
v -0.0107701998204 -0.048812199384 -0.000634700001683
v -0.00148570002057 -0.0435938984156 0.00642469990999
v -0.0115000000224 0.0185621008277 0.00784489978105
v 0.010307200253 -0.0086578996852 0.00822039972991
v -0.00269709993154 -0.0249495003372 0.00568700022995
v -0.0139271002263 0.023195900023 -0.00643050018698
v 0.0152612999082 -0.0148739004508 -0.0019570000004
v 0.0172766000032 -0.00925400014967 0.00224839989096
v 0.00854520034045 0.0345592983067 0.0166542995721
v -0.00300500006415 0.00986390002072 -0.0145597001538
v -0.00637029996142 -0.032700099051 -0.0125415995717
v 0.0111071001738 -0.00780609995127 0.00820710044354
v 0.0079261995852 0.0275327991694 -0.000687099993229
v 0.00731199979782 0.0319712013006 0.00485750008374
v -0.00319850002415 -0.0494296997786 0.00448550004512
v -0.000322900013998 -0.0494350008667 0.00136770005338
v -0.00680290022865 -0.0471018999815 -0.0127892997116
v -0.0121323997155 0.0171092990786 -0.0115603003651
v 0.0115588000044 -0.0203457996249 0.0045079998672
v 0.0160409994423 0.0304442998022 0.0171936992556
v 0.0154868001118 -0.00489309988916 -0.00468039978296
v 0.0101774996147 0.0350011996925 0.0173697993159
v -0.00760960020125 0.0380939990282 -0.00486780004576
v -0.0177985001355 0.0237901993096 0.00679490016773
v -0.00555639993399 0.0302984006703 -0.00853530038148
v 0.00888899993151 -0.00770829990506 0.00812199991196
v -0.0132705997676 0.0353609994054 -0.00132449995726
v 0.00412799976766 -0.0339442007244 -0.0136128999293
v -0.0114366002381 0.0187292005867 -0.00327989994548
v -0.0200229007751 0.0120668997988 0.00590670015663
v -0.000780800008215 0.0325414985418 0.00320039992221
v 0.00887770019472 -0.0279850997031 -0.0113306995481
v 0.0201555006206 0.0159553997219 0.00266189989634
v -0.00256819999777 0.00877290032804 -0.0146506996825
v 0.00949820037931 0.0199910998344 0.00508680008352
v -0.0185135006905 -0.00661360006779 0.000294099998428
v -0.0138082001358 -0.00802799966186 -0.00687889987603
v 0.0194074008614 0.0175918005407 0.00883600022644
v 0.00481430022046 -0.012408499606 -0.0116095002741
v -0.00718499999493 0.0221416000277 -0.00222599995323
v -0.00205940008163 -0.0494350008667 -0.0035214999225
v 0.0168971996754 0.00538159999996 0.00675889989361
v 0.00742960022762 -0.0104590998963 0.00809189956635
v 0.00900749955326 -0.0172243993729 0.00700219999999
v -0.000147900005686 -0.0203572995961 0.00617859978229
v -0.00845559965819 -0.0166884995997 -0.00924899987876
v -0.0109984995797 0.0387671999633 0.00325730000623
v -0.0111809996888 0.038262501359 -0.004718599841
v 0.0173233002424 0.0121954996139 -0.00153410003986
v -0.0115528004244 0.0209001991898 0.011473399587
v 0.0165857002139 0.00188130000606 -0.00378170004115
v -0.0136650996283 -0.0139266997576 0.0091116996482
v 0.0104200001806 0.0375399999321 0.00901400018483
v 0.000846999988426 -0.00623759999871 -0.0133130997419
v -0.0113025000319 -0.0478474982083 -0.00117549998686
v -0.00331899989396 -0.0494350008667 -0.00846329983324
v -0.0145896999165 0.00307739991695 -0.00955289974809
v 0.00936179980636 -0.0136740002781 -0.00921440031379
v -0.00634999992326 0.0290932003409 -0.00163870002143
v 0.0166939999908 0.00856400001794 -0.00269089988433
v -0.0114570995793 0.0372126996517 0.0018956999993
v 0.000888800015673 -0.0186924003065 0.00661610020325
v -0.0115032000467 0.0106210997328 0.000204299998586
v 0.00382460001856 -0.0494350008667 0.00331879989244
v 0.00324789993465 -0.0473875999451 -0.0152572998777
v -0.011333799921 -0.0339369997382 -0.000855299993418
v -0.00587060023099 -0.0302213001996 -0.0126032996923
v 0.0126857003197 0.0325148999691 0.012434899807
v 0.0192451998591 0.0279747005552 0.0181301999837
v -0.0120051996782 0.0353128984571 -0.0065127001144
v -0.0131198996678 0.01205150038 -0.0117503004149
v -0.00259219994769 -0.0273400004953 -0.013462100178
v 0.00780169991776 0.0186487995088 -0.00536070019007
v 0.00555599993095 0.0403827987611 0.0170024000108
v 0.0144068002701 0.0189465992153 0.0078793996945
v -0.00417109997943 -0.0413765981793 -0.0139683997259
v -0.012902200222 -0.00798549968749 -0.00758029986173
v 0.00426279986277 -0.0494350008667 -0.00708050001413
v -0.00775940017775 -0.034283798188 -0.0117217004299
v 0.0183298997581 0.00427719997242 0.00525479996577
v -0.0198167003691 0.0142580997199 0.00604629982263
v 0.00662390002981 0.0341489985585 0.00940059963614
v 0.00965679995716 0.0403093993664 0.0197298005223
v 0.0139913996682 -0.00758690014482 -0.00598050002009
v 0.00991670042276 0.0382069982588 0.0100598996505
v 0.0164751000702 -0.0077464999631 0.00525469984859
v 0.0162151996046 -0.00696140015498 -0.00337329995818
v -0.00617239996791 -0.00728699984029 -0.0118536995724
v -0.00379360001534 0.0008670000243 -0.0146006997675
v 0.00202880008146 -0.0122001999989 0.0068649998866
v -0.0119045004249 0.0101586002856 0.00336369988509
v -0.0117092998698 -0.036221601069 -0.00634879991412
v 0.00981719978154 -0.0494350008667 0.0012309999438
v 0.0102382004261 -0.0393422991037 -0.0122338002548
v 0.00437689991668 -0.0308030992746 0.00532210012898
v -0.0114839999005 -0.0366679988801 -0.00175379996654
v 0.00397730013356 -0.0494350008667 -0.00589579995722
v -0.0112701999024 -0.00846160016954 -0.00853659957647
v 0.0137467999011 0.0323830991983 0.00516270007938
v 0.00647909985855 0.0349223017693 0.012766700238
v -0.0117920003831 0.0136610995978 0.0103874998167
v 0.00449849991128 0.039543800056 0.00672840001062
v -0.00706310011446 0.00498339999467 -0.0145982997492
v 0.00138489995152 0.0226118993014 7.39000024623e-05
v -0.00295770005323 0.044534098357 0.0109061002731
v -0.0115363998339 0.00779820000753 -0.0130888000131
v 0.00903279986233 -0.0201542004943 -0.00953250005841
v 0.00870110001415 -0.022036600858 0.00551850022748
v -0.0119083998725 0.00564699992537 -0.0123015996069
v 0.00658409995958 -0.0490984991193 0.0068634999916
v -0.0118166999891 -0.0370047986507 -0.00302900001407
v 0.00548639986664 -0.0353996008635 0.00579900015146
v 0.00815800018609 -0.0248649008572 -0.0108898002654
v 0.0047984002158 0.0377572998405 0.00589169980958
v -0.0140886995941 -0.000929499976337 0.01281309966
v 0.00876959972084 0.0263627003878 -0.00222359993495
v 0.00628999993205 0.0289744995534 -0.00194370001554
v 0.000586299982388 -0.0494350008667 0.000833700003568
v 0.00469249999151 0.018314300105 0.00319539988413
v -0.000523500028066 -0.0494350008667 0.00024090000079
v -0.00315969996154 -0.0262055005878 -0.0131384003907
v -0.00468529993668 -0.0494350008667 -0.00623829988763
v 0.00265810010023 0.00990159995854 -0.0128375999629
v 0.0142270000651 0.00992080010474 -0.0040200999938
v -0.000286800001049 -0.0311376992613 0.00552750006318
v 0.00237059989013 0.0231117997319 -0.00974259991199
v -0.0110660996288 0.0267843008041 -0.00215489999391
v -0.000826100003906 -0.0494346991181 0.00452610012144
v 0.0101674003527 -0.0455793999135 0.0059233000502
v 0.0174029003829 -0.00652639986947 -0.00120599998627
v 0.0072134998627 0.0220666006207 0.00514579983428
v -0.011674599722 -0.0373146012425 -0.00631640013307
v -0.00944940000772 -0.0170527994633 -0.00848389975727
v 0.00332519994117 -0.0313570983708 0.00546110002324
v 0.0112009001896 -0.00474479980767 -0.00827059987932
v -0.00209289998747 0.0408468991518 0.014596699737
v 0.00229580001906 -0.0494350008667 -0.0087882000953
v -0.00621950021014 -0.0393805988133 -0.0129389995709
v -0.0186084993184 -0.0081200003624 0.00546590005979
v -0.00497889984399 0.0241119004786 -0.00918050017208
v 0.00945890042931 -0.027018699795 -0.0107770999894
v 0.00246659992263 0.0206658001989 0.00126219994854
v 0.00330469990149 0.0124471001327 0.00167280004825
v 0.00403749989346 -0.0494337007403 -0.0123057002202
v 0.0169635005295 0.00103959999979 0.00637170020491
v -0.00288949999958 0.0388636998832 0.00513370009139
v -0.00284259999171 -0.000409500004025 0.00600400008261
v 0.000198299996555 0.0325616002083 0.00388640002348
v 0.00798140000552 -0.00802200008184 -0.00957950018346
v 0.0176004003733 0.00327880005352 -0.00279329996556
v -0.00383520009927 -0.0230816993862 0.00597930001095
v 0.00660029985011 0.0384717993438 0.0130463000387
v 0.000277299986919 0.00502939987928 -0.0134167000651
v -0.0024556000717 0.0369018986821 0.00161429995205
v 0.0146609004587 -0.0473350994289 0.00112200004514
v -0.0107752000913 -0.00315489992499 -0.0107667995617
v 0.0055614002049 0.0203124992549 -0.00739450007677
v -0.0125965001062 0.0258399993181 -0.00314179994166
v 0.0128065003082 -0.0325958989561 -0.000954199989792
v -0.0109235001728 -0.035648599267 -0.00825269985944
v -0.0129754999653 0.012474199757 0.00349309993908
v -0.00573030021042 -0.00603079982102 0.0111763002351
v 0.00777040002868 0.0313008017838 0.0106250997633
v -0.00267480011098 0.0344619005919 0.000992299988866
v 0.000231199999689 0.0388073995709 -0.0002771000145
v -0.0124014997855 0.0141901001334 0.00437150010839
v 0.00157339998987 0.00456489995122 0.000989199965261
v -0.00970389973372 -0.041187401861 -0.0101183997467
v 0.00100769998971 0.000530700024683 -0.0130254998803
v 0.0134616000578 -0.0215130001307 -0.00383240007795
v 0.00647239992395 0.0396508015692 0.0150295998901
v -0.0111082997173 0.0254887007177 -0.010727699846
v -0.0144560998306 0.00818180013448 -0.0102522997186
v 0.00532800005749 0.0125799998641 -0.00967849977314
v -0.0152668002993 0.00865460000932 -0.00617490010336
v 0.00592900021002 -0.0260182991624 0.00509750004858
v 0.00847929995507 -0.00696700019762 -0.00934350024909
v 0.000778099987656 0.0260205995291 0.00157960003708
v 0.0119184004143 0.00199280004017 0.00679669994861
v -0.011421199888 -0.0097246998921 -0.00802620034665
v 0.000883899978362 0.0181258004159 0.000676500028931
v -0.00429429998621 0.0113145997748 -0.0144188003615
v -0.0115240002051 -0.041513800621 -0.00227420008741
v 0.00655290018767 0.0297586992383 0.00548949977383
v -0.0148443998769 0.000125499995193 0.0126158995554
v -0.0150806000456 0.0266805998981 0.013575299643
v 0.0180737003684 0.0225137006491 0.00407990021631
v 0.000797500018962 0.0323567986488 -0.00645009987056
v 0.0052737002261 -0.0224935002625 -0.0116093996912
v 0.0124233001843 -0.019589100033 0.00388780003414
v -0.00639849994332 -0.0269063003361 0.00488580018282
v 0.015189900063 0.000176300003659 0.00732919992879
v 0.017491100356 -0.0080682002008 0.00271579995751
v -0.000164400000358 -0.0127897001803 0.00700649991632
v 0.00791260041296 -0.0439653992653 -0.0138646000996
v 0.0093494001776 0.0128993000835 -0.00706510012969
v 0.00485800020397 0.0354733988643 0.00538960006088
v 0.0175902992487 -0.0082345996052 0.00154249998741
v 0.0174956005067 -0.00842150021344 0.000435299996752
v -0.0114646004513 -0.0440140999854 -0.00191450002603
v -0.00858789961785 0.03641679883 0.0023358000908
v 0.0177545007318 -0.00728429993615 0.000802399998065
v -0.00246120011434 -0.0402388013899 -0.014435400255
v 0.000790100020822 -0.0494346991181 -0.0125390999019
v 0.0182773992419 0.0284103993326 0.0185554996133
v 0.0013595999917 -0.048246499151 0.00748950010166
v -0.00222039991058 0.0284003000706 9.8500000604e-05
v -0.00099880003836 0.00171540002339 -0.0141235003248
v 0.00482399994507 0.0161883998662 0.00318569992669
v 0.0126010999084 -0.000947799999267 0.00771690020338
v -0.0115686003119 -0.020703099668 -0.00602689990774
v 0.0132141001523 -0.0260387007147 -0.00225350004621
v -0.0113762002438 0.0219100005925 0.00811349973083
v -0.0204188004136 0.00927290041 0.00789640005678
v -0.00715979980305 0.00134529999923 -0.0137606998906
v -0.00449120020494 0.0296027995646 -0.00372819998302
v -0.0117028001696 -0.0210919007659 0.00504430010915
v -0.0115662999451 -0.0457645989954 -0.00205549993552
v 0.0191856995225 0.0305417999625 0.0172576997429
v -0.00612509995699 0.0354028008878 -0.0059107998386
v -0.00207070005126 0.0449131987989 0.0106932995841
v 0.0128381000832 -0.0135300997645 -0.006589199882
v -0.00455609988421 -0.022844299674 -0.0118982000276
v 0.00101010000799 -0.0218560993671 -0.0128924995661
v -0.00600069994107 -0.0203757006675 -0.0108792996034
v -0.0113879004493 -0.022099500522 0.00448280014098
v 0.0103433998302 -0.0420566014946 0.00517590017989
v 0.0169657003134 0.0151124000549 0.00811749976128
v 0.00370140001178 -0.0185708999634 -0.0120371999219
v 0.00276509998366 -0.0494350008667 -0.00168610003311
v -0.00317519996315 0.0275075994432 -0.00365100009367
v 0.0113671999425 -0.0426116995513 0.00454739993438
v 0.00394040020183 -0.0427053011954 0.00702090002596
v 0.0129730002955 0.0174307003617 0.00558579992503
v -0.0111723002046 -0.0250192992389 -0.00679629994556
v 0.00152859999798 0.0314612016082 -0.00702839996666
v -0.014635800384 0.0108358003199 -0.0040474999696
v -0.00673480005935 -0.00128109997604 -0.0132254995406
v -0.0187790002674 0.0203331001103 0.00633329991251
v 0.0100896004587 0.00854699965566 0.00566879985854
v 0.0178398992866 -0.00123149994761 -0.00187889998779
v -0.0112792998552 0.0220197997987 0.0103884004056
v -0.0029698999133 0.02624640055 -0.00441889977083
v -0.0209560003132 0.00442489981651 0.00622199987993
v -0.01438840013 0.0221449993551 0.00464319996536
v -0.0137203997001 0.0233535002917 -0.00523430015892
v 0.00532240001485 0.0235753003508 -0.00779539998621
v 0.0208400003612 0.0226438008249 0.0114612001926
v 0.0135241001844 -0.0215875003487 -0.00152409996372
v 0.00811319984496 -0.0494350008667 0.00328329997137
v -0.0123720997944 -0.0142454002053 -0.0061901002191
v -0.00866900011897 0.0389541015029 -0.0045317998156
v 0.0173269007355 0.00648749992251 -0.00257829995826
v -0.0115050002933 -0.0260569006205 -0.00642989994958
v -0.0187260005623 0.0189344994724 0.0112584000453
v 0.00345689989626 -0.0197969004512 -0.0121238995343
v -0.00776909990236 -0.0414464995265 0.0031002999749
v 0.0110288998112 -0.0304975993931 -0.0106576997787
v 0.001719999942 0.0412641987205 0.00243319990113
v -0.0161444991827 -0.000420900003519 -0.0065683000721
v -0.0129378000274 0.0246323999017 -0.00362430000678
v 0.00600610021502 0.037754599005 0.0134838996455
v 0.00724990013987 0.0337647981942 0.0125954998657
v 0.00122139998712 0.0163642000407 -0.0114801004529
v 0.018571799621 0.00895509961993 -0.00107270001899
v 0.00127909996081 -0.019422499463 -0.0127189997584
v 0.0178561992943 0.0104777999222 0.00609980011359
v -0.00972899980843 -0.0494300983846 -0.00554289994761
v -0.0113436002284 -0.027959600091 -0.00710610020906
v 0.0178970005363 0.0100301001221 -0.00159809994511
v -0.00291080004536 0.0187357999384 -0.00954909995198
v 0.0056541999802 0.0337678007782 -0.00372190005146
v -0.00665109977126 -0.0281230993569 0.00453210016713
v 0.00586380017921 -0.00779860001057 -0.0108088003471
v 0.00777339981869 0.0273851007223 0.00672509986907
v -0.0189414992929 0.017669999972 0.0112314997241
v 0.00618629995733 0.0310795996338 -0.00446770014241
v -0.0189730003476 0.0168519001454 0.00520970020443
v 0.00863999966532 -0.0494350008667 -0.001420399989
v -0.00642690015957 -0.0016080000205 0.0113441003487
v -0.0181811004877 0.0160901006311 0.0121096000075
v 0.0132283000275 -0.0189427994192 0.00306309992447
v -0.013333699666 0.0256423000246 -0.0040986998938
v -0.0198755990714 0.0153708001599 0.0065987999551
v -0.0143632004037 0.0106538003311 -0.0102655002847
v -0.0130396001041 0.0184001997113 0.0048497999087
v -0.0129391001537 0.0382036007941 -0.00269160000607
v -0.0141757996753 0.0119088999927 0.0123036997393
v 0.0156493000686 0.0111600002274 0.00702890008688
v -0.0118960002437 -0.0323452018201 -0.00599419977516
v 0.0021001000423 0.0430500991642 0.014481600374
v -0.0118720997125 -0.0472679995 -0.00429389998317
v -0.0117837004364 -0.0411775000393 -0.00527090020478
v -0.00489210011438 -0.0250343997031 -0.0122247003019
v 0.0162863004953 -0.004571700003 -0.00374320009723
v 0.0133103998378 -0.0417814999819 -0.0097518004477
v -0.00935600046068 0.0100790001452 -0.0145693998784
v -0.00651110010222 -0.0239110998809 -0.0111284004524
v -0.00327620003372 0.00805880036205 -0.0149247003719
v 2.04000007216e-05 0.00600889977068 0.000329500006046
v 0.00573639990762 0.0242228992283 0.00356029998511
v -0.0191171001643 0.0143688004464 0.00503240013495
v -0.00310770003125 0.00621910020709 0.00151079997886
v 0.0211033001542 0.0238566007465 0.0116296000779
v -0.013882599771 0.0276078991592 0.0101666999981
v -0.0134992999956 0.0289536006749 -0.00412000017241
v 0.00124290003441 0.00571769988164 0.00063239998417
v -0.00501319998875 0.0343428999186 -0.00308159994893
v 0.00311310007237 -0.0193195994943 0.00669729989022
v -0.0119581995532 0.0210775006562 -0.00363779999316
v 0.0166929997504 0.0191341005266 0.0103037003428
v -0.0113407000899 -0.0336757004261 -0.00744850002229
v -0.0107396999374 -0.0338606014848 0.000178100002813
v -0.0182354003191 0.0123559003696 0.00398320006207
v 0.010005700402 0.0249499995261 -0.00347139989026
v 0.00380699988455 -0.0415697991848 -0.0147363003343
v 0.000801999995019 -0.0230279006064 -0.0129797998816
v -0.0117963002995 -0.0469910986722 -0.00552840018645
v 0.0181300994009 0.0274535994977 0.00987839978188
v 0.0132298003882 -0.0314301997423 -0.00280499993823
v 0.0128410002217 -0.0304078999907 -0.00803009979427
v 0.00113979994785 -0.0494199991226 0.00575749995187
v -0.0114831002429 -0.0352450981736 -0.0014772999566
v 0.0168110001832 0.0299583002925 0.018247300759
v 0.00364389992319 0.0224251002073 0.000404099992011
v 0.00376989995129 0.0113829998299 -0.0119765000418
v 0.00823829974979 -0.0494350008667 -0.00509160012007
v 0.00151029997505 0.0423042997718 0.0152818001807
v -0.00707409996539 -0.027405699715 -0.0113877998665
v 0.00468030013144 0.0295889005065 0.00162939995062
v -0.0116820000112 -0.0383470989764 -0.00628799991682
v -0.00148219999392 -0.0494350008667 0.00343789998442
v -0.00320339994505 0.0121267000213 -0.0138496998698
v -0.00295199989341 -0.0494350008667 -0.00446279998869
v -0.0137090003118 0.0307740997523 -0.00584199978039
v -0.00276460009627 -0.0494350008667 0.00348929991014
v 0.008181899786 -0.00457079987973 0.00733269983903
v -0.0111178997904 -0.038857601583 -0.00789199955761
v -0.0077220001258 0.0119644999504 -0.000984900048934
v 0.00874940026551 -0.0231896992773 0.00511929998174
v -0.00420599989593 -0.0486845001578 0.00600410019979
v 0.00071829999797 0.00362830003724 0.00114089995623
v 0.00390490004793 -0.0428639017045 -0.0148686999455
v 0.0130676003173 -0.0303047001362 -0.00214089988731
v 0.0104767000303 -0.0353153012693 0.00334000005387
v -0.0115277003497 -0.0391608998179 -0.00681729987264
v -0.013145999983 0.0394499003887 0.00100859999657
v -0.00463410001248 -0.00769589981064 0.0104534002021
v -0.0121825998649 0.0461274012923 0.00396559992805
v -0.0126170003787 0.0192127991468 0.00537180015817
v 0.0127125000581 -0.030344799161 -0.000944499974139
v -0.0113220997155 -0.0399900004268 -0.0074506001547
v 0.0117603000253 -0.0104373004287 -0.00787820015103
v -0.00176809995901 -0.0179009996355 -0.0121572995558
v -0.0121146002784 0.0416935011744 0.00525719998404
v 0.00374480010942 0.0323848985136 0.00405950006098
v 0.0138077000156 -0.0184969007969 -0.00368060008623
v -0.0121115995571 -0.0322927981615 -0.00272309989668
v -0.00275789992884 0.0226844996214 -0.00659690005705
v 0.0128578003496 0.0209595002234 -0.00317570008337
v 0.00947799999267 -0.0477179996669 0.00626870011911
v 0.00130210001953 0.0449094995856 0.0124588999897
v 0.0210178997368 0.0206141993403 0.00727749988437
v -0.0137296002358 0.0297372993082 -0.00635509984568
v -0.0116814002395 0.0215894002467 0.0071081998758
v 0.00703360000625 -0.034717399627 0.00537700019777
v 0.0179692991078 -0.0039304997772 -0.000446799997007
v 0.00649290019646 0.03024020046 -0.00263900007121
v -0.013483799994 0.0306608006358 -0.00684839999303
v 0.00768820010126 -0.0472095012665 -0.014146800153
v 0.000402600009693 -0.0459339991212 0.00721359997988
v 0.0148291997612 -0.0447525009513 -0.00771779986098
v 0.00306529994123 0.0153970001265 -0.0111867999658
v 0.00701159983873 -0.00696540018544 0.00758210010827
v -0.0136548997834 0.0317681990564 -0.00524319987744
v -0.0208353996277 0.00554310018197 0.00566929997876
v 0.00602519977838 0.0337840989232 -0.00260740006343
v -0.00478010019287 0.0156236998737 -0.0123771000654
v 0.00502789998427 0.0382513999939 0.0165583007038
v 0.00553449988365 -0.0494350008667 -0.00750279985368
v -0.00243519991636 0.00680010020733 0.000473299995065
v -0.0190642997622 0.00870039965957 0.00366479996592
v -0.0116523997858 0.0382804013789 0.0023962999694
v -0.0143339997157 0.0159849002957 -0.00676900008693
v -0.0117731001228 0.0220208000392 0.0118883997202
v 0.00796800013632 -0.0367622002959 -0.0130275003612
v 0.0126633998007 -0.0146540002897 0.00612690020353
v -0.00330150010996 -0.0283863991499 -0.0134325996041
v 0.0177641995251 0.000830999983009 0.00552310002968
v -0.00219659996219 -0.0100335003808 0.0081380000338
v 0.0183894000947 0.00122199999169 -0.00126789999194
v 0.0106482002884 0.0386292003095 0.0190814007074
v -0.00601699994877 -0.04052330181 -0.0131050003693
v 0.0064913998358 -0.0494350008667 -0.00117479998153
v 0.0114126997069 0.00963059999049 0.00639620004222
v 0.00490720011294 0.0386000983417 0.00494260014966
v 0.0162556990981 -0.0124864997342 0.00249319989234
v 0.0108335996047 0.0314827002585 0.0124821001664
v 0.00861489959061 0.00741750001907 0.00470789987594
v 0.00102389999665 0.0303953997791 -0.00746160000563
v 0.00534600019455 -0.00887530017644 -0.0112482002005
v 0.00858149956912 0.0293444991112 0.00960469990969
v -0.0120730996132 -0.0331346988678 -0.00500439992175
v 0.0063177999109 0.0374335981905 0.0125876003876
v -0.00533990003169 0.0164074990898 -0.000343299994711
v -0.0147842997685 -0.0049638999626 -0.00712030008435
v 0.00110730004963 -0.0338378995657 0.00574119994417
v -0.0120785003528 0.0286229997873 -0.00953940022737
v 0.00977830030024 0.031544201076 0.00143549998756
v -0.0110999997705 -0.048654101789 -0.00729320012033
v 0.0071415998973 0.0342656001449 0.0135321002454
v -0.0133544001728 0.0343879014254 -0.0020081999246
v 0.0190395005047 0.0165106002241 0.00830760039389
v -0.00788359995931 -0.0209037996829 0.00687350006774
v -0.00599429989234 0.0326711982489 -0.0078726997599
v 0.0141650000587 0.0189525000751 0.00216590007767
v 0.00396879995242 0.0405418016016 0.00881419982761
v -0.0110021000728 0.0200379993767 -0.00337489997037
v -0.0151353999972 -0.0125586995855 -0.00414679991081
v 0.00101739994716 -0.0124781997874 0.00676369993016
v -0.0148013001308 0.0158674009144 0.0131700998172
v 0.00145320000593 0.039439201355 0.0123067004606
v -0.0146412001923 -0.0080147003755 -0.00617399998009
v -0.00383200007491 0.0223204996437 -0.00678599998355
v 0.00131850002799 0.043317399919 0.0054398002103
v -0.0112033002079 -0.0489734001458 -0.00192740000784
v -0.00127839995548 0.0132606001571 -6.37999983155e-05
v 0.00797840021551 0.0081321997568 -0.00872149970382
v 0.0018098000437 -0.0182345006615 0.00678930012509
v -0.0119294002652 0.023987300694 0.00814380031079
v 0.0194898005575 0.00964470021427 0.00318889995106
v -0.0041461000219 0.0068234000355 0.00191750004888
v 0.00564939994365 0.0229118000716 0.00341830006801
v 0.00166059995536 -0.0494350008667 -0.00356239988469
v -0.013625100255 -0.0180098004639 -0.00365160009824
v 0.00613379990682 0.0325528010726 0.000369099987438
v 0.0038280999288 0.0340716987848 -0.00501760002226
v 0.00724289985374 0.0109738996252 -0.00860069971532
v 0.00597580010071 0.0385485999286 0.0143288997933
v -0.0207761991769 0.00634570000693 0.00644499994814
v -0.0110772997141 -0.0490610003471 -0.00599850015715
v -0.0180596001446 -0.00126609997824 -0.00238139997236
v -0.00286919996142 0.0377447009087 0.00531749986112
v -0.0193127002567 -0.00206109997816 0.00069060001988
v 0.018477300182 -0.00224640010856 0.00250690011308
v -0.0136690000072 0.0229982007295 0.00515800016001
v 0.00531900022179 0.0226971004158 0.00219979998656
v 0.00227429997176 -0.0494350008667 0.000638599973172
v 0.0182039998472 -0.00254629994743 -0.000169699997059
v -0.00563930021599 -0.0391706004739 0.00437870016322
v -0.00638720020652 -0.00767360022292 0.0115019995719
v 0.00613870006055 0.0320471003652 -0.00415119994432
v -0.0132309999317 -0.0117052001879 0.0104628996924
v -0.0123829999939 -0.029381999746 -0.00356020010076
v 0.0155376996845 0.0234338995069 0.00743209989741
v 0.00696309981868 -0.0489771999419 -0.0138346999884
v -0.00657360022888 0.0249716006219 -0.0106875998899
v 0.00172469997779 -0.0494350008667 0.00226070010103
v -0.0058744000271 0.0258722994477 -0.002024800051
v -0.0128226000816 -0.00502480007708 -0.00872880034149
v -0.013885400258 0.0238361991942 0.00534259993583
v -0.00285280006938 -0.0494196005166 -0.0124770998955
v -0.0118941999972 0.0444754995406 0.00693990010768
v 0.000457499991171 -0.0494350008667 0.0021653000731
v 0.00391779979691 -0.0494350008667 -0.00343260006048
v -0.00312909996137 -0.0373176001012 -0.0141273001209
v 0.00846329983324 -0.0335712991655 -0.0124917002395
v 0.00120010005776 0.00840760022402 -0.0134178996086
v 0.0181601997465 0.00236760010011 -0.00200060009956
v -0.0139060998335 0.0249029994011 0.00585510022938
v 0.000664499995764 0.00809179991484 0.000224400006118
v 0.0078864004463 -0.0181226003915 -0.0101258000359
v -0.0056846998632 -0.0289420001209 -0.012545700185
v 0.00873319990933 0.00545889977366 -0.00859019998461
v -0.00615009991452 0.00320910010487 -0.0145196001977
v -0.00419620005414 -0.0161581002176 0.00864339992404
v 0.00568660022691 -0.0288452003151 -0.0124575998634
v 0.0119192004204 -0.0414083003998 -0.011190299876
v 0.00204479997046 0.0170143004507 -0.0110561000183
v 0.0194178000093 0.00904669985175 0.00119260000065
v -0.00179739994928 0.0120286997408 -0.0135914999992
v -0.00342250009999 -0.000150799998664 0.00679379981011
v -0.0109262997285 0.0180799998343 -0.0122100003064
v 0.0192901995033 0.0199085008353 0.0109670003876
v 0.0112439999357 0.0236367993057 0.00653490005061
v -0.00133250001818 -0.0206876993179 0.00619209976867
v -0.00233970000409 -0.0494350008667 -0.00236769998446
v -0.0130637995899 0.00396629981697 -0.0111231002957
v 0.00158689997625 -0.0443359017372 -0.0152040999383
v -0.00236249994487 0.0288494993001 -0.00426829978824
v 0.0121766999364 -0.0386302992702 -0.0106471003965
v -0.0068390998058 -0.029434800148 -0.0119019998237
v -0.0136770000681 -0.0148810995743 0.00849870033562
v -0.0115192001686 0.0347713008523 -0.00726890005171
v 0.00713620008901 -0.0191437993199 0.00691349990666
v -0.0138891004026 0.00467830011621 -0.0106095997617
v -0.0176525004208 -0.0126830004156 0.00288760010153
v 0.00242360006087 -0.015040400438 0.0072097000666
v -0.0124159995466 0.0105798998848 -0.000656399992295
v -0.0127678997815 0.0376375988126 -0.00353899993934
v -0.0145319001749 -0.0157460998744 0.0070548998192
v 0.00098709994927 -0.0233871992677 0.00568090006709
v -0.0116779003292 0.023948200047 0.00943970028311
v 0.00485240016133 0.00671700015664 0.00244570011273
v -0.0188581999391 -0.005520099774 0.000739299983252
v 0.00911539979279 -0.0037742999848 0.00739970011637
v 0.00326850009151 -0.020993899554 -0.0122082000598
v -0.00232370011508 0.0265408996493 -0.00528809987009
v 0.00152849999722 0.00959120038897 -0.0133077995852
v 0.0109566003084 -0.0367614999413 -0.011544900015
v -0.00291940011084 0.0398266986012 0.0112316003069
v 0.0174604002386 0.0145899998024 -0.000847899995279
v 0.018428299576 0.0168239008635 0.000435900001321
v 0.00204690010287 -0.00810540001839 0.00576819991693
v -0.0174346994609 -0.0101509001106 0.00677919993177
v -0.0110486997291 0.0102850999683 0.00512679992244
v 0.0132812000811 0.0171833001077 0.00651380000636
v -0.0114786997437 -0.0229173004627 -0.00605269987136
v -0.00430200016126 -0.012947499752 0.00960190035403
v 0.00515189999714 -0.0201198998839 0.0066276001744
v 0.0107567999512 -0.0388467013836 0.0040362002328
v 0.00118679995649 0.000418500014348 0.00239600008354
v -0.0176710002124 0.000965100014582 -0.00262910011224
v -0.00493180006742 0.00205249991268 0.00795929972082
v -0.00419420003891 -0.0493874996901 0.00500100012869
v -0.0109892003238 0.0323957018554 -0.000391000008676
v 0.00897829979658 -0.013497300446 0.0077895000577
v 0.00649240007624 0.0282499007881 0.0038069000002
v -0.00311810011044 0.0288752000779 -0.00191460002679
v -0.0145332999527 0.0137251000851 0.00325830001384
v 0.0176449995488 0.0233840998262 0.0137903997675
v 0.0141612999141 0.0126609997824 -0.00241219997406
v 0.00653450004756 0.0350272990763 0.0141692003235
v 0.00994809996337 0.0401157997549 0.0172448009253
v 0.0166228991002 -0.00960080046207 0.00414639990777
v -0.0109147997573 0.0248296000063 -0.00223090010695
v -0.0115767996758 0.0258917994797 -0.00244250008836
v -0.0123771000654 -0.00996940024197 -0.0072615002282
v 0.0153456004336 0.0175430998206 0.000575100013521
v 0.00206570001319 -0.0494338981807 -0.0122389001772
v 0.00535180000588 0.00490469997749 0.00291100004688
v -0.0124978004023 0.043632298708 0.00598580017686
v -0.00366150005721 0.0149656003341 -0.0001889999985
v 0.00195089995395 0.00768110016361 -0.0130024002865
v -0.0121016995981 0.0314810015261 -0.00852630008012
v 0.0184835009277 -0.00132399995346 0.000439900002675
v -0.0140076996759 -0.0201340001076 0.000467400008347
v -0.00248280004598 0.03856100142 0.00319340010174
v 0.0151287000626 -0.00613050023094 -0.00490809977055
v -0.0190930999815 -0.00329679995775 0.000352500006557
v -0.00682590017095 -0.0494323000312 0.00214889994822
v 0.0124498000368 -0.011397600174 -0.00726220011711
v 0.0058157001622 -0.00570170022547 -0.0108308997005
v -0.00371260009706 0.024199899286 -0.00338599993847
v -0.00594530021772 0.0160303004086 -0.0128180002794
v -0.00115260004532 -0.00532579980791 0.00613139988855
v 0.0198912993073 0.0293180998415 0.015591500327
v 0.00627020001411 0.0312560983002 -0.000615100027062
v 0.0148614002392 -0.0102824000642 -0.00464100018144
v 0.0177839994431 -0.0062791001983 -1.31999995574e-05
v -0.0111899003386 0.0244431998581 -0.0108358999714
v -0.00640559988096 -0.000517499982379 0.0111344000325
v -0.00480140000582 0.00507290009409 0.00443660002202
v 0.00181529996917 -0.0370172001421 0.00614139996469
v 0.0187592990696 -0.00011380000069 0.00214980007149
v 0.0133303003386 -0.0222903992981 -0.000557299994398
v -0.00441490020603 0.0226785000414 -0.00791400019079
v 0.00969730038196 -0.0179890003055 -0.00879400037229
v -0.00871589966118 0.0206429008394 -0.00252439989708
v 0.00499289995059 0.0147433001548 -0.00907689984888
v -0.0186790004373 -0.00642330013216 0.00692010018975
v 0.00392610020936 0.0406110994518 0.00345039996319
v 0.00573749979958 0.0367152988911 0.0184466000646
v 0.0179459005594 0.0287039000541 0.0117181995884
v -0.0119591001421 0.0031073000282 0.0128581002355
v -0.0131785999984 0.00692330021411 0.0116871995851
v 0.0185724999756 0.0019080999773 0.00424889987335
v 0.0189597997814 0.00413479981944 -0.000281799992081
v 0.0109376003966 0.00136400002521 -0.00822969991714
v 0.0136176003143 -0.034169498831 -0.00670230016112
v 0.00875690020621 -0.0296631008387 0.00411259988323
v -0.00920059997588 -0.00669339997694 -0.0103900004178
v -0.0131937004626 0.0234331004322 -0.00414530001581
v 0.0183138009161 0.0071844002232 0.00558769982308
v -0.0134899998084 0.0205488000065 0.00468980008736
v 0.0139001002535 -0.0355499982834 -0.00499929999933
v 0.0023203000892 -0.00816710013896 -0.0128335999325
v 0.0175918992609 0.0116451000795 0.00653629982844
v -0.012941500172 0.0229556001723 0.00567119987682
v -0.0112221995369 0.0120599996299 -0.00183750002179
v -0.00457210000604 0.00557400006801 0.0035121999681
v -0.00214369990863 -0.0110162002966 -0.012280699797
v 0.00644769985229 0.031379699707 -0.00182440003846
v -0.0034398001153 0.0266302004457 -0.00248669995926
v 0.013782300055 -0.0351164005697 -0.00389260007069
v -0.014222400263 0.0222557000816 0.0140145001933
v 0.00581890018657 0.0274663008749 -0.000257999985479
v -0.0124150002375 0.0231727007776 0.00638160016388
v -0.0132958004251 -0.014305899851 -0.00536700012162
v 0.011511599645 0.0281038992107 0.0095688002184
v 0.0168689005077 -0.00676230015233 -0.00233709998429
v -0.0029905999545 0.0401061996818 0.0064134998247
v 0.0169245004654 0.00416840007529 -0.00323490006849
v -0.0130387004465 0.0240215994418 0.00606570020318
v -0.0187829006463 -0.00755089987069 0.00208280002698
v 0.0200890991837 0.0270846001804 0.0105958003551
v 0.00958489999175 -0.0493135005236 0.00522430008277
v 0.00177700002678 0.0142481997609 0.000747799989767
v 0.0182511005551 0.0253337007016 0.0165100991726
v -0.0140875000507 0.0260239001364 0.0133009003475
v -0.0183917004615 -0.0076493001543 0.00661149993539
v -0.0117218997329 0.0164356995374 0.00710629997775
v 0.0132696004584 0.0335010997951 0.012004500255
v 0.00861909985542 -0.0109553001821 0.00814830046147
v 6.98000003467e-05 -0.0344454981387 0.00573469977826
v 0.0145212002099 0.00564699992537 -0.00478370022029
v 0.0129891000688 0.0168648008257 -0.00143639999442
v 0.0128803001717 0.0110611002892 0.00692269997671
v -0.0143389999866 -0.0183902997524 -0.00187559996266
v 0.000485900003696 -0.0488567985594 -0.0149133000523
v -0.00325799989514 -0.0462745986879 -0.0144576998428
v -0.00136130000465 0.0246370993555 -0.00792639981955
v 0.0106287999079 -0.00670950021595 0.00822420045733
v 0.013958199881 -0.0362043008208 -0.00404659984633
v -0.0115660997108 0.01597269997 0.00827350001782
v 0.0189935006201 0.001912000007 0.00193599995691
v -0.0114198997617 0.0110347000882 -0.0132632004097
v -0.00402140012011 -0.010782700032 -0.0119332997128
v -0.0027147999499 0.0196410994977 -0.000305599998683
v 0.00154690002091 0.0332643985748 0.00526650017127
v -0.00477469991893 0.0135609004647 -0.0135559998453
v 0.00744289997965 0.0131457000971 -0.007728099823
v -0.0126999998465 0.0254798997194 -0.00951039977372
v -0.0205422006547 0.00533880013973 0.00801089964807
v -0.0144418003038 0.00924670044333 -0.00277719995938
v -0.00270280009136 0.0384249016643 0.00733700022101
v -0.00725809996948 -0.0462228991091 -0.0125006996095
v 0.00139440002386 -0.00999080017209 0.00621359981596
v -0.0161981005222 0.0282161999494 0.0128445001319
v 0.00910650007427 0.0168341994286 0.00505980011076
v -0.00502880010754 0.0187350008637 -0.0107775004581
v 0.00628709979355 0.0107343001291 -0.00929019972682
v -0.005301900208 -0.0159162003547 -0.0110103003681
v -0.0135279996321 0.0315894000232 -0.00414540013298
v -0.0117587000132 -0.0358915999532 -0.002493100008
v -0.0118783004582 0.00977289956063 0.00193240004592
v 0.0190836992115 0.00541799981147 -0.000182599993423
v -0.00188200001139 0.0151276998222 -0.000161999996635
v 0.0115566002205 -0.0296247005463 -0.0099574001506
v -0.00389169994742 -0.00157680001575 0.00852520018816
v 0.0204924996942 0.0275151003152 0.0125700999051
v 0.0161033999175 -0.00923310033977 -0.00299459998496
v -0.00370269990526 0.00281620002352 0.0047466000542
v 0.0114265996963 0.0386703014374 0.0155793996528
v 0.00345079996623 0.0225818008184 -0.0094480002299
v 0.00368539988995 0.0386270992458 0.000137199996971
v -0.00766600016505 -0.00814360007644 -0.0108371004462
v -0.0116847995669 0.00681630009785 0.010558700189
v -0.00440619979054 -0.0494350008667 -0.00285780010745
v 0.00725479982793 0.0331161990762 0.0115844998509
v 0.0205263998359 0.0193383991718 0.0041364999488
v 0.0100907003507 -0.000650500005577 -0.00873239990324
v 0.00434299977496 -0.0127846002579 0.00763780018315
v 0.00396490003914 -0.0328213013709 -0.0134694995359
v -0.0116360001266 0.0145631004125 0.00986540038139
v -0.0113893998787 0.0147425001487 0.00868050009012
v -0.0121740000322 0.00327749992721 -0.0115644996986
v -0.0198481995612 -0.00138829997741 0.00823150016367
v 0.00227979989722 0.00344159989618 -0.0120377000421
v -0.0196017995477 0.00284259999171 0.00978079997003
v 0.0108104003593 -0.0184150002897 0.00591679988429
v 0.00875829998404 0.0379597991705 0.00996209960431
v -0.00390270003118 -0.0401282012463 0.00523329991847
v 0.00275989994407 -0.0177267994732 -0.0124623999
v -0.012752099894 0.0292780995369 -0.00866299960762
v 0.0190421994776 0.0218065008521 0.0126414997503
v 0.00277450005524 -0.0114224003628 0.00694030011073
v -0.00527739990503 0.0354094989598 -0.0036178000737
v -0.00572639983147 -0.0312219001353 0.00445460015908
v 0.0106966001913 0.000168300000951 0.00689530000091
v 0.00193200004287 0.0398300997913 0.000615200027823
v -0.0140215000138 0.0111274998635 -0.00295139988884
v -0.0204082001001 -0.000406600011047 0.00763029977679
v -0.0111691001803 1.10000000859e-05 -0.0116151999682
v 0.000399000011384 -0.0490112006664 0.00693750008941
v -0.00314499996603 0.00162919994909 0.00490210019052
v 0.0184119995683 0.0126114999875 0.00656859995797
v 0.00206790002994 0.00660829991102 0.000816799991298
v -0.0206359997392 0.00637219985947 0.0074336999096
v -0.00755179999396 -0.012070399709 0.0111788995564
v -0.00547059997916 0.00841999985278 0.00140770000871
v 0.00647349981591 -0.010565799661 -0.0104176998138
v -0.00288990000263 0.0160373002291 -0.000209999998333
v -0.00893830042332 -0.022899100557 -0.00910739973187
v -0.0201593991369 0.00858240015805 0.00505430018529
v 0.0186978001148 0.00141070003156 -0.000200299997232
v -0.0129952998832 0.022280799225 -0.00959879998118
v -0.00239689997397 0.0131475003436 -0.0131673999131
v 0.00802030041814 -0.0225357990712 -0.0105170002207
v -0.00173769996036 0.039219301194 0.00223589991219
v -0.00658599985763 -0.0494350008667 4.50000015917e-06
v 0.00371639989316 -0.0373235009611 -0.0141981998459
v -0.00303460005671 -0.00342820002697 -0.0138881998137
v -0.0199030991644 0.00749120023102 0.00909170042723
v 0.00192890001927 -0.000616699981038 0.0029438000638
v 0.00982229970396 0.00332739995793 0.00552030000836
v -0.00561759993434 -0.0485914982855 -0.0132649997249
v -0.00281880004331 -0.0064416998066 0.00860810000449
v -0.000480299990159 -0.0494350008667 -0.00510689988732
v 0.0161080993712 0.0303355008364 0.0158194005489
v -0.00213350006379 0.0414174981415 0.00535609992221
v 0.00782619975507 0.0356907993555 0.00814719963819
v -0.011543800123 0.045378498733 0.00239760009572
v 0.0103380996734 0.00634999992326 0.0055889999494
v 0.00881110038608 0.0366103984416 0.00828499998897
v -0.00672439998016 -0.039286699146 0.00372699997388
v -0.0194147005677 0.00751650007442 0.00347850006074
v -0.00322529999539 0.0416501984 0.00792849995196
v 0.015945000574 0.0249690990895 0.0137619003654
v -0.00649819988757 0.0303393006325 -0.00137229997199
v 0.0040111001581 -0.0371912010014 0.00619569979608
v -0.000210600002902 -0.0494128018618 0.00569669995457
v 0.0117100002244 0.0107688000426 0.00655640009791
v -0.0129669001326 0.0397175997496 -0.00137389998417
v -0.0122632998973 0.0456303991377 0.00676270015538
v 0.011823900044 -0.015137899667 -0.00713209994137
v -0.00660640001297 0.00142850005068 0.0108176004142
v 0.0191863998771 0.00469490000978 0.000582200009376
v 0.00871749967337 -0.0286369994283 0.004125200212
v 0.0191236995161 0.00538330012932 0.00362180010416
v -0.0126560004428 0.0307020004839 -0.00284629990347
v 0.0182176996022 0.0124885998666 -0.000770499987993
v -0.0117282001302 0.00497360015288 0.0118008004501
v -0.0196467004716 0.00864259991795 0.00955259986222
v -0.00158499996178 -0.0230282992125 0.00583360018209
v -0.00330849993043 -0.00792319979519 -0.0128175001591
v -0.00733679998666 -0.0424262993038 -0.0123632997274
v 0.00174209999386 0.0443080998957 0.0144865997136
v 0.00812140014023 0.0067410999909 -0.0087452000007
v 0.00683509977534 0.0301109999418 0.00420350022614
v 0.0145477000624 0.0214708000422 0.00747269997373
v 0.00634409999475 -0.0091112004593 -0.0104925995693
v 0.00980610027909 0.0112038999796 0.00552840018645
v -0.00325240008533 -0.0299475993961 0.00524740014225
v -0.0112613001838 0.00255859992467 -0.0119925998151
v -0.0078346002847 0.0101838000119 0.000933900009841
v -0.00153390003834 -0.0494064986706 0.00560030015185
v 0.00228350004181 -0.00915140006691 0.00619689980522
v -0.00743719981983 0.00963599979877 -0.0150300003588
v -0.0139258001 0.0150215001777 -0.00497150002047
v -0.0124195003882 -0.00302570010535 0.0129923000932
v -0.0123613001779 -0.00534379994497 0.0126392999664
v 0.0207770001143 0.0270767994225 0.0138218002394
v 0.00688009988517 -0.0494350008667 -0.00940740015358
v -0.0105915004387 -0.00928139965981 0.0120721999556
v -0.00610290002078 0.00206570001319 0.00992770027369
v -0.00712259998545 0.000481600000057 0.0115336999297
v -0.00323979998939 -0.0494350008667 -0.00323470006697
v 0.018402999267 0.0307641997933 0.0154966004193
v -0.00497320014983 -0.00520579982549 0.0106448996812
v 0.00586239993572 -0.00177490001079 -0.0112324999645
v -0.00568290008232 -0.0494283996522 0.00285809999332
v -0.00559459999204 -0.045209698379 -0.0134477000684
v -0.00512530002743 0.00744620012119 0.00220160000026
v 0.00401369994506 0.0362997017801 -0.00248109991662
v -0.0131312999874 0.0413574017584 0.000230699995882
v -0.0190289001912 0.00231359992176 0.000995400012471
v -0.0049246000126 -0.0294819995761 -0.0129818003625
v -0.0126467002556 0.0416643992066 0.00449580000713
v -0.0131262997165 0.0419364012778 0.00353739992715
v -0.0116077000275 -0.0109155001119 -0.00753659987822
v 0.0130976997316 -0.0205263998359 0.0019648000598
v -0.0130875995383 0.0435674004257 0.00207730010152
v 0.00402140012011 0.0395189002156 0.00852150004357
v -0.00245060003363 0.0374828986824 0.00673989998177
v 0.0109064998105 0.0116498004645 0.00622300012037
v -0.0122549999505 -0.0079081999138 0.0121475998312
v -0.0181809999049 0.025016900152 0.00893369968981
v 0.0135482000187 0.0199862997979 0.002632800024
v -0.0110681001097 -0.0129586001858 -0.00748209981248
v 0.00708940019831 -0.00188780005556 0.00556380022317
v 0.00638510007411 0.00946369953454 0.00352800008841
v 0.00804959982634 0.0279235001653 0.00751180015504
v 0.00254549994133 -0.0494350008667 -0.0100290002301
v -0.0113666001707 -0.0142117002979 -0.00705449981615
v -0.014087899588 0.0248272009194 0.0137304998934
v 0.00320879998617 0.0174758993089 0.00217369990423
v 0.00584199978039 0.0274202991277 -0.00639500003308
v 0.0151915000752 -0.0434121005237 -0.00131870002951
v -0.00297329993919 0.0244146008044 -0.00248780008405
v 0.0152086997405 -0.0107310004532 0.00568829989061
v 0.00637769978493 0.0264625996351 0.000677399977576
v 0.00234439992346 0.0349083989859 0.00695609999821
v -0.0135252000764 -0.0213347002864 0.000321800005622
v -0.00627049989998 -0.0462413989007 -0.0131093999371
v -0.0130128003657 0.0446410998702 0.00520280003548
v -0.0106480000541 -0.0181325003505 -0.00733349984512
v 0.0112883001566 0.0129548003897 0.00638579996303
v 0.0190146993846 0.0128025002778 0.000233600003412
v -0.0129958996549 -0.0226303003728 -0.00200069998391
v 0.00495039997622 -0.0445455983281 0.00725990021601
v 0.00406339997426 0.0383540987968 0.00809940043837
v 0.0173566006124 -0.00157630001195 -0.00278640002944
v -0.0041527999565 -0.0292867999524 0.0051092999056
v -0.000832199992146 0.0410472005606 0.00304750003852
v 0.0159879997373 -0.013364800252 -0.0009190000128
v 0.00557760009542 -0.0494350008667 0.000241799993091
v -0.013048700057 -0.0225665997714 0.000338899990311
v -0.0127445999533 -0.0223478004336 -0.00331950001419
v 0.00385349988937 -0.0397155992687 -0.0145012000576
v -0.0128840003163 0.0455623008311 0.00445140013471
v -0.0124629000202 -0.0166014991701 -0.00564720015973
v 0.00495890015736 0.0399844013155 0.0179137997329
v 0.0027214998845 -0.0344499982893 -0.0139330001548
v -0.00495589990169 -0.0136107997969 -0.0112503999844
v -0.0176551993936 0.0250135008246 0.00709380023181
v 0.0181719996035 0.0202517006546 0.0021379000973
v 0.00583360018209 0.0360364988446 0.0164739005268
v 0.0148355001584 0.00361449993216 -0.00462759984657
v -0.000364300009096 -0.0112327998504 -0.0124132996425
v 0.00277279992588 0.0318158008158 0.00370009988546
v 0.00213959999382 0.0419294014573 0.00351800001226
v -0.00324860005639 -0.00207510008477 -0.0141059001908
v 0.0126390000805 -0.042005199939 -0.0105726998299
v -0.0023433000315 -0.0340470001101 -0.0141243999824
v -0.0175483003259 0.00645460002124 0.0115235997364
v -0.00571689987555 -0.020296100527 0.00716349994764
v 0.0189510006458 0.0185576993972 0.00164809997659
v -0.0192607995123 -0.00621199980378 0.00485120015219
v 0.0110772000626 -0.0345983989537 -0.0112436003983
v -0.0128501998261 0.0211578998715 0.0132740000263
v -0.00246150000021 -0.0362651981413 -0.0142310000956
v -0.0125264003873 0.0465295016766 0.00492889992893
v 0.0178081002086 0.0035852000583 0.00590449990705
v -0.018911300227 -0.00692990003154 0.00576250022277
v 0.0165280997753 0.0237555000931 0.0131865004078
v 0.0188203006983 0.023191800341 0.00505910022184
v -0.000292599987006 -0.0494350008667 -0.00638809986413
v -0.0139274001122 -0.0124099999666 -0.00531940022483
v -0.00374699989334 -0.0358810983598 0.00507530011237
v 0.0106364004314 -0.0375637002289 0.0037742999848
v 0.00280550005846 -0.00725580006838 0.0057712001726
v -0.00289579993114 0.0160978008062 -0.011322000064
v -0.0137718003243 0.0188680998981 -0.0056445999071
v -0.0124409003183 0.0446158982813 0.00210070004687
v 0.00514259980991 -0.0219521000981 0.00598469981924
v -0.0113925002515 -0.0195093993098 -0.00640610000119
v -0.0120211001486 -0.034786298871 -0.00376140000299
v 0.00355609995313 -0.0181364007294 0.0070613999851
v 0.00490579986945 -0.0380691997707 0.00626670010388
v 0.0188258998096 0.0246337000281 0.0156567003578
v 0.00122920004651 0.0236364006996 -0.0097727002576
v -0.00644299993291 -0.00627990020439 -0.0120042003691
v -0.0191917996854 -0.00432089995593 0.00116069999058
v -0.0130294002593 -0.0193958003074 0.00521219987422
v 0.0165774002671 0.0177303999662 0.000259299995378
v 0.00527729978785 0.0370693989098 0.0164308007807
v -0.00456980010495 -0.00315140001476 0.00997599959373
v 0.00357949989848 0.0145108997822 -0.011175500229
v 0.000547899981029 0.0418962985277 0.0157993994653
v 0.00598940020427 -0.0469315983355 -0.0147690996528
v 0.0211009997874 0.0247265007347 0.0105839995667
v -0.00449200021103 -0.00135260005482 0.00929430034012
v -0.00731990020722 -0.0145669998601 0.0103351995349
v 0.00670660007745 0.00675550010055 0.00345949991606
v 0.0136404996738 0.00531869987026 -0.00562269985676
v 0.0132771003991 -0.00195289996918 0.0078693004325
v 0.00828049983829 0.0195528008044 -0.00511980010197
v -0.00301890005358 -0.039274699986 -0.0142428996041
v -0.0110242003575 -0.025948299095 0.00228470005095
v -0.012650099583 -0.0245453994721 -0.00273879989982
v -0.00358800007962 -0.04036270082 -0.0141343995929
v -0.0119182998314 -0.0335012003779 -0.00581690017134
v 0.0188459996134 0.0145506998524 0.00728219980374
v 0.00534769985825 -0.0338297002017 -0.0133531000465
v -0.0134971002117 0.0270182993263 0.0111260004342
v -0.0188835002482 0.00621140003204 0.00234639993869
v -0.0148452995345 0.028138499707 0.00864609982818
v 0.014730299823 0.00678380019963 -0.00450740009546
v -0.0190149992704 0.0206732004881 0.00739930011332
v -0.0137189999223 0.0205892995 -0.00846610032022
v 0.0079487003386 0.0320872999728 0.0115256998688
v -0.00857579987496 -0.0128675000742 0.01109000016
v 0.012004699558 -0.0494350008667 -0.00192970002536
v -0.00188929995056 -0.00475709978491 0.00701209995896
v -0.00520450016484 -0.0494350008667 -0.00502410018817
v -0.00390210002661 -0.0452450998127 -0.0141885001212
v 0.0146449003369 0.0274366997182 0.00400259997696
v 0.0195468999445 0.00997230038047 0.0019996999763
v 0.00338270002976 -0.0494350008667 0.000938199984375
v 0.00124799995683 0.0407004989684 0.014103599824
v 0.012032000348 -0.00579070020467 -0.00783280003816
v -0.00744199985638 0.0184103995562 -0.0124268000945
v 0.000964700011536 -0.0312028005719 0.00553940003738
v -0.00291309994645 -0.0493393987417 -0.01342689991
v 0.00311130005866 0.0349505990744 -0.00447789998725
v -0.00409060018137 -0.0326885990798 -0.0136021003127
v 0.019435800612 0.0106404004619 0.00407070014626
v 0.00318069988862 0.0324282981455 -0.00634700013325
v 0.00605859979987 -0.0415708012879 -0.0142352003604
v -0.0141300996765 0.00313839991577 0.0126978000626
v 0.0101006999612 0.00526890018955 -0.00812369957566
v -0.0117397997528 -0.0290802996606 -0.00647620018572
v -0.0112285995856 -0.0327568985522 -0.000356800010195
v 0.00407070014626 0.0134373996407 -0.0111140999943
v -0.0195307005197 0.0173119008541 0.00623410008848
v 0.0132906995714 -0.0291441995651 -0.00379189988598
v -0.00371480011381 -0.0494350008667 -0.00077510002302
v 0.0157516002655 0.00825200043619 -0.0033998999279
v -0.0120197003707 -0.0300473999232 -0.00569739984348
v 0.00313510000706 0.0251279007643 -0.00917760003358
v -0.0125844003633 0.0323311984539 -0.00767529988661
v -0.0161578003317 0.00336440000683 0.0120740002021
v 0.00551410019398 -0.0281415991485 0.00504660001025
v -0.0119597995654 -0.0341724008322 -0.00295250001363
v -0.0115213999525 -0.0380126982927 -0.00209409999661
v 0.00232299999334 0.0193716008216 0.00158060004469
v 0.0138817001134 0.000820300017949 -0.00576480012387
v -0.00828829966486 0.0217150002718 -0.0116919996217
v 0.0195866990834 0.0125756002963 0.0013745999895
v -0.00735360011458 0.0335293002427 0.000645300024189
v 0.000857700011693 0.0271616000682 -0.0087021002546
v -0.00313599989749 0.0408478006721 0.00721380021423
v -0.0024226999376 -0.0494350008667 -0.00106030004099
v 0.0158837009221 -0.00574890011922 0.00643520010635
v 0.0133090997115 -0.00222670007497 -0.0068819001317
v 0.0183373000473 0.0153363002464 0.00799010042101
v -0.00330740003847 0.0436477996409 0.0101431999356
v -0.00558790005744 -0.0426736995578 -0.0134044000879
v -0.0123126003891 0.0114305000752 -0.00153330003377
v 0.00341939995997 0.00501100020483 -0.01139840018
v 0.0152244996279 -0.00661210017279 0.00684140017256
v -0.0204358007759 0.00740770017728 0.00788979977369
v 0.0134640997276 -0.0363231003284 -0.00127610005438
v -0.00451919995248 -0.0262090004981 0.00541399978101
v -0.00413089990616 0.0425377003849 0.0128603996709
v -0.0131058003753 0.010759299621 -0.00149409996811
v 0.0064163999632 0.0271818004549 -0.0039102002047
v 0.0141749000177 -0.0387771986425 -0.00173709995579
v 0.00983340013772 0.018499199301 -0.00545050017536
v 0.0191341992468 0.0292086005211 0.0184087008238
v -0.000575600017328 -0.0490817986429 -0.0145466998219
v 0.0135158002377 -0.021197900176 -0.00049060001038
v -0.0194837003946 0.0153516000137 0.0104331998155
v 0.0186906997114 -0.000258299987763 0.00096700002905
v 0.0174180995673 0.0133555000648 -0.00119089998771
v 0.0102513004094 0.0224532000721 -0.00445269979537
v -0.00624680006877 0.042346701026 0.00277079991065
v 0.01681930013 0.0208097007126 0.00243779993616
v 0.014251999557 0.023989899084 -0.000565399997868
v -0.0160900000483 0.0264240000397 0.0061991000548
v 0.0156443994492 -0.0468499995768 -0.00203790003434
v -0.0119923995808 -0.0311591997743 -0.00576809979975
v -0.0125042004511 0.012977800332 -0.00296519999392
v -0.0113909998909 -0.0380235016346 -0.00721159996465
v -0.00381950009614 -0.00830340012908 0.00978820025921
v 0.00757879996672 0.0196266006678 0.00419329991564
v 0.013531900011 -0.0193796008825 0.00197519990616
v 0.0197755005211 0.0296423994005 0.0167667008936
v -0.00420959992334 -0.0371031016111 0.00494669983163
v -0.00180129997898 0.0376647002995 0.000804900017101
v -0.00317050004378 0.00917179975659 -0.000394700007746
v 0.0016961999936 0.0433559007943 0.0153775000945
v -0.0026662000455 0.0412666983902 0.00631019985303
v 0.0149883003905 0.0229298993945 0.00984010007232
v 0.00275059998967 0.0314785987139 -0.00689510023221
v -0.00693360017613 0.0329579003155 -0.00840380042791
v 0.0198459997773 0.0122608002275 0.00250960001722
v 0.00803430005908 -0.0412084013224 0.00614759977907
v 0.0135011998937 0.0346930995584 0.00834560021758
v -0.00665199989453 -0.0374770984054 -0.0126160997897
v -0.0114775998518 -0.0349517017603 -0.00710280006751
v 0.0037138001062 0.0411183014512 0.00972520001233
v 0.00497329980135 -0.0269351992756 0.0051552997902
v -0.0195960998535 0.0131735997275 0.00542159983888
v 0.00889199972153 -0.0187059007585 -0.00951220002025
v -0.0107960999012 -0.047231901437 -0.00867659971118
v -0.0136746997014 0.0250578001142 -0.00787809956819
v 0.0105082001537 -0.0323611982167 -0.0113615998998
v -0.00754240015522 0.0453206002712 0.00662969984114
v -0.0116927996278 -0.0184693001211 0.00726340012625
v 0.0167283006012 -0.00204450008459 -0.00366019993089
v 0.0164707992226 0.000908499991056 -0.00403140019625
v 0.0141770998016 -0.0425997003913 0.000977399991825
v 0.0033156001009 0.0238198991865 -0.0093352003023
v 0.00204079994 0.0324802994728 -0.00655770022422
v 0.0174474995583 0.00208300002851 -0.00304750003852
v 0.0106563996524 0.0298963002861 0.0111536998302
v 0.00435469998047 -0.0228259004653 0.00574679998681
v 0.00228970008902 -0.0201880000532 -0.0125420996919
v -0.0126329995692 -0.0237818006426 0.00050680001732
v 0.015278399922 0.0191737003624 0.00180299999192
v 0.0152433002368 0.0185697991401 0.00875249970704
v -0.0195436999202 0.0133926002309 0.0102121997625
v 0.0130412001163 0.00607099989429 -0.006211000029
v -0.00484769977629 -0.0202027000487 -0.0113926995546
v -0.00373320002109 0.00905639957637 -0.0148887000978
v 0.00536660011858 -0.0212781000882 -0.011468200013
v 0.0027336999774 -0.00433919997886 -0.0127376997843
v -0.0113426996395 -0.0402919016778 -0.00172609998845
v -0.00699779996648 0.039728898555 0.00386029994115
v -0.0118247997016 -0.0430601015687 -0.00431070011109
v -0.00110780005343 0.0129115004092 -0.0131192998961
v 0.00363750010729 -0.00367289991118 -0.0123963002115
v 0.00579049997032 0.0227816998959 -0.00687800021842
v 0.00882240012288 -0.032176900655 0.00423080008477
v -0.0113343996927 -0.0366634987295 -0.00740629993379
v 0.0061798999086 0.0355619005859 0.0153732001781
v -0.0118858003989 0.0155565999448 0.0103249996901
v 0.014376799576 0.0291798003018 0.00223289988935
v 0.0116493999958 -0.0439033992589 0.00461000017822
v 0.0039607998915 0.00428320001811 -0.0109345996752
v -0.00742889987305 -0.0330648012459 -0.0118822995573
v 0.00409580022097 -0.00254820007831 0.00442249979824
v -0.0153845995665 -0.0140920998529 0.00728939985856
v -0.0149520998821 0.0123669002205 -0.00674800015986
v -0.00738319987431 0.0454410985112 0.0052605997771
v 0.00765339983627 -0.0433296002448 0.0066499998793
v -0.0085028000176 -0.0274909008294 -0.0102490000427
v -0.000244800001383 -0.0478680990636 -0.0151206003502
v 0.00623810011894 -0.036449201405 0.00581370014697
v 0.0112105999142 -0.0490191988647 0.00452239997685
v 0.000821100024041 0.0365392006934 0.00821970030665
v 0.0159467998892 0.0200529005378 0.0105555001646
v 0.0185864996165 -0.00106969999615 0.0029108999297
v 0.00643320009112 0.0118805998936 -0.00879620015621
v 0.0155050000176 -0.0447015985847 -0.0016975000035
v -0.0124201001599 -0.0189597997814 0.00630989996716
v 0.0039311000146 -0.0173176005483 -0.011975299567
v 0.0190846994519 0.0278111994267 0.0105272000656
v -0.00540619995445 -0.00802259985358 -0.0120222000405
v -0.0181331001222 -0.00373589992523 -0.00207819999196
v -0.00522430008277 -0.00393800018355 0.0107290996239
v 0.0137502998114 -0.043235398829 0.00199140002951
v 0.0142949000001 0.00577539997175 0.00717499991879
v 0.00438799988478 0.0219330005348 -0.00895739998668
v -0.011790400371 -0.0384478010237 -0.00327480002306
v -0.0149496998638 0.0127932000905 0.00306480005383
v -0.00365799991414 0.00711390003562 -0.015077999793
v 0.00858830008656 0.0303227007389 0.0105876000598
v -0.00742510007694 -0.0217643007636 -0.0101774996147
v 0.0031826000195 0.0371436998248 -0.00202069990337
v -0.0127125000581 0.0153713999316 -0.0114537999034
v -0.00747889978811 -0.0326405018568 0.00339310010895
v -0.0125454999506 0.0249358993024 0.00766779994592
v 0.0151129001752 -0.0146083999425 0.00340129993856
v -0.0125070000067 0.0142526999116 0.0115123996511
v 0.0113107999787 0.0383808985353 0.0169101990759
v 0.00422149989754 0.0404480993748 0.00768500007689
v 0.0201957002282 0.0285395998508 0.0164343006909
v 0.00798720028251 -0.00595720019192 -0.00950399972498
v -0.0118436999619 -0.0380390994251 -0.00519250007346
v -0.0118912002072 0.0121707003564 0.00426589976996
v 0.0148606998846 0.0197411999106 0.00254449993372
v -0.00357909989543 0.040600400418 0.00931369978935
v 0.00215220008977 0.0441046990454 0.00944309961051
v 0.00979469995946 0.0332821011543 0.0145784001797
v -0.00193300005049 0.00633689993992 -0.0146044995636
v 0.00404770020396 0.0310964006931 0.00282729999162
v -0.0120975002646 -0.0337439998984 -0.00389189994894
v -0.019304599613 0.00175109994598 0.0100395996124
v 0.0171265006065 -0.00277179991826 -0.00287509988993
v 0.00282930000685 -0.0494350008667 -0.00538730015978
v 0.0198366995901 0.0138969002292 0.0054406998679
v -0.00347190001048 0.000791899976321 0.00607009977102
v 0.00201570009813 -0.0494350008667 -0.0074477000162
v -0.0134886000305 -0.00911710038781 0.0113206999376
v -0.0117709999904 -0.0391956008971 -0.00565350009128
v 0.0132448002696 -0.0235038008541 -0.00484840013087
v -0.00481270020828 0.0230438001454 -0.00905170012265
v -0.00454169977456 0.0293451007456 -0.00601800018921
v -0.0121678998694 0.0113185001537 0.0107712000608
v -0.0127742998302 0.0294180996716 -0.00309800007381
v 0.0203754007816 0.0154299000278 0.00391730014235
v 0.00729010021314 -0.0368865989149 0.00560799986124
v -0.0117942998186 -0.0397121012211 -0.00365200010128
v -0.0142200002447 0.0273040998727 0.00790300033987
v -0.0126978000626 -0.0221523996443 0.00247150007635
v 0.0080089000985 -0.0011040000245 0.00574939977378
v -0.00426460010931 -0.0489168018103 -0.0137670002878
v 0.00822350010276 0.0396791994572 0.013574000448
v 0.00312069989741 -0.0259272996336 0.00539200007915
v -0.0125040998682 0.0303585994989 -0.00858869962394
v 0.0125372996554 -0.017563899979 0.00503059988841
v 0.016870399937 0.0040267999284 0.00667810020968
v -0.00336520001292 -0.0494350008667 -0.0104667004198
v -0.0126767996699 -0.0136441998184 0.00987069960684
v -0.00462369993329 -0.0339264012873 0.00474700005725
v -0.0116504002362 -0.0405201017857 -0.00286310003139
v 0.0190399996936 0.0268156006932 0.0176382996142
v -0.0129206003621 0.0342831015587 -0.000935400021262
v -0.0115475002676 -0.0466780997813 -0.00675200019032
v -0.0116338999942 -0.0468778014183 -0.00218569999561
v -0.00603729998693 0.00810729991645 0.00238130008802
v 0.00284230010584 -0.0323541983962 -0.01358109992
v 0.00674360012636 0.0274928007275 0.00142290000804
v -0.0130339004099 0.0357023999095 -0.00458140019327
v -0.00267380010337 0.0406171008945 0.0136360004544
v -0.000462299998617 0.0340374000371 0.00534280017018
v 0.00284059997648 0.0406500995159 0.0119593003765
v -0.0115764001384 -0.0393394008279 -0.00242600007914
v -0.00317350006662 -0.0160994008183 -0.011714800261
v 0.0078793996945 -0.0494350008667 -0.00976939965039
v -0.00262550008483 -0.0430459007621 0.00600760011002
v -0.00216999999247 -0.0494350008667 -0.00779059994966
v -0.0204300004989 0.00422109989449 0.00847289990634
v -0.00513859977946 0.00383440009318 0.00663710013032
v 0.0206369999796 0.0170329008251 0.00486350012943
v 0.00739850010723 -0.0351793989539 -0.013030000031
v 0.0105451000854 -0.0184812005609 -0.00798679981381
v 0.00821689981967 -0.00922880042344 -0.00951569993049
v -0.0126250004396 -0.00709949992597 -0.00809689983726
v 0.0155018996447 -0.00714189978316 -0.00430800020695
v -0.0194869991392 -0.00307149998844 0.00144110003021
v 0.000826100003906 -0.0494350008667 -0.00689660012722
v -0.0181667990983 -0.00237950007431 -0.00218480010517
v 0.0102407000959 -0.0280721001327 0.00304859993048
v 0.00259599997662 0.0232567004859 0.000409400003264
v 0.00217940006405 0.027228500694 -0.00878289993852
v -0.0132750999182 -0.0211353991181 0.00237799994648
v 0.00570720015094 0.021551400423 -0.00713500007987
v -0.0118313003331 -0.0400972999632 -0.0049030999653
v 0.00615089992061 0.032835200429 -0.00339800002985
v 0.00887729972601 -0.0494350008667 -0.00704250019044
v -0.0123528996482 -0.00409580022097 -0.00943799968809
v -0.0115021001548 -0.0427840985358 -0.00215380010195
v 0.0140364002436 -0.00498139997944 0.00769149977714
v -0.0101260999218 -0.047286901623 0.00131129997317
v 0.0128752999008 -0.0455955006182 0.0037175999023
v -0.0190034005791 -0.00730270007625 0.00458199996501
v 0.00386629998684 0.0337218008935 0.00530810002238
v -0.0189795996994 -0.00513930013403 0.00723790004849
v -0.00252770003863 -0.0211356002837 0.00625170022249
v 0.00814769975841 0.0329119004309 0.00465440005064
v -0.0194540992379 -0.00380750000477 0.00723960017785
v -0.00412320019677 -0.0270282998681 0.0053620999679
v -0.0132735995576 -0.00193599995691 0.0129487002268
v 0.0165714006871 0.00781270023435 0.00705809984356
v 0.016781700775 0.00988100003451 -0.0023829001002
v 0.0165059007704 -0.00326159992255 -0.00373129989021
v -0.00566959986463 0.00717409979552 0.00327769992873
v 0.0016556000337 -0.00411769980565 -0.0130893997848
v 0.00454889982939 0.0156315006316 -0.00943289976567
v 0.00752280000597 -0.0494346991181 0.00446420023218
v -0.0118572004139 -0.0353555008769 -0.0057668001391
v -0.0118137001991 -0.0418796017766 -0.00437260000035
v -0.0111013995484 -0.0446013994515 -0.000738799979445
v -0.00252439989708 0.0336233004928 0.0017948000459
v 0.0113709000871 -0.0189168006182 -0.00716989999637
v 0.00864310003817 0.0389439985156 0.0117071000859
v 0.00726260012016 0.0282703991979 0.00674350000918
v -0.0117102004588 -0.0435471981764 -0.00310220010579
v -0.0195452999324 -0.00521790003404 0.00502890022472
v 0.0175882000476 -0.00692339986563 0.00329590006731
v -0.0194560997188 -0.00511489994824 0.00291749997996
v 0.00308459997177 -0.00824659969658 0.00622719991952
v 0.000898299971595 -0.0393992997706 -0.0147363003343
v 0.000311300012982 0.0312696993351 -0.00677780015394
v 0.0131753003225 -0.0325868986547 -0.00217320001684
v 0.00441490020603 -0.032051499933 0.00544989993796
v 0.0137681998312 -0.0157980006188 0.00466550001875
v -0.010375100188 -0.0417769998312 0.000288100010948
v 0.00304109998979 -0.0126745998859 0.0072282999754
v 0.00448030000553 0.0357916988432 0.00635279994458
v 0.00555799994618 0.0365738011897 0.0153505001217
v 0.0207316000015 0.0200734995306 0.00514400005341
v -0.0195179004222 -0.000915099983104 0.0011190000223
v 0.0017640000442 0.0321172997355 0.00391389988363
v 0.0208525005728 0.020932899788 0.00610980018973
v -0.00651380000636 -0.0184522997588 0.00826949998736
v -0.0120126996189 0.0471155010164 0.0061568999663
v -0.0115983001888 -0.0434543006122 -0.0065423999913
v -0.0140810003504 0.0178893003613 -0.00813740026206
v -0.0126604996622 -0.0229727998376 0.00149789999705
v -0.00267970003188 -0.0382940992713 -0.0142774004489
v 0.00470879999921 -0.0110427001491 -0.0116892997175
v -0.00265479995869 -0.0111745996401 0.00857220031321
v 0.0133587000892 -0.0136486003175 0.00606160005555
v -0.00671410001814 0.0430196002126 0.000903800013475
v 0.00222590006888 -0.00158889999148 0.0034284000285
v 0.0181734003127 0.0239815991372 0.0147762997076
v 0.0210596006364 0.0223561991006 0.00954370014369
v 0.0205076001585 0.022152800113 0.0060144001618
v -0.00524900015444 0.0117902997881 -0.0144362002611
v -0.0127280000597 -0.0204959996045 0.00441389996558
v -0.00535089988261 -0.0239054001868 -0.0117622995749
v 0.0145763996989 0.0251826997846 0.00142959994264
v -0.00526560004801 0.0193556006998 -0.00063050002791
v 0.00806159991771 0.0101217003539 -0.00841130036861
v 0.00270930002443 -0.0202546007931 0.00636389991269
v 0.000567400013097 -0.0494350008667 -0.00427970010787
v -0.00370189989917 -0.0216917991638 0.00628789979964
v 0.0141246998683 -0.0397032015026 -0.000720600015484
v 0.0208934992552 0.0242429003119 0.0129442000762
v 0.00383369997144 0.0100562004372 -0.0120815001428
v -0.00489240000024 -0.0364503003657 0.00464479997754
v -0.0199279002845 0.0165586993098 0.0088747004047
v -0.00100140005816 -0.0150630995631 -0.0121828000993
v 0.0151356002316 0.0211309995502 0.00393310002983
v -0.0128944003955 0.00610199989751 -0.0117595996708
v 0.0208020005375 0.0260729994625 0.010892899707
v -0.0116774998605 -0.044662501663 -0.00622530002147
v -0.0126961003989 -0.0179564002901 0.0069686002098
v -0.00309789995663 0.0396604984999 0.00997770018876
v -0.0126715004444 -0.015435599722 -0.005674299784
v 0.00460449978709 0.0332779996097 0.00426799990237
v -0.0035288000945 -0.0192409995943 0.00712689990178
v -0.00559580000117 0.00799239985645 -0.015161300078
v 0.0207205992192 0.0270064994693 0.0148579999804
v -0.00458960002288 0.0182278994471 -0.000304299988784
v -0.0123573997989 -0.0256341993809 -0.00431180000305
v 0.00871939957142 0.0356924012303 0.00721690012142
v 0.0207749009132 0.0258275996894 0.0145348999649
v -0.00643349997699 0.0119591001421 -0.000751800020225
v 0.0192540995777 0.00657910015434 0.000344800006133
v 0.000926200009417 0.0429758988321 0.0161549001932
v 0.0181843005121 0.0203342996538 0.0116518000141
v 0.0119586996734 0.0374107994139 0.0159725993872
v -0.00136170000769 0.0356907993555 -0.0018785999855
v 0.00424230005592 -0.0466522015631 -0.0151498001069
v -0.0192079991102 -0.00656240014359 0.00385329988785
v 0.0132114002481 0.00729950005189 -0.0058944998309
v 0.00657999981195 0.0365574993193 0.0192204993218
v 0.00496819987893 0.039316598326 0.0189126003534
v -0.0016680000117 -0.0185554996133 0.00688270013779
v 0.00677439989522 0.0246524997056 -0.00236969999969
v 0.000401600002078 0.0260208006948 -0.00893719960004
v 0.0122876996174 0.0277056004852 -0.00153769995086
v -0.0126103004441 -0.0126173002645 0.0103869996965
v -0.0131348995492 -0.00900700036436 -0.00703490013257
v -0.00492759980261 0.0069005000405 -0.0151797002181
v -0.0122509999201 0.0115823000669 -0.0125591997057
v -0.00815370026976 -0.00691890018061 -0.010910499841
v 0.00530970003456 -0.0136481001973 -0.0112648997456
v -0.00295790005475 -0.000773200008553 -0.0143485004082
v -0.0123819001019 -0.0268517993391 -0.00131520000286
v 0.00170090002939 -0.0494011007249 -0.0135252000764
v 0.000547399977222 0.0292479991913 -0.00781759992242
v 0.0144929997623 0.0281307995319 0.00142480002251
v -0.00927860010415 -0.031088700518 0.00226139998995
v -0.00583809986711 0.0204086005688 -0.00132839998696
v -0.0118760000914 -0.0461149998009 -0.00463500013575
v 0.0064051002264 0.0416105017066 0.0188710000366
v 0.00332890008576 0.037490401417 0.00849539972842
v 0.0040430999361 -0.0240617003292 -0.0121302995831
v -0.00407270016149 0.0163391996175 -0.011524300091
v -0.00638449983671 -0.0494111999869 -0.0112247997895
v -0.00456569995731 -0.0480055995286 -0.0138552002609
v -0.0013679000549 -0.0470653995872 0.0070287999697
v 0.0070599000901 0.00986060034484 -0.00895760022104
v 0.00501460023224 0.00836620014161 -0.010728799738
v 0.00533370021731 0.0377949997783 0.0153730995953
v 0.0138763003051 -0.0415008999407 0.001034899964
v 0.0109674995765 -0.0447234995663 0.0053012999706
v 0.00192229996901 0.0273918993771 0.00211260002106
v -0.0062970998697 0.0113158999011 -0.014762699604
v -0.0122800003737 -0.0267993006855 -0.00470210006461
v -0.00454830005765 -0.0494350008667 -0.00790200009942
v -0.00607710005715 0.00385210011154 0.00864099990577
v -0.0142558002844 0.0169811993837 -0.00745079992339
v 0.00325000006706 0.0416092984378 0.00406600022689
v -0.0118044000119 -0.0476244986057 -0.00312709994614
v -0.0185011997819 -0.00151049997658 -0.00129259994719
v 0.00477019976825 0.0209734998643 0.00213319994509
v 0.00912010017782 0.010428099893 -0.0078918999061
v -0.0128084998578 0.0456643998623 0.00565230008215
v -0.0124075999483 -0.0287056006491 -0.00258120009676
v 0.0131558002904 -0.020859900862 -0.00504350010306
v 0.0131440004334 0.0230877995491 0.00476239994168
v -0.0122229000553 0.0344116985798 7.18000010238e-05
v -0.00555340014398 0.0339754000306 -0.000652000016998
v 0.00485859997571 0.0339161008596 -0.00454390002415
v 0.00100699998438 0.0418804995716 0.00320490007289
v -0.0123298997059 0.00655589997768 0.0112843001261
v 0.00524020008743 -0.0458717010915 -0.0149192996323
v 0.00388800003566 0.0314471013844 -0.0065290001221
v 0.00712809991091 0.0116747999564 0.00387970008887
v -0.0188423991203 -0.0065223001875 0.00140519998968
v 0.0135263996199 -0.0203069001436 -0.00389280007221
v 0.0105149000883 -0.0356490984559 -0.0117372004315
v -0.00324809993617 -0.0494344010949 -0.0116096995771
v 0.0182134993374 0.022412199527 0.0131326001137
v -0.00487239984795 0.0334414988756 -0.00375339994207
v 0.0150010995567 -0.0489477999508 -0.00197419989854
v 0.0137887001038 0.00361849996261 -0.00543829984963
v 0.00784759968519 -0.0379819981754 0.00558059988543
v 0.0123619996011 -0.00816749967635 0.00799729954451
v 0.00262119993567 0.000630899972748 0.0025865000207
v -0.00197839993052 -0.0460080988705 0.00670239981264
v 0.0135559001938 0.0242618992925 0.00480879982933
v -0.0122071998194 -0.0311769004911 -0.00275580002926
v -0.0025027000811 0.0113738998771 -0.013985699974
v -0.00971450004727 -0.00966919958591 0.012007500045
v 0.00457229977474 -0.0494350008667 -0.00221699988469
v 0.00841060001403 0.00162350002211 0.0052849999629
v 0.00254249991849 -0.0450432002544 0.00731809996068
v 0.00270500010811 0.0415613986552 0.012800199911
v -0.00707729998976 0.0442566014826 0.00584060000256
v -0.00682169990614 0.0109283998609 -0.000627100002021
v 0.00123880000319 0.0443129986525 0.0157613996416
v 0.00550789991394 -0.0405546016991 0.00661259982735
v -0.00459709996358 0.0218294002116 -0.00888399966061
v 0.0114438002929 0.0246246997267 0.00685139978305
v -0.0125495996326 0.0141757996753 -0.0119078997523
v -0.00678090006113 0.0320554003119 -0.00880379974842
v 0.00171610002872 -0.0403136014938 0.00655419984832
v 0.0170403998345 0.0173492003232 0.00900749955326
v -0.00116210000124 -0.00122640002519 0.0042439000681
v -0.00725239980966 -0.0218719001859 0.00643109995872
v -0.00651700003073 -0.0123918000609 -0.0106698004529
v -0.0138635998592 -0.00743119977415 0.0116395996884
v 0.0136206001043 0.0340236984193 0.0107926996425
v -0.0086912997067 -0.0164474993944 0.00951380003244
v -0.0127026000991 0.0158943999559 -0.00355709996074
v 0.00295239989646 0.0434229001403 0.00867819972336
v 0.00250019994564 0.0147011997178 -0.0117980996147
v -0.0183128993958 0.0080201998353 0.00277750007808
v -0.00184819998685 -0.00906999967992 0.00767700001597
v 0.0129155004397 -0.0370008982718 0.000469899998279
v 0.00509129976854 0.00286299991421 -0.010521300137
v 0.0137946000323 0.0137472003698 -0.00168830004986
v 0.0154662001878 -0.00955440010875 0.00585559988394
v 0.0110788997263 -0.0300351995975 0.00200089998543
v -0.0128141995519 0.0103321997449 0.011327999644
v 0.00876760017127 -0.049430500716 0.00432449998334
v 0.00830740015954 0.0236140005291 0.00620910013095
v 0.00514760008082 0.0178009998053 -0.00794360041618
v 0.00604810006917 0.00363839999773 -0.00991959962994
v -0.0131775001064 -0.0218346007168 0.0014014999615
v -0.00139140000101 -0.0494350008667 -0.00268039992079
v 0.0134846996516 -0.0405284017324 -0.00927140004933
v -0.0120561998338 0.0321656018496 -0.00129269994795
v 0.0085103996098 -0.0116953998804 -0.0095065003261
v 0.0137398000807 -0.0443015992641 -0.00954519957304
v -0.00404109992087 0.0418905988336 0.0117057003081
v -0.0139367999509 0.00351869990118 -0.0103166997433
v 0.0173246990889 0.0259955003858 0.00853560026735
v -0.020235799253 0.0121894003823 0.00845860037953
v -0.0135834999382 0.0193332005292 0.00454320013523
v -0.00483339978382 0.0131481001154 -0.000263499998255
v 0.014171499759 -0.0373077988625 -0.00404779985547
v -0.0111196003854 0.0392773002386 -0.00385349988937
v -0.00323159992695 -0.0410252995789 0.00555279990658
v -0.0078659998253 0.0146346995607 -0.000997200026177
v 0.0148211000487 0.02135729976 0.00506030023098
v -0.00607350002974 0.0329411998391 -0.000518099986948
v 0.00355789996684 -0.0494350008667 -0.00230729999021
v 0.0136048002169 0.0191722996533 0.00565059995279
v -0.0150443995371 -0.00482069980353 0.0116640999913
v -0.00129010004457 0.0304241999984 -0.00539059983566
v 0.00359670002945 0.00796230044216 -0.0119845001027
v 0.00285060005262 0.00787790026516 -0.0125003997236
v -0.00403549987823 0.0213121008128 -0.00152199994773
v 0.0068538999185 -0.0181322991848 0.00719710020348
v 0.0109804002568 0.0274601001292 0.00890849996358
v -0.0201099999249 0.00303400005214 0.00269349990413
v 0.00264750001952 0.0105117000639 0.00121949997265
v -0.0120118996128 -0.0332965999842 -0.00275360001251
v -0.0117381997406 -0.0340294018388 -0.0019718001131
v 0.0153976995498 0.0144031001255 -0.00126509997062
v 0.00721330009401 -0.0362300984561 -0.0132079999894
v 0.00725510017946 -0.0372777990997 -0.0133293000981
v -0.00332770007662 -0.0462730005383 0.00630360003561
v 0.0137844001874 -0.0365996994078 -0.00231499993242
v -0.000981500023045 0.0148141002283 -0.0121624004096
v -0.0166494995356 -0.00979300029576 0.00826810020953
v 0.00759210018441 -0.00269569992088 -0.009875100106
v 0.0055860998109 0.0174198001623 -0.00691379979253
v -0.00825569964945 0.00680779991671 0.0082144998014
v -0.0103692002594 0.0478200018406 0.00558539992198
v -0.010768099688 0.0474346987903 0.0047392998822
v -0.0115365004167 0.0474474988878 0.0053190998733
v -0.00108590000309 0.0456027984619 0.0160942003131
v 0.0138347996399 0.0147046996281 0.00697400001809
v 0.0209459997714 0.0205738991499 0.00842610001564
v -0.0097618997097 0.00445119990036 0.0115681998432
v -0.0188692007214 0.00281540001743 0.0104946997017
v 0.0134838996455 -0.0482043996453 0.00268770009279
v 0.0127678997815 -0.0491231009364 0.00280810007825
v 0.00334589998238 -0.0485382005572 -0.0148802995682
v 0.0165231991559 0.0290657002479 0.0133544001728
v 0.0140835000202 0.0317903012037 0.00815100036561
v -0.0209529995918 0.00341690005735 0.00673549994826
v -0.0021472000517 -0.0494350008667 0.00137159996666
v 0.0088914996013 0.0394784994423 0.0127956997603
v 0.0204844996333 0.0166763998568 0.0056920000352
v 0.00631290022284 0.0266849994659 0.00201799999923
v -0.001978199929 -0.0330341011286 0.00541900005192
v -0.0192416999489 0.0105504998937 0.0045182001777
v 0.00987759977579 0.0213124006987 -0.00473809987307
v -0.0138673000038 0.0271731000394 -0.00631320010871
v 0.00721979979426 0.00577129982412 0.0037809999194
v 0.00799639988691 0.0381627008319 0.010967399925
v 0.012455300428 -0.0350552015007 -0.00991529971361
v 0.00768900010735 -0.0237627997994 0.0052256998606
v 0.00709319999442 -0.02446860075 0.00514499982819
v -0.0196349993348 0.016343800351 0.0100154997781
v 0.00998010020703 -0.0385171994567 0.00453920010477
v -0.0124254003167 0.0400662012398 -0.00200249999762
v -0.01257729996 0.0391521006823 -0.00242280005477
v 0.013751800172 -0.0195131003857 -0.00313830003142
v 0.00608310010284 -0.00489079998806 -0.0106988996267
v -0.0115147996694 0.0468742996454 0.00425790017471
v 0.017532100901 0.00740579981357 0.00641359994188
v -0.00863919965923 0.0257203001529 -0.011076499708
v 0.00432519987226 0.0387680009007 0.00118809996638
v 0.00971740018576 0.028674999252 0.00972959958017
v 0.0148163996637 0.0122184995562 -0.00248869997449
v 0.00289299990982 0.0364309996367 -0.00290399999358
v -0.0106645002961 -0.000978299998678 -0.0115855997428
v 0.00448409980163 0.0263285990804 0.00102580001112
v 0.0129763996229 0.0130981002003 -0.00391309987754
v 0.0127498004586 0.0141115998849 -0.00406539998949
v 0.00176909996662 0.0305058006197 0.002686599968
v 0.0179000999779 0.0311182998121 0.0173786003143
v 0.0167801007628 0.0310223996639 0.0166206005961
v -0.0125208999962 0.021082399413 0.00568770011887
v -0.00354050006717 0.0416080988944 0.0136091001332
v -0.00634719990194 0.0282652005553 -0.00983219966292
v 0.00395500008017 0.0244843997061 -0.00887039955705
v 0.00496050016955 0.027623899281 0.00084729999071
v -0.00163129996508 0.0317956991494 -0.00405120011419
v 0.0165449008346 -0.00578799983487 0.00570470001549
v 0.0182875003666 0.0136610995978 -0.00045439999667
v 0.00742070004344 0.0283438991755 0.000758600013796
v 0.00505639985204 -0.0471143014729 -0.0149788996205
v -0.0113035999238 -0.0116413999349 0.0112410001457
v -0.00584950018674 0.0394674986601 -0.000598600017838
v 0.000721400021575 -0.00661549996585 0.00519359996542
v -0.0209183990955 0.00053309998475 0.00627830019221
v -0.00573740014806 -0.0494350008667 -0.00806009955704
v -0.0146436002105 0.000788800010923 -0.00900529976934
v -0.0142021002248 3.52999995812e-05 -0.00933589972556
v -0.0149199999869 -9.48000015342e-05 -0.00848179962486
v 0.00229079998098 -0.0494350008667 0.00141679996159
v -6.29999994999e-05 0.0406997986138 0.00200899993069
v 0.0182725004852 -0.00198869989254 0.00368610001169
v -0.0155755002052 0.00565049983561 0.0121069001034
v -0.0188845004886 0.0097075002268 0.00386400008574
v -0.0209734998643 0.001085099997 0.00541049987078
v -0.0106829004362 0.00701239984483 -0.0133662996814
v 0.00712550012395 -0.00507699977607 0.00705569982529
v 0.0145207997411 -0.0146655002609 -0.00396700017154
v 0.0119208004326 0.00471269991249 -0.00718729989603
v -0.0145100997761 -0.0130575997755 0.00888069998473
v -0.000410700013163 -0.00584580004215 -0.0135367996991
v 0.0163669008762 -0.010582299903 0.00399969983846
v 0.000569699972402 -0.0319883003831 -0.0138753000647
v -0.00306889996864 -0.0275456998497 0.00542559986934
v 0.0114965001121 -0.00137499999255 0.00757799996063
v -0.0144063001499 -0.0185540001839 0.00378350005485
v 0.00206189998426 -0.01620849967 0.00710219983011
v 0.00303409993649 -0.0354968011379 -0.0140345999971
v -0.0131543995813 0.0255775004625 0.00730449985713
v -0.00753480009735 -0.00268270005472 0.0121024996042
v -0.000209200006793 0.00583240017295 -0.0137652996927
v -0.00301259988919 0.0215096008033 -0.00129779998679
v 0.00280839996412 0.0308644995093 0.00299310008995
v -0.015646500513 -0.00760929984972 -0.00528080016375
v 0.000956100004259 -0.0165532995015 0.00695749977604
v -0.0119545999914 -0.0365948006511 -0.00410610018298
v -0.017237899825 0.02501280047 0.0129746003076
v -0.0047169001773 0.0304173994809 -0.00315349991433
v -0.000477699999465 0.038262899965 0.0102308001369
v 0.0034350999631 0.0401193983853 0.0103625003248
v 0.000455400004284 -0.0189020000398 -0.0126601997763
v 0.0164413992316 -0.0115053998306 0.00296929990873
v -0.0186810996383 0.0213633999228 0.00949189998209
v -0.0194338001311 0.00322560011409 0.00179580005351
v 0.0138793997467 -0.0195549000055 -0.00210310006514
v 0.0187138002366 0.0190009009093 0.0104088000953
v -0.00760099990293 -0.0437483005226 -0.012198000215
v 0.0145859001204 -0.0397449992597 -0.00581000000238
v -0.0157769005746 -0.00631200009957 -0.00556920003146
v 0.00636739982292 0.0326258987188 -0.00224440009333
v -0.0111189000309 0.0267600007355 -0.0104865999892
v -0.0101311998442 0.00193260004744 0.0129019003361
v -0.0189478993416 0.0195808000863 0.0103671997786
v -0.0154270995408 0.0221934001893 0.00459360005334
v -0.0167507007718 -0.00770549988374 -0.00375399994664
v -0.000876099977177 -0.0407055988908 -0.0147377997637
v -0.0133504001424 -0.0206400994211 -0.00246770004742
v 0.0110708000138 0.0046072001569 -0.00777130015194
v -0.00201299996115 0.0358664989471 0.00575149990618
v -0.00311179994605 0.0424664989114 0.015090899542
v 0.00881540030241 0.0384518988431 0.0107103995979
v -0.00275869993493 0.0419952012599 0.00716059980914
v -0.00223349989392 0.0429015010595 0.00719369994476
v 0.0121568003669 0.0362997986376 0.0155908996239
v -0.0125885000452 -0.0244363993406 -0.000207699995372
v 0.00769009999931 -0.035151399672 0.00518549978733
v -0.0138613004237 -0.0185915008187 0.00491070002317
v -0.00713569996879 -0.0153411999345 -0.0101140001789
v -0.0140741001815 0.00114039995242 -0.00972789991647
v -0.00974979996681 0.0474748015404 0.00481679989025
v 0.012688299641 -0.0482183992863 0.00359470001422
v 0.0117525001988 -0.0482726991177 0.00443980004638
v 0.011859100312 -0.0490759015083 0.00384019990452
v 0.0145351001993 -0.0391357988119 -0.00500669982284
v -0.00641820020974 -0.0494350008667 -0.00525370007381
v -0.00566980009899 0.0378092005849 -0.00151530001312
v -0.0167766008526 0.00379039999098 -0.00349820009433
v 0.0204783007503 0.027004500851 0.0115748997778
v -0.011767799966 0.0175609998405 0.0107186995447
v 0.0196636002511 0.0252195000648 0.00799729954451
v 0.018840700388 0.0254596993327 0.00759320007637
v 0.0111004998907 -0.0156520009041 -0.00766430003569
v 0.0171911008656 -0.00870320014656 -0.000686099985614
v 0.00287880003452 -0.0107314996421 -0.0124196000397
v -0.00339789991267 0.0247933007777 -0.00495749991387
v 0.0059441998601 -0.0177568998188 0.00732159987092
v -0.00750679988414 0.0403701998293 0.00471240002662
v 0.000424300000304 -0.00547329988331 0.00484029995278
v -0.00959509983659 -0.00360949989408 -0.0111983995885
v -0.00531439995393 -0.0394130982459 -0.0134044000879
v -0.00887909997255 0.0312629006803 -0.00973800010979
v 0.0132424999028 -0.0218250993639 0.000374099996407
v 0.00159570004325 0.0164243001491 0.000828200019896
v 0.000759300019126 0.0170715004206 0.000499800022226
v -0.00238580000587 -0.0441353991628 0.00624520005658
v -0.00294049992226 0.0126513000578 -0.000108899999759
v -0.00604410003871 0.0401008985937 0.00221730000339
v 0.0119115002453 -0.034192301333 -0.0104040997103
v -0.00756599986926 0.0156939998269 -0.000950300018303
v -0.00125009997282 -0.0494350008667 -0.00716469995677
v -0.0088697001338 0.00366910011508 0.0116747003049
v 0.0151319997385 -0.0118115004152 -0.00389720010571
v -0.0138803003356 0.00625040009618 0.0120419003069
v -0.0137577997521 -0.0188196003437 -0.00291440007277
v 0.00404120003805 -0.0389457009733 0.00644369982183
v -0.000172999993083 -0.0494350008667 -0.00888030044734
v 0.00053169997409 -0.0494350008667 -0.00947139970958
v 0.0135912001133 0.0207516998053 0.00204830011353
v -0.0118316998705 0.0397546999156 -0.0028923000209
v 0.000766000011936 0.0411499999464 0.00237319990993
v 8.47999981488e-05 0.0415070988238 0.00294980010949
v -0.00224360008724 -0.00644139992073 0.00787740014493
v 0.0191986002028 0.0165017992258 0.00111860001925
v 0.00624859984964 -0.0346236005425 0.00553249986842
v -0.00783229991794 -0.0279924999923 -0.0109142996371
v -0.00212349998765 -0.00268990010954 -0.0140548003837
v -0.000563399982639 0.0453992001712 0.0114433998242
v 0.0115718999878 0.00670580007136 -0.00726410001516
v 0.0181258991361 0.00490290019661 -0.00203950004652
v 0.0158261992037 0.028171800077 0.0131195997819
v 0.00218089995906 0.0384234003723 -0.000963200000115
v -0.0051143001765 -0.0139707000926 0.00978459976614
v -0.0164043009281 0.00475190021098 -0.00340939988382
v -0.0142657998949 -0.0142674995586 -0.00445500016212
v 0.00941069982946 -0.0084936004132 0.00819380022585
v -0.0169213991612 -0.00884370040148 0.0084012998268
v -0.0130465999246 0.0260444004089 0.0117493001744
v 0.0197457000613 0.0168941002339 0.00191690004431
v 0.00434930017218 0.0266327001154 -0.00807979982346
v -0.0128538999707 0.0257582999766 0.00825870037079
v -0.013187199831 0.00125840003602 0.0131158996373
v 0.00137930002529 0.0372628010809 -0.00229170010425
v 0.00179989996832 0.0364562012255 -0.00309609994292
v 0.000519399996847 0.0452460981905 0.0118319001049
v -0.00557810021564 0.0354906991124 -0.00485200015828
v 0.0149216996506 0.00235139997676 -0.00473499996588
v -0.0175848994404 -0.0043159998022 -0.0032148999162
v 0.00839340034872 -0.00980400014669 0.00814879965037
v 0.0053761000745 0.0218898002058 0.00259940000251
v 0.00505799986422 -0.00225739995949 -0.0116736004129
v 0.0140449004248 0.0307440999895 0.00814360007644
v -0.00133050000295 -0.0390557013452 0.00589910009876
v -0.0107829002663 -0.0388685017824 -0.000506100011989
v -0.0060605998151 0.0231720991433 -0.00226320000365
v 0.0100763002411 0.0230794008821 0.00653290003538
v -0.00845339987427 -0.0494350008667 -0.00585180008784
v -0.0121836001053 0.0161259006709 -0.0117373997346
v -0.0122239999473 -0.0317186005414 -0.00373949995264
v -0.00732300011441 0.0231535006315 -0.0112313004211
v 0.0133063001558 -0.00397659977898 0.00793510023504
v -0.0012961999746 0.0245652999729 -0.000237800006289
v 0.0119872000068 -0.00218719989061 0.00783040001988
v 0.013530000113 -0.0355377011001 -0.00204779999331
v 0.0063236001879 0.0259751994163 -0.00379119999707
v -0.0191760994494 -0.00319719989784 0.00819570012391
v -0.0072905998677 0.0411463007331 0.00513760000467
v -0.0174230001867 0.0235925000161 0.0124161001295
v -0.0130784995854 -0.0216141995043 -0.00261710002087
v 0.0207183007151 0.0176966991276 0.00550469988957
v 0.00301950005814 -0.00635589985177 -0.012622400187
v 0.000615599972662 -0.0469283014536 -0.0152535997331
v -0.00753560010344 0.0223385002464 -0.0114064998925
v 0.0131564997137 -0.0308663006872 -0.00717080011964
v 0.0188817996532 0.0139151997864 0.000296699989121
v -0.0129335001111 -0.000838999985717 0.0131101999432
v 0.00977720040828 0.0369818992913 0.00835429970175
v 0.0179159995168 0.0145028997213 0.00771810021251
v -0.00736689986661 -0.0494350008667 -0.00297989998944
v -0.0114572001621 0.00663830013946 -0.0128288995475
v -0.00221380009316 0.045107498765 0.0159766003489
v -0.013210799545 0.0388806983829 0.00022839999292
v -0.0118594998494 -0.0161818992347 -0.00631889980286
v 0.0140519998968 -0.0409214012325 -0.0082938997075
v 0.00240459991619 -0.0492064990103 -0.0145067004487
v 0.00835390016437 -0.00326270004734 -0.00940530002117
v 0.0153217995539 -0.00766240013763 0.00652390019968
v -0.0053761000745 -0.0194150991738 -0.011083399877
v 0.00708180014044 -0.0421218983829 -0.0139725003392
v -0.0152503000572 0.00963240023702 -0.00692090019584
v -0.00535319978371 0.0236725006253 -0.00258189998567
v -0.00520490016788 0.0229097008705 -0.00273759989068
v 0.00546630006284 0.00924030039459 -0.0103214001283
v -0.00833410024643 -0.0187225006521 -0.00933660008013
v 0.00616610003635 -0.0367139987648 -0.0135693997145
v 0.00566900009289 -0.0378398001194 -0.0138499997556
v -0.0133804995567 0.0179379992187 -0.00471520004794
v 0.00953350029886 -0.0103497998789 0.00816440023482
v -0.00549959996715 0.0346928983927 -0.00553150009364
v -0.000527299998794 -0.0190581008792 -0.0125586995855
v 0.00476829987019 -0.0494350008667 -0.00539389997721
v 0.00546630006284 0.0183875001967 -0.00706790015101
v 0.0134770004079 -0.0321274995804 -0.00464180018753
v -0.0150891998783 0.011414100416 -0.00644600018859
v -0.0151484999806 0.0104617998004 -0.00608759978786
v -0.0060004000552 0.00430000014603 -0.0147714000195
v -0.00588699989021 0.00525960000232 -0.0149579998106
v 0.019562099129 0.0157853998244 0.00148930004798
v -0.0115502001718 -0.0242970008403 0.0025609000586
v 0.0144352996722 -0.0173796005547 -0.00217900006101
v -0.00049060001038 0.0434459000826 0.00608289986849
v 0.000502999988385 0.0437810011208 0.0063251000829
v -0.00578300002962 0.0281380992383 -0.00195419997908
v -0.0100480997935 0.0101378001273 0.00214980007149
v -0.0109633998945 0.0101337004453 0.00173829996493
v -0.0135955000296 0.0263241995126 0.00755609991029
v -0.0191680006683 -0.00235709990375 0.00873139966279
v -0.00216799997725 0.0437542013824 0.0162457991391
v 0.0132510997355 -0.024492200464 -0.00483469991013
v 0.00800129957497 -0.0247315000743 0.00488069979474
v -0.00796080008149 -0.00374619988725 0.0123047996312
v 0.0120652001351 -0.0260044001043 -0.00815869960934
v 0.00779009982944 0.0320223011076 0.00404610019177
v 0.0158907994628 0.0139097003266 -0.00155479996465
v -0.0102995997295 -0.026020899415 -0.00815969984978
v -0.00563419982791 0.0312028992921 -0.00172319996636
v -0.0185547992587 0.0212955009192 0.00672159995884
v -0.0117014003918 -0.0250193998218 -0.00586820021272
v -0.012122400105 -0.024916799739 -0.0049156001769
v -0.0126299997792 -0.0111384000629 -0.0067084999755
v -0.00625649979338 -0.0192050002515 -0.0106392996386
v 0.0178027991205 0.0311268996447 0.0162073001266
v 0.015290199779 0.0286123007536 0.0158208999783
v -0.00289479992352 0.0282143000513 -0.00371149997227
v 0.00348709989339 0.0303314998746 0.00251340004615
v 0.0133937997743 -0.0312028992921 -0.00512030022219
v -0.00606690021232 -0.045949999243 0.00493100006133
v -0.0164358001202 0.0215926002711 0.00455299997702
v -0.00702700018883 0.0327123999596 -2.60000001617e-06
v -0.0179376006126 0.0280297007412 0.00902909971774
v -0.0175151992589 0.0280863996595 0.00829419959337
v -0.0179779008031 0.0270092003047 0.00835250038654
v -0.0151565000415 0.0107110999525 -0.00720930006355
v -0.0151116997004 0.0101736998186 -0.00794440042228
v -0.0102367000654 0.0272483993322 -0.0106939002872
v -0.00630429992452 0.00041149999015 0.0108185000718
v 0.0198506005108 0.0173214003444 0.00809950008988
v -0.00516200019047 0.00367169990204 -0.0148398997262
v -0.0148686999455 0.00631240010262 -0.00943229999393
v -0.00226560002193 -0.0132766999304 0.0080770002678
v -0.0116978995502 0.00906919967383 0.010042199865
v -0.0125374998897 0.0389100015163 0.00189419998787
v -0.0128827998415 0.0385638996959 0.00108940002974
v -0.0151415998116 -0.00629700021818 -0.00629490008578
v -0.00544440001249 -0.0184880997986 -0.010980299674
v -0.00477490015328 -0.0179408993572 -0.0112345004454
v -0.00645660003647 0.0425553992391 0.00401159981266
v -0.00445250002667 -0.0466080009937 -0.0139883998781
v -0.00374770001508 0.0445730984211 0.0142919998616
v 0.00103970000055 -0.0282448008657 -0.0133416000754
v -0.00187210005242 0.0364952012897 0.00655619986355
v -0.0176653005183 0.0246779993176 0.0122202001512
v 0.00465930020437 -0.0249134991318 -0.0120687996969
v 0.0203812997788 0.0245877001435 0.00819320045412
v 0.0161285009235 0.00988950021565 0.00702839996666
v -0.0130588002503 -0.00145520002116 -0.00992629956454
v 0.00478600012138 0.000360000005458 0.00349089992233
v 0.0148203000426 -0.0164497997612 -0.00161160004791
v -0.00305630010553 -0.0327963009477 0.00521979993209
v -0.0148181999102 0.0121245002374 -0.00569309992716
v -0.0162697006017 0.0126122999936 0.0124268000945
v 0.00917149987072 0.0397367998958 0.0137791000307
v 0.0105790002272 0.0281878001988 0.00950310006738
v 0.0129765002057 0.0175119005144 -0.000401199999033
v 0.00308650010265 0.0383443012834 -0.00064470001962
v 0.00300229992718 0.0378025993705 -0.00135300005786
v -0.0144943995401 0.0118925003335 -0.00462260004133
v -0.0166237000376 0.0289262998849 0.00934990029782
v -0.0145559003577 -0.017827199772 0.00472290022299
v -0.00348190008663 0.0205192007124 -0.000788100005593
v 0.00756959989667 -0.0168526992202 -0.0102099999785
v 0.0141836004332 -0.0184473004192 -0.00166740000714
v 0.00908739957958 -0.0342308990657 0.00434770016
v -0.0102879004553 -0.0403982996941 -0.00933619961143
v -0.0151292001829 -0.0175691992044 0.00357630010694
v 0.0142238000408 0.00188849994447 -0.0052760001272
v -0.00927620008588 0.0264812000096 -0.0109983002767
v 0.00950719974935 -0.0334643982351 0.00388540001586
v -0.0168680995703 0.0171734001487 0.0130051001906
v -0.0143328998238 0.0209452006966 0.00444119982421
v -0.0138379996642 0.0041371001862 0.0125302001834
v -0.0147534999996 0.00485160015523 0.0122534995899
v -0.00189960002899 -0.0209451001137 -0.0124549996108
v -0.0131470998749 0.0314395986497 -0.00333079998381
v -0.0128811998293 0.0214849002659 -0.00421330006793
v -0.0111964996904 0.0140126002952 0.008075799793
v 0.00849589984864 -0.00878020003438 0.00812170002609
v -0.000701199984178 0.019917100668 -0.0100312996656
v -0.00496280007064 -0.0271559003741 -0.0126013997942
v -0.00363550009206 0.0411965996027 0.0127207003534
v 0.00364589993842 -0.00969539955258 -0.012241399847
v -0.00995530001819 -0.0365859009326 -0.00968900043517
v -0.0072297998704 -0.0292752999812 0.00400630012155
v -0.0109096998349 -0.0399255007505 -0.000736200017855
v -0.0111926998943 -0.0390185005963 -0.00136120000388
v 0.00843369960785 -0.00435849977657 -0.00931289978325
v 0.0142294000834 -0.040172599256 -0.0075530000031
v -0.00131910003256 -0.00191889994312 -0.0140589000657
v -0.014353999868 -0.00560110015795 0.0118439998478
v 0.00647919997573 -0.0278606005013 -0.0120815001428
v -0.00435069995001 0.0288532990962 -0.00426140008494
v -0.00927050039172 -0.0494115017354 -0.000924399995711
v -0.00165979994927 -0.0450517982244 -0.0148464003578
v -0.00613190000877 0.00693169981241 -0.0150894997641
v 0.00242989999242 0.0297116003931 0.00248889997602
v -0.00547999981791 -0.0494350008667 -0.0095341000706
v -0.00864659994841 -0.0429925993085 0.00246259989217
v -0.00828499998897 -0.0439413003623 0.00293849990703
v 0.0173550993204 -0.00258850003593 0.00541839981452
v 0.00174520001747 0.0444465987384 0.013220500201
v -0.00878980010748 -0.0494134016335 3.26000008499e-05
v -0.0097928000614 -0.0490714013577 -3.51000016963e-05
v -0.00363699998707 -0.0306688006967 0.00513779977337
v -0.0114551000297 0.0198394004256 0.0108807999641
v -0.00823070015758 -0.0494350008667 -0.00268490007147
v -0.000748499995098 0.0379105992615 0.00939240027219
v -0.0054910001345 0.0331763997674 -0.00677909981459
v -0.00766849983484 0.0453628003597 0.00394299998879
v -0.0085663003847 0.0461095012724 0.00381059991196
v -0.00665300013497 0.0321686007082 -0.000574800011236
v 0.00211260002106 0.0377698987722 -0.00170749996323
v -0.0122838001698 -0.0305860992521 -0.00372319994494
v 0.0147658996284 -0.0165449995548 0.00203149998561
v -0.00595920020714 0.00642739981413 0.00521769979969
v 0.00988289993256 0.00442080013454 0.00529039977118
v 0.0128726996481 -0.00506420014426 0.00802639964968
v -0.0064824000001 0.0431376993656 0.00307770003565
v -0.0136363999918 0.0264494996518 -0.00469410000369
v 0.0124161001295 0.00695999991149 -0.00662499992177
v -0.000495599990245 0.0438956990838 0.00689959991723
v 0.00611380022019 0.039542298764 0.020563500002
v 0.0086925001815 0.0399101004004 0.020999899134
v 0.0145266000181 -0.0174486003816 0.00126779999118
v -0.00141000002623 0.0432484000921 0.00649339985102
v 0.0136812003329 -0.00874199997634 -0.00622129999101
v -0.0138782998547 0.0127119999379 -0.00411040009931
v -0.0118353003636 -0.0240093003958 -0.00547999981791
v 0.0038699998986 0.0180207993835 0.00268879998475
v 0.0173435006291 -0.00354960002005 -0.00223300000653
v 0.00946670025587 -0.0466399006546 -0.0132825002074
v -0.0114992000163 0.0178514998406 0.0087769003585
v -0.0120825003833 -0.0120414001867 0.0108297998086
v 0.0164922997355 0.0250920001417 0.0149437002838
v -0.00765170017257 0.0448523014784 0.002901900094
v 0.0186628997326 0.0309587996453 0.0164443999529
v -0.0136585002765 -0.0204376000911 -0.00146840000525
v 0.00576480012387 -0.0494350008667 0.00352260004729
v -0.00370660005137 0.0434884987772 0.0147430999205
v 0.00873329956084 0.0337040014565 0.0146668003872
v 0.0045361998491 -0.010807399638 0.00746659981087
v -0.0160856004804 0.00757610006258 0.0120136998594
v -0.00663179997355 0.0313570015132 -0.000948400003836
v -0.0143386004493 -0.00104310002644 -0.00890369992703
v 0.00429090019315 0.0392339006066 0.00760369980708
v 0.00623269984499 -0.0345790013671 -0.0132619002834
v -0.000714899972081 -0.0397249981761 0.00609990023077
v 0.00243959994987 0.0357361994684 -0.00381259992719
v 0.00207090005279 0.0350033007562 -0.00462310016155
v -0.00300409994088 -0.00118719995953 0.00685779983178
v -0.0169306993484 0.0277638006955 0.00764250010252
v -0.00314270006493 0.0443806014955 0.0154459001496
v 0.00358449993655 -0.00478059984744 -0.0124198999256
v 0.0039674998261 -0.00574719998986 -0.0121590001509
v 0.0101965004578 -0.0395192988217 0.00462750019506
v 0.00944400019944 -0.0394540987909 0.00511439982802
v -0.0047206999734 0.0220459997654 -0.0022513999138
v -0.0133041003719 -0.0214204993099 -0.00164499995299
v 0.0150635996833 -0.0489602982998 -0.00273340009153
v -0.0111320996657 -0.0411215983331 -0.00118489994202
v 0.0147968996316 0.0221676994115 0.00865229964256
v 0.0129351001233 0.003140399931 -0.00632329983637
v -0.0130200004205 0.00967989955097 -0.000161400006618
v 0.0117455003783 -0.0366205014288 -0.0108557995409
v 0.0103743001819 0.0241790991277 0.00684399995953
v 0.00100940000266 -0.0494350008667 -0.00822750013322
v -0.0001326000056 -0.0494350008667 -0.00762009993196
v -0.0168964006007 0.0240160003304 0.0131543995813
v -0.000378900003852 -0.046727001667 -0.0151350004598
v -0.00100619997829 -0.0459318011999 -0.0150205995888
v 8.52000011946e-05 -0.0459084995091 -0.0151827000082
v 0.0101263998076 -0.00998179987073 -0.00878449995071
v 0.0138448998332 -0.039970099926 -0.00841000024229
v 0.0123925004154 -0.0362632013857 -0.0101292999461
v -0.0161796994507 -0.00935839954764 0.00908439978957
v 0.0113765001297 -0.0461690984666 -0.0120198996738
v -0.00579049997032 0.000915999989957 0.0100689996034
v 0.00580829987302 -0.0494350008667 -0.00540049979463
v 0.00485339993611 -0.0291408002377 0.00516670010984
v -0.00489600002766 0.00573450000957 -0.0151151996106
v -0.00497929984704 0.00468350015581 -0.0149977998808
v -0.00579020008445 -0.00328520010225 -0.0131005002186
v 0.0129877999425 0.0237649995834 -0.00273100007325
v -0.00630789995193 0.041539400816 0.00359029998071
v -0.00505369994789 -0.045666500926 0.0054458999075
v 0.0101907998323 -0.0346864014864 -0.0118092997
v -0.00257080001757 0.0207976996899 -0.000676000025123
v -0.00153979996685 0.0453146994114 0.0113116996363
v 0.00991259980947 0.0278556998819 0.00895330030471
v 0.0109780002385 -0.0251397006214 0.00310140009969
v -0.00450750021264 -0.0314439982176 -0.0133453998715
v -0.00855780020356 0.0156362000853 -0.00131760002114
v 0.000574500008952 -0.0385347008705 0.00618899986148
v 0.000656399992295 -0.0375564992428 0.00610300013795
v -0.000923999992665 -0.0182700995356 -0.0123893003911
v -0.00568690011278 0.0384999997914 -0.000523699971382
v -0.0109561001882 -0.0457261018455 -0.000268900010269
v 0.00808869954199 0.0183483008295 0.0043847002089
v 0.0134506002069 -0.0353851988912 -0.00792529992759
v 0.00849040038884 -0.00522689986974 -0.00929570011795
v 0.0208569001406 0.0196940004826 0.00780849996954
v -0.019492700696 -0.00413929997012 0.00214580004103
v 0.00168240000494 0.0152668999508 0.000778499990702
v -0.00694279978052 0.0439403988421 0.00284849992022
v -0.00708370003849 0.0444361008704 0.00357570010237
v 0.0206553004682 0.0254580993205 0.00969810038805
v -0.00779299996793 -0.0291569996625 -0.0111480997875
v -0.011079300195 0.0124963996932 0.00599220022559
v -0.0129853999242 -0.00314639997669 -0.00936259981245
v -0.00606930023059 0.0412445999682 0.00232460000552
v 0.0102457003668 0.0156773999333 -0.00589640019462
v 0.00528120016679 -0.0277066007257 -0.0123407999054
v 0.00320430006832 0.039315700531 0.0101121002808
v 0.00757980020717 -0.00386469997466 -0.00976040028036
v -0.00150240003131 0.0202182997018 -0.00953030027449
v -0.0101335998625 0.00623599998653 -0.0134330997244
v -0.0121350996196 0.0200574006885 0.00608660001308
v 0.00970569998026 -0.0477575995028 -0.0130796004087
v 0.0171121992171 -0.00699049979448 0.00446469988674
v 0.0122021995485 0.00576689979061 -0.00691650016233
v -0.0144958999008 0.0268494002521 0.00703970016912
v -0.0197535995394 -0.00392099982128 0.00313040008768
v 0.0116435997188 -0.0322180986404 0.00130520004313
v -0.0138125000522 0.0257888995111 0.00659860018641
v 0.0140471998602 0.02285999991 0.00180119997822
v -0.0136796999723 0.000118099997053 0.0130132995546
v -0.00562720000744 -0.000170900006196 0.0103086996824
v -0.00430750008672 0.0227239001542 -0.00264599989168
v -0.00389820011333 -0.0346601009369 0.00499799987301
v 0.00600069994107 -0.0268667005002 -0.0120262997225
v -0.00497689982876 0.0172486994416 -0.000322300009429
v 0.00635770009831 -0.0336147993803 -0.0131045999005
v 0.00867919996381 0.00613419990987 0.0045813000761
v -0.00469959992915 -0.030931500718 0.00484629999846
v 0.00110919994768 0.0146180996671 0.000479300011648
v -0.00747080007568 -0.0494350008667 -0.00558809982613
v -0.0129095995799 -0.000658900011331 -0.0102888997644
v -0.00309809995815 -0.00362530001439 0.00830669980496
v 0.00126829999499 -0.0154341002926 0.00701689999551
v 0.00341330002993 0.0111483000219 0.00172739999834
v -0.0176929999143 -0.00219970010221 0.0103367995471
v -0.00221899989992 0.0217385999858 -0.00812640041113
v -0.0114339003339 0.0440130010247 0.000556799990591
v 0.00828019995242 0.0405068993568 0.0157602000982
v -0.00374810001813 -0.0179437994957 -0.0115881999955
v 0.00176190002821 -0.0173208005726 0.0069546001032
v 0.00381250004284 0.0415697991848 0.00554270017892
v 0.0125855999067 -0.0311265997589 -0.00888069998473
v 0.00378399994224 0.0355199016631 -0.00353029998951
v -0.0111477999017 0.0115914000198 0.00533040007576
v 0.0105879995972 -0.0493331998587 0.0036381999962
v -0.00598100014031 0.0381846986711 -0.00270349998027
v -0.00562330009416 0.037256501615 -0.00237610004842
v -0.0122830001637 0.010108999908 0.000232699996559
v -0.0123981004581 -0.0252506993711 -0.000356700009434
v -0.0125727001578 -0.0122846001759 -0.00645089987665
v -0.0133218998089 -0.0118412999436 -0.00595640018582
v -0.0015327000292 0.0457579009235 0.0121897999197
v -0.00942790042609 0.0253960005939 -0.0111589003354
v 0.0138964001089 -0.0194763001055 7.89999976405e-05
v -0.00672890013084 0.0266102999449 -0.00165190000553
v -0.0124955000356 0.000177099995199 0.0132237002254
v 0.0134025001898 0.0199890006334 -0.00159660005011
v -0.00182919995859 0.0273748002946 0.000439299998106
v -0.00664900010452 0.0278127994388 -0.0016040999908
v -0.00142200000118 0.0446299985051 0.0164438001812
v -0.00203419988975 0.0423438996077 0.00616070022807
v 0.0117041002959 0.0294605009258 -0.00074659998063
v 0.0141845997423 0.00284800003283 -0.00518599990755
v -0.0100927995518 0.0402271002531 -0.00341590004973
v -0.00671469978988 0.0416220016778 0.00447850022465
v 0.0186216998845 0.00452579976991 -0.00116320000961
v 0.0036667000968 0.0039985999465 0.00205549993552
v -0.0167983993888 0.00508410017937 -0.000645500025712
v -0.0164425000548 0.0050083999522 -0.00141679996159
v -0.020060300827 -0.00279540009797 0.00342940003611
v -0.0136670004576 0.0289553999901 -0.00686459988356
v -0.0155186001211 -0.00549829984084 0.0111269997433
v -0.0133552998304 0.00787630025297 -0.0116475000978
v -0.0196128003299 0.0175784006715 0.00968859996647
v -0.0125067001209 -0.0257316995412 -0.0011666000355
v -0.00617880001664 0.0338397994637 -0.00727389985695
v -0.0136470999569 0.00512610003352 0.0122597003356
v -0.0129669001326 0.0400663986802 0.00211209990084
v -0.00581520004198 0.0270966999233 -0.00200319988653
v -0.0137731004506 -0.013453300111 -0.00515189999714
v 0.00342110008933 -0.0475057996809 0.00755409989506
v 0.0133320000023 -0.0301287006587 -0.00557459983975
v -0.0139359999448 0.00767080020159 -0.0109438998625
v -0.00984639953822 -0.0250432007015 -0.00849680043757
v -0.00113949994557 -0.0494350008667 -0.00824929960072
v 0.00601880019531 -0.000621400016826 0.00441939989105
v 0.00375550007448 -0.0380874983966 0.00633110012859
v -0.0114831002429 0.0461262017488 0.00335839996114
v -0.0115090003237 -0.030760999769 -0.000389499997254
v 0.0178845003247 -0.00284380000085 0.00440970016643
v 0.00107570004184 -0.0460660010576 -0.0152786998078
v 0.0133696999401 0.0156734995544 -0.000404999998864
v -0.00936549995095 -0.0382025018334 -0.0104147996753
v -0.0206036008894 0.00207619997673 0.00810889992863
v 0.0149248000234 -0.0148588996381 -0.0029579999391
v -0.0209145005792 0.00238410010934 0.00707799987867
v -0.00280979997478 -0.0124757997692 0.00858500041068
v -0.00845520012081 -0.0286886002868 -0.0105045000091
v -0.00596569990739 -0.0292333997786 0.00458250008523
v 0.0172758009285 0.0228381995112 0.0130040002987
v 0.00563720008358 -0.0241733994335 0.00539830001071
v 0.0135925998911 -0.0370682999492 -0.00811689998955
v 0.0143317999318 -0.0427973009646 -0.00828740000725
v 0.0155710000545 0.0284292008728 0.0141708003357
v 0.00597900012508 -0.0494256988168 0.0056326999329
v -0.0142257995903 0.0147751998156 0.00346700008959
v -0.0183045007288 0.0140915000811 0.00426060007885
v 0.0194221995771 0.00757610006258 0.00254709995352
v 0.019357200712 0.00847559981048 0.00332030002028
v 0.019253699109 0.00740589993075 0.00356239988469
v 0.0142430998385 -0.0174272004515 0.0023570000194
v 0.00996320042759 -0.00763599993661 0.00821109954268
v -0.00863139983267 -0.045012999326 0.0027666001115
v -0.000889100017957 -0.000700799981132 -0.0140567999333
v -0.0161882992834 0.00526629993692 -0.00240679993294
v 0.00919769983739 2.52999998338e-05 -0.0091442996636
v 0.0202549993992 0.0150685999542 0.00510579999536
v 0.0192115008831 0.0147740999237 0.000829000025988
v 0.00732140010223 0.0303450003266 0.00299079995602
v 0.00700270012021 0.0268823001534 -0.000515800027642
v 0.0135132996365 -0.0200647003949 0.00109859998338
v -0.0119361998513 -0.0174489002675 -0.00605930015445
v -0.00339330011047 -0.0263480991125 0.00550069985911
v 0.00582729978487 -0.0248926002532 -0.0117407003418
v 0.00106190005317 0.0103885997087 0.000404899998102
v 0.0184843000025 0.0147288003936 -3.07000009343e-05
v 0.0202369000763 0.0263691004366 0.00988550018519
v 0.0129075003788 -0.0404189005494 0.00212480011396
v 0.00380620011128 -0.0137109002098 0.00753699988127
v -0.0153457997367 0.00814600009471 0.0121288998052
v 0.000353200011887 -0.0289249997586 -0.0135340997949
v -0.0112552996725 -0.00509950006381 0.01280710008
v 0.00332799996249 0.00701710022986 -0.0119802001864
v 0.0135006001219 0.0115833003074 -0.00375770009123
v 0.00548750022426 -0.0355983003974 -0.0135727999732
v -0.000461299991002 -0.0448445007205 -0.0150611996651
v 0.00815350003541 -0.0162029005587 -0.00988650042564
v 0.0207822006196 0.0183432009071 0.00645559979603
v -0.0111097004265 0.0167455002666 -0.00263940007426
v 0.0166526995599 -0.00670870020986 0.00529809994623
v 0.00178030005191 0.03139520064 0.00316490000114
v 0.0115275997669 0.0285216998309 -0.00143780000508
v 0.00506959995255 -0.00050750002265 0.00392760010436
v 0.00542550021783 0.0019692000933 -0.0106197996065
v 0.00613640015945 -0.0425123982131 -0.0143125001341
v 0.0204128008336 0.0178380999714 0.00741630000994
v 0.020490899682 0.0172623991966 0.00657009985298
v -0.0121595999226 -0.0327447988093 -0.00383220007643
v -0.00524540012702 0.0253219008446 -0.00256909988821
v -0.00671020010486 0.017795400694 -0.0124356001616
v 0.00248289993033 0.00689300009981 -0.0125160003081
v -0.00533509999514 -0.0213102996349 -0.0113032003865
v 0.00937219988555 -0.025907099247 0.00406769989058
v -0.0180725008249 0.00292230001651 0.011097099632
v 0.0194406006485 0.0289912000299 0.0132366996258
v -0.00610639993101 0.0172946993262 -0.000547599978745
v 0.0181994996965 0.0258042998612 0.0080348001793
v 0.00549340015277 0.0398240983486 0.019757900387
v 0.0203956998885 0.0251637995243 0.00879570003599
v -0.0139231998473 0.0149669004604 -0.009875100106
v -0.00385689991526 -0.0433215014637 -0.0141342002898
v 0.0114708002657 -0.0331920981407 0.00169359997381
v 0.00458349986002 -0.00990370009094 -0.0117737995461
v -0.01342689991 0.0324027985334 -0.00341810006648
v 0.0181840993464 0.025119299069 0.00727159995586
v 0.00323939998634 -0.0394669994712 0.00652689998969
v -0.00322650000453 -0.0019054999575 0.00766899995506
v -0.0060307001695 0.0245120991021 -0.00211440003477
v -0.000550500000827 0.0463158003986 0.0148288002238
v 0.00155269994866 -0.00593400001526 0.00493289995939
v -0.012206800282 -0.024007499218 -0.00467310007662
v -0.0102076996118 -0.0491564013064 -0.00103789998684
v 0.00322930002585 0.0421276018023 0.00528880022466
v 0.014134099707 0.0117910001427 -0.00310249999166
v 0.016632899642 0.013922999613 -0.0013401999604
v 0.00165640003979 -0.0494350008667 0.000149400002556
v 0.0199360996485 0.0259454995394 0.00904989987612
v -0.0107730999589 0.0179165992886 -0.00271499995142
v -0.0129183996469 0.0070992000401 -0.011916000396
v 0.00408220011741 0.0275395996869 0.00148700003047
v 0.00537690008059 -0.0258879996836 -0.012025100179
v 0.00564069999382 0.0315530002117 -0.00514210015535
v 0.00228530005552 0.0371037982404 -0.00236020004377
v -0.0147289996967 -0.00403260020539 -0.00750089995563
v 0.00786649994552 0.0340612009168 0.00628970004618
v 0.0108898999169 -0.0175519995391 0.00617180019617
v -0.0150084001943 0.0117151997983 -0.00763170002028
v 0.00646749977022 -0.0355738997459 -0.0133411996067
v -0.00297669996507 0.0455456003547 0.014926799573
v 0.0175569001585 -0.0058313999325 0.00398650020361
v -0.00358289992437 -0.0487316995859 -0.0140902996063
v -0.00468529993668 0.031892798841 -0.00413719983771
v 0.00891389977187 0.0405968986452 0.0203619003296
v -0.0141112999991 0.0118233999237 -0.0037012998946
v 0.0139432996511 -0.0146022997797 -0.00497710006312
v -0.0089996997267 0.00559449987486 0.0100659998134
v 0.0210595000535 0.0213613007218 0.00802149996161
v -0.00806299969554 0.0364486016333 -0.00635349983349
v 0.0133205000311 0.00436129979789 -0.00593400001526
v 0.00798610039055 0.00546190002933 0.00421170005575
v -0.019385099411 0.0172070991248 0.0104438997805
v -0.00105880002957 0.0319222994149 0.00224790000357
v 0.0133665995672 -0.0313155986369 -0.00399179989472
v 0.00168650003616 -0.0382382012904 0.00628410000354
v -0.0118926996365 0.0198554005474 0.0119268996641
v 0.0164243001491 0.00882709957659 0.00701599987224
v 0.00503800017759 -0.0494306981564 0.00513570010662
v -0.0114606004208 0.0187273994088 0.0102342003956
v 0.0130345998332 -0.0229141004384 0.000398600008339
v -0.00298970006406 0.0433376990259 0.015542300418
v -0.00240470003337 0.0427215993404 0.015799799934
v 0.0158453006297 0.0258259996772 0.0148376002908
v 0.012894500047 0.0239655002952 0.00562010006979
v -0.0117782996967 0.0187050998211 0.0113391000777
v -0.0117886001244 0.0165791995823 0.0100357001647
v -0.0187459997833 0.020525900647 0.0102685000747
v -0.0190503001213 0.0202469993383 0.00933289993554
v 0.00363559997641 -0.0484259016812 0.00730879977345
v 0.0148673001677 -0.0166670996696 0.00104490004014
v 0.0181058999151 0.00808930024505 0.00585220009089
v -0.0112327998504 0.0134469997138 0.00609519984573
v 0.0073520001024 0.0173298995942 0.00445100013167
v -0.000510599988047 -0.0383282005787 0.00601040013134
v -0.0184678006917 0.0105844000354 0.0110825002193
v -0.0104240002111 0.0411389991641 0.00583070004359
v -0.0113255996257 -0.0465099997818 -0.00114239996765
v -0.0203527994454 -0.0015996999573 0.00376070011407
v 0.00717339990661 0.00994060002267 0.00394430011511
v 0.0179379992187 -0.00215260009281 -0.00126469996758
v 0.000657900003716 0.0157040003687 0.000325800006976
v 0.00865899957716 0.0401023998857 0.0148563999683
v 0.0117351999506 -0.0176452007145 0.00562250008807
v 0.0106388004497 0.00514330016449 0.00562490010634
v -0.00678460020572 0.0407910011709 0.00423360010609
v 0.0169028993696 -0.00101590005215 -0.00355749996379
v 0.0126195997 -0.00017499999376 -0.00710290018469
v 0.00653759995475 -0.0259218998253 -0.0117124002427
v 0.0126670999452 0.0369792990386 0.0114300996065
v 0.00391380023211 -0.0106566995382 -0.0120833003893
v -0.0121900001541 -0.0309401992708 -0.00475319987163
v 0.0146824996918 -0.0173070002347 2.40000008489e-05
v 0.0044789002277 -0.0355709008873 -0.0137828001752
v 0.00378959998488 -0.0349152013659 -0.0138229001313
v 0.0126219000667 -0.0383735001087 0.0016825000057
v 0.00742320017889 0.0327381007373 0.00545979989693
v -0.00198789988644 -0.0121191004291 0.00790190044791
v -0.00383260007948 -0.0317694991827 0.00506119988859
v 0.0135867996141 -0.0193517003208 -0.00399240013212
v 0.0140482997522 -0.018493199721 -0.00263940007426
v 0.0128015000373 0.00501779979095 -0.00645580003038
v 0.00168540002778 -0.011384700425 -0.0125037999824
v 0.004573199898 0.0253839995712 0.000739999988582
v -0.0117210997269 0.0101688001305 0.00102650001645
v 0.0037201999221 -0.0361559018493 -0.0140228001401
v 0.00941010005772 -0.00934910029173 0.00818440038711
v -0.00913069956005 -0.0388299003243 -0.0106739001349
v 0.0174058005214 0.00845940038562 0.00647690007463
v -0.0182907003909 0.0150407999754 0.00437590014189
v -0.0105927996337 0.0356582999229 0.00164359994233
v -0.00723320012912 -0.0284764003009 -0.011456400156
v -0.00627959985286 -0.0257479008287 0.00520050013438
v 0.00698040006682 -0.0431411005557 -0.01411930006
v 0.0106774000451 -0.0261407997459 0.00306720007211
v -0.00207610009238 0.00392080005258 0.00224740011618
v -0.0124008003622 0.0402320995927 0.00339379999787
v 0.000308599992422 0.0450410991907 0.010823099874
v -0.00462049990892 -0.0422955006361 -0.0138090997934
v -0.00222899997607 -0.0319798998535 0.00537029979751
v -0.014547499828 -0.0140199996531 0.00827779993415
v 0.00787360034883 0.0407915003598 0.0207020994276
v 0.00378270004876 -0.038561899215 -0.0143601996824
v -0.00726650003344 -0.0494350008667 -0.00431199977174
v -0.00622290000319 -0.0494350008667 -0.00426570000127
v 0.0149288000539 -0.0165780000389 -0.000622600025963
v 0.0202430002391 0.0180948991328 0.00826940033585
v -0.0109120998532 -0.0259259995073 -0.0073350998573
v 0.0151607999578 0.0111814001575 -0.00285500008613
v -0.0110232997686 -0.0491609014571 -0.00522510008886
v -0.000670599984005 0.0309599004686 0.00185610004701
v -0.012179300189 0.0162729006261 0.0112185003236
v -0.0112562999129 -0.0238400995731 0.00333600002341
v -0.0172301009297 -0.0134776001796 0.000532599980943
v -0.0198232997209 0.00415660021827 0.00258710002527
v 0.00634020008147 0.0171840991825 0.00415399996564
v 0.00632910011336 0.0264283996075 -0.00474079977721
v -0.00993849989027 0.00359819992445 0.0121972002089
v 0.00508269993588 -0.0152498995885 -0.0114032998681
v -0.00826140027493 -0.0494350008667 -0.00377109996043
v -0.0100915003568 0.017222000286 -0.00220409990288
v -0.0159188993275 0.00455990014598 0.0120721999556
v 0.0208707004786 0.0263764001429 0.0123043004423
v 0.00531829986721 -0.030211199075 0.00516270007938
v 0.00130070000887 0.0401096008718 0.0132296998054
v -0.00360860000364 -0.000828800024465 0.007626300212
v -0.0105456998572 -0.0249825995415 -0.00768100004643
v 0.00877750013024 -0.0332566015422 0.00439879996702
v 0.014067100361 -0.0493667982519 -0.00328069995157
v -0.012409299612 -0.00877679977566 0.011850300245
v 0.000168900005519 0.0459068007767 0.0152431000024
v -0.00536829978228 -0.0310759991407 -0.0129282996058
v -0.00119660003111 -0.0314914993942 0.00549130002037
v 0.0134776998311 -0.00982419960201 -0.00635879999027
v -0.0210285000503 0.0016864000354 0.00622159987688
v 0.0145810004324 -0.0121358996257 -0.00469650002196
v -0.000524099974427 0.044829800725 0.0164592992514
v -0.00124869996216 0.0312453005463 -0.00502280006185
v 0.00656640017405 -0.00376620003954 0.00622540013865
v 0.0141265997663 -0.0154982004315 -0.00433789985254
v -0.0189037006348 0.0210609007627 0.00844450015575
v -0.00142089999281 0.0384874008596 0.0100060002878
v -0.00453229993582 -0.0465243011713 0.00583640020341
v 0.00291440007277 -0.0385878011584 0.00639319978654
v 0.00957669969648 0.0392454005778 0.012135299854
v -0.0143045997247 0.0200366992503 0.00430520018563
v 0.00246290001087 0.0145554002374 0.00120519998018
v 0.0013688999461 -0.0292172990739 -0.0133806001395
v 0.0105483997613 -0.0174727998674 -0.00797230005264
v 0.0103976996616 -0.0491663999856 0.0048734000884
v 0.0065223001875 -0.0378043986857 -0.0136173004285
v 0.00923139974475 -0.00482359994203 -0.00900579988956
v 0.015565100126 -0.0459101982415 -0.00155479996465
v 0.0169350001961 -0.00974140036851 -0.000878299993929
v -0.0137582002208 0.02620369941 -0.00725070014596
v -0.00110899994615 -0.0029349999968 -0.0139162996784
v -0.00386409997009 0.0413989983499 0.0108970003203
v 0.0147238997743 -0.0112269995734 -0.00465669995174
v -0.0167600996792 0.0134103996679 0.012487700209
v -0.0202831998467 -0.000919100013562 0.00309860007837
v 0.0189805999398 0.0248135998845 0.00698179984465
v -0.0101691996679 -0.0238406993449 -0.0079295001924
v -0.0208215992898 0.00124110002071 0.00724499998614
v -0.00681910011917 -0.0373614989221 0.00362350000069
v -0.000584400026128 -0.0441829003394 0.00673499982804
v 0.00131930003408 -0.00484920013696 0.00453640008345
v 0.00980340037495 0.0261263996363 -0.002778199967
v -0.000739599985536 0.0311095006764 -0.00588040007278
v -0.00393739994615 -0.045379601419 0.00590059999377
v -0.00242029991932 0.0367082990706 0.00579310022295
v 0.00716419983655 -0.0269131995738 -0.0117098996416
v -0.00554540008307 -0.0466635003686 0.00534950010478
v 0.0119623001665 -0.0472952015698 -0.0114510003477
v 0.0142082003877 0.0314165987074 0.00710690021515
v -0.0198066998273 -0.00292070000432 0.00249659991823
v 0.014375500381 -0.0137149002403 -0.00462150014937
v -0.0112779997289 -0.0455355010927 -0.00111049995758
v 0.00884359981865 0.0050424002111 0.00471320003271
v 0.0158277004957 0.0103013003245 -0.00284359999932
v 0.00442779995501 0.0274934992194 -0.00771219981834
v -0.012693000026 0.0243365000933 -0.00964269973338
v -0.000257400010014 0.0456400997937 0.0159547999501
v -0.0167305991054 -0.0148708000779 0.00320890010335
v 0.0162113998085 0.0147345997393 -0.00118400005158
v -0.0116406995803 0.0168098993599 0.0090205995366
v 0.000334899988957 -0.00452090008184 0.00454280013219
v 0.00726340012625 0.0331467986107 0.00635479995981
v 0.0127926003188 -0.0225227996707 0.00132879999001
v -0.00278130010702 -0.0451367981732 0.00629290007055
v -0.0168462991714 0.0285593997687 0.00837859977037
v -0.0118664996698 -0.0349658988416 -0.002648799913
v 0.00755569990724 -0.0494350008667 -0.00116850004997
v 0.0149149000645 -0.0137940002605 -0.00362530001439
v -0.011405499652 0.0173500999808 -0.0120697002858
v -0.0152844004333 0.0211894009262 0.00430739996955
v 0.00293299998157 -0.00534800020978 -0.0126601001248
v -0.00497889984399 0.0243701990694 -0.00282959989272
v -0.00283039989881 -0.0381377004087 0.00546230003238
v -0.014548400417 0.00571619998664 0.0122170997784
v 0.0178220998496 -0.0031270000618 -0.00121939997189
v 0.00799219962209 0.0373723991215 0.00995939970016
v 0.00932990014553 -0.0487493015826 0.0059262001887
v -0.00177309999708 -0.0381768010557 0.00573940016329
v 0.0109302001074 -0.0482431016862 0.00514090014622
v -0.00046020001173 -0.00488029979169 -0.0136633999646
v 0.00490619987249 -0.0436534993351 -0.0147489001974
v -0.00758530013263 0.0318362005055 -0.000447400001576
v 0.0057083000429 0.00059249997139 0.00387010001577
v -0.0169080998749 -0.0146570997313 0.00229500001296
v -0.0105550000444 0.036663800478 0.00208029989153
v 0.00463620014489 0.0397816002369 0.00550909992307
v 0.00491699995473 -0.0494345016778 -0.0119263995439
v -0.000266999995802 -0.0494350008667 -0.0116589004174
v -0.0190532002598 0.00884149968624 0.0103176999837
v -0.00557530019432 -0.00257829995826 0.0108310999349
v -0.00442910008132 -0.00200970005244 -0.0138784004375
v -0.000685299979523 0.0335815995932 -0.00445690006018
v 0.0112380003557 -0.0389825999737 -0.0115254996344
v -0.000956500007305 0.035120498389 -0.00296130008064
v 0.012534099631 0.0246140994132 -0.00286690006033
v -0.0186135005206 0.000377699994715 -0.000411799992435
v 0.0141091002151 -0.0491802990437 -8.45000031404e-05
v -0.00258260010742 -0.00423960015178 0.00781620014459
v 0.0179523993284 -0.000406500010286 0.00503470003605
v -0.00193280004896 0.0161467995495 -0.0113083003089
v -0.00172659999225 -0.0240765996277 -0.0130452997983
v 0.00416459981352 -0.0494350008667 -0.0113700004295
v 0.008952899836 -0.0436826013029 -0.0133760999888
v 0.00177189998794 0.00145890004933 0.00204670010135
v -0.0183716006577 0.0266165994108 0.0112245995551
v 0.0143253998831 0.0234840996563 0.000592200027313
v 0.00987059995532 0.0342270992696 0.00484410021454
v -0.000709999992978 0.0275905001909 -0.00762289995328
v -0.0182703007013 -0.00922240037471 0.0053694001399
v -0.00465379981324 -0.025336900726 0.00554300006479
v 0.0132013997063 0.0123027004302 0.00683780014515
v 0.0162748005241 0.028248200193 0.0124532999471
v 0.0145410997793 0.0270383991301 0.000985500053503
v 0.00722050014883 0.0150196999311 -0.00688279978931
v 0.0166583992541 -0.00360909989104 0.00603799987584
v -0.0181083995849 -0.00679389992729 -0.00087699998403
v -0.0158795993775 -0.0124201998115 0.00777339981869
v -0.0132446000353 0.0400044992566 -0.000142999997479
v -0.00329210003838 0.0169936995953 -0.0107210995629
v 0.0132515002042 0.0189316999167 -0.00186349998694
v 0.0130307003856 0.0346748009324 0.00708479993045
v -0.00823559984565 0.040563300252 -0.00304990005679
v 0.00216739997268 0.0199177991599 -0.0101846996695
v -0.0048846998252 -0.00110740005039 -0.013941699639
v -0.00730820000172 0.0247974991798 -0.00163610000163
v -0.0208608005196 0.00327629991807 0.00465040002018
v 0.0133715998381 0.0289960000664 0.00888609979302
v -0.0099678998813 -0.000473199994303 -0.0120941000059
v 0.0204636007547 0.0216186996549 0.0112808002159
v -0.016644699499 0.0116371996701 0.00309129990637
v -0.0154932998121 0.0118354996666 0.00287520000711
v 0.00639609992504 0.0382518991828 0.0204985998571
v -0.0088697001338 -0.00116159999743 0.0126721998677
v 0.0125438999385 0.0252685006708 0.00678500020877
v -0.0027522998862 0.0347561016679 0.00215710001066
v -0.00933840032667 -0.0384960994124 0.00148840004113
v 0.00577539997175 0.0212133992463 0.00321429991163
v 0.0165905002505 -0.0116045000032 -0.000494099978823
v -0.0059003001079 -0.0323604010046 0.00427789986134
v 0.00905570015311 -0.00250279996544 -0.00908350013196
v 0.00672660022974 -0.0028125999961 0.00583699997514
v -0.010372900404 0.0160182006657 -0.00215690000914
v 0.0124508002773 -0.00610559992492 0.0081008002162
v 0.0142198000103 0.0113791003823 0.00707630021498
v 0.00542399985716 -0.0390282012522 -0.0140760000795
v 0.00876399967819 0.018442299217 -0.00548020005226
v -0.0107006998733 0.0115293003619 -0.0137093001977
v 0.00673800008371 0.0285973995924 0.00287869991735
v 0.00252590002492 0.0334130004048 -0.00594809977338
v 0.00761700002477 -0.0226849000901 0.0055526997894
v 0.015564199537 -0.0150613002479 0.000259299995378
v 0.00145079998765 0.0192952007055 -0.0104694999754
v -0.00842969957739 -0.0488145016134 -0.0111597003415
v -0.00561820017174 0.0050017000176 0.00648280000314
v 0.00977810006589 -0.0494318008423 -0.00987599976361
v -0.0161259993911 0.00567190023139 -0.0056416997686
v -0.0180881991982 0.00698819989339 0.00210770010017
v -0.00932160019875 0.044280000031 0.000608599977568
v -0.0126229003072 -0.0250975005329 -0.00204770010896
v 0.00855199992657 0.0256006997079 0.00664369994774
v 0.0210788007826 0.0223958007991 0.00822990015149
v 0.0179203990847 0.00579460011795 -0.00211020000279
v -0.0151893002912 -0.0111507996917 0.00927949976176
v 0.00604740018025 -0.0294161997736 0.00498679978773
v -0.00200719991699 0.0236050002277 -0.0073750000447
v 0.0146679999307 0.0281406007707 0.00240939995274
v -0.0173522997648 0.00289959996007 -0.00196749996394
v -0.00281829992309 0.0384624004364 0.00435090018436
v -0.0106122000143 -0.0161854997277 0.00932789966464
v -0.0116160996258 -0.0152530996129 -0.00668689981103
v -0.0112952999771 -0.0183933991939 -0.00662870006636
v -0.00240690005012 0.0105184996501 -0.0142334997654
v 0.0123022999614 -0.0431603007019 0.00381930009462
v -0.0093494001776 0.0476493015885 0.00570179987699
v 0.0173582993448 -0.00920199975371 0.001189099974
v 0.0137857003137 -0.035811599344 -0.00304370000958
v 0.0209596995264 0.0223046001047 0.010553999804
v 0.021117400378 0.0233791992068 0.010266800411
v 0.0104486998171 0.0328134000301 0.013956299983
v 0.00517430016771 -0.0426650010049 0.00696869986132
v -0.0134380999953 0.0239189006388 -0.00855099968612
v 0.0133052999154 -0.0281659998 -0.00425700005144
v 0.0100635997951 0.0321279987693 0.0129883000627
v -0.00617559999228 -0.0349749997258 -0.0127710001543
v 0.011376099661 -0.0372903011739 0.00292730005458
v 0.00753589998931 0.0380603000522 0.0208199005574
v 0.00986189953983 0.0348626002669 0.00561279989779
v 0.00128189998213 -0.0449350997806 0.00718280021101
v -0.00753640010953 -0.00569109991193 0.0121028004214
v 0.0121296998113 0.0153639996424 0.0060827000998
v -0.0141537999734 -0.0195388998836 -0.000774700019974
v -0.00352020002902 0.0416647009552 0.00881609972566
v 0.0038892000448 0.025936499238 0.00113550003152
v -0.00788959953934 -0.00157399999443 0.0122359003872
v 0.017200499773 0.0186148006469 0.000853899982758
v -0.0117456000298 -0.0414169989526 -0.00337549997494
v -0.0117961997166 -0.0408155992627 -0.00405870005488
v -0.0143593000248 0.0101843997836 -0.00310069997795
v 0.00472349999472 0.0245360005647 -0.00831590034068
v 0.0129824997857 -0.0165411997586 0.00506890006363
v -0.00251289992593 0.0394629985094 0.00418619997799
v 0.00270340009592 -0.049398701638 -0.0133996000513
v -0.0119925998151 -0.0316990986466 -0.00189019995742
v 0.00621409993619 0.025708399713 -0.00568800000474
v -0.00636139977723 0.00894249975681 0.00159799994435
v 0.000381299993023 0.0394005998969 0.0128560997546
v 0.0040683997795 -0.0405784994364 -0.0145709998906
v -0.00652190018445 0.0212935991585 -0.0021015999373
v -0.00129839999136 -0.0494350008667 -0.000663099985104
v -0.0011551999487 0.0264666005969 0.000772700004745
v 0.0113556003198 0.034434299916 0.0157082006335
v 0.00485910009593 -0.0399435013533 -0.0143322004005
v 0.00217369990423 0.0403667986393 0.0126798003912
v 0.00552670005709 0.034536998719 -0.00291980011389
v -0.00272540003061 0.043680999428 0.0090857995674
v -0.0109698995948 -0.0292479991913 0.000886299996637
v -0.0096268998459 -0.0108943004161 0.0116769997403
v -0.00551259983331 -0.0279316008091 -0.0124703999609
v 0.00787649955601 -0.0142334001139 0.00779729988426
v 0.0137299997732 0.0299137998372 0.0016072000144
v 0.00334760011174 -0.0301277004182 0.0053508002311
v -0.00562340021133 -0.0358833000064 -0.0131086995825
v -0.0132636995986 0.0366962999105 -0.00291769998148
v 0.0103537002578 -0.0236629005522 0.0041527999565
v -0.0181933008134 -0.00962700042874 0.00101330003235
v -0.0100624999031 -0.0453541018069 0.00120079994667
v 0.0144856004044 -0.0438736006618 0.000920900027268
v 0.0129124997184 -0.0494326986372 -0.00146189995576
v -0.0159651003778 0.0239182002842 0.0138590997085
v 0.0141960000619 0.0316211991012 0.00591770000756
v -0.0160167999566 -0.00304919993505 0.0114345001057
v 0.0122095998377 -0.0494350008667 -0.00365459988825
v 0.0131288999692 -0.0298813991249 -0.0069146999158
v 0.014753700234 -0.0401319004595 -0.00485990010202
v -0.0161899998784 0.00319750001654 -0.00675059994683
v -0.0122421002015 -0.0298052001745 -0.00460769981146
v -0.0165711008012 0.00343040004373 -0.00558070000261
v -0.013703700155 -0.0207038000226 0.00147789996117
v -0.00726279988885 0.00373949995264 0.0103895999491
v -0.0162212997675 0.0114145996049 0.0122617995366
v -0.00470580020919 0.0247125998139 -0.00831929966807
v -0.00392779987305 -0.00292859994806 -0.0137985004112
v -0.0109670003876 0.0343487001956 -0.00785710010678
v -0.012687000446 0.0348458997905 -0.00605420023203
v 0.0193386003375 0.00743980007246 0.000717499991879
v 0.019308000803 0.00826869998127 0.000618199992459
v 0.00225539994426 0.0396926999092 0.0118623003364
v -0.0125348996371 0.0149977998808 0.00452650012448
v 0.0078467996791 0.0302189998329 0.00180550001096
v -0.0151963997632 0.00977709982544 0.00220229988918
v 0.0136313000694 0.030151899904 0.009073600173
v 0.0198171008378 0.027908500284 0.0115417996421
v 0.00141310004983 0.00305050006136 -0.0126047004014
v 0.000454799999716 -0.0493774004281 -0.0137986997142
v -0.0114831002429 -0.0106966001913 0.0115080997348
v -0.00184649997391 -0.0127772996202 -0.0121015999466
v -0.00316770002246 -0.0209040008485 -0.0120660001412
v 0.0117129003629 -0.0252825003117 0.00214580004103
v -0.0104718999937 0.0351716987789 -0.0074172001332
v 0.004417499993 -0.0437797009945 0.00717120012268
v -0.0199778992683 -0.000936400028877 0.00218500010669
v 0.0136652002111 -0.0422752983868 0.00175139994826
v 0.0121942004189 -0.0269881002605 0.000791699974798
v -0.0137462001294 0.00880889967084 -0.000464100012323
v -0.0149689996615 0.0165029000491 0.00357410009019
v -0.0113447001204 0.0124573996291 -0.0131294000894
v -0.0154438996688 -0.00227300007828 -0.00725409993902
v 0.00705040013418 0.0391464009881 0.021060500294
v -0.0165982991457 -0.0141462003812 -0.00103309995029
v 0.0124650001526 0.000183700001799 0.00748059991747
v 0.0124482996762 0.000967799976934 -0.00705779995769
v -0.00296350009739 -0.0347982011735 0.00526899984106
v -0.0169047992676 -0.013023099862 -0.00119900004938
v 0.0210482999682 0.0232200995088 0.00902650039643
v 0.0140084000304 0.0245559997857 0.00383149995469
v 0.016288600862 0.0163346994668 0.0084322001785
v -0.0206778999418 0.00683089997619 0.00573159987107
v 0.00722579983994 -0.0479201003909 0.0070621999912
v -0.010488900356 0.0128563996404 -0.00191700004507
v -0.0128611000255 0.0096043003723 0.000856400001794
v 0.0145934000611 -0.045857001096 -0.00823059957474
v -0.00821419991553 0.00983820017427 0.00194520002697
v 0.00485950009897 0.00126950000413 0.00321420002729
v 0.00211180001497 -0.00496280007064 -0.0129618002102
v -0.0131818996742 -0.00394980004057 0.0126740001142
v 0.0162847992033 0.00304189999588 0.00679490016773
v 0.0073409001343 -0.0494350008667 0.00221200007945
v 0.00560500007123 -0.0437131002545 0.00708989985287
v 0.0131406001747 -0.0252404008061 -0.00555770006031
v 0.00434640003368 0.00922129955143 0.0023058000952
v 0.0150132998824 -0.00416730018333 0.00728560006246
v 0.0055415998213 -0.00613979995251 0.00671450002119
v -0.0125360004604 0.0356303006411 -0.00562789989635
v 0.0125441998243 -0.0257287006825 -0.00727709988132
v -0.0171000994742 -0.00023279999732 0.0113503998145
v 0.0135751999915 -0.0347688011825 -0.00288229994476
v 0.0130439000204 0.030033800751 0.000728200015146
v -0.00991209968925 -0.0386514998972 0.000813500024378
v -0.0130992997438 0.0159684997052 0.00425990018994
v 0.00251460005529 0.0208094008267 -0.00992260035127
v 0.00629879999906 -0.00145410001278 0.00492910016328
v 0.0141025995836 0.022535899654 0.000781700015068
v -0.00918969977647 -0.00530100008473 0.0126435998827
v 0.00941209960729 -0.00273750000633 0.00719100004062
v -0.00261930003762 0.0443536005914 0.0100445998833
v 0.00776439998299 0.0140647999942 -0.00720490003005
v 0.00315060000867 0.00626049982384 0.0014424000401
v 0.00148390000686 0.0187513995916 0.00103769998532
v -0.0105673000216 -0.0103046000004 0.0117896003649
v 0.00636840006337 -0.019948400557 -0.0109692001715
v -0.0145159997046 0.0120099997148 0.00289010000415
v 0.0132223004475 -0.0261844005436 -0.005301900208
v -0.016907600686 0.0030662000645 -0.0042439000681
v -0.000152299995534 -0.0169657003134 0.00696930009872
v 0.00474849995226 -0.0137160001323 0.007742700167
v -0.000140999996802 0.0268628001213 -0.00831300020218
v -0.0115369996056 0.0131698995829 -0.00252870004624
v -0.0144867999479 -0.0129987997934 -0.00464410008863
v -0.00960760004818 0.0034543001093 -0.0130775002763
v 0.0115545000881 -0.00524829979986 0.00816749967635
v -0.0162946004421 0.00957669969648 0.00238860002719
v -0.00365730002522 -0.0148897999898 0.00871959980577
v 0.013972800225 -0.0194364991039 -0.00109999999404
v 0.00550020020455 -0.013137999922 0.00790120009333
v 0.0127226002514 0.0183508004993 -0.00369450007565
v 0.017447900027 -0.00482189981267 0.00464069982991
v -0.0111082000658 0.00487649999559 -0.0125553002581
v 0.018915399909 0.00728179980069 0.00458079995587
v -0.00706460000947 -0.0384095013142 0.00346480007283
v 0.00351419998333 0.0330062992871 0.00477200001478
v 0.0158424992114 0.00131019996479 0.00699870008975
v -0.00640329997987 0.0337029993534 0.000138500006869
v 0.013676200062 -0.0137080997229 -0.00560849998146
v 0.00343349995092 0.0205415003002 -0.00958750024438
v -0.00698010018095 -0.0442788004875 -0.0126513997093
v 0.00518740015104 0.0353633984923 0.0043470999226
v -0.0203175004572 0.0102284001186 0.00610090000555
v 0.0101763997227 -0.00896780006588 -0.00875900033861
v 0.0120160002261 -0.0331568010151 0.00079530000221
v 0.00883410032839 -0.0301208999008 -0.0118311997503
v 0.00390610005707 0.00702890008688 0.00187499995809
v 0.00343600008637 -0.0248638000339 -0.0123910997063
v -0.0116908997297 -0.0447999984026 -0.00283739995211
v -0.00433919997886 0.0183726996183 -0.010316199623
v -0.00772649981081 0.00714580016211 0.00714820018038
v -0.0114714996889 0.0128688002005 0.00516659999266
v -0.0135842999443 0.0201501008123 -0.00535910017788
v -0.00654600001872 -0.00824220012873 -0.011417100206
v -0.00224930001423 0.033760599792 -0.00143319997005
v -0.00979609973729 0.0295168999583 -0.00146699999459
v -0.00420509977266 0.0124874999747 -0.0139249004424
v 0.0111800003797 -0.0180146992207 -0.00731449993327
v 0.0134118003771 -0.0402630008757 0.00125089997891
v -0.0204387996346 0.00924179982394 0.00600730022416
v 0.0122105004266 -0.0270141009241 -0.00827930029482
v 0.0133194997907 -0.0271956007928 -0.00378399994224
v -0.0179359000176 -0.00862019974738 -0.000540899985936
v 0.0113008003682 -0.0471211001277 -0.0120275001973
v -0.0162058994174 0.0290411002934 0.0105646001175
v -0.0201757997274 0.014359800145 0.00719390017912
v 0.00945630017668 -0.0494349002838 -0.00888559967279
v 0.0081810997799 -0.000383200007491 -0.00967730022967
v 0.0104093002155 -0.0494350008667 -0.00595209980384
v 0.0108410995454 -0.00361969997175 -0.00840010028332
v -0.00864120014012 -0.0177148003131 -0.00909939967096
v 0.00673749996349 0.025578500703 0.00522750010714
v 0.0131611004472 -0.0437704995275 0.00299359997734
v -0.0139282001182 0.0127101996914 0.00318349990994
v 0.0130850998685 0.0181556008756 -0.00259570009075
v -0.00276029994711 0.00300649995916 -0.0148069998249
v -0.0137130999938 0.0253694001585 -0.00504209985957
v -0.0047570001334 -0.0219125002623 -0.0116542996839
v 0.0147227998823 0.0271738003939 0.00207610009238
v 0.00956069957465 0.0267319008708 0.00766379991546
v -0.013487899676 0.00897779967636 0.000334000011208
v -0.0182102993131 -0.00862899981439 0.000414700014517
v 0.00950300041586 -0.0239023994654 0.00455360021442
v -0.0194175001234 -0.0057031000033 0.00385030009784
v 0.0125567996874 -0.00248929997906 -0.0074618998915
v -0.00225610006601 -0.0408108010888 0.00583670008928
v -0.0121114999056 0.0386076010764 -0.00363770010881
v -9.78000025498e-05 0.0341508984566 -0.00469690002501
v -0.0177708994597 0.0114970998839 0.00355980009772
v 0.00162680004723 0.0176075007766 0.000990799977444
v 0.00522520020604 -0.0492749996483 0.00631929980591
v -0.00119770003948 0.0035514999181 0.0017564999871
v 0.000792499980889 0.00416829995811 -0.0130260000005
v 0.0142804998904 -0.00634409999475 0.00747990002856
v 0.0127769000828 -0.0394565984607 0.00192349997815
v 0.00848240032792 0.0363380983472 0.0195783991367
v 0.00656920019537 -0.0296068992466 -0.0124030997977
v 0.014332300052 -0.0385794006288 -0.00605690013617
v 0.0118008004501 -0.0405259989202 -0.0111945997924
v 0.0201750006527 0.0200399998575 0.0101875001565
v -0.00263060000725 0.0405814982951 0.00565009983256
v -0.0181587003171 -0.0106249004602 0.00371040008031
v 0.000895700010005 0.0236499998719 0.000410899985582
v 0.00481180008501 -0.0447300001979 -0.0148977003992
v 0.0132884001359 -0.0197914000601 -0.00461839977652
v -0.0136566003785 0.0273930002004 -0.00736009981483
v -0.00402610003948 0.00326110003516 -0.0149282002822
v 0.00859500002116 -0.0240822993219 0.0048541999422
v 0.00630389992148 -0.00493060005829 0.00662819994614
v 0.00885710027069 -0.0482397004962 -0.0133929997683
v -0.013302099891 -0.0183898005635 0.00595569983125
v -0.000663599988911 0.00500660017133 -0.0139675997198
v 0.0175919998437 -0.00233449996449 -0.00204880000092
v 0.00192890001927 0.0417805984616 0.0143990004435
v -0.00158309994731 0.0051722000353 -0.0144664002582
v 0.0100210001692 0.0393734015524 0.0129306996241
v 0.0193167999387 0.00551800010726 0.00111800001469
v 0.00821010023355 0.0390610992908 0.0211079996079
v 0.00413830019534 0.0394450984895 0.00194139999803
v -0.0122151002288 -0.0278505999595 -0.00502720009536
v 0.00419599981979 -0.00565750012174 0.0058150999248
v 0.0179363004863 0.0193323995918 0.0108064003289
v -0.0119008999318 0.0180638004094 -0.0115576004609
v 0.0106998998672 -0.00438999990001 0.00800659973174
v 0.0129620004445 -0.0259770005941 -0.00639860006049
v 0.00445650005713 0.0395985990763 0.00295899994671
v 0.00465120002627 -0.0145747000352 0.00770970014855
v 0.000836500024889 -0.0400990992785 0.00641900021583
v -0.0151634002104 0.00954489968717 -0.00576880015433
v -0.0048615001142 -0.0432065986097 -0.013737199828
v -0.0187389999628 0.015055200085 0.0114367995411
v 0.013247099705 -0.0290545001626 -0.00601430004463
v -0.00304020009935 -0.00781689956784 0.00899199955165
v -0.0115305995569 -0.0010700999992 -0.011081200093
v -0.00826899986714 -0.0420771986246 0.00272189988755
v 0.02085239999 0.0215000007302 0.0101578002796
v 0.0178820993751 -0.00168180000037 0.00474329991266
v 0.009322299622 0.00661419983953 0.00503739994019
v -0.00279440009035 0.0397311002016 0.00539539987221
v -0.00908080022782 0.0300680007786 -0.0101461997256
v -0.0186030995101 0.00535059999675 0.00166209996678
v -0.00124390004203 -0.0441071987152 -0.0148849999532
v 0.00744460010901 0.0363190993667 0.0194480996579
v -0.0155966999009 0.0104481000453 0.0122234998271
v 0.0178261008114 -0.00498759979382 0.00371209997684
v -0.0119225997478 -0.0357987992465 -0.00344390003011
v 0.00401860009879 0.0191098991781 0.0025931999553
v -0.00356959993951 -0.0337953008711 0.0050944997929
v -0.018188400194 -0.0076842000708 -0.000154800000018
v 0.00678949989378 -0.0356062985957 0.00557379983366
v -0.000961099984124 0.00612760009244 -0.0141620999202
v -0.0173087008297 -0.0136692002416 0.00243279989809
v 0.00674449978396 -0.0170952007174 0.00742979999632
v -0.0206020008773 -0.000273200013908 0.00392579985783
v -0.0186512991786 0.0114029999822 0.00413049990311
v 0.00484360009432 -0.0367096997797 -0.0138830002397
v 0.00742979999632 0.0366356000304 0.00990379974246
v 0.00786940008402 0.0365374013782 0.00908380001783
v -0.00121440005023 0.0402281992137 0.00251880008727
v -0.00334970001131 -0.0442176014185 0.0059233000502
v -0.00544419977814 0.0300466008484 -0.00212779990397
v 0.00630610017106 0.0267315004021 -0.00313570001163
v -0.0132184000686 0.000267900002655 -0.0102746002376
v -0.0121131995693 -0.00796039961278 -0.00814520008862
v -0.00823470018804 0.030507799238 -0.0099152000621
v 0.0125166997313 -0.0340554006398 -0.00959040038288
v -0.00402669981122 0.00619400013238 -0.0151204001158
v -0.00493959989399 -0.0319384001195 0.00469650002196
v 0.0080268997699 -0.0204972997308 -0.0102533996105
v -0.0102089997381 0.0259668007493 -0.0109021998942
v 0.00967879965901 0.0168056990951 -0.00579020008445
v 0.0205333996564 0.0189319998026 0.00835689995438
v 0.0113283004612 -0.00606379983947 0.00819469988346
v -0.010715899989 -0.0365996994078 -0.00859879981726
v -0.006781199947 -0.0142208999023 -0.0103727001697
v 0.0050017000176 -0.0494350008667 0.00281250011176
v 0.00372599996626 0.0125174000859 -0.0117410998791
v 0.0107690999284 0.0293320994824 -0.000995300011709
v -0.00304850004613 0.00622679991648 -0.0149819999933
v -0.00381810008548 0.00517919985577 -0.0150859002024
v 0.00910849962384 0.0284260008484 0.00900430046022
v 0.00922549981624 0.000918900012039 -0.00907659996301
v 0.0100654000416 0.000599100021645 -0.00870949961245
v -0.00965940020978 0.00820439960808 -0.0141885001212
v 0.00343380006962 0.0424524992704 0.00659100012854
v -0.0160854998976 0.0106135997921 0.00268070003949
v -0.0119850998744 -0.0355819985271 -0.00458100019023
v -0.0147810997441 -0.0184464994818 0.00262439996004
v -0.000842500012368 0.0209452994168 -0.00968869961798
v -0.010161199607 -0.0357083007693 -0.00940349977463
v -0.013353000395 0.0122603997588 -0.00308319996111
v 0.00502739986405 -0.0493940003216 -0.0132111003622
v -0.0100432997569 -0.0391669012606 -0.00963270012289
v -0.0183201991022 0.0105472998694 0.00373989995569
v 0.00495210010558 -0.00562130007893 -0.0115192001686
v -0.0103043001145 -0.0493429005146 -0.00451629981399
v -0.0112172998488 -0.0083624003455 0.012234300375
v 0.00583449983969 -0.00428039999679 0.00608569988981
v 0.00515080010518 0.0269671995193 -0.00729219987988
v -0.00577270006761 0.0392521992326 0.00043819998973
v 0.00858759973198 0.037206299603 0.00926890037954
v -0.0188609994948 0.00387630006298 0.0105085996911
v 0.00292179989628 -0.0393150001764 -0.0145766995847
v 0.0133477998897 -0.0302060004324 -0.00444870023057
v -0.0036637999583 -0.000112900001113 -0.0144266998395
v -0.0199743006378 0.0168120991439 0.00795739982277
v 0.0110561996698 -0.0281879007816 0.00220039999112
v -0.0186879001558 0.00336420000531 0.0009445999749
v 0.0141885001212 0.00459979986772 -0.00508040003479
v 0.0158443003893 0.00936190038919 -0.00307249999605
v -0.0130276000127 -0.0131048997864 -0.00588429998606
v -0.0133606996387 -0.00994830019772 -0.00652559986338
v -0.00359020009637 0.0221826992929 -0.0021583000198
v -0.00221049995162 0.0345095992088 0.0038791000843
v 0.0135463001207 0.0331563018262 0.0059278998524
v 0.0181233007461 0.0193073004484 0.00152679998428
v 0.0120181003585 -0.00920969992876 -0.00772750005126
v -0.00407390017062 -0.0127007998526 -0.0116243995726
v -0.0026142001152 0.033277798444 0.000696500006597
v -0.00414959993213 -0.0393516011536 -0.0138892000541
v 0.00795019976795 0.028262399137 -0.000143199999002
v -0.0109363002703 0.0302303992212 -0.00173729995731
v 0.0186170004308 0.00327139999717 -0.00113310001325
v -0.0197174996138 0.0120837995782 0.0097936000675
v -0.0137467002496 -0.0162113998085 -0.00432569999248
v 0.0172413997352 -0.000171499996213 0.0060419999063
v 0.0123361004516 0.013286200352 0.00658599985763
v -0.00381639995612 -0.0200852993876 -0.0117490999401
v -0.0164262000471 0.00217869994231 -0.00620489986613
v 0.00972209963948 0.0388671010733 0.0111563997343
v 0.0124722998589 -0.0146096004173 -0.00667920010164
v 0.0157960001379 0.00157189997844 -0.00437240023166
v -0.0151747995988 -0.0169926006347 0.00463410001248
v 0.00735529977828 -0.021337499842 -0.0106971003115
v -0.0115409996361 0.0197932999581 0.00728810019791
v 0.0113503998145 0.0325397998095 0.00269349990413
v -0.00770979980007 -0.02583209984 -0.0106097003445
v -0.00708540016785 -0.0093786995858 -0.0108665004373
v -0.00903530046344 -0.0294049996883 -0.0101015996188
v 0.00617229985073 -0.000932299997658 -0.011037199758
v 0.00709840003401 0.0261305999011 -0.00121380004566
v 0.0125118996948 -0.0261474996805 0.00039659999311
v -0.0131248002872 -0.0163566991687 -0.00497800018638
v -0.0134340999648 -0.0172150991857 -0.00431790016592
v -0.00179640005808 0.00330880004913 -0.0145439999178
v -0.0193179994822 0.0143945002928 0.0106121003628
v -0.00554719986394 -0.0261041000485 -0.01211769972
v -0.0110315997154 0.0317103005946 -0.00917700026184
v 0.0158517993987 0.0231529995799 0.00634620012715
v 0.0152241000906 0.022078499198 0.0106726000085
v -0.00148740003351 0.0421169996262 0.00510910013691
v 0.0076998998411 -0.00793730001897 0.00794230028987
v 0.0135222002864 -0.0206838995218 0.000317099998938
v -0.00956660043448 0.0413861013949 0.00618760008365
v -0.0173310991377 0.0105814002454 0.00312649994157
v 0.0106474999338 0.0219991002232 0.00608900003135
v -0.0179401002824 -0.0105525003746 0.000586399983149
v 0.00488069979474 0.00573780015111 0.00251840008423
v 0.00747250020504 0.0239822994918 0.00580679997802
v 0.00815869960934 -0.0494350008667 -0.000229199999012
v -0.00514760008082 0.012746299617 -0.0140546001494
v 0.0123714003712 0.0172387994826 0.00480980006978
v 0.00629669986665 0.0226473007351 0.00445180013776
v 0.00611800001934 -0.0494350008667 0.00248989998363
v -0.0173742007464 0.0208381004632 0.00478219985962
v -0.0194950997829 0.0151835996658 0.00572889996693
v 0.0103256003931 -0.0447257012129 -0.0127127002925
v 0.0168875008821 -0.00471130013466 0.00552750006318
v 0.0103815002367 0.0130132995546 -0.00652820011601
v 0.015418600291 0.0210197009146 0.0105905001983
v 0.00722989998758 0.00396090000868 0.00411259988323
v 0.00803850032389 0.00449830014259 0.00437910016626
v 0.00983299966902 -0.0115170003846 0.00801290012896
v -0.00724759977311 -0.044854901731 0.00392869999632
v 0.00325879990123 0.0213843993843 0.0010445000371
v 0.00367000000551 0.0207250006497 0.00169539998751
v -0.00613440014422 -0.0151049001142 -0.0106391003355
v -0.000120999997307 -0.0234268996865 -0.0130698001012
v -0.00819460023195 -0.0494295991957 -0.000946099986322
v 0.012319999747 -0.0494157001376 -0.00821410026401
v 0.00944420043379 -0.00458519998938 0.00774489995092
v 0.00539229996502 0.0165458992124 -0.00759619986638
v 0.00591470021755 0.0135754002258 -0.0084931999445
v 0.00571999978274 0.0297970008105 0.000303700013319
v -0.012351100333 0.0463838018477 0.00622930005193
v -0.0140549996868 0.00899349991232 -0.00160379998852
v -0.0131315002218 0.036180101335 -0.000758400012273
v 0.0107273003086 -0.0259626992047 -0.00955989956856
v -0.00885710027069 0.0144961001351 -0.00135569996201
v 0.0136970998719 0.033910099417 0.00764779979363
v -0.005041600205 -0.0147641003132 -0.0111397998407
v -0.0156884007156 -0.0168588999659 0.00290660001338
v -0.00478560011834 -0.0455324985087 -0.0138250999153
v -0.00228150002658 0.0326461009681 0.00143339997157
v -0.00726220011711 0.0337635017931 -0.00807280000299
v 0.000462600000901 0.0428727008402 0.00467249983922
v -0.0125748999417 0.00801370013505 -0.0123663004488
v 0.00483989994973 0.0365709997714 0.00571179995313
v 0.0185815002769 0.00632150005549 0.00513490010053
v 0.00314630009234 0.00940509978682 0.00149219995365
v 0.00604759994894 0.0302724000067 -0.000379300006898
v -0.0131489001215 0.0387405008078 -0.00165310001466
v 0.00729000009596 0.0030135998968 0.00434800004587
v -0.00261200009845 0.0349000990391 0.00308799999766
v 0.000773500010837 0.0348582006991 -0.00462719984353
v 0.0117853004485 -0.0148331001401 0.00654360000044
v -0.00191300001461 -0.000107699997898 -0.0143397999927
v -0.0100514004007 0.00907460041344 -0.0141665004194
v -0.0180967003107 0.02479499951 0.0110215004534
v 0.0106955999509 0.026618199423 -0.00264839990996
v -0.013287499547 0.0113564999774 -0.00218289997429
v 0.00120739999693 -0.0392768010497 0.0063608000055
v 0.00586999999359 0.0183512996882 0.00371739990078
v 0.0141925998032 0.030118400231 0.0073142000474
v 0.0138010997325 -0.0365271009505 -0.00725439982489
v -0.000873800017871 0.0300047006458 0.00135469995439
v 0.0160278007388 0.0190268997103 0.00126539997291
v 0.0138277001679 0.0217247009277 0.00140770000871
v -0.01893539913 0.00703429989517 0.0027962999884
v 0.0116640999913 -0.0494153015316 -0.00919360015541
v -5.85000016144e-05 -0.0320628993213 0.00557840010151
v 0.0135134998709 -0.0125957997516 -0.00601499993354
v -0.0111568998545 0.0205154009163 0.00918669998646
v -0.010586399585 0.0148024996743 -0.00215850002132
v 0.00878100004047 -0.0494350008667 -0.00816989969462
v 0.0064682001248 0.0283368006349 -0.0039311000146
v -0.0185412000865 0.00842820014805 0.0108192004263
v -0.0195355005562 0.0092959003523 0.00440060021356
v -0.0124439997599 -0.0283492002636 -0.0033813000191
v 0.00325859989971 0.0188555996865 -0.00992059987038
v 0.00327620003372 -0.0277052000165 0.00530079985037
v 0.00933600030839 0.0306132994592 0.000566700007766
v 0.00358729995787 -0.026877399534 0.00530629977584
v -0.0106002995744 -0.0472804009914 0.00050939997891
v 0.00309160002507 -0.00101969996467 0.00341539992951
v -0.0108425002545 -0.0309149008244 0.000609999988228
v 0.00275520002469 -0.0129426997155 -0.0124903004616
v 0.00574450008571 0.00180179998279 0.00363470008597
v 0.00480860006064 -0.0169377997518 -0.0115117998794
v -0.0024363999255 -0.0494350008667 -0.00684050004929
v -0.0122924000025 0.0019892998971 0.0131547003984
v -0.00688249990344 0.00386810000055 -0.0144311999902
v -0.00264320010319 0.0373212993145 0.00274690007791
v -0.0110470000654 -0.0377024002373 -0.000887100002728
v -0.0114441998303 -0.0449497997761 -0.00172389997169
v 0.00430870009586 -0.029837699607 0.00524439988658
v -0.00322630000301 0.0201447997242 -0.0084936004132
v -0.00805599987507 0.0355378985405 0.00185030000284
v -0.00448849983513 -0.0445016995072 0.00550659978762
v -0.0112501997501 -0.0420992001891 -0.00146840000525
v -0.0198317002505 -0.00417819991708 0.00514050014317
v 3.29999988935e-06 0.00113690004218 -0.01358109992
v -0.00997260026634 -0.0178576000035 -0.00799820013344
v 0.00132869998924 0.0212207995355 -0.0100694997236
v 0.0174103993922 0.00189119996503 0.00601529981941
v 0.0116648999974 -0.0104079004377 0.00783799961209
v 0.0122945001349 -0.0280619002879 0.000322800013237
v -0.0130222002044 0.003517099889 0.0127443000674
v -0.000849000003655 -0.0493653006852 -0.0134936003014
v -0.0139945996925 0.015780499205 0.00368109997362
v 0.0137128001079 -0.0202590990812 -0.000521900015883
v -0.0123186996207 0.0131470002234 0.00416229991242
v -0.00122390000615 0.0339788012207 -0.00338110001758
v 0.00164070003666 -0.0301719997078 -0.0134380999953
v 0.00644800020382 0.00330099998973 0.00382269988768
v -0.00873009953648 0.00776890013367 0.00679890019819
v -0.00122940004803 -0.0200673006475 -0.0125190997496
v 0.00129849999212 -0.00286279991269 0.00373620004393
v -0.0100306998938 -0.0379015989602 -0.00964500010014
v 0.0115056997165 -0.00897150021046 0.00809520017356
v 0.0044085001573 -0.0284099001437 -0.0126467002556
v 0.0121846003458 -0.0138389002532 0.00669240020216
v -0.0174463000149 0.0076227998361 0.00199120002799
v 0.00902139954269 -0.0382933989167 0.00508240005001
v 0.0131834996864 0.0217061005533 -0.00265350006521
v 0.0122042996809 0.0371921993792 0.0101600000635
v -0.0178402997553 0.000788900011685 0.011095199734
v -0.0132390996441 -0.0189298000187 -0.00384019990452
v 0.0159328002483 0.0290508996695 0.0139659000561
v -0.0114203002304 0.0143630001694 -0.00259070005268
v -0.0175649002194 0.0135709997267 0.0121360002086
v -0.0162046998739 0.0148173002526 0.00347550003789
v 0.00527510000393 0.0285317990929 0.000583600020036
v 0.00594170019031 0.0282499995083 -0.000962099991739
v 0.00786069966853 0.0202744994313 -0.00476109981537
v 0.010449600406 0.0262227002531 0.00762870023027
v 0.0188628006727 0.000821200024802 0.00146499997936
v -0.0037042000331 -0.0383608005941 -0.013995599933
v 0.0133111001924 -0.0263519007713 -0.0043448000215
v -0.00455879978836 0.0175340995193 -0.0109994001687
v 0.00613200012594 0.0278887990862 -0.00185420003254
v 0.00534659996629 -0.0494350008667 0.00163600000087
v -0.0135508999228 0.0156166004017 0.0126732997596
v 0.0202897991985 0.0157685000449 0.00568250007927
v -0.005712099839 -0.0494350008667 0.000150299994857
v 0.00994290038943 -0.0494350008667 -0.0038540000096
v 0.00517529994249 -0.00121619994752 -0.0115571999922
v 0.0129182999954 -0.01047619991 0.00737220002338
v 0.0144896004349 -0.00754739996046 0.00719369994476
v -0.00505479983985 -0.0493866987526 0.00405390001833
v 0.015450200066 0.0248643998057 0.0105135003105
v 0.0077517000027 -0.0129712997004 0.00799379963428
v 0.00866790022701 0.00153050001245 -0.00926769990474
v 0.0134431999177 0.0197641998529 0.000285099988105
v 0.0204882007092 0.0161065999418 0.0048682000488
v 0.0037835999392 -0.0494042001665 -0.0133859999478
v 0.014577999711 -0.0156446006149 -0.00334020005539
v 0.0177816003561 0.00265470007434 0.00577489985153
v -0.00295790005475 0.0426102988422 0.00821970030665
v 0.0190971996635 0.0174444001168 0.00131960003637
v -0.0133346002549 0.0333040989935 -0.00267570000142
v 0.0017635000404 -0.0124484999105 -0.0125051997602
v -0.00656929984689 0.00962529983371 0.000802299997304
v -0.0113398004323 0.0188120007515 0.00912959966809
v 0.00493609998375 -0.0494350008667 0.00397490011528
v 0.00437380000949 -0.00465229991823 -0.0119518004358
v -0.0172499008477 0.0123212998733 0.012100099586
v -0.00715979980305 -0.000849100004416 0.0117506999522
v -0.0176538005471 0.0256364997476 0.0124709000811
v 0.00436459993944 0.0200753007084 0.00242320005782
v 0.00733500020579 -0.00409789988771 0.00677190022543
v -0.0180984009057 0.0257460996509 0.0116988997906
v 0.0171054005623 -0.00579300010577 0.00492630014196
v 0.00579989980906 -0.0146399997175 -0.0109639000148
v -0.0114580001682 -0.00954729970545 0.0118664996698
v -0.00723510002717 -0.00472640013322 0.0119997002184
v -0.0131751997396 0.0391785986722 -0.000707199971657
v 0.00536620011553 -0.016182500869 -0.0112121999264
v -0.0122148999944 -0.000342499988619 -0.0108660999686
v 0.000749099999666 -0.0300914999098 -0.0135971000418
v 0.0134001998231 -0.00597399985418 0.00785419996828
v 0.00669929990545 0.0139696998522 0.00394270010293
v 0.00620499998331 -0.0154371997342 -0.0107838995755
v -0.00631640013307 -0.00672530010343 0.0114970002323
v 0.0117693003267 0.00084799999604 0.00711689982563
v -0.00657160021365 -0.00265910010785 0.0115576004609
v -0.0137446001172 -0.0202638991177 0.00237410003319
v 0.0104216001928 -0.0494350008667 -0.00485699996352
v 0.0125711997971 -0.0212460998446 0.0025957999751
v -0.00711600016803 -0.00184679997619 0.011821099557
v -0.015157699585 0.0146158998832 0.0129335997626
v 0.0100680002943 0.00188500003424 0.00610420014709
v -0.0200517997146 0.0132878003642 0.00910460017622
v -0.0154772996902 0.0287328995764 0.00956820044667
v 0.00232520001009 0.00873699970543 -0.0129284001887
v 0.0187258999795 0.00536980014294 0.00467209983617
v -0.0115601001307 0.0465714000165 0.00726030021906
v 0.00161689997185 0.0154566997662 -0.0117722004652
v -0.00326050003059 -0.00899820029736 0.00925740040839
v -0.0201239008456 0.0112655004486 0.00877809990197
v -0.0167149994522 -0.00447450019419 -0.00485440017655
v -0.0169639997184 -0.00595840020105 0.00966040045023
v 0.0150605998933 0.0100838998333 -0.00333760003559
v 0.012122400105 -0.0207943990827 0.00358049990609
v -0.00260240002535 -0.0219034999609 -0.0124022001401
v -0.000235100000282 -0.0102161997929 -0.0126029998064
v -0.00928150024265 0.00890500005335 -0.0144956996664
v -0.00359879992902 -0.0107433004305 0.00947399996221
v 0.00210570008494 -0.0439612008631 0.0071177999489
v -5.32000012754e-05 -0.0425428003073 -0.0149708995596
v 0.00969820003957 0.0364716015756 0.0192868001759
v -0.00140579999425 -0.0116702998057 -0.0122798001394
v -0.013497300446 0.0336470007896 -0.00487989978865
v 0.00833589956164 0.0220497995615 0.00580679997802
v -0.0128779001534 0.00982969999313 -0.0121697001159
v 0.0113521004096 0.0309356991202 0.000654999981634
v 1.0900000234e-05 -0.0272688008845 0.00548510020599
v -0.00109639996663 -0.0137531999499 -0.0121652996168
v 0.0124140996486 -0.022362800315 0.00228610006161
v -0.00594579987228 0.0392441004515 0.00158789998386
v 0.00902360025793 -0.00780590018257 -0.00917910039425
v -0.00857600010931 -0.00576379988343 -0.0110293002799
v 0.0184917002916 0.000487599987537 -0.000601499981713
v 0.0105617996305 0.0390210002661 0.0119973002002
v -0.0144418003038 0.0151514001191 -0.00760729983449
v -0.00934890005738 0.0339896008372 0.00116069999058
v 0.0114086000249 0.0308468993753 0.0118829999119
v -0.00239609996788 0.0292457006872 -0.000181199997314
v 0.00302749988623 -0.00330489990301 0.00434229988605
v -0.0151720996946 0.0270160008222 0.00668659992516
v -0.0114208003506 0.02175029926 0.011072400026
v -0.00217880005948 -0.0371082015336 0.00556730013341
v -0.00669200019911 0.0349524989724 -0.00682990020141
v 0.00625809980556 0.0300069991499 -0.00462990021333
v 0.00110490003135 -0.0250081997365 -0.0130532998592
v 0.014269400388 0.0127680003643 0.00693550007418
v 0.0138795003295 -0.0417581014335 -0.00885180011392
v -0.0157459992915 0.0286935009062 0.0116052003577
v 0.0184713993222 -0.000366299995221 -0.000256200000877
v 0.00646709976718 -0.0494350008667 0.00121180003043
v 0.00774190016091 -0.0122170001268 -0.00983630027622
v -0.00324929994531 0.0455722995102 0.0136345997453
v 0.00533330021426 0.0304252002388 0.00134349998552
v 0.00688230013475 -0.0468132011592 -0.0144734997302
v 0.0119556998834 0.0186566002667 -0.00458450010046
v 0.00298950006254 0.0109825003892 -0.0125812003389
v -0.00297800009139 -0.0099173001945 0.00896320026368
v -0.0056259999983 -0.0494350008667 -0.00605109985918
v 0.0155634004623 -0.000735500012524 0.00718799978495
v -0.00319140008651 -0.0170134995133 -0.0117316003889
v 0.0112519999966 -0.0358134992421 -0.0112097999081
v -0.00585249997675 -0.0494350008667 -0.00106509996112
v -0.00488589983433 0.0294930990785 -0.00287949992344
v -0.00347530003637 -0.0242462996393 0.00576830003411
v 0.0073750000447 -0.0494345985353 -0.0106204999611
v 0.00413820007816 -0.014743800275 -0.0119797997177
v -0.00962029956281 -0.0482348017395 -0.0100771002471
v 0.00912749953568 0.00857659988105 0.00510129984468
v 0.00594709999859 0.0144865997136 0.00358169991523
v 0.0183093994856 0.00531700020656 0.00541030010208
v -0.0111060999334 -0.0251026004553 0.00268279993907
v -0.0108300000429 0.0297174006701 -0.00997669994831
v 0.0137157002464 0.0274161994457 -0.00032699998701
v -0.0103783998638 -0.00734269991517 0.0125006996095
v -0.00231930008158 -0.00161799998023 0.00608559977263
v 0.00748169980943 -0.0461312010884 -0.0142318001017
v -0.0148443998769 -0.0184388998896 0.000596500001848
v 0.00677730003372 0.035932701081 0.0185380000621
v -0.00922289956361 -0.0479230992496 -0.0107201999053
v 0.00187359994743 0.0340342000127 0.00617639999837
v -0.000106300001789 0.0111418999732 7.42999982322e-05
v -0.00953990034759 -0.0205298997462 -0.00834190007299
v 0.00942649971694 -0.0224067997187 0.00510839978233
v -0.00929229985923 0.00980599969625 0.00277970009483
v 0.0101661998779 0.0344972983003 0.0165924001485
v 0.00921710021794 0.0371847003698 0.0200746003538
v 0.00276469998062 -0.000956100004259 -0.0123960999772
v 0.00312360003591 -0.000144299992826 0.00305570010096
v -0.0091923000291 -0.0254986993968 0.00414850004017
v 0.0166478008032 0.0117301996797 0.00684730010107
v 0.0010882000206 -0.0130526004359 -0.0124669997022
v -0.00977000035346 0.00542409997433 0.0105932001024
v -0.00268930010498 -0.0176272001117 -0.0118947001174
v 0.00680779991671 0.0149673996493 0.00421900022775
v 0.0122630000114 0.024258300662 0.00633150013164
v -0.00503049977124 0.0321338996291 -0.00228519993834
v -0.0114855999127 -0.00716370018199 0.0124682998285
v 0.00434989994392 -0.0136326998472 -0.0118806995451
v 0.00178409996442 0.0110405003652 0.000706300023012
v 0.00294489995576 0.00187899998855 0.00219459994696
v -0.0200194008648 -0.00293629989028 0.00642299978063
v -0.0198336001486 -0.00370540004224 0.00615559983999
v 0.0149891003966 0.0225642994046 0.00773660000414
v -0.0174276009202 0.00206850003451 -0.00270480010659
v 0.0153427002952 -0.0106846000999 -0.00385289988481
v -0.0178274996579 -0.00347710005008 0.00972460024059
v 0.00858249980956 -0.0494346991181 -0.0104906000197
v -0.00628260010853 -0.0493559986353 0.00340509996749
v -0.00237610004842 0.00746539980173 -0.014733299613
v 0.0100726000965 -0.0494336001575 0.00244419998489
v 0.0125743001699 0.0228937994689 0.00538749992847
v -0.00874330010265 0.0277510005981 -0.00144659995567
v -0.0117632998154 -0.0424759015441 -0.00557229993865
v 0.00982649996877 -0.0494350008667 -4.67999998364e-05
v -0.0100953998044 -0.0309464000165 0.00147430005018
v 0.0165644995868 -0.00234419992194 0.00632920023054
v -0.0165017005056 -0.0120061002672 0.00713689997792
v -0.0118928002194 -0.0366276986897 -0.00526010012254
v -0.00602409988642 -0.00901839975268 -0.0114962998778
v -0.0137980999425 0.0284160003066 -0.00513920001686
v 0.0186065007001 0.00218169996515 -0.000931499991566
v -0.00477760005742 -0.0030513999518 -0.0135236997157
v 0.0126839997247 0.0292920004576 -0.000278999999864
v 0.0153080997989 -0.0139126004651 -0.00263340002857
v 0.00887900032103 0.0229506995529 0.00628759991378
v -0.00528849987313 -0.0349120981991 -0.0132168000564
v 0.0144232995808 -0.0165260005742 0.00297160004266
v 0.0196318998933 0.0181099008769 0.00213559996337
v 0.00461049983278 0.00388250011019 0.0026213999372
v 0.000264900008915 -0.0393992997706 0.00624429993331
v 0.0119727998972 0.0303124003112 7.92999999248e-05
v -0.00373220001347 -0.0252547003329 0.00561469979584
v -0.0118143996224 0.0139025999233 0.00505999987945
v 0.0199926998466 0.0167829003185 0.00746749993414
v 0.00620190007612 -0.049434799701 0.00454369978979
v -0.0104462001473 0.00800709985197 -0.0137344002724
v 0.00434619979933 0.0122410999611 -0.0111948996782
v 0.0147665003315 -0.0128384996206 -0.00424190005288
v 0.0141743002459 -0.0164561998099 -0.00377650000155
v -0.00670820008963 0.0188602991402 -0.0120142996311
v -0.0170712992549 -0.014144600369 0.00318809994496
v 0.00897729955614 -0.00122900004499 -0.00921059958637
v 0.017331700772 0.0219491999596 0.0124046998098
v 0.0071689998731 0.029387800023 0.0023692001123
v 0.0158440992236 0.0200066994876 0.00210490007885
v -0.0123712001368 -0.00438649998978 0.0127947004512
v -0.00969029963017 0.0406339988112 0.00558409979567
v 0.00686429999769 0.0232523009181 0.00521529978141
v -0.0116566997021 -0.0414454005659 -0.00621689995751
v -0.00938310008496 -0.00768790021539 0.0123834004626
v 0.0194738004357 0.0297366995364 0.0176970008761
v 0.0020693000406 -0.0134846000001 -0.0125350002199
v 0.00276879989542 -0.0120424004272 -0.0124001996592
v 0.0152420001104 0.0239675007761 0.00974929984659
v 0.0118664000183 -0.0220423005521 0.00331589998677
v -0.00469580013305 0.0103769004345 -0.00038039998617
v 0.0108024999499 -0.0494337007403 0.00167659996077
v 2.83999997919e-05 -0.0158692002296 -0.012428900227
v -0.0128384996206 -0.0164257995784 0.00806249957532
v 0.00142290000804 -0.0494350008667 0.00126199994702
v -0.0158075001091 0.0285295005888 0.00850810017437
v -0.0201246999204 -0.00314350007102 0.00528510008007
v -0.00398709997535 0.0441948994994 0.0129990996793
v -0.00143659999594 -0.0494350008667 -0.0116258999333
v -0.0118145998567 0.0207988005131 0.00674200011417
v -0.0141101004556 -0.00383700011298 -0.00814250018448
v 0.00497400015593 0.0374004989862 0.00515080010518
v -0.0176688991487 -0.00704160006717 -0.00201989989728
v -0.0134607004002 0.0159856993705 -0.00435739988461
v -0.012863099575 0.0284438002855 -0.00874750036746
v -0.0116352001205 -0.0154761997983 0.00937089975923
v -0.00528979999945 -0.0158520005643 0.00922529958189
v 0.0117677003145 0.0167018007487 0.00498639978468
v -0.00215200008824 -0.0494344010949 -0.0120588997379
v -0.00680080009624 -0.0440436005592 0.0041208001785
v -0.00392459984869 0.00034530000994 0.00732009997591
v -0.00479849986732 0.0208372008055 -0.00964879989624
v 0.00626790011302 0.0290524996817 -0.00494860019535
v -0.00792799983174 -0.00484010018408 -0.0116577995941
v 0.0143346004188 0.0137986000627 0.00704379985109
v 0.0174211002886 0.0231663007289 0.00491390004754
v -0.00806930009276 -0.0115945003927 -0.00985630042851
v 0.0158016998321 0.0264548994601 0.0159646999091
v 0.00471149990335 -0.0415372997522 0.00683030020446
v 0.000392699992517 0.019642200321 -0.0103888995945
v -0.00468649994582 0.0272470992059 -0.00761780003086
v -0.00702679995447 0.00682950019836 -0.014892200008
v -0.014583799988 0.0128723997623 0.0125562995672
v 0.00121280003805 -0.0405467003584 -0.0148360999301
v 0.013785299845 -0.0183514002711 0.00244430010207
v -0.0143227996305 0.0129498001188 -0.00507930014282
v 0.00790220033377 -0.0494350008667 -0.00305539998226
v -0.0117638995871 -0.0459669008851 -0.00307390000671
v 0.00647349981591 0.0215622000396 0.00418990012258
v -0.011738399975 -0.00216099992394 -0.0105985999107
v 0.0140901999548 -0.0461907982826 -0.00906119961292
v -0.0175860002637 0.00975299999118 0.0115496004
v -0.01265290007 0.0134742995724 0.0115652000532
v 0.0079817995429 -0.0469013005495 0.00690770009533
v -0.0104126995429 0.017037300393 -0.0126809999347
v 0.0187742002308 0.0283604990691 0.0112891001627
v 0.0120211998001 -0.0397613011301 -0.0109361996874
v 0.00165049999487 -0.0320973992348 -0.0137275001034
v -0.0172892995179 0.018858699128 0.00431790016592
v 0.00027940000291 -0.0288980994374 0.00546230003238
v -0.0171371996403 -0.00470349984244 -0.00402290001512
v -0.0113482996821 0.0228716991842 0.00997930020094
v -0.0136753004044 -0.0165474005044 0.00726180011407
v -0.0103366998956 -0.0211130008101 -0.00753160007298
v 0.00017640000442 0.00974129978567 0.000117299998237
v -0.0076041999273 0.00613379990682 -0.0146092996001
v 0.0126325003803 -0.0129185002297 0.00678199995309
v -0.00500810006633 -0.0103919003159 -0.0116705996916
v 0.00798020046204 0.00977129954845 0.00440309988335
v -0.0121293999255 -0.0319987982512 -0.00485339993611
v 0.0028385000769 0.00745589984581 0.00121969997417
v -0.00457450002432 -0.0115486001596 -0.0116269001737
v 0.0123490002006 -0.0245459992439 0.00141619995702
v -0.00991099979728 0.0270757991821 -0.00172810000367
v -0.000363700004527 0.0456384010613 0.0122194997966
v 0.00676889996976 0.0244076997042 0.00527779990807
v 0.0064356001094 0.0315930992365 -0.00300520006567
v 0.0166523996741 -0.0106841996312 -0.00116540002637
v 0.000978600000963 -0.044009398669 0.00699979998171
v 0.00668939994648 -0.0494338981807 -0.0118773998693
v 0.0126598002389 -0.0234890002757 0.00118390005082
v -0.00393680017442 0.00839539989829 0.00016080000205
v 0.0109922001138 0.0243934001774 -0.00366190006025
v 0.0106287999079 -0.00979220028967 0.00812080036849
v 0.000272300007055 -0.0211865007877 -0.0128619000316
v 0.00136550003663 -0.0181348007172 -0.0127047998831
v 0.0160525999963 -0.0069376998581 0.00602959981188
v -0.0137010002509 -0.00303320004605 0.012684199959
v -0.00761729991063 -0.0469541996717 0.00398560008034
v 0.01134669967 -0.00327360001393 0.0079290997237
v -0.00901210028678 -0.0485435985029 0.00237219990231
v 0.00937839969993 -0.0494294017553 0.00329010002315
v 0.0092165004462 0.0238764993846 0.00657719979063
v 0.01559169963 -0.0139076001942 -0.00174430001061
v -0.0082537997514 -0.04864339903 0.00301519990899
v 0.00868100021034 -0.0474626012146 -0.0136690000072
v -0.00496019981802 -0.000740499992389 0.00968610029668
v -0.00316229998134 -0.0137304002419 0.00865940004587
v 0.0136340996251 0.020718799904 0.000753099971917
v -0.00854920037091 -0.046716298908 0.00311719998717
v -0.0115395002067 0.0177686996758 0.00962209980935
v -0.00884809996933 0.00474519981071 0.0108364000916
v -0.0107712000608 -0.00188440002967 -0.0112416995689
v -0.0199590008706 0.00987089984119 0.00515899993479
v -0.00202920008451 -0.0279587991536 0.00545979989693
v 0.00699280016124 -0.0295353997499 0.00478990003467
v -0.00810789968818 0.0140794999897 -0.0140538001433
v 0.0116721997038 -0.0494350008667 -0.00279440009035
v -0.00447490019724 0.0281950999051 -0.00616119988263
v 0.00758600002155 -0.0298168994486 -0.012188100256
v 0.0117683000863 0.0315806008875 0.0124139003456
v 0.0138764996082 0.0245734006166 -0.00138829997741
v 0.00703140022233 0.0348130986094 0.0154183004051
v 0.00718339998275 0.0263026002795 0.00576779991388
v -0.000273299985565 0.00729449978098 9.20000002225e-06
v -0.00510350009426 -0.00923299975693 -0.0118672996759
v 0.0113314995542 0.0172764994204 0.0044196001254
v 0.012654799968 0.0210584998131 0.0045479000546
v 0.0133638000116 0.021031299606 0.00332230003551
v 0.00149219995365 -0.0382484011352 -0.0145880999044
v 0.00100189994555 -0.000551900011487 -0.0131275998428
v -0.00558710005134 0.01431280002 -0.013465099968
v -0.0184819009155 -0.00267269997858 -0.00136670004576
v -0.00727149983868 -0.0404236987233 0.00340709998272
v -0.0173781998456 -0.0124557996169 -0.000162099997397
v 0.00568819977343 -0.0172288008034 -0.011076300405
v 0.00253659998998 -0.0424145013094 -0.0149812996387
v 0.016868300736 -0.00991990044713 0.00321540003642
v -0.00647319993004 -0.00886609964073 0.0114430002868
v 0.0115258004516 -0.0270936004817 0.00180620001629
v 0.0166119001806 -0.0107278004289 0.00326310005039
v 0.0168733000755 -0.00376360001974 -0.00305199995637
v 0.0128734000027 0.0023429999128 0.00696509983391
v 0.00200209999457 0.00102680001874 -0.0124096004292
v -0.0175163000822 -0.00486910017207 0.00950440019369
v 0.00890699960291 0.00295510003343 0.00519759999588
v 0.00794009957463 -0.0165286008269 0.00739020016044
v 0.0153631996363 0.0229944996536 0.0110139995813
v 0.0105114998296 0.0329824015498 0.00310530001298
v 0.0108479000628 -0.0196704994887 0.0053902999498
v 0.0189091004431 0.0017375999596 0.000789800018538
v -0.0104123996571 -0.0220711007714 -0.00746130011976
v -0.0113712996244 -0.0269115008414 -0.00685000000522
v 0.0126464003697 -0.043190099299 -0.0107084000483
v -0.00706500001252 0.0137018999085 -0.000757100002375
v -0.00487180007622 -0.00195989990607 0.00999409984797
v 0.0113233001903 0.00564419990405 0.00602009985596
v 0.00782100018114 -0.0482119992375 -0.0138705000281
v 0.0024107999634 0.0126563003287 -0.0125294998288
v -0.0121459001675 0.0152572002262 -0.00308810011484
v 0.0131160998717 -0.0426503010094 -0.0101250000298
v 0.0167463999242 -0.00888589955866 -0.00186570000369
v 0.000934000010602 -0.0198982004076 0.00631579989567
v -0.0141989998519 -0.0120622003451 0.0096720000729
v 0.0117750000209 -0.027977200225 0.00126249995083
v 0.00695700012147 -0.0148406000808 -0.0103677995503
v -0.00697770016268 -0.0116160996258 -0.0105143999681
v -0.00574559997767 -0.0117391003296 0.0106595996767
v -0.0149899004027 -0.00839610025287 0.0105916000903
v 0.00194620003458 -0.00335419992916 0.00403840001673
v -0.0138064995408 0.00578809995204 -0.0109425000846
v 0.0184484999627 0.00014239999291 0.00411339988932
v -0.00545939989388 -0.0464773997664 -0.0135233001783
v 0.0116600999609 0.00462540006265 0.00609190016985
v -0.0166643001139 0.0136693995446 0.00344530004077
v -0.0106279002503 -0.030022200197 0.001124399947
v 0.000536400009878 0.0405629016459 0.0144677003846
v -0.00476469984278 -0.030309099704 -0.0131494998932
v -0.002787000034 -0.0030543000903 0.00762039981782
v 0.00581459980458 0.0127926999703 -0.0089950999245
v 0.00855759996921 -0.0446919985116 -0.0136636998504
v 0.0106776002795 -0.00227769999765 0.00755809992552
v 0.0159069001675 -0.0118313999847 -0.00237439991906
v -0.0117856003344 -0.017011500895 0.00829969998449
v 0.00195860001259 -0.00690700020641 -0.0129728997126
v -0.000597900012508 -0.029274199158 0.00546939997002
v -0.00115659995936 -0.0301722008735 0.00547160021961
v 0.0145739000291 -0.017416799441 -0.00120299996343
v -0.00581410015002 0.0343719981611 -0.00637560011819
v 0.00910240039229 0.0158530008048 -0.00614459998906
v 0.0152577003464 -0.0155798001215 -0.000890400027856
v -0.0046910000965 -0.0298987999558 0.00492190010846
v 0.0133892996237 0.0109024001285 -0.00425439979881
v 0.00945859961212 -0.0326985009015 0.00381110003218
v -0.0095734000206 0.00716690020636 -0.0139773003757
v -0.0133902998641 0.0268882997334 -0.00821019988507
v -0.0144832003862 -0.0191366001964 0.000407199986512
v 0.00916440039873 0.0334470011294 0.00431710015982
v 0.0108813997358 0.00139590003528 0.00662289978936
v -0.00769860018045 0.0313581004739 -0.00948259979486
v 0.00204310007393 0.00222519994713 -0.0122539000586
v -0.0136358998716 -0.0194642990828 0.00414949981496
v -0.0044916998595 0.026195699349 -0.00704789999872
v -0.00476229982451 0.0314207002521 -0.00335590005852
v 0.0135653000325 0.0203253999352 -0.000422399985837
v -0.00531450007111 -0.0474813990295 -0.013585800305
v 0.0145594002679 -0.0165263004601 -0.00264080008492
v -0.000770399987232 -0.0281412992626 0.00547750014812
v 0.00639420002699 0.0309072993696 -0.00379220000468
v -0.0150677999482 0.0282022003084 0.0119783999398
v -0.0112381000072 0.0290053002536 -0.00998440012336
v 0.0156804993749 -0.0112998001277 -0.00309400004335
v 0.00834210030735 -0.0130348000675 -0.00963919982314
v 0.0157698001713 -0.013006400317 -0.00203510001302
v -0.00750289997086 -0.00410979986191 -0.0120879001915
v 0.00673019979149 0.000222100003157 0.00454019987956
v -0.017273100093 0.0197276007384 0.00444359984249
v -0.00500669982284 0.0283883009106 -0.00818790029734
v -0.00847319979221 -0.017222000286 0.00909470021725
v 0.00394719978794 0.0166666004807 0.00263349991292
v 0.00677709979936 0.0309296008199 0.00513159995899
v -0.0118183000013 -0.0162519998848 0.00880219973624
v -0.00819380022585 0.0165357999504 -0.0132317999378
v -0.0131932003424 -0.00805979967117 0.0117603996769
v 0.00715989992023 0.0353864990175 0.0177142005414
v 0.00595419993624 0.025510199368 0.00358320004307
v -0.00710069993511 0.0345156006515 -0.00744869979098
v 0.00205849995837 -0.0435726009309 -0.0151236001402
v 0.0147433998063 -0.00942080002278 -0.00491870008409
v -0.0202489998192 0.0111552998424 0.00628610001877
v 0.0161444004625 0.0215083006769 0.0034235001076
v 0.0133437002078 -0.0449860990047 0.00304330000654
v 0.0145870996639 0.0284241996706 0.00462740007788
v 0.00804580003023 0.0343189015985 0.0155659001321
v 0.00664660008624 -0.0494350008667 -0.00309409992769
v -0.00579249998555 -0.0336880981922 -0.0129209998995
v 0.00249879993498 0.0260905995965 -0.00908930040896
v -0.0124506000429 0.0113604003564 0.00353659992106
v -0.0108497003093 -0.0204138997942 -0.00697269989178
v -0.0149919996038 0.00379070010968 0.0124198999256
v -0.0120002999902 -0.0343860983849 -0.0049402997829
v 0.00920199975371 0.0011137999827 0.00586170004681
v -0.0104547999799 -0.0346800014377 -0.00898759998381
v -0.0118087995797 -0.0279197990894 -0.00618789996952
v -0.0205830000341 0.00621500005946 0.0048171998933
v 0.00989880040288 0.0382134988904 0.0200907997787
v 0.0131489001215 -0.0354100987315 -0.00092159997439
v -0.0168127007782 -0.0143342996016 0.00422360002995
v 0.0188999995589 0.00273930002004 -4.64000004285e-05
v -0.00163509999402 -0.0264667998999 0.00556429987773
v -0.0022658999078 -0.0306722000241 0.00537279993296
v -0.00569539982826 -0.0106282997876 0.0108570000157
v 0.00642720004544 0.0289801992476 -0.00295919994824
v -0.000435099995229 -0.0494350008667 -0.00980279967189
v -0.0082684000954 0.0117076998577 -0.0146596003324
v 0.0125294998288 0.0338734015822 0.0138515997678
v -0.00675110006705 -0.0171287991107 -0.0103233000264
v -0.0118862995878 -0.0376663990319 -0.0040541999042
v 0.0139089003205 -0.0462622009218 0.00247689988464
v -0.00952189974487 -0.0148066999391 0.0102968998253
v -0.0096335997805 -0.0320950001478 0.00175399996806
v 0.0127742998302 0.0267372000962 0.00787230022252
v -0.0146928001195 -0.00199880008586 -0.00825569964945
v 0.00820340029895 0.031845100224 0.00319249997847
v -0.000765800010413 -0.0462529994547 0.00704219983891
v -0.0194844007492 0.0189296007156 0.00919410027564
v 0.00614219997078 0.0265308991075 0.00335939996876
v -0.000730799976736 0.0256437007338 -0.00830129999667
v 0.00934709981084 0.0346731990576 0.0170828998089
v -0.00216279993765 0.0301281008869 3.88000007661e-05
v 0.0120259998366 -0.0183961000293 0.00507050007582
v 0.00329250004143 -0.00174550001975 -0.0123664997518
v 0.0125099997967 0.0283943004906 -0.000977499992587
v 0.00172900001053 -0.041370600462 -0.0149071002379
v 0.00753330020234 0.034843698144 0.0165532007813
v -0.0196832995862 -0.00216990010813 0.00800830032676
v 0.013864800334 0.0292135998607 0.00100419996306
v -0.00843590032309 -0.0412813983858 0.00250840000808
v -0.0121512999758 0.0432557985187 0.000223299997742
v 0.00580359995365 -0.0374775007367 0.00605499977246
v 0.00662440015003 -0.0375722013414 0.0058973999694
v 0.00138949998654 0.0426077991724 0.00429050019011
v -0.0107079995796 0.0425997003913 0.00679949996993
v -0.0147318998352 -0.00660509988666 0.0113720996305
v 0.00379489990883 0.0316599011421 0.00334060005844
v -0.0023177000694 -0.0270132999867 0.00550979981199
v 0.0044523999095 0.0286017991602 0.00151229999028
v -0.00543279992417 -0.0330785997212 0.00444689998403
v -0.017844999209 0.0285912007093 0.00952459964901
v 0.00526219978929 0.0323152989149 -0.005258299876
v 0.010969299823 0.00400639977306 0.00579159986228
v -0.0044426000677 0.0270313993096 -0.00645409990102
v 0.0143406996503 -0.0448101982474 0.00153659994248
v 0.00784409977496 -0.00147500005551 -0.00982690043747
v -0.0152452997863 0.00246739992872 0.0124597996473
v 0.0119305001572 -0.0494346991181 -0.00077580002835
v 0.00629949988797 -0.0208621006459 -0.011088100262
v 0.0111044002697 -0.0400038994849 -0.0117119001225
v -0.0110847996548 -0.0325627997518 -0.00795259978622
v 0.0097497003153 0.0337603017688 0.0154515001923
v -0.0100788995624 -0.0026406000834 -0.0113054998219
v 0.0093686003238 0.0342546999454 0.0163586009294
v 0.015843000263 -0.010190599598 -0.0031407000497
v -0.00224709999748 -0.0292971991003 0.00540329981595
v 0.0108955996111 -0.0494350008667 0.000747599988244
v -0.0178002994508 -0.009382000193 0.00655419984832
v 0.00879060011357 0.0341240018606 0.0157596003264
v -0.0204068999738 -0.00182270002551 0.00626470008865
v 0.0114032998681 -0.0131484996527 0.00726269977167
v -0.00751890009269 0.012774400413 -0.000908299989533
v 0.009098299779 -0.0184847004712 0.0066729998216
v 0.0185547005385 0.00568149983883 -0.00131490000058
v -0.0081676999107 0.0451538003981 0.00721500022337
v 0.0121732996777 0.0154670001939 -0.00477130012587
v 0.0125842997804 0.0150672001764 -0.00421060016379
v 0.0159300006926 0.0294109005481 0.0176331996918
v -0.00997930020094 -0.0176864992827 0.00855320040137
v -0.016000200063 -0.0143100004643 0.0061694001779
v 0.00785890035331 -0.00233229994774 0.00621860008687
v 0.0140821002424 0.0265024006367 0.00545969977975
v -0.00203539989889 -0.0412366986275 -0.0145768998191
v -0.0149280000478 0.0257530007511 0.0137753998861
v -0.00906550046057 -0.0218401998281 -0.0088534001261
v 0.0136297997087 0.00137990002986 0.00735750002787
v 0.0192000996321 0.0095541998744 0.00415970012546
v -0.0110278995708 0.0110459001735 -0.000397099996917
v -0.000268600007985 0.0243989005685 0.000383300008252
v -0.00503510003909 0.0295636001974 -0.00781940016896
v -0.00476050004363 0.0265889000148 -0.00810439977795
v 0.014950199984 -0.0157532002777 -0.00209100008942
v -0.0187653992325 -0.00423920014873 0.00822500046343
v 0.0113163003698 -0.0333549007773 -0.0108992001042
v -0.00956519972533 -0.0214999001473 -0.00837100017816
v 0.0133603001013 0.0097781997174 -0.00487700011581
v -0.00284270010889 0.0146719003096 -0.000158099996042
v -0.00408250000328 0.0162250008434 -0.000221800000872
v -0.0141906002536 0.0177352000028 -0.00723520014435
v 0.00496779987589 -0.0331343002617 -0.0133298002183
v -0.00548790022731 -0.0319125987589 -0.0129489004612
v -0.0124525995925 0.0417935997248 -0.000682800018694
v -0.0111277997494 0.00873070023954 0.00889039970934
v -0.00833259988576 -0.0153310997412 0.0100998003036
v -0.011605899781 0.00821929983795 0.00994899962097
v 0.0119498996064 0.00167829997372 -0.00743199978024
v -0.00811619963497 -0.0321854017675 0.00299980002455
v 0.00251720007509 0.0422656014562 0.00439170002937
v 0.0140540003777 -0.0472317002714 0.00222550006583
v 0.00944899953902 0.0271220002323 -0.00215910002589
v 0.0113533996046 0.0324302986264 0.0133363995701
v -0.0105983000249 -0.0237885992974 0.00401190016419
v 0.013592899777 0.0259025003761 0.006096099969
v 0.00846919976175 -0.049332100898 -0.0124009996653
v -0.00363570009358 0.0437101013958 0.0110149998218
v -0.00946270022541 -0.0135920001194 0.0108121996745
v 0.00116560002789 0.0325535014272 0.00428520003334
v -0.0174463000149 0.000522500020452 -0.00373869994655
v 0.005680100061 0.032858800143 -0.00452789990231
v -0.0116015998647 -0.0478628985584 -0.00213459995575
v 0.00818409956992 -0.0455572009087 -0.0138969998807
v 0.0172879006714 0.0217394009233 0.00327139999717
v 0.0015419999836 0.00437350012362 -0.0125948004425
v -0.0207215007395 0.000267199997324 0.00718139996752
v -0.00270850001834 -0.043257098645 -0.0144964996725
v -0.0185826998204 -0.00346889998764 0.00888429954648
v 0.013536600396 0.0231807995588 -0.00212329998612
v 0.00630970019847 -0.0240790992975 -0.0114746997133
v 0.00163059995975 -0.0494350008667 -0.00936410017312
v 0.0163809005171 -0.0111689995974 -0.0015917000128
v 0.0136195998639 0.02393040061 -0.00190899998415
v -0.0171488001943 0.0143331997097 0.012513300404
v 0.0125158000737 -0.0492915995419 0.00197630003095
v -0.00779240019619 -0.0426468998194 0.00319300009869
v 0.0165663007647 0.025610499084 0.0158192999661
v -0.00973420031369 0.0129119995981 -0.00172679999378
v -0.018931100145 0.0125043001026 0.0108907995746
v -0.00683270022273 -0.0328079983592 0.00376580003649
v -0.0178101006895 -0.0115158995613 0.000825099996291
v -0.00894349999726 0.0329829007387 -0.00894679967314
v -0.00251369993202 0.0458986982703 0.0129958996549
v -0.0182658005506 0.0172185003757 0.00462510017678
v 0.0119225000963 -0.029138000682 0.000829400029033
v -0.00445700017735 0.0247409008443 -0.00732199987397
v 0.0079199001193 -0.0178543999791 0.00712590012699
v -0.0150939999148 -0.000924499996472 -0.00804970040917
v -0.0061598001048 0.012945599854 -0.000561999971978
v -0.0177028998733 -0.00558390002698 0.00898199994117
v -0.0173640996218 0.0289955008775 0.010464400053
v -0.00561949983239 0.0373427011073 -0.000262999994447
v 0.00096700002905 0.0104620000347 -0.0134290000424
v -0.0131975999102 0.0373484008014 -0.00252850004472
v 0.00118040002417 0.00545000005513 -0.0129492003471
v -0.016534300521 -0.0142826996744 0.00507640000433
v -0.0195570997894 0.00957950018346 0.00975830014795
v -0.0159099008888 -0.00470130005851 0.011078200303
v -0.0201363991946 0.00578670017421 0.00367389991879
v 0.0132229002193 -0.0447439998388 -0.0102414004505
v 0.0160418990999 -0.00144659995567 -0.00450510019436
v -0.0075463000685 0.0241081006825 -0.0111723998562
v 0.00773879978806 0.0388549007475 0.0121659999713
v -0.00781380012631 -0.0099937999621 -0.0103235999122
v 0.00997790042311 -0.0489675998688 -0.0123920002952
v -0.00434989994392 -0.0118567002937 0.00986040011048
v -0.00632459996268 -0.041779499501 0.00416299980134
v 0.00257029989734 -0.018396999687 0.00685800006613
v 0.00943229999393 0.0328028015792 0.0032993000932
v 0.0204560998827 0.0279708001763 0.0146562000737
v -0.0141032999381 0.000975399976596 0.0129142999649
v -0.0115796001628 -0.0326083004475 -0.00692539988086
v 0.0142825003713 -0.0020367000252 -0.00605690013617
v 0.0100876996294 -0.0465798005462 0.00599339976907
v 0.0186382997781 0.00829800032079 0.00516940001398
v 0.0131023004651 0.0177436005324 -0.00151750002988
v -0.000159599992912 0.0318619981408 0.00283839995973
v -0.0153406998143 -0.0148700000718 0.00672690011561
v 0.00458050007001 0.0317404009402 0.00288009992801
v -0.0161994993687 -0.00385429989547 -0.00582280009985
v -0.00609020004049 -0.0474907010794 0.00511550018564
v -0.0109590999782 -0.0123912002891 0.0110555998981
v -0.0100272996351 -0.0352344997227 0.000918400008231
v 0.0162326004356 0.0281786993146 0.0178251005709
v -0.00487220007926 -0.0494148992002 -0.011790400371
v -0.0166340991855 0.015408700332 0.0128638995811
v -0.00109899998643 0.00968809984624 -0.000120199998491
v 0.0141097996384 0.0283009000123 0.00671210000291
v 0.0100825997069 -0.049304600805 0.00426589976996
v -0.0183550994843 -0.000525699986611 -0.00138160004281
v -0.000144200006616 0.00870080012828 3.50000004801e-06
v 0.00164629996289 0.00782130006701 0.000605100009125
v 0.00393089978024 -0.0248569007963 0.00543709984049
v 0.0121269002557 0.0141171999276 -0.00498439976946
v -0.00729250023142 -0.0169223006815 0.00923340022564
v -0.0101397996768 -0.0116461999714 0.0114235002548
v 0.0048682000488 0.00307319988497 0.00289419991896
v -0.00577049981803 -0.0494350008667 -0.00698640011251
v -0.0116870999336 -0.0332060009241 -0.006589199882
v -0.0162767991424 -0.00660970015451 -0.00485830008984
v -0.0136885000393 0.0168933998793 -0.00498740002513
v 0.010670799762 0.0148336999118 -0.00594379985705
v 0.00198279996403 0.00572020001709 -0.0125422999263
v -0.0110309002921 -0.0469475984573 -0.000352900009602
v -0.0171419996768 0.00238809990697 -0.00377990002744
v -0.0183696001768 0.0259959995747 0.0105603998527
v 0.0128725999966 0.017528699711 -0.00333540001884
v -0.00225630006753 0.0310424994677 -0.00319730001502
v 0.00568650010973 0.0286752991378 -9.01000021258e-05
v 0.0065616001375 -0.0494350008667 -0.010653000325
v 0.00122340000235 -0.0275314003229 0.00542689999565
v -0.0138621004298 0.027914699167 -0.00589129980654
v -0.00273890001699 0.0300568994135 -0.0017759000184
v 0.000277499988442 -0.0437218993902 0.00683860015124
v -0.0182172991335 -0.00440199999139 0.00888520013541
v -0.00861489959061 -0.0329863987863 0.00253370008431
v 0.013431799598 -0.0459114983678 0.00307839992456
v 0.0115315001458 -0.0325735993683 -0.0105689996853
v 0.00542559986934 0.0325395986438 0.00236160005443
v -0.00645580003038 0.0150309996679 -0.0134568996727
v -0.0177165009081 0.00547209987417 0.0113912997767
v 0.0158018991351 0.0275855008513 0.0124374004081
v 0.00869350042194 0.0112295001745 0.00481209997088
v 0.0133470995352 -0.0494012981653 -0.00606149993837
v -0.00200510001741 0.0111055998132 -0.000101799996628
v -0.0162636004388 -0.00947530008852 -0.00391850015149
v -0.00888490024954 0.0339634008706 -0.00838840007782
v -0.0139944003895 0.0186749007553 -0.00821189954877
v 0.00676849996671 -0.0286363996565 0.00482290005311
v 0.0130717996508 0.032503798604 0.0117493001744
v 0.0105966003612 -0.0310012008995 0.00259690009989
v -0.00328380009159 -0.0494350008667 -0.00947740022093
v -0.00326310005039 -0.00664230016991 0.00913859996945
v 0.0161070991307 -0.0134725999087 0.000823899987154
v -0.017756300047 0.00424779998139 0.0113136004657
v -0.00751610007137 -0.034784398973 0.00322280009277
v -0.00443599978462 -0.0192568004131 -0.0114529998973
v 0.00607539992779 -0.0325816981494 -0.0130268000066
v -0.0192383993417 0.0183886997402 0.0103983003646
v 0.0143557004631 -0.000287200004095 -0.00570880016312
v -0.0109901996329 -0.0227607004344 -0.0067515000701
v -0.00185620004777 -0.0494350008667 0.0025442999322
v -0.0142959998921 -0.0195355005562 0.0011798000196
v -0.00502570020035 -0.0290233008564 0.00492790015414
v -0.00775540014729 -0.0359238982201 0.00299550010823
v -0.00476549984887 -0.00997640006244 0.0104270996526
v 0.00829530041665 0.0349599011242 0.0174570996314
v -0.0169108007103 0.00228439993225 -0.00492430012673
v -0.00544640002772 -0.0494350008667 0.00195359997451
v -0.0130155002698 0.0205074995756 0.00513140019029
v -0.0151431001723 -0.0178541000932 0.00228719995357
v -0.00873790029436 -0.0199651997536 -0.00904569961131
v -0.00392730021849 0.0248614996672 -0.00510839978233
v -0.00313750002533 -0.00556389987469 0.00885820016265
v -0.00693169981241 0.00647220015526 0.00724049983546
v -0.00698650022969 0.00695940013975 0.00658169994131
v 0.0159485004842 0.0183472000062 0.00083660002565
v -0.0127942999825 0.00447120005265 0.0123739996925
v -0.0183563996106 0.025965500623 0.00955650024116
v 0.00606690021232 0.0153753999621 0.00383810000494
v 0.0148809002712 -0.000975899980403 0.00748150004074
v -0.00420940015465 0.0243414994329 -0.00644950009882
v -0.0118194995448 -0.0466791987419 -0.00343160005286
v -0.0142620000988 -0.011251299642 0.0100063998252
v 0.00959079992026 0.019447799772 -0.00527240009978
v 0.020219899714 0.0285845007747 0.0154101001099
v -0.00174680002965 0.0307529997081 -0.00441849976778
v -0.0139421997592 0.0178060997277 -0.00584260001779
v 0.00866330042481 0.0324781984091 0.00353599991649
v 0.0179890003055 0.0306458007544 0.018257599324
f 3339 2298 5799
f 7119 5234 3189
f 4521 7438 4741
f 3328 479 4297
f 2573 1960 3806
f 6923 3341 1552
f 4722 10 5520
f 1374 374 3961
f 5122 3948 5221
f 3336 2194 1865
f 2721 2888 3778
f 4976 3073 3411
f 5103 13 2550
f 4264 2826 1485
f 5882 2918 4213
f 2229 2112 640
f 4398 3082 4110
f 4350 4577 3353
f 1743 53 2053
f 1534 272 1879
f 2095 2900 5120
f 2795 7957 931
f 6956 624 1675
f 3638 346 1206
f 5869 1974 89
f 5128 4249 663
f 2064 1529 3971
f 2597 2922 5424
f 1405 2657 3283
f 2608 4633 3967
f 1872 3160 3549
f 3186 4647 186
f 5100 2310 1286
f 153 7689 2160
f 549 2675 2124
f 7924 3497 4170
f 2134 4002 2876
f 5886 5885 6506
f 5223 578 5467
f 555 484 2335
f 4312 5625 4454
f 4594 55 2136
f 7528 1273 54
f 3323 3548 409
f 4903 2158 1786
f 4322 4083 4020
f 1444 2244 822
f 5833 4873 495
f 2461 5549 2685
f 1045 5728 2562
f 4853 3307 3926
f 5377 971 3223
f 1353 2501 314
f 1805 4363 589
f 5232 4273 3338
f 3870 822 1840
f 558 999 2108
f 5503 4150 3175
f 1671 4425 4894
f 2753 2011 620
f 1047 913 919
f 4091 3751 171
f 42 2433 7246
f 5282 2734 5172
f 23 5227 5182
f 4410 623 839
f 741 3635 666
f 546 1158 48
f 4386 2827 2700
f 3908 948 2914
f 4748 593 1523
f 1602 5221 1603
f 904 744 3906
f 7166 3812 5731
f 2223 467 5208
f 4455 3898 3837
f 4401 2817 4447
f 3256 3164 1277
f 5449 5893 5892
f 2211 4104 2457
f 5413 1390 3794
f 3043 2069 1013
f 5132 5138 1134
f 812 3906 4460
f 5154 3303 224
f 3067 7168 1608
f 2621 2245 4693
f 119 1240 2097
f 2688 6836 5319
f 4699 4336 2449
f 1519 2881 1170
f 4120 570 1438
f 1884 7666 1288
f 4902 5127 2604
f 4410 4187 626
f 3628 6462 554
f 94 4595 3332
f 4279 3517 2153
f 1540 3945 4746
f 5895 5896 6143
f 5897 3430 326
f 3370 2722 955
f 5532 4723 1655
f 1664 2140 4178
f 474 5759 2629
f 2426 562 4702
f 3751 3568 517
f 711 1912 1245
f 4036 5413 5150
f 3154 2206 4716
f 620 3204 2753
f 3286 4955 2131
f 2912 249 5193
f 7169 5819 6572
f 296 706 1956
f 581 5834 5272
f 4489 7944 3178
f 2623 3031 5275
f 3588 4265 3666
f 5645 1928 544
f 6701 291 6927
f 4912 5780 3223
f 1759 2888 1908
f 1082 7558 2961
f 2871 3137 2753
f 4782 4389 3930
f 3202 5641 3426
f 381 23 414
f 5899 98 1312
f 5345 3149 5330
f 4085 3437 3078
f 3809 4671 3530
f 659 908 3241
f 4293 7405 4657
f 313 3150 1183
f 1521 795 3385
f 7402 66 7734
f 4122 2605 757
f 139 5194 4797
f 1803 4174 5270
f 4903 1301 2158
f 5014 1916 3703
f 2296 361 366
f 2484 1281 3198
f 3623 1631 4512
f 1868 5643 1586
f 4696 7394 3708
f 5709 7348 5000
f 1136 5465 5546
f 4266 5237 3635
f 3588 4034 4265
f 1857 7445 4370
f 1934 5106 2038
f 7437 193 1425
f 298 5055 1666
f 276 3453 545
f 1155 5431 490
f 4810 2577 4789
f 4906 6947 3456
f 5804 2613 3744
f 1764 1625 5091
f 55 5673 4804
f 1858 6396 5622
f 3212 470 1943
f 878 4725 2666
f 3273 4233 1504
f 5014 4144 873
f 622 3027 632
f 6601 4186 5316
f 5764 4611 1351
f 537 3170 1463
f 6763 3650 1664
f 5243 2345 5372
f 170 4819 363
f 5700 3688 5703
f 4554 7851 4858
f 1921 7682 4578
f 5256 4662 4323
f 3924 4615 5509
f 4185 104 4674
f 4051 1604 1238
f 2562 5747 1045
f 3637 3162 3618
f 2741 2229 3916
f 829 3805 394
f 834 2963 7791
f 5905 5906 5904
f 5416 4697 627
f 5802 1805 1180
f 7258 4648 4126
f 500 1495 2452
f 4997 5259 1133
f 597 2080 5320
f 2057 4425 1380
f 5870 2667 4591
f 5500 4500 4770
f 5399 592 2027
f 4227 1462 1909
f 3306 3372 622
f 1888 210 1572
f 7509 4568 540
f 1491 7403 480
f 5422 2880 3400
f 550 2322 4000
f 4481 5600 4244
f 6889 7925 5034
f 2199 3231 4556
f 198 1300 4506
f 5385 1409 1406
f 87 778 2042
f 7642 1280 1143
f 4967 1520 4835
f 3440 7849 1820
f 2843 1466 1200
f 757 5505 3644
f 41 3682 1173
f 4522 1368 1017
f 4521 4741 5
f 98 6766 1066
f 3411 7891 1542
f 2206 5790 5718
f 1837 4230 2520
f 2902 5097 2218
f 338 4079 2903
f 1450 3273 1661
f 3168 2998 828
f 4678 6768 2980
f 1101 4281 1126
f 5824 6941 3891
f 4712 2797 1756
f 3567 4815 3620
f 6264 2820 1042
f 1717 2417 722
f 3134 1270 3681
f 2048 1329 1772
f 5155 3885 3490
f 356 5270 4174
f 1090 4050 2620
f 1867 7834 4211
f 2418 5831 5634
f 4316 2797 4712
f 5041 5524 4790
f 3306 632 2383
f 5171 4551 920
f 1562 5914 2655
f 4994 843 5659
f 4317 4740 2467
f 1071 5604 4674
f 3060 5916 3228
f 1649 7550 2330
f 1603 5598 1602
f 894 4921 1882
f 5092 5127 4315
f 7755 4743 2761
f 2984 1757 6377
f 4912 3223 1938
f 2383 1731 277
f 1853 2574 5693
f 2033 784 3463
f 4153 5231 337
f 1331 2012 5537
f 934 5084 4978
f 1320 2317 1945
f 4778 1376 1179
f 1710 1328 3528
f 2147 1219 2837
f 2383 632 2371
f 1285 4720 1265
f 276 1098 3453
f 1372 506 3294
f 479 101 4297
f 3876 3192 3451
f 5924 5481 3282
f 5412 7404 3931
f 2632 1881 7480
f 2214 93 2356
f 5925 7066 6696
f 1937 6190 2155
f 46 4907 5850
f 1591 1923 3849
f 2725 5783 326
f 2842 6961 245
f 4991 278 553
f 389 6985 2645
f 2749 522 3931
f 4558 1101 1126
f 3426 4509 2601
f 2155 621 1937
f 1427 676 346
f 4209 4344 4526
f 4068 3032 1332
f 3012 1095 4289
f 4570 6782 7109
f 3598 5569 4109
f 891 5953 1565
f 1188 2792 2368
f 2218 5097 5125
f 1381 3783 5624
f 525 5688 1597
f 6750 2583 2590
f 2360 3739 2654
f 3313 2063 2593
f 2732 4456 795
f 1027 5701 392
f 2019 86 867
f 1599 1819 1665
f 2089 1834 2726
f 1425 1585 233
f 4245 2559 2978
f 1302 3736 3735
f 1579 4186 4245
f 226 1435 1314
f 3369 4730 4449
f 5664 4673 5369
f 3481 4037 1641
f 2556 2276 1571
f 5414 819 2615
f 5625 4561 4946
f 3873 2929 3515
f 742 1309 433
f 5753 6760 987
f 5733 2389 1933
f 1699 2835 4702
f 5929 5930 6168
f 4414 950 1956
f 3233 3752 2617
f 2562 5287 5747
f 7264 7174 4120
f 1688 2482 2769
f 4608 2255 2628
f 542 2859 3670
f 5393 5850 4907
f 7487 1288 4391
f 7594 6803 857
f 5250 7669 2883
f 2838 208 3570
f 4367 44 3230
f 3769 2747 1708
f 35 2432 3821
f 1593 3005 3642
f 4684 2424 5003
f 5932 5375 189
f 5307 5379 3859
f 730 2351 4511
f 360 794 4812
f 1460 2643 5772
f 1563 3434 1613
f 550 4566 2675
f 1083 1921 37
f 5934 5933 6068
f 691 6793 2062
f 1099 6247 7207
f 2239 5283 3811
f 5664 5363 5755
f 3925 1803 5270
f 1820 2246 1146
f 1485 2173 11
f 5200 5159 117
f 4089 4324 2650
f 1245 7936 6385
f 5183 4792 2322
f 2178 762 1106
f 1544 396 2469
f 985 1260 38
f 5257 5310 4095
f 643 83 1556
f 4351 2514 2398
f 5760 1567 506
f 7974 7926 1981
f 365 1510 1233
f 693 4709 1181
f 5011 3539 3536
f 5166 1587 3369
f 5351 7176 1611
f 262 1963 510
f 858 4685 5726
f 4082 5763 5621
f 3786 5808 5192
f 770 2447 1052
f 4853 5564 2856
f 1347 3116 1689
f 7763 5023 408
f 2909 3387 2219
f 4233 4407 1504
f 5527 3970 3359
f 3373 5315 5613
f 2308 1355 2306
f 5207 3865 221
f 3889 4396 3401
f 334 812 1627
f 3752 1237 1899
f 969 3985 5818
f 4698 6801 3670
f 2679 7177 1992
f 517 4280 5577
f 1612 5557 720
f 7665 2863 2099
f 909 1794 1971
f 482 1860 7860
f 5601 3668 2167
f 886 3126 3988
f 1193 242 4260
f 5710 1632 3352
f 7634 3170 2466
f 14 826 2627
f 5859 7960 5141
f 286 5703 5717
f 5545 4087 5788
f 1142 3532 2468
f 2423 2983 3867
f 7736 6919 5203
f 788 5149 301
f 4029 219 3942
f 4098 5331 3523
f 5043 4170 4657
f 2631 5945 3499
f 1573 1338 5094
f 1709 5947 5946
f 2573 3806 1307
f 3970 4379 4845
f 4699 2360 3261
f 3454 4170 3497
f 1579 4215 2800
f 384 4040 2324
f 5480 6548 5046
f 1145 1361 5139
f 5559 2387 5099
f 275 348 2427
f 5950 993 5949
f 5284 4352 2522
f 4950 240 1517
f 2073 3935 3052
f 5281 804 4274
f 2774 233 1585
f 807 4819 698
f 6780 4256 158
f 7389 4099 5218
f 3102 6228 1315
f 5457 1815 5252
f 4152 1828 740
f 5689 440 1550
f 3169 2922 1595
f 3368 5017 3121
f 1566 2609 1796
f 1467 2312 4780
f 5195 1228 1564
f 2577 1237 4789
f 580 6890 883
f 1515 5793 1690
f 2220 3024 2503
f 2685 6783 2461
f 691 5134 200
f 367 1097 6822
f 635 1370 2942
f 4354 1126 4281
f 2499 5662 1420
f 3764 4019 2186
f 3889 5144 747
f 3920 3366 772
f 4219 952 4155
f 3412 5169 95
f 2889 3158 536
f 3313 2593 741
f 1290 2183 279
f 1350 1721 2375
f 2539 3842 4721
f 4578 7846 2393
f 3381 2964 5304
f 2590 2825 1379
f 971 3338 4273
f 3876 3960 1191
f 4246 5098 3721
f 3006 5785 2814
f 2880 2794 4416
f 384 2282 4044
f 4558 1126 1474
f 2021 3651 2271
f 3901 2460 4043
f 346 5953 1206
f 2662 5770 2585
f 2453 4872 2782
f 2363 5720 4828
f 2663 3668 2882
f 1693 1692 73
f 5491 857 3803
f 5528 994 7403
f 3418 3414 4194
f 1898 1058 2785
f 1713 846 3107
f 4738 5074 1705
f 137 4260 1932
f 4438 2769 1610
f 2514 2738 1049
f 7016 3165 2194
f 4996 7574 5815
f 1333 4336 5215
f 3625 2226 5842
f 3828 3789 331
f 5772 4129 3692
f 955 5838 5577
f 3074 2716 1570
f 3696 386 2036
f 4441 4032 5603
f 5413 4034 5150
f 333 5677 1672
f 2571 389 2506
f 7451 2209 5867
f 475 485 2999
f 2082 2215 1717
f 6774 1291 1673
f 4176 3497 1331
f 1911 1333 5215
f 6786 7947 7035
f 4596 1732 4963
f 2158 5446 5079
f 2560 2900 5114
f 4055 719 2094
f 5554 1614 2148
f 956 4149 4038
f 3779 5612 2944
f 5648 4978 5084
f 162 1493 41
f 5479 5080 7449
f 5843 2897 4948
f 1091 5170 5309
f 864 1661 13
f 944 1630 2054
f 387 2349 2737
f 417 4360 1085
f 5178 4909 3295
f 4138 5733 5879
f 1476 1395 1682
f 1918 3940 3887
f 5465 179 214
f 1983 1719 4270
f 7181 5959 3343
f 4239 4842 5212
f 513 7424 1039
f 2857 401 2956
f 6415 572 434
f 5308 5583 4951
f 4459 5360 986
f 567 4139 471
f 1650 3616 2891
f 2462 4239 3660
f 4799 3471 55
f 5351 1611 5483
f 3904 3327 2687
f 2612 4087 4761
f 4015 4019 5211
f 2315 3511 5035
f 2703 1156 5691
f 2348 685 4771
f 1354 2482 1356
f 4139 567 4957
f 455 1334 678
f 6902 4988 4508
f 4101 4291 3757
f 309 5440 794
f 872 859 1653
f 4243 3608 3913
f 3136 5712 894
f 4510 5461 4947
f 22 7790 1970
f 1479 3917 7211
f 4571 4957 504
f 4735 477 2234
f 367 3041 1097
f 1140 4505 696
f 3996 3508 5580
f 4620 267 3139
f 5178 3295 247
f 772 490 3920
f 6391 1357 5004
f 4503 5877 4217
f 5967 5968 5966
f 7783 7927 1095
f 2956 356 2845
f 4903 4898 4869
f 252 2561 3593
f 4053 4408 473
f 1993 974 4926
f 7691 2928 6756
f 1398 4406 382
f 2374 2132 114
f 1846 2710 3111
f 1361 4235 1919
f 1466 7759 5311
f 5276 4808 4353
f 7386 6855 2477
f 7572 2051 119
f 5809 3420 5395
f 7421 3561 3231
f 5369 5105 677
f 4469 2469 4772
f 5494 3556 4212
f 3778 4479 2721
f 583 943 1763
f 4368 543 2469
f 1000 5697 3684
f 529 4423 1900
f 7154 5973 5923
f 5584 5091 5493
f 5654 6904 5863
f 2770 3700 2847
f 4093 4462 1287
f 4121 2141 2320
f 5361 2567 4464
f 1108 1124 1014
f 980 2036 6954
f 4452 5758 5347
f 5540 1529 2280
f 908 5023 2678
f 3940 1918 830
f 4806 5806 4341
f 7069 5976 7381
f 5698 4126 3201
f 841 5522 2680
f 879 3377 866
f 4053 2999 4592
f 6796 6797 7146
f 2371 7604 2383
f 1355 2308 2993
f 3363 5255 5384
f 2689 3519 1194
f 4394 4616 1480
f 7857 1285 597
f 7443 7762 3844
f 4053 4592 4304
f 5063 4190 2420
f 5840 2471 1400
f 139 3822 5194
f 3949 2478 5276
f 446 6531 2016
f 7994 1122 2318
f 1168 452 74
f 4961 59 3596
f 2868 7929 2913
f 238 496 5459
f 2696 2688 355
f 4451 4125 5143
f 4736 1597 4732
f 1370 635 4786
f 966 3508 3634
f 4383 5666 5105
f 7868 7858 1617
f 896 4859 3835
f 5982 7603 1978
f 1920 2471 3064
f 2920 1546 2061
f 2081 1059 3539
f 4054 2523 3890
f 2299 1163 3039
f 3199 4252 5604
f 804 4092 803
f 2216 2657 1515
f 5386 3904 2687
f 2044 1899 4305
f 5241 5782 5614
f 4327 5981 4083
f 518 1217 3975
f 555 8 484
f 1120 4349 4329
f 3631 3508 966
f 1159 5948 6514
f 5391 5699 5352
f 2862 2654 3739
f 4871 7241 5040
f 107 5560 5176
f 5540 3317 3971
f 1237 2577 1899
f 7658 2733 5542
f 4673 5664 3878
f 336 2007 5023
f 574 2610 1279
f 6391 5988 1357
f 7625 2373 7465
f 3181 1400 2471
f 5674 5516 5596
f 2462 2775 1548
f 4276 4321 7563
f 184 3810 2703
f 3884 5741 1580
f 207 873 3242
f 5717 5703 3688
f 5520 4770 4722
f 3866 2898 7990
f 452 3155 74
f 226 2975 5085
f 7480 5164 2632
f 4455 3837 2972
f 1681 750 3366
f 4736 284 1597
f 7072 5990 4687
f 1545 556 4994
f 4879 1901 3843
f 890 2357 3458
f 3739 2449 6091
f 1537 3789 4929
f 347 7416 2987
f 3635 5237 3727
f 4275 3321 1940
f 7173 5887 5991
f 4910 4197 1376
f 5436 1945 2317
f 3345 7870 5077
f 5090 2636 350
f 2748 1634 4895
f 2982 2346 3049
f 4119 3194 3968
f 2763 5300 1304
f 499 1342 4380
f 3328 5187 479
f 6136 8008 5530
f 290 3800 2260
f 3996 3634 3508
f 7417 7144 7268
f 7495 6800 5837
f 4584 4919 1447
f 768 748 2778
f 3793 4513 7283
f 7560 4998 4652
f 4831 3431 18
f 3608 1854 3834
f 426 5767 7432
f 7063 777 4638
f 3379 6862 5680
f 7555 7414 3171
f 2164 5012 5358
f 1718 4581 2266
f 2013 1994 2967
f 3864 1749 5636
f 2610 549 2454
f 2083 204 5235
f 4953 3076 1236
f 1163 2299 5583
f 2131 668 3286
f 2407 2969 3237
f 2207 3866 2871
f 1233 1437 2622
f 4977 855 4680
f 1952 1908 2888
f 3289 5227 381
f 1334 455 12
f 2183 1290 1980
f 653 2817 4401
f 1007 3233 721
f 2093 169 6767
f 290 2954 3800
f 2147 2837 3919
f 1973 3195 5343
f 619 2468 1545
f 1187 4536 210
f 5771 4738 6920
f 5392 1887 2366
f 6411 80 4465
f 4910 1376 4778
f 2546 1016 1811
f 4367 3230 4372
f 4833 5531 4568
f 501 2897 3455
f 1293 248 1742
f 4675 3269 186
f 3455 800 5704
f 104 3163 1244
f 3384 5047 2151
f 5073 5390 3230
f 833 5139 1919
f 642 3168 5036
f 956 3982 4149
f 2067 4349 1441
f 4284 2150 4287
f 1812 4205 155
f 3783 1381 4299
f 1123 5850 5393
f 2403 1517 240
f 6033 6900 6007
f 1706 2404 3194
f 3950 7397 758
f 5513 4166 546
f 5485 4447 2817
f 503 1248 1927
f 580 2926 3614
f 978 5584 5493
f 3785 1693 73
f 3212 4179 3004
f 826 28 4111
f 2072 89 3680
f 1032 5999 5507
f 1700 4313 3417
f 1981 7926 3422
f 5809 3606 3420
f 3651 5832 961
f 524 3605 742
f 4656 639 5420
f 3054 4235 6891
f 2069 4922 4606
f 5667 1580 5726
f 5805 5880 1130
f 2215 2435 2437
f 4765 5128 2949
f 2300 4032 3945
f 2589 3814 388
f 5086 3999 4351
f 5650 7668 5797
f 2070 3553 5758
f 3585 7859 704
f 3582 5379 5307
f 1480 4114 4250
f 5328 1999 5342
f 4271 4646 3357
f 48 4000 2979
f 788 2165 5922
f 185 2639 2055
f 2047 495 2243
f 3608 4243 942
f 1818 7338 3534
f 2283 1442 941
f 1680 2021 2271
f 3931 4839 1753
f 4559 2648 2412
f 3780 7764 3518
f 2298 3759 802
f 1554 1560 1892
f 4693 2553 5693
f 335 2927 873
f 6415 3584 574
f 1300 3500 4506
f 4559 346 2648
f 115 2218 5675
f 1795 1500 1192
f 2566 2826 4301
f 4068 1332 4059
f 4235 411 916
f 5812 1145 5139
f 5062 3424 4018
f 5325 4479 3017
f 3873 3161 2929
f 4040 4044 3532
f 3064 1031 1888
f 5978 6017 662
f 6857 5081 7732
f 4594 4359 5443
f 3262 3987 1877
f 1888 1572 3064
f 4613 1639 882
f 727 5001 483
f 5510 5102 1831
f 2577 700 3567
f 5433 5500 5520
f 4375 4251 1651
f 4063 7475 2580
f 1326 4010 3333
f 3101 4188 5651
f 6416 5299 4043
f 886 2638 1667
f 1741 5485 621
f 1159 47 7948
f 149 7761 3398
f 4717 3379 5660
f 5158 1687 5875
f 5853 1824 1623
f 4830 5358 588
f 365 358 1510
f 2925 1691 3296
f 4433 657 1854
f 4684 5137 4466
f 8033 1651 163
f 4447 5004 4401
f 2364 4561 2195
f 2630 894 5695
f 1187 210 1888
f 2740 3138 4896
f 898 3261 2254
f 1181 367 693
f 2382 1604 4051
f 4962 1804 1366
f 5576 997 5299
f 517 5577 5838
f 544 1885 5867
f 248 1293 4750
f 6021 6022 6434
f 2049 4639 4430
f 138 2259 2579
f 5873 4884 4820
f 4931 3631 824
f 2005 3249 7805
f 3133 287 3028
f 56 5653 3923
f 1012 2427 348
f 4249 3841 663
f 2398 1049 881
f 827 1560 3173
f 4843 5724 1038
f 1835 509 1787
f 3861 3255 3777
f 2709 5646 4611
f 4124 2305 1178
f 2840 4328 1931
f 3819 5115 5263
f 5562 5515 5737
f 2275 2199 990
f 5674 7677 4829
f 4230 1837 1683
f 6878 6811 3147
f 5685 5317 1910
f 3026 201 2423
f 1573 4664 3902
f 7414 7399 4331
f 6025 1915 4900
f 4369 7634 2466
f 4147 3945 565
f 5696 3063 1760
f 3403 1022 3575
f 2700 4061 2555
f 2088 5738 5589
f 3106 3149 2964
f 4336 1088 5215
f 1762 6998 2976
f 687 7941 3467
f 4034 3588 2087
f 521 5504 2483
f 2592 3599 23
f 1412 742 3605
f 4057 2516 2545
f 7946 6593 5118
f 3624 268 1751
f 3892 3262 1880
f 5703 4897 3922
f 7879 3221 3850
f 5709 1897 5403
f 2759 1648 5777
f 2739 1392 4468
f 1656 5417 976
f 807 363 4819
f 3973 5155 5421
f 3251 3408 5193
f 5207 2552 1737
f 3786 332 5110
f 1150 4952 4844
f 4943 3928 1264
f 3569 157 2455
f 173 1028 245
f 1339 2269 863
f 3359 3970 3766
f 2937 4786 635
f 5367 5345 5800
f 3774 4840 1526
f 1006 250 1326
f 3878 6775 4673
f 6029 2091 1683
f 7091 924 5478
f 3829 1116 1677
f 3401 4720 3889
f 6031 6032 6030
f 5470 4321 1974
f 5914 4599 2655
f 1005 5547 882
f 4982 2597 5424
f 4799 97 3471
f 995 3577 1347
f 1093 4997 2531
f 3012 3645 5031
f 965 1813 4191
f 3368 3121 3028
f 382 5871 1398
f 7931 223 2160
f 2034 2796 3111
f 108 3699 3760
f 7497 1466 5311
f 3530 5318 1477
f 4376 2414 3390
f 1387 5481 2162
f 3645 411 3689
f 5725 1132 5243
f 3328 3202 3426
f 6035 2462 6420
f 2834 6036 6979
f 4192 1966 71
f 2224 5186 1735
f 3556 2552 4212
f 3438 467 3090
f 740 1029 4152
f 482 7860 3093
f 4514 786 2104
f 2829 38 1866
f 4264 1485 3226
f 6037 5185 6664
f 2769 2482 3785
f 5125 4297 43
f 1889 2457 1689
f 5057 7504 2098
f 3700 2161 3687
f 7767 4310 5663
f 5429 4033 236
f 2101 2670 5536
f 4086 1080 5241
f 3077 1883 5434
f 656 2279 7998
f 1092 5442 3092
f 5685 2037 3066
f 4070 4457 2388
f 4277 3596 3693
f 493 7010 5175
f 1317 5676 944
f 5688 4727 1597
f 2486 2787 579
f 2425 7423 1957
f 6813 3431 5161
f 3470 283 3080
f 2986 2566 3963
f 4991 7933 278
f 476 2342 2711
f 3896 7477 3500
f 5247 5379 1284
f 5536 2670 5686
f 3845 7565 4899
f 5757 7103 4492
f 1455 928 2735
f 2291 3720 4127
f 4576 5619 4255
f 462 2281 4971
f 668 1667 3913
f 1357 5579 1134
f 2802 2634 5058
f 1090 6043 4050
f 2763 1304 1663
f 3152 4926 3151
f 956 4038 4557
f 868 2987 2063
f 5079 5446 4225
f 3817 3902 4132
f 5341 7352 1991
f 7197 1800 514
f 4764 2597 3840
f 7935 7198 2484
f 334 5794 812
f 1251 2159 270
f 161 5608 1272
f 3990 4163 1549
f 584 3290 1560
f 3864 1081 1996
f 2029 2858 3448
f 5116 2324 4040
f 6046 6607 6115
f 5874 4039 7920
f 1079 2805 2140
f 878 1609 4807
f 5155 3973 3776
f 3262 3892 3987
f 4081 4851 2923
f 5175 2784 3701
f 1831 4641 5510
f 4335 2738 4319
f 2484 7198 1281
f 2064 3971 5115
f 3468 2561 3262
f 3630 582 4238
f 88 2192 4743
f 5166 6972 1587
f 2795 4955 2043
f 1411 1830 2645
f 2859 1886 3675
f 3917 1479 5339
f 4179 3212 4728
f 124 1216 4121
f 3430 803 326
f 3294 1192 1372
f 3203 4480 5626
f 3908 2208 948
f 2294 1987 312
f 866 5320 4472
f 3960 4073 2660
f 3070 5050 3410
f 1504 13 1661
f 6789 246 6818
f 7425 61 4333
f 7084 7635 3502
f 3566 897 5515
f 6051 6729 6582
f 3117 3644 3120
f 4461 4385 3592
f 1180 1805 605
f 5784 1804 1458
f 7050 6053 6052
f 1930 2062 193
f 3555 1238 3119
f 261 2129 932
f 4677 1426 1808
f 185 3069 3894
f 492 5663 4310
f 3636 3146 5633
f 174 3772 4534
f 5331 7313 1728
f 1999 5334 3271
f 3715 2065 1703
f 652 4307 2515
f 5641 1515 1690
f 3195 5334 5343
f 809 5224 445
f 1239 849 7863
f 1515 6820 2216
f 5535 1798 2078
f 2841 1710 4382
f 1668 4664 5094
f 5846 579 2787
f 4221 3892 4268
f 100 791 5505
f 5030 3575 316
f 2207 2871 3204
f 2406 4861 1198
f 4677 4215 1426
f 1808 6688 911
f 4764 3840 636
f 4953 703 1701
f 2889 3757 2584
f 5551 5514 5832
f 5754 3364 5809
f 2818 3036 3193
f 3228 3627 3617
f 1054 1745 3187
f 5368 4614 4255
f 3225 6062 5110
f 5153 6063 4167
f 5090 5419 2636
f 5478 3629 994
f 808 2498 5640
f 4906 3456 2839
f 6011 1118 4022
f 5395 1512 202
f 517 3710 3751
f 1448 3225 6503
f 5295 7200 2936
f 1755 1586 232
f 213 1399 957
f 4636 3513 1679
f 468 3659 1637
f 7862 2797 4316
f 3245 1390 5413
f 1596 3157 1951
f 3535 3576 3501
f 3581 698 3621
f 5030 5870 3575
f 4051 3555 3144
f 3740 2859 542
f 6144 6811 935
f 5004 5138 4995
f 7201 3918 114
f 7644 1517 7364
f 2869 703 1226
f 5292 3048 5193
f 2092 3820 2257
f 3685 317 3232
f 902 436 6077
f 2024 1719 4920
f 3375 531 1153
f 3477 958 386
f 3342 4978 5648
f 64 4707 3621
f 7851 4159 4858
f 5859 1184 5678
f 139 2110 3822
f 6307 7769 4071
f 1328 3453 486
f 4704 4444 4441
f 6557 7566 4241
f 5970 6070 6069
f 6826 1434 2941
f 2918 3031 2623
f 3139 5856 2962
f 7542 5196 2515
f 385 6071 4182
f 6417 5050 3956
f 3091 7247 4561
f 3022 5394 2811
f 3827 4285 3745
f 1165 946 1961
f 2000 4346 3002
f 3638 2648 346
f 2997 1670 4712
f 792 6073 4900
f 1715 714 2974
f 3637 3618 1568
f 6827 3 6940
f 4155 7674 4219
f 855 5309 5170
f 362 4289 2263
f 2139 5851 4916
f 4252 1598 4185
f 7062 3622 916
f 3746 5854 3279
f 3478 2563 5751
f 2389 5733 3676
f 5219 4740 1100
f 1732 7698 828
f 3702 194 5316
f 3309 7507 6821
f 2581 5297 5329
f 4237 435 1750
f 4745 3418 4194
f 1911 5190 1333
f 3574 7932 1638
f 4619 2222 4587
f 1853 2553 548
f 4440 2725 4092
f 7210 5499 3656
f 864 13 5103
f 4686 7934 4498
f 1684 6081 1222
f 3582 2964 3149
f 7719 1008 921
f 2349 5557 1612
f 733 5797 934
f 2547 2852 1509
f 2950 3261 2360
f 5793 954 3461
f 6819 3829 1677
f 4016 1469 4522
f 3974 2831 8018
f 4252 4674 5604
f 1018 3512 4099
f 473 3429 2465
f 2260 4772 1189
f 131 3118 5465
f 3096 4091 363
f 3906 812 5707
f 5434 3147 1295
f 5094 4736 1668
f 3888 1449 5045
f 4298 4496 4480
f 5715 5385 1893
f 2365 494 3382
f 2011 1201 1697
f 6001 7676 4327
f 5866 5060 4312
f 2558 3318 7761
f 137 2791 1193
f 3583 5730 2909
f 364 1428 1506
f 2033 2952 6799
f 2402 1242 3900
f 5465 1136 179
f 4930 1679 4648
f 5210 3930 1863
f 6529 4233 2527
f 1155 4062 5431
f 3362 393 5204
f 927 1124 151
f 3287 1338 1713
f 6831 28 176
f 1813 186 4647
f 4891 2342 476
f 5244 4025 4554
f 5200 117 5199
f 1075 4838 5396
f 5706 839 5736
f 6556 6092 6091
f 4930 601 4477
f 5067 4945 4071
f 2514 1049 2398
f 908 336 5023
f 1725 1385 3184
f 4073 3876 4108
f 1582 3346 4755
f 5732 7428 1117
f 1943 1559 3684
f 2910 6093 4896
f 3921 6094 5212
f 4507 1383 1068
f 4153 3293 5231
f 3830 6832 2370
f 5530 1552 6525
f 2229 640 572
f 1 2345 3661
f 2763 1663 5307
f 647 1524 2671
f 5588 7545 5526
f 2769 3867 1688
f 291 303 390
f 2505 2249 94
f 2536 2102 1827
f 3352 4573 5710
f 4387 2679 4184
f 5436 1682 5008
f 1869 6925 3323
f 4995 3495 4401
f 120 7206 5528
f 1789 7588 2313
f 4714 4632 2282
f 244 3090 467
f 1924 1190 4852
f 1312 4295 3058
f 4723 1895 1543
f 3671 6099 2646
f 3271 5342 1999
f 4835 1520 3398
f 3404 5737 1008
f 5735 6037 6664
f 4790 4763 2153
f 413 6933 2920
f 4573 7498 49
f 906 2245 140
f 3625 1334 3086
f 744 4460 3906
f 965 186 1813
f 4908 126 1167
f 655 4456 2421
f 5439 2274 134
f 1012 348 1273
f 7026 4818 4615
f 1952 2888 2721
f 3014 10 2618
f 5724 1732 828
f 961 4340 2123
f 1370 4115 1131
f 3529 7166 651
f 1136 3279 1904
f 4773 1506 819
f 5634 551 1032
f 3503 1110 2538
f 2979 4792 2121
f 1472 7362 3722
f 740 5416 1029
f 5833 3457 3268
f 4789 1237 1007
f 518 830 3790
f 31 1698 998
f 6869 554 1927
f 2708 2995 4555
f 3966 6015 3810
f 4622 2845 5565
f 859 872 578
f 5177 2293 1902
f 3864 1605 1081
f 6049 4927 4672
f 6105 6403 739
f 265 1986 5698
f 5577 6106 955
f 1817 1003 2269
f 1193 4260 137
f 4122 7348 2605
f 3942 372 4029
f 5433 3941 5810
f 5292 5021 3048
f 4742 2572 2854
f 300 7431 1806
f 7208 3806 1960
f 1863 3930 4389
f 2131 886 668
f 5087 5936 1127
f 3860 560 1135
f 2714 5496 3211
f 4866 930 4419
f 2163 6997 4679
f 881 1049 4592
f 2349 3200 2737
f 3124 476 3618
f 5199 5543 2755
f 2852 2916 2221
f 4901 1713 1338
f 819 1659 2463
f 2042 1543 5779
f 6108 1598 1442
f 4315 4970 5092
f 1088 4336 4699
f 3927 6109 5661
f 4630 5179 4645
f 5722 5744 3102
f 1671 2111 3236
f 638 2521 3369
f 3440 3559 3383
f 2417 5507 722
f 265 5327 1881
f 2221 2258 2852
f 711 816 1912
f 6842 6112 5898
f 1533 7665 2181
f 870 2454 2124
f 6932 2915 4412
f 4563 3664 1841
f 355 4667 4098
f 4062 1155 5359
f 4091 3568 3751
f 108 2861 4581
f 7209 4989 2109
f 5804 782 3091
f 2804 4922 3009
f 1482 3895 3643
f 147 2284 2195
f 6116 1724 6335
f 1935 3926 1336
f 6054 2844 4536
f 4163 3990 2684
f 331 45 3828
f 5653 56 1221
f 5116 7432 5767
f 1341 32 203
f 494 2365 2169
f 1167 7212 4908
f 5230 7433 4925
f 584 1560 1554
f 839 623 4298
f 2798 2829 1866
f 3742 2438 4422
f 2440 43 4966
f 4408 4053 4304
f 1702 7489 1963
f 3337 1446 2708
f 3243 4670 923
f 330 4011 154
f 3679 731 613
f 2985 128 1569
f 2721 5325 5856
f 3829 181 2378
f 4812 794 5440
f 1967 5060 3336
f 2739 641 3667
f 2658 2513 6990
f 1442 6121 6108
f 749 3590 8003
f 1390 3245 925
f 2091 6840 1172
f 3247 3098 2924
f 1380 3282 5481
f 5511 2971 1087
f 2208 2932 948
f 2531 3419 3350
f 3752 2044 2617
f 3555 3119 5404
f 5014 873 5423
f 2532 4808 3856
f 3157 1596 3214
f 3812 7026 480
f 1754 667 644
f 4470 2235 5108
f 7216 3427 2241
f 5537 2285 1331
f 437 1062 1256
f 6125 4587 3831
f 2787 5147 5846
f 4762 6126 5461
f 2580 667 4063
f 6843 6844 4782
f 2781 2243 1969
f 3500 814 4506
f 1736 1418 560
f 3544 1242 5111
f 2290 5264 112
f 4104 995 2457
f 1232 5539 5655
f 2305 4583 1178
f 1945 682 1320
f 2539 4721 5371
f 3970 5527 4379
f 2274 5104 3969
f 4719 4056 529
f 452 1805 5802
f 2747 4051 3144
f 3570 3428 1774
f 2907 1206 3266
f 3587 4526 4344
f 5354 2172 1388
f 3904 5761 3329
f 4300 4819 170
f 3243 1873 2396
f 3066 3075 1522
f 6130 6201 4881
f 412 2857 5387
f 190 2788 180
f 1566 1177 2607
f 4741 889 512
f 724 4467 877
f 2087 5150 4034
f 5607 3898 5265
f 3822 1055 2213
f 1311 1447 4919
f 792 3915 3357
f 3277 3859 5379
f 6018 6209 6711
f 4859 5652 1771
f 4585 7192 4263
f 7788 937 7286
f 3364 5754 3241
f 3304 1715 3699
f 2827 4386 3592
f 6132 6340 6255
f 7678 166 4713
f 6133 5914 3762
f 1384 3068 595
f 2434 5853 3992
f 2988 448 1674
f 3816 4661 2972
f 796 7818 2917
f 3356 7630 520
f 2490 5608 4567
f 2328 7592 7770
f 2617 657 2187
f 5370 4143 3480
f 4025 3852 7851
f 836 6757 6790
f 6136 6179 6203
f 2425 1957 4909
f 5088 6738 1942
f 2706 4841 5222
f 2238 1314 1435
f 154 1852 1011
f 907 5314 3153
f 978 5475 4603
f 4145 7182 2966
f 4545 7771 4484
f 1508 1655 5041
f 3624 1694 3530
f 1308 3476 4507
f 2707 3472 1340
f 6848 5441 3011
f 1622 5038 375
f 3320 306 314
f 1739 1212 4172
f 4273 1292 1938
f 5145 1367 5105
f 2203 1043 2220
f 3653 6849 1029
f 3694 5263 3482
f 2044 3834 1854
f 4130 1981 3422
f 4385 6847 337
f 1279 4855 574
f 3613 4941 1346
f 2595 2612 958
f 1703 3788 3715
f 1315 5722 3102
f 1304 3954 1663
f 4875 3430 3229
f 295 3210 4964
f 6 2004 720
f 5273 2829 2798
f 909 384 4314
f 972 1983 3547
f 5692 4770 4934
f 2275 990 1993
f 1113 3086 5056
f 5752 219 1457
f 2092 7880 3820
f 140 2245 1539
f 90 3360 471
f 2188 1283 1285
f 3913 302 668
f 434 769 854
f 4099 2450 1018
f 3804 5044 2723
f 2722 4412 955
f 4477 536 3158
f 1567 1212 1739
f 5361 2897 2028
f 2071 7435 731
f 7878 3786 5192
f 5044 3804 1770
f 7698 4011 828
f 2432 1792 1196
f 899 1295 1766
f 4751 1084 5719
f 5158 5120 5129
f 1790 2341 3370
f 6103 6140 6139
f 6141 2717 3770
f 331 1898 2050
f 791 100 4672
f 2367 4117 2295
f 4490 5107 2070
f 4417 1628 1470
f 456 1762 1569
f 346 4559 1427
f 2996 361 357
f 1466 2843 3038
f 3185 410 3087
f 7481 1208 3693
f 7753 7863 849
f 4686 4938 4796
f 3321 6142 746
f 1812 2270 2689
f 2205 5473 3042
f 6143 6144 7116
f 792 1915 2280
f 2141 4762 78
f 7570 4942 2850
f 2867 1570 2716
f 1069 1212 975
f 3913 3834 302
f 107 4708 7715
f 1096 3824 2114
f 2011 2753 1201
f 5176 5784 3770
f 2066 1778 5631
f 2593 5270 590
f 2498 3362 5640
f 1261 4423 2321
f 4563 1150 3664
f 7933 1298 278
f 1980 1699 4702
f 507 3003 5855
f 5137 4356 3446
f 95 685 3733
f 6795 7096 6843
f 2597 1595 2922
f 6854 4905 1482
f 6766 971 5377
f 4326 5718 5790
f 1221 7772 5653
f 193 7437 5522
f 672 1094 4697
f 5761 5456 3329
f 3921 6147 6094
f 3919 1009 4908
f 5643 483 1586
f 1468 6086 747
f 3719 7336 3936
f 58 170 4605
f 2225 2735 928
f 1987 5525 312
f 7996 1319 2875
f 409 3548 3557
f 6835 7571 7757
f 1992 7004 2679
f 970 4446 2110
f 4999 1473 352
f 1863 1297 5816
f 2854 4131 2262
f 3521 577 5083
f 400 2683 1022
f 234 562 2196
f 3292 3660 3982
f 7572 5010 3274
f 6331 2723 5044
f 5369 677 5363
f 300 4184 2679
f 4947 4572 4348
f 5015 5537 2012
f 3696 541 386
f 18 4133 1970
f 5864 1132 1571
f 682 5273 4962
f 603 1551 1100
f 890 5026 4601
f 4121 7446 124
f 856 5114 2900
f 341 6276 5551
f 3500 1403 814
f 4490 2070 4452
f 3836 4449 4730
f 3680 6858 2072
f 421 2004 2793
f 1524 4205 4238
f 3094 2686 5787
f 4533 7439 612
f 2581 5171 160
f 2142 3833 1272
f 4298 3203 839
f 5413 4036 3245
f 1977 7935 4314
f 6087 6156 6072
f 3451 4108 3876
f 183 818 3397
f 4245 85 1579
f 6969 282 36
f 5256 4856 5219
f 1537 164 4774
f 542 3670 4688
f 2374 114 5760
f 5500 2503 4500
f 3017 4020 4083
f 5483 4399 5351
f 1272 5598 2142
f 2324 5116 5767
f 5294 3753 1887
f 2104 282 4514
f 505 910 2242
f 1777 4436 4635
f 5803 2982 5824
f 802 660 2298
f 3124 3618 3162
f 4822 3248 2413
f 2755 5581 4635
f 5162 3839 1658
f 742 1412 4045
f 1539 4885 441
f 853 4660 5189
f 1342 7999 4380
f 4798 7408 4295
f 2169 5029 3807
f 2613 5060 3333
f 7996 539 6055
f 4772 396 1189
f 5573 3112 4833
f 1804 5784 5723
f 3746 5862 5854
f 4325 5037 4964
f 4815 76 3620
f 1803 1788 4174
f 7222 7573 4229
f 7574 4996 236
f 3956 4201 4625
f 2359 2190 3088
f 1836 1130 5880
f 686 4277 3693
f 4209 1910 2289
f 1240 5704 3595
f 5489 4880 4865
f 5547 1005 3458
f 879 3272 1311
f 311 3185 307
f 3317 4023 3971
f 4147 558 4746
f 1177 690 2607
f 1232 4781 5539
f 1055 4106 672
f 5402 6812 4607
f 2398 4309 4351
f 895 4848 4502
f 5559 5099 3981
f 1686 653 378
f 4341 4337 6416
f 982 3509 1769
f 2276 2556 3545
f 6903 4046 2742
f 2950 542 5495
f 3334 6895 3486
f 2729 4249 5324
f 4523 2894 4299
f 1792 2432 3955
f 449 2489 399
f 4890 2898 5740
f 5849 722 3039
f 1524 155 4205
f 4032 6167 5603
f 2627 5386 14
f 7436 1727 4010
f 2122 1093 2531
f 2893 784 1518
f 1849 484 1829
f 7853 7927 2315
f 6562 1462 4227
f 4198 3031 2918
f 1526 1072 3774
f 5088 1942 2497
f 2158 5617 1786
f 5046 6499 5958
f 5725 3531 4105
f 5866 4454 1925
f 5415 3592 1060
f 3362 735 5640
f 4435 4524 2759
f 4272 540 4568
f 3319 3324 4805
f 1610 2769 3785
f 3642 3538 5151
f 1004 223 435
f 1027 6762 733
f 5503 1833 4150
f 4564 717 3924
f 5417 323 989
f 4513 7441 4584
f 793 7526 7771
f 5711 4924 7457
f 8040 6171 5668
f 1565 3163 553
f 1734 5451 2340
f 3695 1654 1866
f 6172 5894 6725
f 2790 5217 2002
f 3920 1166 1255
f 5724 828 2998
f 981 4405 201
f 761 3491 5380
f 4878 4854 1809
f 7898 299 3972
f 1440 1760 3063
f 7998 3665 656
f 5187 5220 4097
f 2507 2500 3229
f 2306 1355 3028
f 586 2951 4621
f 704 1525 3585
f 532 5578 121
f 719 3663 5738
f 941 977 3199
f 5704 1421 3455
f 2446 970 2828
f 4775 1274 457
f 272 1528 1035
f 4651 4902 2604
f 6173 1259 6649
f 2838 2690 3967
f 6905 754 671
f 4349 1120 3435
f 1160 1368 4522
f 5356 4793 5807
f 1894 5086 4887
f 1629 7194 3707
f 5256 5281 4662
f 3174 2347 3144
f 2681 3407 7451
f 250 1006 5455
f 5431 4062 793
f 764 4012 2227
f 3906 7999 963
f 1542 2726 1176
f 2005 1995 3249
f 4591 3801 3607
f 675 1865 2194
f 6176 6177 6295
f 6901 1152 2421
f 1142 217 5116
f 7825 319 3941
f 3721 5255 4003
f 1705 6754 4738
f 4154 585 2428
f 3081 7145 831
f 1673 1291 1691
f 2534 5057 3073
f 5664 833 3878
f 5048 5376 1278
f 4795 5117 2096
f 746 6179 1940
f 1075 5735 6664
f 5950 6180 654
f 2767 4206 1976
f 4156 6181 2006
f 1161 1178 4583
f 2505 147 2249
f 4831 339 2239
f 5625 4312 5804
f 1565 1244 3163
f 4971 3959 462
f 5519 5189 4660
f 3811 2000 2537
f 5760 975 1567
f 781 6042 4733
f 5603 3155 4441
f 57 2506 2645
f 6151 6184 6576
f 1200 5286 2843
f 977 1442 1598
f 1346 3516 3613
f 1301 4909 1957
f 1970 4133 3044
f 5239 5056 3086
f 512 663 2801
f 2552 221 4212
f 5593 3209 4247
f 1625 1764 5293
f 5663 492 465
f 2571 5009 466
f 4511 3939 730
f 4054 5067 5542
f 3489 5590 3123
f 706 296 1299
f 63 790 213
f 1177 5103 2550
f 2258 1509 2852
f 3740 5753 1886
f 1260 3695 1866
f 5174 3741 1386
f 2836 4497 4834
f 3755 4793 1934
f 4242 7633 3792
f 7431 4683 4711
f 3949 4353 4683
f 3909 4579 7698
f 4193 3721 5098
f 641 3365 4395
f 7636 1420 2238
f 6187 6748 6278
f 4892 6869 5825
f 2437 2418 2215
f 481 6959 5631
f 6189 6190 6188
f 138 7227 252
f 535 390 738
f 3566 5515 3577
f 2399 3265 422
f 7958 3354 4089
f 7679 658 4391
f 247 6242 5178
f 6777 3441 5152
f 5497 5272 5834
f 3459 1120 3434
f 5292 3408 4868
f 94 3332 2505
f 5906 5905 5937
f 5482 1757 1711
f 5655 261 4691
f 4875 5059 804
f 1396 986 5360
f 649 1726 292
f 7985 2392 1572
f 6549 4652 3545
f 6194 6394 6344
f 6181 4025 1119
f 5685 1910 2037
f 2049 4755 4639
f 1826 1802 3662
f 273 690 4373
f 436 6287 6077
f 4313 1700 2135
f 5446 2158 1301
f 1068 1308 4507
f 3873 3515 3065
f 4609 67 395
f 3204 620 607
f 4573 3352 3444
f 5084 1017 1368
f 3781 3489 1932
f 4690 1433 376
f 24 382 4406
f 5558 7230 3766
f 799 566 4057
f 1 639 143
f 6154 6196 5009
f 4588 1630 489
f 5038 1622 3881
f 6400 7098 4933
f 5269 3957 2664
f 1022 6197 316
f 2368 3027 1188
f 5003 7521 4925
f 4030 1151 5729
f 536 601 4101
f 70 5291 5261
f 2679 4387 1591
f 3891 3400 7855
f 7822 6553 5955
f 3954 5304 1663
f 2762 5844 4183
f 1122 694 5811
f 2306 3028 1850
f 5822 6770 5056
f 2002 5964 1195
f 5089 7991 4474
f 5744 3289 3562
f 5057 2534 1847
f 640 2301 769
f 1387 2057 1380
f 4832 5720 2363
f 5553 2137 1721
f 4324 4089 5496
f 3432 4005 1294
f 458 1001 4164
f 2336 1056 4192
f 2718 4650 3918
f 1188 6931 3473
f 2705 7442 3929
f 1784 6824 1693
f 3325 1568 1076
f 1135 1418 3600
f 2161 3700 1775
f 2227 5267 764
f 4669 437 1588
f 3884 4382 5741
f 1098 3004 2231
f 320 7132 1445
f 2379 648 824
f 5575 867 2419
f 2249 3091 782
f 5834 1626 5750
f 4745 4194 4067
f 1513 1099 4655
f 4096 2052 4172
f 11 1931 3226
f 706 6872 4414
f 892 3861 3777
f 1336 1856 1935
f 504 6202 3787
f 5775 6874 3533
f 6203 8008 6136
f 477 128 2114
f 4238 4223 3630
f 2416 5624 810
f 137 1932 3489
f 5562 5389 1084
f 1899 2044 3752
f 4754 4149 6094
f 2691 4716 4867
f 981 4557 4786
f 7664 6067 133
f 5197 6981 6990
f 5220 2601 5599
f 4999 2587 1473
f 2139 32 5851
f 125 3689 310
f 6876 1670 4216
f 1649 167 786
f 1651 2957 4375
f 2920 2061 413
f 897 921 5515
f 2992 3311 180
f 1505 6851 298
f 356 5565 2845
f 3748 3058 4295
f 70 671 754
f 3682 41 1493
f 353 3934 1601
f 846 1713 4983
f 5309 6209 2737
f 6873 6878 1883
f 2289 4531 4209
f 4567 130 2490
f 2463 651 7801
f 5083 3712 3521
f 3717 5577 4280
f 4919 2067 1441
f 3236 3276 3053
f 2934 2814 3695
f 579 2212 2486
f 5895 1868 4920
f 4966 3208 5298
f 3520 5621 4586
f 1850 287 3293
f 6955 6167 2300
f 5226 5276 2478
f 6879 5831 75
f 128 477 1569
f 4598 136 649
f 1543 6211 5779
f 4549 804 5059
f 2126 2297 3504
f 1056 2336 4116
f 7586 7864 498
f 3139 177 4620
f 4911 6880 2460
f 5255 3721 4193
f 920 181 1310
f 4739 4603 5475
f 2167 4987 729
f 1225 1998 5426
f 1222 552 1684
f 1694 3899 4914
f 802 438 436
f 4971 5806 3959
f 2124 7248 870
f 1429 933 4039
f 2002 1195 1229
f 1353 6792 1376
f 1491 5872 7403
f 7726 7865 4541
f 7168 3639 8
f 1130 7496 563
f 2592 2777 915
f 2923 3415 87
f 7731 2850 2084
f 490 1166 3920
f 4361 6068 4360
f 4240 7548 4665
f 1696 991 2437
f 1347 1084 4751
f 864 5103 1796
f 6454 3895 4317
f 5026 216 5007
f 4856 1726 2467
f 4614 5368 1358
f 3399 3410 6417
f 366 3609 2296
f 4613 3117 1489
f 2766 5408 1602
f 4844 1823 1150
f 4303 4973 5786
f 2280 4140 792
f 1715 2974 3035
f 4801 3093 3948
f 5889 6221 6356
f 5085 1463 1435
f 3021 892 3777
f 7851 4554 4025
f 4362 2130 4886
f 1340 3472 1227
f 5756 3166 3245
f 2250 406 5751
f 3734 5348 702
f 2026 209 1657
f 7598 1465 2413
f 3879 4075 5570
f 4992 96 3944
f 244 2223 1082
f 7813 2538 3997
f 6080 6223 6224
f 387 3146 317
f 349 3267 4438
f 2069 1255 4922
f 2771 424 2001
f 5695 894 1882
f 973 5174 1386
f 4036 5400 5529
f 5683 605 589
f 3024 2220 1043
f 714 1718 2783
f 708 6 3685
f 6226 7922 7025
f 2016 5777 446
f 2012 3497 415
f 3869 7571 3520
f 4081 2905 169
f 4878 4885 2621
f 2847 7979 4190
f 5353 5819 7169
f 3957 1419 259
f 475 2999 4053
f 504 4957 2694
f 1060 3592 4385
f 5052 3418 1581
f 4313 2135 417
f 1020 1833 508
f 6073 7110 4900
f 2392 7419 2443
f 108 3304 3699
f 4125 3783 5143
f 5379 3582 1284
f 100 5505 757
f 1172 156 2091
f 1437 1642 2622
f 1395 5008 1682
f 5350 1474 3071
f 2511 3237 4437
f 2164 1877 5012
f 1680 3035 2021
f 4662 4274 4866
f 5076 3106 2248
f 4787 3666 4265
f 6877 770 4004
f 2988 3376 4069
f 5188 1457 779
f 227 4237 1958
f 1076 605 5683
f 3445 3579 642
f 2320 7580 4121
f 4057 424 799
f 915 3596 4277
f 882 5547 4613
f 4721 7581 5371
f 810 4278 2416
f 3414 3418 1343
f 3501 3643 3535
f 2939 6897 3792
f 4043 5299 3901
f 3881 1643 7007
f 6232 4702 2835
f 5143 3783 4282
f 2666 4400 878
f 3983 1139 5279
f 5584 978 2416
f 5814 5044 1770
f 3644 6888 757
f 6235 5939 6426
f 4087 2595 5788
f 1877 2164 3468
f 3826 2683 3709
f 3147 2331 1766
f 556 1545 2468
f 4819 4300 3621
f 628 4340 2122
f 2069 3043 1255
f 3387 1858 5622
f 6 720 5557
f 3290 2906 3173
f 4315 6009 1697
f 1377 3904 2627
f 5174 3349 534
f 1627 4460 4280
f 7235 7236 3835
f 288 2464 872
f 7447 2653 4830
f 5208 7631 2223
f 79 3962 1577
f 6240 7775 6239
f 726 3750 190
f 158 885 2860
f 4713 166 429
f 2117 383 1481
f 3153 5319 4785
f 3015 737 1767
f 3143 457 1274
f 5843 3933 3791
f 5545 492 4310
f 6993 1313 4643
f 5246 5746 4114
f 4239 2261 4842
f 5082 5234 4103
f 2188 2182 264
f 1773 7265 1620
f 590 741 2593
f 1150 212 3664
f 2818 5024 3731
f 3066 4718 1303
f 2389 5313 3750
f 1925 5265 4173
f 2135 4361 4360
f 4733 1668 4736
f 7989 5513 2121
f 2471 1920 2443
f 4988 304 5801
f 1823 6243 4061
f 2185 1727 1397
f 262 3683 2367
f 1102 4927 2010
f 3926 3307 5871
f 6244 2914 5200
f 984 760 1251
f 7135 7237 6027
f 5694 3110 3915
f 4110 4876 1914
f 5050 6417 3410
f 1399 7196 957
f 5354 1388 1845
f 5465 214 131
f 2976 2775 2985
f 5316 1675 624
f 2879 2945 2181
f 5013 4798 3546
f 4886 2130 3505
f 5226 1632 5276
f 6892 1768 3253
f 7294 3246 7975
f 3293 287 736
f 3896 3500 1300
f 677 5105 5666
f 5041 4790 1508
f 5269 3802 3957
f 4153 1850 3293
f 2227 5192 5808
f 4456 655 795
f 5532 1508 3517
f 6884 6247 2804
f 4412 5838 955
f 5058 3461 2802
f 1623 2205 5468
f 6124 2699 3763
f 3542 631 4701
f 7449 7433 4364
f 6779 5773 7039
f 334 1627 50
f 7314 3207 780
f 6111 4744 5984
f 2691 4544 3154
f 63 213 1669
f 1524 4238 582
f 6248 1449 3888
f 1317 1153 531
f 115 1412 3605
f 2053 53 1317
f 6293 4378 3849
f 2825 814 962
f 1604 4400 1238
f 4739 3573 4532
f 3791 2028 5843
f 2689 2270 5233
f 3265 3745 422
f 1898 331 3789
f 778 5041 1655
f 1868 1586 1755
f 2677 3849 1923
f 3867 4438 3267
f 5387 2895 426
f 83 643 5025
f 6249 3087 410
f 2716 4134 2068
f 4533 4258 748
f 1614 3947 3885
f 5620 5815 4494
f 5659 1545 4994
f 673 227 816
f 639 3408 5420
f 2104 6855 282
f 1350 7197 514
f 1621 5502 5454
f 167 3145 809
f 1277 3472 3799
f 5728 1075 2562
f 5879 3062 4138
f 697 158 2750
f 3698 2337 2366
f 14 449 826
f 4551 5329 3586
f 4853 4512 1631
f 7452 7914 4276
f 4938 3413 2523
f 779 4127 776
f 3564 5228 867
f 3554 1971 1660
f 2204 2178 1106
f 7996 6055 4411
f 3002 5531 3112
f 611 7731 2084
f 1892 4580 4667
f 1760 1768 1461
f 6149 352 4631
f 803 4092 2725
f 3619 1048 3551
f 3884 5759 4382
f 5008 1395 2166
f 5176 3770 2717
f 1096 2114 3322
f 6254 6381 6134
f 404 4944 1599
f 848 4366 6885
f 2427 3688 275
f 5293 1764 458
f 975 2273 1069
f 2786 4602 5147
f 613 731 50
f 5835 353 1601
f 1743 6697 6256
f 1838 7238 2093
f 1120 4329 5037
f 7665 5691 1105
f 302 4305 3286
f 3048 5442 2912
f 5824 3891 2754
f 230 5633 3146
f 2973 3923 4129
f 4252 3199 977
f 3673 943 2879
f 5070 1534 3315
f 2092 2257 1708
f 3568 4091 613
f 2309 1544 543
f 3917 3177 1950
f 2663 6829 4222
f 11 777 359
f 981 3815 4405
f 4623 4169 2524
f 7758 1790 1840
f 5349 7178 1605
f 5251 4916 5851
f 1010 5160 3544
f 1293 5997 4750
f 5827 1649 2330
f 631 3542 325
f 4997 1133 5076
f 3773 1276 4416
f 3454 3497 4176
f 5848 7569 2338
f 6261 3776 3973
f 5992 6263 6183
f 2329 855 5170
f 2021 258 3651
f 7392 7494 7469
f 3986 5746 5249
f 2392 2443 1920
f 1692 3254 73
f 5352 5699 5542
f 4458 7239 2085
f 2205 2533 5473
f 1717 5590 2082
f 4639 6971 5462
f 1639 1645 1385
f 1903 1936 1371
f 6898 7653 712
f 5076 1133 5330
f 4362 626 2130
f 1421 835 2211
f 3603 896 4981
f 3242 2927 5333
f 3127 5721 3391
f 1010 2264 3981
f 6265 6266 7907
f 2437 2435 1696
f 1358 5111 1242
f 7964 3579 5616
f 168 564 2590
f 167 1649 3145
f 3505 5602 4880
f 4248 4777 5042
f 5330 1133 5800
f 2153 3517 1508
f 3587 7756 4526
f 4575 5292 4868
f 4813 1951 3157
f 5838 2915 3710
f 3069 198 271
f 878 4807 4725
f 4654 2240 2286
f 4783 1286 4444
f 5450 4645 5571
f 2912 3466 7462
f 5150 2087 7169
f 2355 2736 92
f 464 940 4977
f 6269 6270 6260
f 5338 7727 5278
f 1267 4593 15
f 2925 3296 4248
f 5741 4382 1710
f 3544 5160 3900
f 2178 4158 7058
f 5647 1735 3780
f 203 3265 1341
f 1084 1347 3577
f 5855 3450 507
f 992 5297 1695
f 5583 2039 1163
f 7454 7476 4904
f 886 3988 2638
f 2680 3653 841
f 526 6273 2085
f 6905 2509 2789
f 3111 2710 4820
f 3964 5013 3846
f 3701 3880 4151
f 3055 3527 3748
f 646 2719 420
f 4299 7955 4523
f 4234 7304 2407
f 195 2409 765
f 2841 4382 5759
f 2797 7063 206
f 5368 4255 5619
f 4415 5108 3623
f 3550 4085 3078
f 3527 3055 4176
f 452 5802 3155
f 2776 7669 4791
f 3295 2307 247
f 2911 6788 243
f 4961 3596 2777
f 1598 4991 4185
f 1357 1134 5138
f 332 799 3225
f 2316 6875 5458
f 4529 3402 2184
f 2306 3861 892
f 3381 2248 3106
f 2856 3389 3307
f 4749 466 290
f 4823 1216 124
f 5678 1184 3808
f 5246 1480 4446
f 726 3311 3280
f 2090 661 1592
f 4729 6635 1644
f 3504 2297 4259
f 5301 1061 535
f 1616 1408 5167
f 5317 2504 2931
f 3125 3132 4527
f 359 2840 1931
f 1130 563 2261
f 5438 3628 554
f 5880 6278 1836
f 457 2023 4775
f 7280 7240 1835
f 1900 1261 7337
f 573 3263 3674
f 3661 5243 1132
f 961 2123 2271
f 4531 672 4106
f 2634 1143 1280
f 5303 3760 4889
f 2830 936 938
f 4221 4268 899
f 2954 290 466
f 1959 6055 539
f 5100 6051 6582
f 1847 103 4
f 4967 4835 3754
f 1243 689 29
f 1233 2622 1756
f 1688 3867 2983
f 392 535 1027
f 2444 235 4016
f 1036 5582 5188
f 5353 2087 3446
f 4390 4124 1178
f 4721 4392 7581
f 3472 2707 3886
f 4968 4105 1473
f 2180 4540 2312
f 278 1530 553
f 4558 3179 1686
f 4137 4796 2523
f 2460 919 2011
f 2061 1176 413
f 3432 6244 5200
f 4547 4028 2718
f 5003 4925 3143
f 2982 3049 2100
f 4966 5298 2440
f 2902 6282 2217
f 7370 6087 6072
f 2494 5924 3053
f 2073 3730 5484
f 3376 1674 4781
f 3628 5438 3578
f 4594 2136 4359
f 55 4594 5673
f 6892 3246 2495
f 5084 934 1017
f 4472 3334 5130
f 1380 5481 1387
f 5661 6109 6284
f 1623 1824 2533
f 4092 804 5281
f 6591 4317 875
f 5359 431 4062
f 1871 221 3865
f 3177 5339 7119
f 690 273 2149
f 148 4058 7579
f 545 3453 2841
f 2402 4450 1242
f 4224 6205 6285
f 3084 2508 922
f 3546 862 3619
f 5211 1555 3068
f 3953 5606 443
f 3188 1534 5070
f 339 84 7790
f 5711 7457 7418
f 2984 349 4438
f 1397 7436 250
f 4974 5223 2903
f 6264 749 4196
f 1590 3192 1191
f 5070 1859 4462
f 287 1850 3028
f 3248 5606 1777
f 3009 5302 2804
f 3815 981 4786
f 2671 582 1168
f 3914 5159 5146
f 5869 5470 1974
f 1862 2016 6289
f 460 4379 5841
f 5853 2434 713
f 2603 5585 4711
f 395 67 1203
f 264 2182 2015
f 5719 7737 758
f 483 5643 6313
f 1138 437 4669
f 3296 1691 3312
f 5594 7776 5382
f 747 5410 4396
f 725 5505 791
f 5826 6838 2691
f 5652 4859 358
f 677 684 5687
f 4452 5347 197
f 3534 4067 4194
f 3940 3932 3887
f 703 90 1701
f 704 4744 1525
f 1985 3617 5846
f 5304 5303 3381
f 7770 263 3285
f 6927 5701 3342
f 28 5156 4111
f 767 6 708
f 4944 404 4975
f 1181 4709 2103
f 3535 2041 3576
f 2207 903 3813
f 807 698 3460
f 2252 3075 4018
f 2395 659 4599
f 4370 734 1857
f 5760 506 2374
f 6225 6294 7591
f 2838 3570 1774
f 891 1565 553
f 1648 2759 2214
f 4915 2650 4324
f 6834 4977 4680
f 2325 166 3515
f 178 7218 5038
f 218 2397 5517
f 3012 1955 1095
f 2214 2759 93
f 5600 3809 4244
f 3231 3561 3974
f 407 414 3599
f 66 7777 79
f 4654 4550 2240
f 3548 4604 3557
f 2971 1599 4944
f 4871 3919 2837
f 4406 1398 2109
f 4412 2915 5838
f 3358 4225 5446
f 2285 5537 3338
f 6850 3117 4484
f 886 2131 3126
f 5625 3091 4561
f 6911 6912 3703
f 4555 5083 577
f 111 2445 1645
f 1115 7461 5364
f 2341 3044 1365
f 6913 1299 551
f 6965 6914 344
f 1660 584 1327
f 6385 7641 6298
f 5601 4024 3668
f 4359 2136 4787
f 8016 257 4429
f 1919 916 3878
f 7462 204 3483
f 2095 856 2900
f 3542 3082 798
f 3774 1072 3816
f 3446 3588 5137
f 378 653 3495
f 270 1807 984
f 1132 5864 4575
f 7175 790 2473
f 6915 3050 1335
f 1810 465 4047
f 4304 1049 2738
f 7093 8004 2674
f 3144 2347 2747
f 2910 3781 6639
f 3594 2362 3122
f 5350 3071 1937
f 5001 232 1586
f 3494 1571 1132
f 368 3208 4966
f 3839 1788 1803
f 2549 2321 5447
f 399 826 449
f 3251 5420 3408
f 3732 3724 4228
f 4066 7186 4679
f 1060 736 5415
f 4261 4600 5438
f 2126 3504 4691
f 7179 4698 3675
f 4683 4353 2603
f 5073 3018 1432
f 509 7027 1787
f 1318 7781 1207
f 1858 3387 2909
f 1455 2735 4749
f 3540 1187 4141
f 215 1510 358
f 1641 4037 3474
f 7756 5274 4718
f 5370 3994 4143
f 3856 5087 2532
f 1841 2512 6512
f 5285 2699 5671
f 1483 3725 481
f 2727 523 3032
f 1400 3244 5840
f 5337 1274 4775
f 4609 4198 67
f 3219 4852 5776
f 1096 4463 3824
f 2153 4384 4279
f 161 4567 5608
f 626 4187 2130
f 3466 5442 1092
f 6928 5568 5518
f 1769 633 982
f 3443 3657 5852
f 5650 5797 4976
f 1028 3465 4371
f 5429 236 4996
f 7928 6755 266
f 5744 3562 3102
f 5699 5391 5786
f 127 86 4832
f 5606 3248 5858
f 2530 1037 1901
f 4383 5105 1367
f 5424 2922 1991
f 200 7797 1962
f 4309 1992 4887
f 6793 6917 2062
f 3690 2997 5789
f 2255 5777 1648
f 5234 7119 3658
f 2657 1405 5793
f 4072 79 7777
f 6857 6304 2031
f 3934 5384 1601
f 2774 1585 3060
f 2988 4069 2989
f 1184 239 106
f 1313 5022 884
f 862 3546 4798
f 2704 788 2701
f 5486 4504 4042
f 3036 1673 2925
f 619 1142 2468
f 4473 4542 4727
f 6659 2887 3496
f 576 1439 3392
f 6306 6019 6583
f 4990 2676 3977
f 4067 3238 5381
f 103 1847 2534
f 2310 1855 615
f 5934 7047 4821
f 2037 4526 4718
f 1662 3824 4463
f 975 5760 3918
f 3609 388 3814
f 4832 2363 127
f 30 2232 1103
f 4483 4021 4049
f 5835 508 353
f 1911 5215 3755
f 2469 4469 4368
f 3021 3777 4290
f 790 2608 213
f 3266 1530 2048
f 2719 646 4326
f 4528 1346 4941
f 609 818 932
f 4871 5040 3691
f 2912 5193 3048
f 2700 2555 4386
f 2129 1500 1795
f 5269 132 3802
f 2015 2182 5173
f 536 4477 601
f 750 1021 2697
f 7591 4352 3023
f 5231 1060 4385
f 891 3266 1206
f 6865 3376 4781
f 5410 6086 3459
f 6941 3386 1199
f 2145 1914 4876
f 2981 5452 3850
f 4029 372 2291
f 2496 3201 4126
f 4162 3912 1346
f 5405 3195 2009
f 4424 391 1459
f 628 2123 4340
f 223 1750 435
f 2231 486 1098
f 4117 1889 1689
f 4277 686 911
f 262 510 2380
f 5020 154 4579
f 5767 426 2895
f 877 610 4576
f 5485 2817 608
f 7939 1736 6413
f 4509 3426 5641
f 6314 7530 6596
f 2702 1964 3449
f 106 4644 3808
f 2576 1395 1464
f 527 3285 4999
f 693 3733 4709
f 2734 3183 5172
f 3611 159 412
f 4023 3317 8002
f 1745 3260 189
f 2580 2599 667
f 5626 1087 1924
f 371 540 1316
f 3407 2681 3444
f 2325 3515 2929
f 1450 1922 1452
f 4353 3949 5276
f 304 6280 5825
f 99 5836 1073
f 692 7151 5488
f 7031 4667 4580
f 3623 5108 1631
f 2253 88 2170
f 3001 981 201
f 2360 2654 2950
f 3733 693 357
f 4655 4606 1513
f 6138 7089 6153
f 7221 7017 5718
f 5703 286 4897
f 3564 867 86
f 4419 2873 4323
f 4209 4531 4344
f 925 4658 1002
f 1159 6652 1456
f 3348 3864 5636
f 5612 3779 2074
f 2421 3403 3607
f 3603 2935 896
f 3672 3830 5422
f 750 772 3366
f 3257 4729 1780
f 3984 1838 2093
f 1609 878 1604
f 5361 2028 2567
f 1574 2211 835
f 2358 2891 3616
f 7186 4066 3190
f 2260 3310 4772
f 4013 3356 4800
f 79 5613 3962
f 7274 1907 3224
f 402 2995 1446
f 1464 5862 2576
f 398 6229 4422
f 2707 3682 3886
f 2103 3393 3016
f 244 467 2223
f 2419 4275 5575
f 381 377 3562
f 7940 7733 598
f 958 5552 386
f 4819 3621 698
f 1630 4588 2054
f 2373 7625 3977
f 5310 5257 3441
f 5697 6502 5197
f 3572 3191 4505
f 5523 5380 3491
f 4455 2972 1157
f 2751 821 5086
f 3287 1713 3107
f 284 5094 1338
f 404 1599 1330
f 4103 5234 2254
f 6925 6909 5028
f 3033 3114 6324
f 5331 1728 2459
f 3373 7751 6459
f 4893 1651 4251
f 438 3330 865
f 1017 7668 5566
f 2004 1282 720
f 4883 5345 5367
f 2777 1959 4961
f 3393 698 3581
f 5700 5195 275
f 2970 3337 2960
f 3507 784 2893
f 7247 147 2195
f 5592 7139 7509
f 6701 6927 497
f 2792 1230 2368
f 2067 7441 4776
f 3908 2914 3854
f 272 1534 2149
f 6016 6117 6325
f 92 5618 2355
f 3273 1504 1661
f 1734 7107 145
f 3227 4286 5522
f 5818 3216 969
f 3037 2106 2476
f 2538 2458 939
f 226 5235 2975
f 822 3870 1444
f 625 1716 2170
f 237 2338 692
f 6048 7836 1744
f 6928 5787 1496
f 4704 4441 3155
f 4351 4887 5086
f 1385 7778 3184
f 4417 468 1637
f 967 5322 4202
f 5629 3732 5198
f 3476 6767 4507
f 127 2363 1800
f 969 851 3985
f 3695 2814 5785
f 2178 7058 762
f 5386 2627 3904
f 3417 4313 1213
f 370 920 4551
f 7151 869 5488
f 4044 4040 384
f 831 1917 3081
f 1065 2947 5481
f 2610 5183 549
f 1060 3293 736
f 2525 1226 1236
f 4844 1287 2390
f 6006 5271 2475
f 1097 3041 400
f 7964 1842 3589
f 1500 261 5655
f 3406 2010 4927
f 3024 4202 3213
f 70 5261 671
f 3248 2516 5858
f 4290 3777 5095
f 875 4317 2467
f 208 2838 3967
f 3107 4527 3132
f 2458 1733 3217
f 4962 1458 1804
f 3879 4691 3504
f 3581 3621 4707
f 369 2844 5823
f 300 1806 4184
f 2728 4915 4837
f 1155 490 772
f 2043 3286 4305
f 1998 3288 3097
f 2931 1910 5317
f 333 3964 789
f 4879 3187 3284
f 1877 3468 3262
f 5628 4045 1412
f 3440 1820 3646
f 5722 5775 4407
f 4323 292 4856
f 274 289 3021
f 4504 5486 3216
f 2899 5993 567
f 5725 3494 1132
f 3486 6335 1724
f 1033 2262 1121
f 2050 3598 331
f 2771 2001 7597
f 3154 4716 2691
f 3789 1537 1898
f 5587 7773 4695
f 3366 614 1681
f 1839 1845 1388
f 4497 4876 4701
f 1694 3624 3899
f 1819 1599 2971
f 106 3808 1184
f 1420 7636 2499
f 7594 7223 2116
f 6337 6338 6336
f 444 2819 432
f 1461 939 1760
f 3378 6933 3565
f 5826 2691 4867
f 5720 4757 1068
f 4622 2895 5387
f 3384 4372 3230
f 5174 1785 3349
f 4410 5706 4187
f 1306 2952 1641
f 4403 7325 7231
f 2415 1801 1535
f 3348 5636 2293
f 1371 3968 2404
f 31 2422 509
f 5805 1548 2976
f 454 3856 311
f 4406 2109 4989
f 3468 2164 153
f 2217 6820 2902
f 2240 4550 930
f 4746 3945 4147
f 2663 6342 1589
f 1583 900 257
f 372 3942 2821
f 3214 7653 5418
f 1879 3315 1534
f 4283 3688 2539
f 1621 1531 255
f 201 6419 3001
f 3273 1450 1452
f 4762 4510 6942
f 5864 2316 5021
f 3559 5151 3538
f 5692 4722 4770
f 115 5675 1412
f 2095 3726 4158
f 2349 317 5557
f 753 2660 4073
f 4031 6048 148
f 2553 4693 1519
f 3834 3913 3608
f 1086 1460 5772
f 4494 3122 2362
f 1059 3771 3732
f 4389 3215 1863
f 6867 3189 5082
f 3912 3110 5694
f 5713 73 1711
f 4384 4763 5563
f 1681 7390 3395
f 4022 3507 2893
f 3275 2114 128
f 2845 2857 2956
f 3218 211 7812
f 2274 1672 5677
f 1450 1661 1089
f 4226 2228 4228
f 5257 4929 1640
f 5463 2475 1102
f 3482 5263 5115
f 220 725 3686
f 1458 3770 5784
f 1772 1329 1015
f 4323 4856 5256
f 4204 6894 2343
f 1533 2945 3030
f 4950 5526 1432
f 6852 6798 4492
f 2983 2911 1688
f 6348 6155 6347
f 2206 3002 4346
f 1978 583 1021
f 5489 4865 4666
f 688 6349 7522
f 3593 2561 153
f 3740 542 2950
f 5188 2924 1036
f 4462 2096 1287
f 5400 5150 7169
f 3528 3965 1710
f 3789 3828 1640
f 5271 559 1102
f 2299 722 5507
f 754 2789 6060
f 248 5605 1742
f 3146 3232 317
f 1521 2732 795
f 7890 5164 2369
f 3926 4512 4853
f 4438 3867 2769
f 4843 1038 680
f 321 1323 2150
f 2482 1688 1356
f 5719 758 2074
f 335 439 2927
f 1690 5058 4509
f 1872 6259 4750
f 2077 2525 1236
f 3774 3816 3837
f 7467 1819 2547
f 6934 6289 6798
f 304 1248 5801
f 2628 3447 4465
f 6377 6351 2078
f 1092 4478 3466
f 3828 281 1640
f 1791 7080 5791
f 3694 4188 1767
f 1069 2162 2947
f 3298 1310 1509
f 1590 1191 4504
f 910 505 2823
f 8023 6142 3321
f 2301 5114 856
f 3816 4692 5071
f 3973 1752 3972
f 1755 6353 5814
f 5266 2927 439
f 1366 1804 5723
f 2675 4566 4675
f 1 4868 639
f 5520 6815 5433
f 3736 1173 3682
f 4761 3175 2612
f 4719 529 1183
f 7595 376 4064
f 4326 3331 2719
f 5406 4737 3355
f 4950 1517 5313
f 4641 1194 3519
f 1971 1527 909
f 2689 1194 4205
f 130 1564 2490
f 6927 392 5701
f 3861 4153 3255
f 5941 7141 6356
f 6785 116 820
f 4927 559 142
f 5575 4275 1234
f 1157 2972 7619
f 7574 7564 4494
f 4398 798 3082
f 254 5352 3025
f 4944 4975 1924
f 5933 1085 4360
f 796 1680 2271
f 5609 5820 3260
f 3544 3900 1242
f 231 2667 5870
f 2209 2478 544
f 5159 5200 2914
f 2106 7556 3211
f 4012 3205 5192
f 2609 1287 4844
f 1662 2234 3824
f 4728 1943 4954
f 6827 6940 5716
f 3002 5742 2000
f 1322 6358 5431
f 2100 6941 2982
f 2384 1116 3278
f 4420 3413 2828
f 3767 4861 2328
f 3491 1038 2998
f 3689 411 3054
f 6270 6545 6260
f 4934 4129 5772
f 4302 2320 78
f 690 1177 4574
f 4766 2144 4761
f 2381 2106 4411
f 1052 2447 6023
f 272 2149 273
f 255 161 1621
f 734 4370 2815
f 1482 3416 3895
f 4448 7208 2191
f 638 5723 4972
f 1452 6058 2527
f 861 140 1539
f 3010 7123 6404
f 5806 4971 4337
f 2548 74 5603
f 3082 4701 4876
f 1737 4217 5207
f 2609 4952 1796
f 151 1124 652
f 1602 5598 2766
f 2340 7050 842
f 5554 5154 5476
f 2041 728 280
f 2574 4026 4418
f 5491 3803 1077
f 3725 2942 409
f 558 2108 4746
f 5220 5187 2601
f 4762 6942 78
f 3885 3776 2148
f 4028 3761 3772
f 1139 3512 5279
f 4111 2627 826
f 2226 3625 2414
f 7468 205 2921
f 644 667 2599
f 6361 6596 6360
f 3396 949 2081
f 4231 4441 4444
f 1352 716 1875
f 849 1478 7753
f 6251 4807 1609
f 2956 590 356
f 7319 236 4033
f 3018 3005 1593
f 992 1752 5421
f 5743 7941 4278
f 2967 1618 2415
f 4528 4941 3250
f 1118 6011 3496
f 4221 3987 3892
f 82 6362 122
f 2899 567 3360
f 5834 5750 5497
f 4663 5788 2595
f 2153 1508 4790
f 3577 995 3566
f 4806 6880 4911
f 3216 1590 4504
f 7923 3322 3275
f 1859 4692 4795
f 2469 543 1544
f 2233 4169 2572
f 697 5677 2874
f 2448 3910 3359
f 2731 3705 4397
f 7780 7930 4197
f 3626 1763 943
f 3687 2847 3700
f 5316 624 3702
f 7975 6364 6599
f 4386 2555 4540
f 3149 3106 5330
f 4957 567 5993
f 3496 5109 1118
f 2978 7469 1289
f 5070 4462 3188
f 1436 6365 3349
f 2120 1851 2117
f 7826 429 166
f 2966 7182 7016
f 2341 2722 3370
f 3551 4060 3619
f 4841 2706 4834
f 566 2516 4057
f 4125 5624 3783
f 5740 6996 4890
f 7254 585 5682
f 1573 3817 4901
f 2909 1162 3583
f 4133 6813 6932
f 3306 2383 277
f 2500 2507 2492
f 3819 5263 737
f 4685 132 5726
f 2947 4172 1212
f 1285 1265 2182
f 6367 5585 1197
f 925 1002 1390
f 5909 6368 4897
f 1427 4559 7863
f 3798 3030 2945
f 7186 6765 4923
f 2086 4730 1587
f 941 3199 4151
f 2555 774 4780
f 2619 837 4318
f 7 1157 7512
f 5366 4495 5000
f 2808 2919 1352
f 1716 1808 2253
f 3365 1386 3818
f 350 3509 4485
f 4817 4692 1072
f 3815 4786 2937
f 73 5713 3785
f 4877 7672 1063
f 1410 6940 3
f 5785 1654 3695
f 4764 1595 2597
f 3271 5525 5342
f 4021 4483 5221
f 3133 744 904
f 4095 5310 5277
f 7760 2733 7810
f 4283 2539 5371
f 1771 165 4676
f 5700 275 3688
f 3006 1151 5785
f 467 3438 5563
f 7783 1095 1955
f 5122 3775 4801
f 2799 5548 3525
f 5039 4570 5812
f 1764 5091 687
f 5398 3433 2051
f 2311 3779 2944
f 1026 2836 4834
f 3145 323 809
f 382 1336 5871
f 2823 5690 910
f 5332 2739 3667
f 6377 4404 2984
f 1253 5749 5181
f 1984 1725 2767
f 842 625 5321
f 5415 1342 2827
f 7131 6378 7725
f 7516 6781 6267
f 5361 3455 2897
f 673 4237 227
f 5999 6380 1324
f 986 2771 3907
f 786 4514 1649
f 1626 1209 5750
f 697 2750 5104
f 11 3226 1485
f 4685 858 69
f 5077 7870 5227
f 468 4417 329
f 859 735 1653
f 2334 5341 4928
f 3612 7655 7006
f 761 5380 1374
f 5266 439 4583
f 1343 1973 3414
f 3036 2818 2870
f 2188 1285 2182
f 4772 3310 4469
f 7405 5002 5043
f 4984 1737 2552
f 2641 7421 2275
f 3036 5042 3193
f 4047 492 5788
f 3077 4877 4850
f 4287 2150 1323
f 373 2070 5107
f 4665 7424 4240
f 2319 5523 3487
f 2145 4876 4497
f 1562 7366 3762
f 3694 3482 5651
f 5951 6384 8021
f 5722 1315 5775
f 6952 5619 4076
f 194 3702 2027
f 4334 43 101
f 1215 3602 4918
f 3796 864 1796
f 2505 2582 147
f 6000 6148 82
f 4997 1093 5259
f 4849 1069 2273
f 5172 595 3068
f 6387 6077 6287
f 3901 5299 997
f 1671 1380 4425
f 1692 2120 1481
f 4774 1058 1537
f 4356 4263 3446
f 4051 2747 2382
f 3104 4572 320
f 6391 6388 6164
f 1622 624 3881
f 1401 3883 3511
f 797 2204 83
f 1812 2689 4205
f 4711 1256 1806
f 2630 964 3136
f 1095 2263 4289
f 4682 2369 318
f 1390 5443 3794
f 1384 595 591
f 2526 798 7500
f 3505 4827 5656
f 787 5818 3985
f 530 1939 4725
f 721 175 1007
f 1547 3167 3578
f 171 4605 170
f 501 4948 2897
f 2228 3536 4228
f 5761 3904 1377
f 3388 622 3372
f 1946 3442 3832
f 2854 7205 4131
f 581 3019 5834
f 1656 5398 1684
f 5341 2922 3169
f 87 2042 5779
f 3983 2225 1139
f 1103 1518 30
f 4704 3155 5802
f 2798 1654 1458
f 943 2288 2879
f 1076 2711 1211
f 126 4908 1009
f 3528 2097 3595
f 1541 3925 2987
f 4210 5998 6274
f 7325 472 7263
f 5322 967 1776
f 2190 2665 1494
f 6223 1333 5190
f 4613 1489 1639
f 3153 6423 907
f 5224 809 323
f 4749 290 1189
f 45 195 765
f 7621 3398 1520
f 1028 4371 3795
f 2503 3024 2973
f 3459 3435 1120
f 5570 1232 3879
f 2900 2560 2901
f 4530 2756 3475
f 4255 7470 3108
f 1194 4238 4205
f 564 168 271
f 6927 291 392
f 2100 6392 1475
f 4279 2438 3742
f 4032 565 3945
f 5374 5730 5494
f 95 357 2296
f 4212 3943 5494
f 2860 1792 3955
f 3342 5701 4978
f 3509 3443 1769
f 5343 3414 1973
f 3033 6324 6140
f 2618 10 2619
f 3836 2757 3339
f 4861 2406 65
f 3386 5721 3127
f 5805 1130 2261
f 6712 6258 6397
f 5841 4348 460
f 5724 2998 1038
f 2128 1608 555
f 5134 691 1930
f 1461 1768 478
f 7648 4690 7595
f 259 571 2664
f 1740 7260 4515
f 4097 3390 1249
f 4263 4356 4585
f 7226 4836 4615
f 6399 727 483
f 3795 3543 1028
f 506 1372 2179
f 5318 1615 3270
f 6700 7377 6219
f 5078 4130 5002
f 2548 6955 2546
f 916 1919 4235
f 2649 3094 5518
f 4974 4910 1252
f 3489 3123 2791
f 1261 1900 4423
f 3598 2050 912
f 6620 6401 7128
f 7005 6390 6535
f 2547 5511 4496
f 4574 4373 690
f 1817 2269 1339
f 5610 5623 5635
f 1146 3316 1820
f 1001 458 3182
f 2675 4675 2124
f 3088 3790 2359
f 3084 7575 2508
f 791 4672 142
f 3544 2264 1010
f 5730 3556 5494
f 1829 7101 5411
f 4014 562 234
f 2519 5054 3807
f 1674 5539 4781
f 1383 4507 1114
f 5783 7800 5823
f 2264 3544 5111
f 717 7765 354
f 6370 6402 5142
f 1923 1591 4387
f 4266 3635 3299
f 2557 4879 3284
f 3238 6837 5381
f 4948 2457 1889
f 3952 3887 3953
f 2069 4606 2669
f 5773 7812 5544
f 4685 7464 3802
f 6323 7334 283
f 5095 1408 4706
f 4042 41 5561
f 4301 2933 377
f 5861 2297 2126
f 5187 4097 479
f 3694 5651 4188
f 4036 5529 5756
f 543 1744 2309
f 4564 5509 4502
f 4459 986 3907
f 6829 2663 1589
f 5350 608 3179
f 1727 3744 4010
f 4215 6407 2800
f 5366 431 3626
f 375 5075 1364
f 1030 845 2530
f 4732 4727 4542
f 3999 4756 4319
f 6408 1584 2842
f 2826 4264 2933
f 5163 377 2933
f 5628 1412 5675
f 3625 5842 1334
f 7265 2618 7048
f 3717 4280 4460
f 1605 1816 1081
f 537 2466 3170
f 883 6357 1722
f 1947 4777 4236
f 1399 2608 3967
f 7786 7839 5278
f 3816 1072 4692
f 730 1525 5401
f 1513 4606 4922
f 1443 1857 734
f 5596 5516 5337
f 6726 117 5159
f 2404 1706 2137
f 186 965 4675
f 4221 3547 52
f 7338 3571 3534
f 3128 3792 6897
f 4684 5521 4356
f 3184 2767 1725
f 1078 2926 4257
f 3051 4943 1264
f 5194 740 4797
f 5404 2294 3176
f 744 7083 4552
f 2244 1444 2993
f 7599 2748 541
f 4732 6841 4733
f 634 5373 1701
f 1689 2457 995
f 7915 2368 1230
f 5163 3562 377
f 636 2556 3494
f 2113 4946 2364
f 7939 6413 4963
f 1586 483 5001
f 6938 6396 5374
f 1721 2807 2375
f 3995 5026 890
f 5500 5810 2503
f 745 611 5167
f 1484 2201 524
f 7002 903 4101
f 1005 882 1984
f 1059 2081 3771
f 2055 3069 185
f 5811 4245 4186
f 5238 872 2464
f 3975 4442 4201
f 3622 3878 916
f 2964 1663 5304
f 2642 4980 5123
f 3766 3656 2448
f 5722 1953 5744
f 3854 1294 3380
f 1555 3764 5282
f 1066 3619 862
f 7564 6754 3122
f 2384 1665 1116
f 792 4140 3915
f 5259 5800 1133
f 200 1962 691
f 2032 396 1544
f 4121 16 2141
f 5852 1769 3443
f 2149 3188 2607
f 1205 6893 1765
f 1034 5694 3915
f 4032 4231 565
f 1183 3150 4719
f 4418 4026 2901
f 1621 161 3833
f 4467 724 5672
f 445 7787 2803
f 472 1235 2640
f 5710 4573 3100
f 7968 305 2606
f 2430 647 1016
f 840 3651 258
f 5198 4562 3734
f 1721 1706 2807
f 7871 5077 5227
f 859 578 5168
f 2937 243 3815
f 4329 7607 5037
f 5675 5298 5628
f 1189 1455 4749
f 3740 2950 2654
f 4743 2170 88
f 1192 1500 5539
f 1670 773 4216
f 7586 498 7753
f 4350 3353 3361
f 5209 1786 5617
f 5013 46 4798
f 4414 1956 706
f 1751 5288 3899
f 7359 1908 1952
f 6420 6419 6035
f 942 4243 5365
f 3315 4661 5071
f 57 1830 751
f 2439 1290 2221
f 3921 5212 4842
f 1494 3088 2190
f 1511 3662 5796
f 3344 340 4495
f 3554 1527 1971
f 4230 383 2117
f 7490 4823 3775
f 2710 1846 2932
f 5268 4338 5238
f 6421 6330 6946
f 5173 2182 1265
f 6486 6266 478
f 347 868 2620
f 3736 5323 1173
f 1768 1760 1440
f 1125 7882 5912
f 3149 1284 3582
f 3155 5603 74
f 3654 1420 5662
f 370 1080 2378
f 4609 395 5527
f 653 3179 2817
f 4777 3193 5042
f 6423 6424 6178
f 3654 2238 1420
f 1930 4286 5134
f 6395 2497 1942
f 265 5698 3201
f 231 1018 2450
f 1154 3361 3353
f 3595 5704 800
f 2986 2173 1485
f 5655 3879 1232
f 7601 5108 2235
f 4552 3717 744
f 685 95 5169
f 4651 7788 4902
f 7130 6193 6235
f 2820 3829 5781
f 3299 2956 401
f 5647 4621 1735
f 3912 4668 3516
f 5820 3080 283
f 5073 3230 44
f 1913 3015 4080
f 2586 5972 1396
f 1169 3358 1575
f 5498 5136 5457
f 2035 164 4095
f 892 3021 289
f 3553 6798 6289
f 1324 2793 5308
f 4383 453 5666
f 4496 4298 2916
f 2069 2669 1013
f 2671 1168 1811
f 2617 1854 657
f 2303 5048 1278
f 5067 4634 4945
f 365 1233 1756
f 7336 3719 2222
f 4001 1088 898
f 2798 1866 1654
f 6427 6989 2408
f 973 1386 3059
f 4605 3710 2915
f 3851 2388 3008
f 3193 5024 2818
f 2065 2187 1724
f 894 5712 4921
f 421 551 1299
f 899 4268 1295
f 1219 2147 4560
f 3862 8005 966
f 274 5453 289
f 2916 623 2439
f 2012 1331 3497
f 5095 3255 1408
f 3603 2314 215
f 6801 4154 7264
f 5575 2019 867
f 7267 5769 2524
f 3674 2536 1827
f 3900 2731 4397
f 381 3562 3289
f 3813 3866 2207
f 1059 4228 3536
f 4153 3861 1850
f 1853 4026 2574
f 765 3828 45
f 2470 4757 5720
f 4198 3910 3031
f 643 7602 5025
f 4053 473 475
f 2122 2531 628
f 1301 1957 1575
f 6433 6129 6166
f 1610 3785 5713
f 3986 1251 760
f 2258 2221 279
f 4772 2469 396
f 2345 6059 5372
f 643 5865 588
f 5979 1369 2685
f 4631 4244 4612
f 2690 2773 3875
f 3061 5527 395
f 1454 1447 5365
f 3746 985 5862
f 4830 588 5865
f 1614 4033 3947
f 2716 2068 2867
f 5107 254 3025
f 4787 2136 2236
f 5258 6784 1085
f 358 2935 215
f 2395 224 3303
f 3029 4158 3726
f 3017 3020 4020
f 2068 2930 2867
f 770 6877 2447
f 3346 4260 242
f 1456 1502 2672
f 301 4941 3613
f 7101 1829 484
f 3085 1495 500
f 2758 2589 2335
f 2412 2648 5839
f 3465 2551 4371
f 5208 5563 4763
f 2022 1058 4774
f 4973 4705 594
f 579 5846 2890
f 1274 813 3143
f 5466 496 7054
f 7565 6384 5951
f 1068 4828 5720
f 2173 4638 777
f 535 738 5301
f 96 5424 3462
f 6438 258 6115
f 2951 586 4829
f 880 1113 5056
f 2044 302 3834
f 2607 3188 4093
f 2612 3175 4150
f 521 2890 5504
f 7691 6756 5392
f 6440 7529 763
f 5467 5238 4338
f 645 5790 4346
f 2381 3345 5874
f 1293 1742 329
f 6919 7896 5203
f 5001 727 1158
f 2664 571 5036
f 5246 4114 1480
f 6631 1230 2792
f 2256 6443 6389
f 3716 3721 4003
f 5456 3692 5653
f 1428 2247 380
f 2772 8006 7992
f 4137 5786 4973
f 549 2322 2675
f 1632 4935 5276
f 524 433 1217
f 7184 7910 5528
f 2420 2949 5063
f 6825 6448 1019
f 3925 5270 2593
f 5795 40 5106
f 4583 2305 5480
f 7692 315 2785
f 2624 5714 12
f 3692 3923 5653
f 1595 5881 5828
f 1604 2382 1609
f 3772 3761 4534
f 5960 5809 5395
f 3465 5595 393
f 2282 4632 4044
f 2668 2669 4606
f 4360 417 2135
f 1110 6964 1733
f 1277 3799 3259
f 3116 1347 4751
f 4859 896 2935
f 6428 6452 6432
f 1242 4450 1358
f 3441 5332 5310
f 5133 6083 6453
f 4549 5059 4112
f 2576 2166 1395
f 634 1701 90
f 5062 1303 4471
f 1384 2994 4728
f 7789 3122 2171
f 476 447 4891
f 3116 2295 4117
f 5138 5004 1357
f 5685 4809 5317
f 3782 2169 2365
f 1931 11 359
f 1374 5054 761
f 2383 7752 1731
f 3094 2649 1302
f 4537 2796 2034
f 2697 772 750
f 6255 1106 762
f 2270 4647 3858
f 5152 1640 281
f 1820 7849 2246
f 4906 4073 4108
f 1012 1273 5351
f 4033 1614 5476
f 3757 4291 607
f 5520 5500 4770
f 7476 1746 4904
f 5072 1351 4714
f 118 2559 4395
f 2339 2379 2202
f 6923 6241 7415
f 5341 1991 2922
f 85 2978 1289
f 284 1338 3287
f 4310 6839 5545
f 7312 1223 4742
f 461 6456 6446
f 6789 6966 1407
f 3334 3486 4433
f 815 2526 7500
f 6065 6334 6458
f 3712 5083 5647
f 2403 7364 1517
f 5612 5863 5708
f 2317 1320 902
f 1954 2168 923
f 6442 2589 388
f 6354 5991 6228
f 3492 4194 3414
f 3396 2081 3539
f 91 752 751
f 6096 7606 2444
f 3065 2892 403
f 4357 7230 4135
f 6460 6685 6064
f 2711 2342 1211
f 2836 2145 4497
f 4035 1726 649
f 2470 2019 2177
f 1831 4223 4641
f 1656 1684 552
f 1037 2530 845
f 5620 8003 3590
f 2089 8019 1834
f 3767 2328 1503
f 2519 3807 5029
f 5068 2356 3151
f 5372 3531 5243
f 2156 4593 6161
f 4883 6461 1284
f 4579 154 4011
f 7409 7457 2596
f 1232 2323 4781
f 6942 3061 3291
f 1350 5553 1721
f 3440 4434 3559
f 4726 7459 4066
f 4978 733 934
f 6611 2291 372
f 7607 2067 4776
f 5255 3363 4003
f 5353 7169 2087
f 6593 7946 2614
f 4992 2873 4998
f 33 5088 397
f 5690 3764 910
f 1910 4209 2037
f 3061 5841 4379
f 5746 5246 5249
f 1786 5209 2200
f 2845 5387 2857
f 730 5401 2351
f 1156 6015 2673
f 1096 1798 4463
f 2206 5718 4716
f 1119 5244 4164
f 854 3405 434
f 6263 3690 3034
f 4598 3944 96
f 7123 3010 5967
f 3249 1775 3700
f 3093 5432 430
f 5366 3007 431
f 837 2619 4722
f 2595 4087 2612
f 1326 3333 1967
f 385 350 2636
f 2961 1129 2456
f 2433 7271 5216
f 6085 6342 3449
f 3096 613 4091
f 410 311 4935
f 1105 5691 1156
f 4674 6907 1071
f 3172 3252 2452
f 2499 2495 5662
f 6664 5185 5287
f 2916 2852 4496
f 1945 5008 5273
f 5666 5669 684
f 2084 3713 1616
f 1098 3877 3004
f 3650 3985 851
f 183 4691 261
f 840 258 6205
f 1563 1613 1753
f 5360 4459 288
f 1005 3825 3458
f 6602 4775 2023
f 5708 2944 5612
f 7774 1581 4745
f 5335 980 6954
f 1691 5156 3312
f 5060 2613 4312
f 2210 6465 3005
f 6150 183 3397
f 1217 518 1484
f 7188 8008 4530
f 1775 3249 1995
f 5559 3981 3978
f 2253 1289 88
f 2657 2216 2730
f 680 4181 5383
f 6734 6468 5977
f 7685 5205 2908
f 2296 3412 95
f 2234 637 4735
f 1690 4509 5641
f 544 2478 5645
f 3023 4352 3868
f 3059 1386 3365
f 5877 5207 4217
f 5540 3971 1529
f 2169 3961 2896
f 1838 3984 520
f 3860 5032 560
f 851 4689 3650
f 5780 5377 3223
f 1414 3765 5548
f 7643 6470 1707
f 2583 168 2590
f 7670 2588 6655
f 3500 7477 1403
f 607 913 2584
f 5165 1938 1292
f 4445 5524 4800
f 5782 6206 3490
f 3269 4675 4566
f 5163 2933 4264
f 4403 1364 5075
f 808 5917 2498
f 3045 5921 5326
f 4225 7208 5079
f 2483 2159 3936
f 192 3780 1735
f 8 555 1608
f 1574 4104 2211
f 5399 5926 592
f 5445 1221 1149
f 1853 6962 4026
f 4682 7948 47
f 1061 1027 535
f 912 5569 3598
f 3416 1100 4740
f 5765 3112 5573
f 4747 3845 4899
f 3404 7608 3511
f 4476 2074 3779
f 2423 3267 3026
f 6472 4807 6251
f 4452 197 4913
f 7 1267 3165
f 5257 1640 5152
f 7472 1015 1329
f 5403 4737 5406
f 3839 5162 1788
f 2465 5102 5510
f 2927 3242 873
f 7591 6218 6225
f 559 234 142
f 5906 5937 5367
f 613 50 3568
f 5996 6210 6335
f 4391 3000 2268
f 2857 412 159
f 2414 4376 2226
f 5532 1655 1508
f 5031 7112 1955
f 682 1366 660
f 4145 3336 5060
f 4291 2207 3204
f 1670 2997 773
f 6016 6325 6304
f 2253 1808 1426
f 1171 431 3007
f 4476 3779 4760
f 1373 1263 530
f 2796 1846 3111
f 168 6935 271
f 2119 3090 2456
f 4014 559 5271
f 4319 5260 4335
f 2402 112 5264
f 486 3453 1098
f 3995 890 3825
f 5534 5635 5623
f 7295 5239 5714
f 6783 1369 2977
f 2361 5774 1708
f 4224 6372 341
f 6261 7102 6509
f 3379 5536 5686
f 4279 4384 2438
f 5571 5635 5450
f 5517 4585 813
f 6474 2319 3487
f 1432 3018 240
f 2389 5588 5313
f 1216 4483 16
f 3167 3628 3578
f 2197 6993 2656
f 6961 1183 1900
f 323 5417 5224
f 6467 2551 393
f 2845 4622 5387
f 2647 5089 4474
f 2360 4699 2449
f 6476 3259 1646
f 3354 3211 5496
f 5251 587 4916
f 325 6973 631
f 3554 5305 1527
f 3328 3426 5187
f 4485 982 2303
f 1173 5323 5561
f 3880 3701 2784
f 2407 2511 4234
f 5883 6445 6257
f 4609 3910 4198
f 3186 186 3269
f 1580 2567 5726
f 3124 7539 476
f 2393 4288 4578
f 6266 3526 7907
f 1891 6480 6631
f 7694 3454 4176
f 5626 1924 4852
f 374 1374 5380
f 4728 4954 1384
f 5203 1904 7736
f 6482 6483 6481
f 2169 2896 494
f 387 230 3146
f 474 545 5759
f 965 2124 4675
f 633 1769 616
f 512 1416 663
f 259 3442 1946
f 6255 6340 1106
f 2415 2525 1801
f 6191 6152 6560
f 2138 2135 1700
f 3660 5212 3982
f 5686 4734 5660
f 3358 6909 1307
f 232 546 4166
f 2983 2423 4405
f 4285 3827 4457
f 3306 5873 3372
f 1693 3785 2482
f 1825 177 4473
f 2068 7363 2930
f 2651 3000 3074
f 2390 6243 4844
f 2677 1923 1998
f 1356 1700 1354
f 370 5241 1080
f 69 4207 4685
f 7803 4111 5156
f 5541 4666 4626
f 2307 4869 4898
f 4217 3040 4503
f 2678 3241 908
f 3504 4075 3879
f 3203 5736 839
f 3052 7473 3847
f 5743 5747 5287
f 1615 1705 3270
f 5458 5021 2316
f 5497 4825 5272
f 6484 6291 6281
f 2202 781 2339
f 4997 5076 3419
f 2573 1307 3665
f 5526 7277 8028
f 818 183 932
f 1479 6070 5339
f 332 3786 1423
f 2995 4829 4555
f 5232 3338 5537
f 4351 4309 4887
f 3290 4520 2906
f 4368 4058 543
f 5370 5253 3994
f 771 6486 2059
f 2600 3415 4758
f 3401 1265 4720
f 6883 6975 7967
f 1051 3095 569
f 3559 1720 3383
f 4631 5597 4244
f 388 6488 6442
f 1086 6774 1460
f 2686 5727 1783
f 206 1756 2797
f 4003 4271 3716
f 3659 2412 1637
f 4539 1419 3957
f 4840 3774 5607
f 2161 7015 3687
f 1543 2042 4723
f 2247 2371 2368
f 441 4885 3990
f 2803 4219 7674
f 1729 3715 3788
f 5032 1000 1559
f 3446 2087 3588
f 1872 2156 1182
f 8003 3047 4590
f 4527 3107 4979
f 3584 2121 4792
f 4047 7945 1832
f 1851 3277 5247
f 1724 2187 657
f 5251 7279 4218
f 3842 2539 2427
f 7211 3917 5245
f 2974 714 1662
f 5468 3992 1623
f 6491 255 1531
f 63 2473 790
f 1462 6129 5907
f 580 3171 2926
f 1421 5704 2713
f 3696 3706 541
f 1750 7596 3085
f 3452 7280 1787
f 5732 1749 1996
f 4805 3324 116
f 5839 4949 2412
f 3508 3903 5580
f 5021 4575 5864
f 4316 4712 1670
f 4718 3066 2037
f 3175 1685 5503
f 2758 1849 1341
f 1354 1693 2482
f 802 902 660
f 3051 7426 1040
f 1660 1327 5314
f 3614 7483 4874
f 3299 401 4266
f 5006 2287 3742
f 1828 4797 740
f 53 1743 4427
f 4474 7991 4296
f 923 1873 3243
f 3250 5149 1498
f 209 2026 1050
f 1601 4175 5835
f 4333 64 4300
f 2751 7282 821
f 59 3693 3596
f 1647 2144 3392
f 444 432 7612
f 2356 3897 2214
f 786 4985 2104
f 2402 5264 4450
f 5754 2655 4599
f 3659 7863 4559
f 480 7403 994
f 481 5631 1778
f 2704 2705 1498
f 4896 6268 2435
f 5318 3530 4671
f 741 666 3313
f 3419 2531 4997
f 1328 5010 3528
f 5306 6494 5492
f 2936 2358 5295
f 5328 5342 5863
f 6338 6464 6120
f 5184 5397 2337
f 3161 877 5569
f 1565 498 1244
f 4603 2416 978
f 5089 113 4912
f 3720 776 4127
f 6393 6124 6429
f 5025 72 83
f 171 363 4091
f 1580 5667 3884
f 5325 4083 2962
f 5509 895 4502
f 545 6980 276
f 4845 4379 460
f 931 7957 7905
f 115 3605 2625
f 6381 2891 5901
f 4104 3566 995
f 2777 5182 1959
f 4026 5129 2901
f 3172 2452 3437
f 4074 5043 5002
f 4789 8010 4810
f 1691 2925 1673
f 671 5290 954
f 2858 2029 1948
f 5360 2586 1396
f 5735 6500 5140
f 5117 4780 774
f 1492 1529 2064
f 603 5783 1551
f 651 2463 3529
f 2649 1205 5323
f 1365 2722 2341
f 5378 6145 212
f 7019 6501 1496
f 4419 4662 4866
f 2784 19 3880
f 5727 4142 1262
f 621 6318 1741
f 571 3445 5036
f 3 4116 2336
f 819 5414 4773
f 6835 7757 1268
f 5308 4951 1324
f 4556 3231 3974
f 6793 691 1962
f 5828 263 3169
f 2857 159 401
f 3358 5446 1575
f 2291 4127 4029
f 4304 4335 4408
f 3516 5428 3613
f 1633 5687 7311
f 3449 1964 2278
f 1315 3114 5775
f 1661 864 1089
f 7258 4731 3423
f 4503 3669 5638
f 3074 3000 2020
f 1476 2652 4165
f 1403 962 814
f 2537 752 3811
f 4837 4915 368
f 6774 6982 1291
f 4004 7485 7837
f 4545 7874 1322
f 5223 1252 5168
f 63 1807 2473
f 2480 235 1362
f 6864 4771 685
f 5147 152 2786
f 7110 6025 4900
f 920 3298 5171
f 3693 1208 686
f 3379 5680 5536
f 791 142 3686
f 2027 2921 194
f 6504 6208 6689
f 1199 3672 3400
f 2825 564 814
f 2513 2658 4350
f 1622 3702 624
f 2197 5201 1313
f 5219 4440 5256
f 4291 4101 903
f 6313 6399 483
f 8011 1486 5452
f 2668 4606 4655
f 35 2133 3955
f 7805 3249 2770
f 3313 1678 2063
f 2815 3911 4009
f 2274 5439 5393
f 4652 4654 3545
f 4964 3210 1134
f 776 442 779
f 6505 7546 5286
f 4856 2467 5219
f 3205 2665 2190
f 2924 3098 1036
f 2052 1739 4172
f 3730 3391 5721
f 5546 3746 3279
f 2379 6804 2202
f 3482 2481 5651
f 1327 2688 5319
f 527 1503 3285
f 1901 4879 2530
f 6507 2808 1111
f 608 1937 621
f 1859 5070 5071
f 6631 2792 1891
f 395 1203 3291
f 372 2821 2486
f 672 4697 2213
f 455 678 1754
f 569 3095 516
f 312 3176 2294
f 1297 5065 5816
f 3757 2889 536
f 1785 5174 973
f 733 4978 5701
f 3948 430 1603
f 7587 2537 6262
f 5022 5030 884
f 1167 3141 7212
f 5766 351 58
f 858 5726 2567
f 5314 3554 1660
f 35 3955 2432
f 2508 4136 425
f 1499 1494 2665
f 3141 1154 3353
f 371 876 4208
f 3780 3518 3712
f 6345 6149 3823
f 7443 7724 6449
f 3757 536 4101
f 1840 822 4113
f 1131 409 2942
f 3374 4689 661
f 2986 1485 2826
f 692 5488 237
f 549 2124 2454
f 7950 7820 5593
f 2664 5036 330
f 6455 7164 6184
f 364 1506 4773
f 1934 2038 3755
f 3615 2967 1535
f 198 2055 2535
f 5624 4603 1381
f 2228 3140 4009
f 58 4605 5766
f 3420 3606 3257
f 2544 7683 4143
f 619 217 1142
f 1055 3822 4616
f 1762 2976 2985
f 2419 850 4275
f 4957 4571 4139
f 5688 1825 4727
f 89 7888 5462
f 2964 3582 5307
f 1758 7458 7969
f 6511 1228 3922
f 5220 3394 4376
f 5055 298 5375
f 2670 2101 2764
f 3482 5115 4023
f 3659 1239 7863
f 3298 2258 160
f 5003 5521 4684
f 4526 2037 4209
f 2979 2121 5513
f 1627 812 4460
f 695 430 5432
f 2699 5285 3481
f 2684 1809 5441
f 4054 5542 5699
f 157 3899 5288
f 5359 2697 1763
f 914 6512 2512
f 371 4074 5002
f 3925 1541 1803
f 3667 5310 5332
f 3251 5193 249
f 5715 1409 5385
f 1946 3832 2824
f 5320 1468 5144
f 1278 2778 6543
f 2960 3097 3288
f 335 4799 4804
f 653 1686 3179
f 6949 1109 815
f 4359 4787 4265
f 3151 974 5068
f 4426 7488 3099
f 1070 5807 6070
f 23 5182 2592
f 3735 4142 1302
f 1455 1189 396
f 2298 3339 3759
f 3726 2095 5120
f 5144 3889 4720
f 1131 2942 1370
f 3623 4512 4157
f 4362 6232 2835
f 4270 3804 1983
f 7172 471 4139
f 3469 6954 2036
f 256 253 728
f 4292 1620 2862
f 3802 132 4685
f 4740 5219 2467
f 5389 6026 7737
f 1678 5980 4588
f 2441 1951 4813
f 5189 670 853
f 5370 5065 3678
f 4611 5764 4571
f 5229 7288 587
f 3783 4299 2894
f 985 38 2576
f 2652 1682 4424
f 7978 3440 3646
f 3893 3875 3747
f 629 6745 1832
f 4934 4770 4500
f 761 1038 3491
f 7808 6515 6435
f 4013 5524 2600
f 547 1719 972
f 5725 4105 4968
f 380 1659 1506
f 1501 2030 1666
f 2868 2913 463
f 5385 1406 4451
f 1921 4578 4288
f 2727 4068 7740
f 4649 4719 3150
f 852 4734 5681
f 7256 4959 7817
f 5657 6009 7622
f 3077 6518 2865
f 3846 3546 4060
f 440 5388 5039
f 3567 1899 2577
f 1381 4532 4299
f 5719 2074 4476
f 3965 3595 800
f 5383 4181 1418
f 2764 2436 2670
f 5416 2213 4697
f 4248 5042 2925
f 2682 4022 1118
f 1290 279 2221
f 804 4549 4274
f 5051 129 4768
f 306 3320 303
f 4088 797 1514
f 7912 3689 3054
f 4049 4762 2141
f 834 3942 847
f 1893 3678 5715
f 1818 3534 3492
f 2077 3894 1247
f 3806 4225 1307
f 2323 5570 5189
f 1154 2186 3361
f 6998 5805 2976
f 1652 3062 7209
f 2679 1591 7177
f 6251 1609 3769
f 1624 7669 5250
f 3956 7773 5587
f 3801 3385 655
f 4636 6312 3513
f 2390 2096 5117
f 2972 3837 3816
f 2419 867 5228
f 3581 3016 3393
f 405 30 1518
f 7907 3526 3084
f 3451 2452 1495
f 4824 5487 1064
f 2662 5801 3641
f 7540 6523 5427
f 3187 4879 3843
f 4922 2804 1513
f 4766 3392 2144
f 324 4119 4211
f 2993 3234 2244
f 3557 3725 409
f 374 2896 3961
f 38 2829 2166
f 1821 4080 3015
f 982 3183 2734
f 2940 7854 3691
f 396 2032 1455
f 6984 6453 6083
f 2725 1551 5783
f 2096 1859 4795
f 3183 982 633
f 6486 2846 2059
f 5321 2340 842
f 2451 2601 4509
f 708 5327 265
f 7633 1128 3792
f 5652 4638 1771
f 1656 5224 5417
f 5793 1515 2657
f 6815 5520 10
f 7518 4666 5586
f 7162 6527 8006
f 3954 6451 6638
f 283 3470 1685
f 3649 1135 3600
f 3071 1474 5312
f 6310 1836 6278
f 5113 7879 927
f 2621 5693 4854
f 7019 7055 6501
f 1034 3915 4140
f 4828 1068 1383
f 5617 4448 679
f 2108 999 1549
f 1642 5789 2622
f 1092 3092 3142
f 3630 589 4363
f 5249 6125 3986
f 2134 4008 4002
f 3713 2850 4942
f 4115 4557 4038
f 3138 1053 581
f 318 4565 4682
f 3553 6531 5758
f 2876 2006 2134
f 1301 4869 4909
f 2503 2973 4500
f 20 5548 2799
f 533 1738 1063
f 5838 3710 517
f 1377 7803 5761
f 27 2816 5470
f 6374 6471 6074
f 3649 606 4366
f 7346 4128 7040
f 6950 5676 5533
f 2094 1091 4055
f 2971 5511 1819
f 7612 5712 3020
f 2560 5114 2112
f 4049 4021 6126
f 3078 3437 3192
f 5695 665 2630
f 4454 5866 4312
f 5791 3197 5745
f 2427 1012 3842
f 6534 7090 6640
f 4352 1215 2071
f 41 4042 162
f 1567 1739 3294
f 1382 3667 641
f 3168 828 4011
f 1278 5376 2778
f 7929 2868 1220
f 5302 4601 5007
f 1005 1984 1936
f 2738 4335 4304
f 5458 2286 3092
f 1537 4929 164
f 2028 858 2567
f 3252 3172 2752
f 2096 4462 1859
f 49 3100 4573
f 5279 2197 3983
f 5649 5600 4481
f 4863 2633 216
f 912 2325 2929
f 7281 5428 4659
f 8022 7148 6233
f 2250 5018 1175
f 856 6366 2301
f 6147 4754 6094
f 4248 3296 4375
f 4778 1252 4910
f 3969 134 2274
f 5325 3017 4083
f 4166 6353 232
f 6752 1679 4930
f 1697 2460 2011
f 5567 1636 2991
f 3458 4545 5547
f 5919 6220 7076
f 3938 2948 3480
f 5101 1073 5836
f 4292 2862 3739
f 5985 6227 6233
f 816 711 673
f 4393 71 1966
f 4794 1176 2726
f 6540 6317 6667
f 484 1849 2335
f 4580 1892 827
f 588 5358 5012
f 265 3201 708
f 1699 1980 1290
f 2658 6990 848
f 3354 5496 4089
f 6052 842 7050
f 606 2528 4366
f 1336 24 1856
f 3115 634 471
f 1630 944 5676
f 2025 2346 5803
f 616 4924 3848
f 2712 6542 1462
f 3858 7901 1895
f 531 5533 5676
f 5870 5022 231
f 2677 1998 3097
f 7861 5124 5464
f 789 2297 2851
f 748 1490 4533
f 2546 6960 1016
f 5648 6716 3342
f 6791 1528 272
f 2662 3641 5770
f 2604 1799 4651
f 778 1655 2042
f 652 5196 151
f 1895 3707 3858
f 1541 2987 1144
f 5629 3734 702
f 4893 176 2810
f 5061 3722 7362
f 5069 4473 177
f 14 5386 3156
f 4481 4105 3531
f 5115 3819 2064
f 5686 5660 3379
f 71 4393 2109
f 7696 2653 2157
f 7145 3039 1163
f 1023 69 1147
f 3147 1766 1295
f 5132 1975 5123
f 2774 1985 233
f 1527 4714 2282
f 3278 1050 2026
f 1885 881 5867
f 316 7706 5030
f 2643 1460 4487
f 4950 5588 5526
f 4241 4994 3079
f 1167 2242 1154
f 5020 4579 2629
f 144 6507 6547
f 5300 7875 1085
f 3879 5655 4691
f 6548 6172 6725
f 1299 1282 421
f 5662 7294 3654
f 1444 3368 1355
f 3725 3557 481
f 841 3227 5522
f 1225 5426 4669
f 7408 5850 3748
f 5356 1934 4793
f 4645 7793 5571
f 3611 4368 4469
f 3104 460 4348
f 2179 6113 506
f 2496 767 3201
f 283 1685 6323
f 6532 6039 6550
f 3002 3112 5742
f 2159 3831 3719
f 2142 430 695
f 101 479 1249
f 3636 7480 3232
f 739 1988 4802
f 5250 6995 1624
f 1294 4005 3932
f 2801 663 3841
f 4838 1075 5728
f 2455 1198 3569
f 1330 1657 404
f 2870 1460 6774
f 4551 3586 370
f 1244 1321 104
f 5516 5674 402
f 1989 29 689
f 646 5165 7221
f 3747 3051 3893
f 4912 113 5780
f 3270 5074 2980
f 4459 2464 288
f 2050 2785 315
f 1967 1865 1006
f 5267 2227 1430
f 2598 2599 2580
f 3022 7712 5425
f 4014 5271 2183
f 1923 4387 5426
f 4444 1286 4231
f 5499 7683 2544
f 2998 1107 3491
f 5479 7449 4364
f 1735 4621 2224
f 6154 6348 6196
f 1127 2532 5087
f 466 4749 2571
f 2995 5674 4829
f 3632 626 2835
f 848 838 4366
f 3418 4745 1581
f 6557 4241 4940
f 1328 486 5010
f 3327 3904 3329
f 7296 7711 4200
f 1518 1103 2893
f 1222 7937 4377
f 409 1131 3323
f 5786 4137 5699
f 4621 2951 5135
f 608 621 5485
f 298 1666 2030
f 3018 1593 240
f 2122 4340 2102
f 1001 3182 4470
f 2893 6011 4022
f 3436 4201 4442
f 1194 4641 4223
f 1443 1013 2669
f 685 2348 3733
f 3096 6560 3679
f 7944 3337 2970
f 6561 6508 6313
f 1299 4956 706
f 7475 4063 3464
f 2543 664 1969
f 5531 4544 4568
f 6207 6319 6562
f 3212 3004 3877
f 5625 5804 3091
f 1890 2958 5093
f 4241 3079 3787
f 808 5168 1252
f 1952 2721 5856
f 4961 539 59
f 5082 7303 464
f 4726 6997 2892
f 2741 4418 2560
f 1827 947 1172
f 1281 7613 3198
f 152 5147 2787
f 1852 5667 132
f 482 7946 1860
f 2781 5124 7861
f 3060 3228 2774
f 2379 2339 648
f 4294 4143 3994
f 5641 3202 6820
f 1839 7491 1129
f 1827 1172 573
f 6563 525 7105
f 4740 3895 3416
f 2315 1401 3511
f 7600 5017 3870
f 3086 1113 3625
f 1029 627 3653
f 4780 4540 2555
f 1246 3034 1642
f 294 5177 1902
f 7637 5859 4784
f 1977 4314 384
f 4783 3109 5477
f 5183 2610 574
f 5365 1311 3272
f 1105 3344 2181
f 4575 5021 5292
f 5859 5141 1184
f 6762 2534 7961
f 4186 1122 5811
f 5740 3813 3297
f 259 1419 3442
f 3946 2072 5589
f 954 5290 3461
f 875 2467 1726
f 5495 4688 4103
f 5429 6564 3947
f 4885 4878 3990
f 4840 5607 247
f 4228 1059 3732
f 3330 3759 2757
f 6187 6998 5455
f 4991 553 3163
f 3394 2226 4376
f 3697 4889 3760
f 4023 5115 3971
f 4325 3434 1120
f 1198 5658 2406
f 1551 2725 4440
f 95 3733 357
f 802 436 902
f 3407 3444 3352
f 1150 4563 4952
f 5325 2721 4479
f 7283 4513 3855
f 265 1881 1986
f 2783 1662 714
f 3547 4221 899
f 6290 6566 6643
f 3425 6472 2391
f 3719 4587 2222
f 2288 2154 3798
f 3949 5645 2478
f 4426 6949 815
f 1177 1566 5103
f 5414 6175 4773
f 3888 996 5632
f 4576 610 5619
f 3032 4068 2727
f 6999 6568 2344
f 5124 6983 869
f 150 5047 6072
f 3014 6815 10
f 3036 2870 1673
f 2934 3118 131
f 2551 7897 5217
f 2218 5125 2440
f 5449 5892 5594
f 3520 4586 5027
f 4804 1161 439
f 270 984 1251
f 892 289 2308
f 3755 511 4793
f 5063 889 3737
f 286 6570 4897
f 353 3080 3934
f 680 5383 4843
f 306 303 3560
f 6308 2186 4019
f 3110 3912 4162
f 1770 1755 5814
f 1484 524 1217
f 4661 7619 2972
f 6272 4584 6578
f 3745 4285 422
f 3240 6572 6329
f 5564 5140 2856
f 1338 1573 4901
f 679 5209 5617
f 811 4939 6529
f 3575 5870 4591
f 6527 1261 2321
f 4917 4595 2266
f 5204 735 3362
f 1491 3924 717
f 2094 5170 1091
f 3018 44 3005
f 5217 4371 2551
f 2796 5146 1846
f 2569 2180 2312
f 5550 3868 3679
f 2466 7952 4369
f 6573 6719 6400
f 5502 3833 695
f 1651 4893 4958
f 2025 3427 2788
f 3587 4344 2018
f 1039 2411 4569
f 6897 2913 3128
f 1641 2033 3481
f 753 3259 3799
f 789 4259 2297
f 2481 3482 4023
f 2449 3739 2360
f 3849 2677 4618
f 1788 5162 7613
f 3591 979 2905
f 264 2015 4287
f 4162 4271 3110
f 1265 3401 5173
f 722 5849 1717
f 3455 1421 501
f 3909 7698 4596
f 1123 7694 3055
f 1226 2415 1618
f 4472 2080 3334
f 865 1348 438
f 477 3824 2234
f 1472 4350 2658
f 5724 4843 1732
f 328 5502 695
f 942 3272 5130
f 4613 4484 3117
f 5174 534 3741
f 1158 949 3612
f 2515 4307 3129
f 1770 4270 2024
f 566 1423 5858
f 5849 3123 5590
f 4129 3923 3692
f 4661 3816 5071
f 5071 4692 1859
f 1062 1138 4184
f 1504 4407 3533
f 3814 2745 3609
f 625 842 1600
f 2690 2838 2773
f 2043 4955 3286
f 5728 4389 4838
f 4823 124 6810
f 4079 6943 2903
f 4705 4973 4303
f 817 7346 3046
f 7019 2686 1783
f 6579 6213 2409
f 1171 793 4062
f 7051 6580 6478
f 7646 6581 6038
f 5007 4601 5026
f 687 3182 1764
f 5509 4836 895
f 1983 972 1719
f 7086 2038 5106
f 3864 3348 1605
f 5035 7949 2315
f 570 7303 1438
f 4032 4441 4231
f 5030 5022 5870
f 160 5171 3298
f 1902 7792 294
f 2199 2275 3231
f 4106 4344 4531
f 5391 4490 4913
f 1491 717 5872
f 5078 1981 4130
f 3184 1867 2767
f 1956 950 3663
f 2004 421 1282
f 902 1320 660
f 3910 2448 5275
f 5326 6493 1747
f 6583 6584 6166
f 5599 3394 5220
f 4628 1983 3804
f 5418 7831 3214
f 5497 5750 4862
f 1308 7415 3476
f 3585 4726 2892
f 3311 2992 4499
f 3203 5626 3219
f 443 5606 5858
f 3351 765 2409
f 4303 5786 4913
f 3597 4600 4857
f 904 736 287
f 1482 4905 3416
f 6180 5949 6303
f 5690 2823 5376
f 5336 5308 2793
f 5146 948 1846
f 415 1316 2230
f 112 1619 2290
f 2867 715 1570
f 1416 5128 663
f 5872 7410 7184
f 5054 680 1038
f 2539 3688 2427
f 5764 4139 4571
f 7673 7676 21
f 1167 126 2242
f 2690 1399 3967
f 3039 3081 5849
f 7246 2745 6930
f 2228 4226 3140
f 2693 2980 5074
f 251 6418 7510
f 6002 6590 6589
f 1209 2396 1873
f 862 4798 4295
f 1976 1936 1984
f 5244 654 4164
f 2227 5808 1430
f 2559 4245 5811
f 1710 3965 5741
f 3143 5521 5003
f 4002 4008 3874
f 7688 6649 1259
f 599 7033 7767
f 5080 2387 846
f 3591 2905 1857
f 7008 2724 4160
f 6586 7511 5803
f 3463 3763 2699
f 728 6591 256
f 4766 4761 4087
f 5270 356 590
f 14 780 449
f 7997 2899 3360
f 2276 3545 4654
f 5374 1858 5730
f 7283 3340 3845
f 4958 163 1651
f 2609 4844 4952
f 5192 2227 4012
f 4981 3754 3603
f 4170 5043 7924
f 17 5461 5408
f 1161 4804 5673
f 5461 4510 4762
f 7123 2450 4099
f 5172 1555 5282
f 3479 146 4877
f 2309 5944 6794
f 2167 3668 4222
f 1392 6856 4468
f 3987 2848 1877
f 2393 7846 2908
f 14 3156 780
f 4403 5075 2606
f 1425 2062 1585
f 3094 1302 4142
f 6780 2133 1337
f 5753 2654 2862
f 5480 5266 4583
f 5852 616 1769
f 1236 3894 2077
f 1919 3878 833
f 4163 2684 2265
f 3006 4293 5729
f 3178 5460 1014
f 1424 7309 3669
f 5759 3884 2629
f 2566 407 4715
f 4148 4894 523
f 1082 2353 7558
f 5832 341 5551
f 2563 4135 5558
f 5424 1991 3462
f 2213 5416 5194
f 4989 7209 293
f 4970 4315 1201
f 1197 5585 1127
f 5210 1863 5816
f 5073 44 3018
f 566 799 332
f 29 7954 4437
f 4041 4670 3243
f 3079 4994 556
f 2272 4746 2108
f 1043 2203 967
f 2757 3836 716
f 3941 462 3959
f 5862 1464 4134
f 3228 2003 3627
f 4442 3975 1217
f 302 3286 668
f 5072 5764 1351
f 7263 7231 7325
f 2418 2437 5831
f 3952 3953 443
f 982 2734 2303
f 4094 3429 4408
f 2556 3840 3545
f 3464 2226 3394
f 2711 3618 476
f 7203 7204 7185
f 2531 3350 628
f 3546 3846 5013
f 2434 3992 1170
f 1982 362 7517
f 4084 4082 5621
f 3036 2925 5042
f 4171 8012 2431
f 1549 4163 2108
f 3518 2958 6293
f 5082 3189 5234
f 1987 5708 5525
f 5505 725 3120
f 57 2645 1830
f 834 2821 3942
f 7126 5928 6057
f 5828 5881 4999
f 4673 5145 5369
f 4826 5776 4852
f 3786 5110 5808
f 2273 975 3918
f 4213 726 3728
f 3716 4246 3721
f 525 3287 3132
f 3788 1453 1729
f 1655 4723 2042
f 3463 784 3507
f 5621 3520 4084
f 1487 5317 4809
f 827 2410 4580
f 7015 3235 3687
f 3726 5875 3029
f 3714 5027 2884
f 3571 917 3238
f 3157 926 4813
f 509 1835 31
f 381 5227 23
f 1226 1618 2869
f 5099 2387 5479
f 7855 7886 3891
f 7172 5072 6178
f 1367 2938 4383
f 1382 5277 3667
f 2043 6237 3620
f 6451 1304 2698
f 5002 4130 371
f 5732 7558 3013
f 4398 7500 798
f 3493 6106 4552
f 4067 3571 3238
f 4451 810 4125
f 795 655 3385
f 4185 4674 4252
f 2677 3097 3521
f 6231 6236 6669
f 2122 2102 2536
f 4794 2726 2732
f 5821 1759 1908
f 4932 3653 2680
f 1123 3055 5850
f 2815 3140 734
f 3812 480 3629
f 4540 2180 4461
f 5923 7115 7154
f 2592 6603 3599
f 911 4677 1808
f 576 1496 1439
f 627 5574 841
f 3954 988 5304
f 2828 4498 2446
f 4961 1959 539
f 1720 5855 3308
f 2289 1094 4531
f 3252 7240 1305
f 1894 7177 4378
f 4001 511 1088
f 3265 203 3745
f 3127 6779 7039
f 5831 2437 991
f 5305 3554 907
f 25 4474 4296
f 2266 637 1718
f 5694 4668 3912
f 1180 605 1211
f 6605 901 3681
f 2741 2112 2229
f 2831 3974 3561
f 2599 2598 5419
f 982 4485 3509
f 2897 5843 2028
f 581 5272 3138
f 3873 4076 3161
f 2771 7597 3907
f 4129 4500 2973
f 753 1646 3259
f 5189 5570 670
f 4230 6277 383
f 7774 4745 5381
f 5041 778 2600
f 4949 1637 2412
f 1689 3116 4117
f 7451 3407 2209
f 6292 6288 6159
f 5114 2301 2112
f 552 445 5224
f 7221 5718 4326
f 2666 2380 510
f 5113 1990 1459
f 37 4288 1270
f 106 2105 4644
f 7313 618 1728
f 5371 1966 4192
f 5801 7289 4988
f 3806 7208 4225
f 7772 5445 3327
f 4562 7873 5409
f 2214 3897 3447
f 1458 4962 2798
f 5121 3937 3087
f 1982 5049 362
f 6607 6351 6438
f 4581 3304 108
f 4463 5535 1662
f 580 883 4195
f 2252 1522 3075
f 2079 1794 4314
f 4968 1473 2587
f 959 3195 5405
f 3707 5233 3858
f 7310 852 4267
f 2633 1800 7207
f 6608 4345 218
f 891 553 1530
f 3412 2296 3609
f 2120 6824 2540
f 4277 911 5142
f 1087 5626 4480
f 1393 2644 3935
f 3960 1493 162
f 331 3598 45
f 6547 5942 6650
f 2294 6157 1987
f 5521 4585 4356
f 4555 586 5083
f 4816 4724 4331
f 1933 4213 2918
f 2263 1095 2056
f 4110 3082 4876
f 778 87 3415
f 4565 2428 585
f 4609 3359 3910
f 2686 7019 5787
f 4742 2233 2572
f 3357 3110 4271
f 5696 4267 3063
f 4408 6041 4094
f 3499 215 2314
f 505 126 6958
f 7652 22 3044
f 901 1882 3134
f 5282 5048 2734
f 2724 2815 4370
f 1180 1211 2342
f 531 5676 1317
f 1048 116 3324
f 6610 6554 6497
f 4440 5219 1551
f 1354 3417 1784
f 515 1949 3564
f 3255 4153 337
f 5665 1881 2632
f 5690 5282 3764
f 5089 4358 113
f 6536 6612 6249
f 5211 3068 4624
f 1277 3164 1227
f 1946 2824 3445
f 1961 7797 1165
f 1078 3382 494
f 5062 6814 3424
f 1658 1861 1816
f 3465 1028 173
f 2327 917 3571
f 3148 3144 3555
f 6528 4470 3182
f 2697 5359 1155
f 3116 4760 2295
f 2076 7796 1547
f 4540 4461 4386
f 4475 4801 3775
f 87 7008 4160
f 7499 1067 686
f 3027 2368 2371
f 2306 1850 3861
f 3162 3637 2344
f 3755 5215 511
f 1843 3877 276
f 5859 5678 4784
f 4927 1102 559
f 1076 1211 605
f 1945 5436 5008
f 1346 3912 3516
f 3294 506 1567
f 1243 29 4437
f 2158 5079 5617
f 3097 2960 577
f 2560 2112 2741
f 2995 2708 1446
f 4824 7615 5487
f 2716 6517 4134
f 7191 4319 4756
f 1811 1016 647
f 5640 859 5168
f 7481 3693 59
f 4948 1889 5843
f 2961 1117 1129
f 1374 3807 5054
f 4614 1358 4450
f 1886 2859 3740
f 3355 3409 4610
f 7771 4545 1322
f 6627 5987 6615
f 1505 6617 713
f 414 407 4301
f 1853 5693 2553
f 3600 606 3649
f 2391 5213 3425
f 2413 7588 4822
f 6198 6619 6470
f 2569 2312 1782
f 721 2187 2065
f 4805 4339 3319
f 7128 487 6620
f 6621 4891 5935
f 2058 6803 5798
f 6869 4892 4261
f 5505 3120 3644
f 4343 2168 701
f 3197 2585 806
f 7300 2345 1
f 1282 4210 720
f 3354 4411 3211
f 5706 7513 4187
f 4493 2584 1047
f 3250 4246 4528
f 4017 1912 225
f 231 5201 1018
f 673 435 4237
f 3410 830 3070
f 5198 3734 5629
f 301 5149 4941
f 4521 7276 2005
f 7020 7003 7649
f 3331 5790 645
f 2996 357 693
f 3604 7023 3615
f 2110 4420 970
f 3570 208 3224
f 4500 4129 4934
f 7730 6383 5975
f 7798 3565 6933
f 5978 6387 6623
f 1936 3825 1005
f 5411 6823 1829
f 454 311 307
f 1087 4944 1924
f 5506 5541 4626
f 1434 4809 1522
f 3436 5180 4625
f 2724 81 3911
f 6841 21 2339
f 3778 7358 444
f 6447 5931 6574
f 7468 4774 2035
f 1003 7021 6170
f 6625 5945 6859
f 5775 3533 4407
f 1310 3298 920
f 1725 882 1639
f 2008 4569 180
f 3108 4576 4255
f 1030 713 2434
f 1822 3226 1931
f 4130 3422 876
f 7786 6641 6674
f 844 92 2736
f 947 1827 2102
f 701 2168 1954
f 2272 2108 4163
f 322 5918 8013
f 4944 1087 2971
f 1352 2919 716
f 2418 2417 2215
f 2903 5223 5467
f 6626 6421 6946
f 2381 2476 2106
f 1062 437 1138
f 4145 5060 5866
f 5359 1763 3626
f 1253 3471 97
f 5222 4841 631
f 2500 4875 3229
f 4085 3550 1723
f 4432 7494 3818
f 5363 7044 5755
f 5219 1100 1551
f 515 1350 1949
f 2036 386 5552
f 3688 4283 5717
f 5881 2587 4999
f 6756 1636 5567
f 3947 3490 3885
f 547 5896 1719
f 118 4395 3365
f 3893 2690 3875
f 3608 942 4433
f 4315 1697 1201
f 7907 7095 6265
f 4851 4758 3415
f 1900 1183 529
f 1102 2475 5271
f 63 1266 1807
f 1564 5642 2490
f 4266 6908 5237
f 5095 3777 3255
f 2490 7365 5608
f 3696 980 1748
f 5665 3297 1986
f 2483 270 2159
f 6397 6554 6610
f 6146 6628 6097
f 1647 1439 1501
f 426 7579 412
f 3042 1051 5875
f 925 3245 3166
f 3186 2479 4647
f 2873 292 4323
f 868 2063 1678
f 4735 7308 477
f 923 2811 1873
f 5303 4889 2248
f 2375 6457 1949
f 5423 207 328
f 5673 4390 1161
f 1657 1330 2026
f 2106 3211 4411
f 7618 3083 2602
f 327 4488 4161
f 2792 7342 1891
f 1282 296 4210
f 7009 4734 5686
f 2673 4737 1897
f 4610 5406 3355
f 3469 2036 5552
f 2865 3257 3606
f 3464 5842 2226
f 1101 1686 1714
f 3975 4201 5050
f 6411 4465 3447
f 6886 6963 3875
f 1340 1112 2707
f 5353 3446 4263
f 2785 2050 1898
f 111 1489 3120
f 4738 5771 5074
f 5190 4493 2472
f 4336 1333 6080
f 6192 6138 6191
f 755 1393 1391
f 5327 708 3685
f 538 3444 2681
f 1284 5345 4883
f 7179 7254 5682
f 1137 4491 973
f 389 2645 2506
f 1507 2198 1498
f 2733 3025 5352
f 7315 4923 650
f 684 677 5666
f 2499 2059 2495
f 525 1597 284
f 7330 7316 1759
f 7791 2786 152
f 5519 4660 2687
f 4816 4331 5492
f 2682 3507 4022
f 5736 2764 2101
f 3050 7292 4431
f 3370 7600 1790
f 292 3944 649
f 741 3299 3635
f 1247 3894 3069
f 260 361 2996
f 6518 6137 6635
f 913 607 620
f 1918 3887 3952
f 3275 2985 2775
f 3372 4820 2710
f 2169 3807 3961
f 6571 3844 2493
f 3365 3818 118
f 7825 6555 319
f 641 3059 3365
f 157 5288 3743
f 5088 2497 5324
f 2604 7261 1799
f 4472 5320 2080
f 5154 6920 5476
f 948 2932 1846
f 3464 4063 5842
f 4028 4547 3761
f 2764 5736 3219
f 4608 2125 197
f 4418 2901 2560
f 4126 4648 3513
f 353 3470 3080
f 1527 5305 4714
f 4098 3523 2696
f 3228 3617 2774
f 1262 5473 5727
f 2890 5846 3617
f 737 4439 3819
f 4903 1786 4898
f 1620 4292 1773
f 4122 3007 5000
f 120 5528 7910
f 2086 1587 6972
f 3596 915 2777
f 2974 1662 5535
f 6637 7052 4269
f 1225 3288 1998
f 3885 5155 3776
f 6638 6451 2861
f 898 4699 3261
f 1148 7357 6099
f 3437 3451 3192
f 1580 4464 2567
f 5906 5367 5705
f 5122 4801 3948
f 874 8014 6904
f 5419 4413 2636
f 3138 2740 1053
f 3396 7057 7655
f 4532 1381 4739
f 1793 4289 362
f 4445 4790 5524
f 7997 2869 1618
f 5902 6150 3397
f 4476 4760 4751
f 4951 5583 2299
f 2986 3963 165
f 5394 4862 5750
f 964 3903 4322
f 7078 6934 6852
f 3460 3096 807
f 837 4722 5692
f 772 2697 1155
f 7799 3928 2809
f 2497 1822 4328
f 198 3069 2055
f 3386 3127 3672
f 3569 1198 3767
f 3200 2349 1612
f 100 757 2605
f 5337 6608 1274
f 5290 671 5261
f 5272 4825 1696
f 7709 2325 315
f 1260 985 3118
f 1324 6380 2793
f 5633 2369 3636
f 1240 3595 2097
f 1436 4569 2411
f 3998 6526 2946
f 2297 5861 2851
f 2647 4358 5089
f 5582 1993 990
f 4930 4477 2943
f 6640 4610 3409
f 15 5254 675
f 1170 845 2434
f 1673 2870 6774
f 3040 3669 4503
f 1086 5772 3692
f 4047 1832 1810
f 3872 6953 4784
f 5652 358 365
f 5074 3270 1705
f 5197 4015 5697
f 5501 7255 6449
f 909 4314 1794
f 5326 5630 3506
f 491 4788 1791
f 3682 2707 3736
f 4605 171 3710
f 5597 4105 4481
f 1287 2609 4093
f 4608 2628 2125
f 424 6503 799
f 1730 7877 7795
f 4869 3295 4909
f 6868 6133 3762
f 7658 4071 7769
f 373 3553 2070
f 4815 700 924
f 1 3661 4868
f 1366 5799 2298
f 6217 5922 6641
f 3188 2149 1534
f 1536 1660 1971
f 4198 129 67
f 2270 3858 5233
f 2757 2919 3330
f 1301 4903 4869
f 4464 1580 5741
f 243 2138 2911
f 3666 4466 5137
f 1930 193 4286
f 3434 6089 1613
f 2873 4992 3944
f 2982 5803 2346
f 5717 4116 286
f 4438 1610 2984
f 2454 2866 2610
f 3143 813 5521
f 3696 2036 980
f 766 7884 2786
f 3744 782 5804
f 4502 4486 4564
f 616 591 633
f 2187 3233 2617
f 3276 3316 2570
f 5199 3432 5200
f 1273 348 54
f 1303 5274 4471
f 2675 2322 550
f 5445 2687 3327
f 2062 1425 193
f 2603 4711 4683
f 2329 2094 2088
f 1107 3168 642
f 1361 6891 4235
f 1827 573 3674
f 1359 5762 1393
f 6645 6646 1202
f 1468 747 5144
f 1504 3533 13
f 1401 2315 4342
f 2244 5427 822
f 6760 2862 1620
f 3859 7814 2763
f 5579 4325 4964
f 1030 2434 845
f 4972 5560 2521
f 3790 830 2359
f 3989 6648 6519
f 3368 3870 5017
f 5495 3261 2950
f 1407 6966 7000
f 4747 3793 7283
f 5124 869 5464
f 4464 800 5361
f 1416 512 889
f 4797 4634 139
f 1303 3075 3066
f 6392 6772 1475
f 3292 956 3001
f 3674 7407 2536
f 963 5415 736
f 5454 5333 1531
f 2773 1774 5544
f 5742 6262 2537
f 1365 3044 4133
f 3451 1495 4108
f 4481 4244 5597
f 4839 5410 1563
f 4927 142 4672
f 6838 2230 4272
f 1147 2380 1023
f 1056 4283 5371
f 2483 3936 521
f 3712 5647 3780
f 5143 4282 1893
f 4268 3892 1644
f 3533 2550 13
f 4243 1667 1454
f 3463 2699 3481
f 786 167 7674
f 1559 1943 470
f 4244 3809 4612
f 4273 5232 1292
f 155 4191 1812
f 4964 5037 295
f 1583 4437 3237
f 6649 4788 4769
f 6547 6650 144
f 4652 4998 4550
f 5180 4070 4625
f 5559 4979 2387
f 5057 2098 7891
f 2759 5777 4435
f 2608 790 4633
f 7033 6839 4310
f 5135 3902 4664
f 3008 6797 6977
f 1352 1709 2808
f 4007 6376 843
f 3727 666 3635
f 7502 7501 7562
f 3591 2668 979
f 6931 7320 3473
f 1872 1182 3160
f 1918 2359 830
f 5323 3736 1302
f 1560 827 1892
f 645 7790 3331
f 1437 6553 1642
f 2605 6049 100
f 3436 4625 4201
f 1813 1812 4191
f 535 392 390
f 5171 5329 4551
f 5396 6844 1410
f 1266 984 1807
f 4748 338 4338
f 3576 1748 980
f 1276 7797 1961
f 4465 2125 2628
f 2463 7801 2615
f 1373 8015 1263
f 393 2551 3465
f 1734 145 5451
f 1098 276 3877
f 2416 4603 5624
f 7034 6977 5572
f 5804 4312 2613
f 4749 2735 2571
f 1239 5605 849
f 1882 6866 5695
f 5443 1390 1002
f 3494 2556 1571
f 5415 963 1342
f 1010 3981 5099
f 5618 7806 2355
f 5633 230 2292
f 1694 4612 3809
f 6398 6529 4939
f 2559 5811 694
f 4 3067 1608
f 3529 1659 5440
f 4810 924 700
f 4409 2822 2702
f 1675 4186 1579
f 7502 684 5669
f 1872 7463 2156
f 103 1061 3067
f 7002 4731 3297
f 6678 1626 3019
f 4304 4592 1049
f 1162 2909 2219
f 6308 2513 3361
f 533 5691 2099
f 1874 4659 5428
f 5111 3882 2264
f 7889 4065 707
f 1277 1227 3472
f 5706 5736 2101
f 5278 7839 1979
f 2402 3900 4397
f 4552 6735 3493
f 4553 7414 4724
f 298 2030 1505
f 3136 4020 3020
f 2060 7187 6777
f 2780 4847 7954
f 4907 46 1561
f 5855 1720 3450
f 4037 3481 5285
f 4950 1432 240
f 3570 945 3428
f 5282 5690 5048
f 1355 2993 1444
f 6867 3177 3189
f 2194 3165 675
f 1426 4215 85
f 2097 3528 5010
f 500 1958 4237
f 5090 644 2599
f 3566 1574 897
f 5048 2303 2734
f 3737 7984 5063
f 1727 6632 3744
f 6198 4179 6619
f 5211 4019 1555
f 4750 6259 248
f 6959 6910 557
f 295 4747 3210
f 7859 3065 7678
f 52 3547 4628
f 5483 7895 4399
f 3468 153 2561
f 4308 2413 1465
f 4998 930 4550
f 4537 7195 3340
f 6074 6633 6374
f 4687 7053 2262
f 1060 5231 3293
f 4445 5208 4763
f 4273 1938 3223
f 1802 7156 1988
f 4162 1346 4528
f 3951 7512 1035
f 1795 1192 3294
f 5039 1368 1160
f 5754 4599 3241
f 3756 5092 4970
f 3742 4422 5006
f 5633 2292 318
f 5921 7802 3424
f 6164 6089 5988
f 4030 2717 1151
f 1393 5762 2644
f 1954 5632 996
f 1198 4861 3767
f 694 1382 4395
f 6656 123 26
f 3616 1431 2646
f 22 1970 3044
f 1471 5047 3384
f 678 5842 4063
f 5342 5708 5863
f 2731 3900 5160
f 2521 638 4972
f 7919 5968 6311
f 4696 3708 1185
f 462 5433 6815
f 1161 4583 439
f 2659 6060 6659
f 4013 4800 5524
f 4469 6349 3611
f 1897 4495 340
f 4549 4112 4870
f 2507 2466 537
f 6328 5275 2448
f 2316 1571 2276
f 2421 3607 655
f 4232 1209 1626
f 4924 5711 3848
f 3162 2344 6568
f 912 2929 5569
f 2197 5279 5201
f 1629 4723 5532
f 636 4968 2587
f 417 1213 4313
f 5852 4924 616
f 2963 6877 1254
f 1493 3960 2660
f 1577 951 423
f 4610 2010 3406
f 183 2126 4691
f 71 2109 1398
f 7149 6246 6382
f 5150 5400 4036
f 1423 6199 443
f 1566 1796 5103
f 1948 1542 1176
f 5796 4826 1511
f 3213 2973 3024
f 4436 1777 5606
f 2745 7246 3412
f 5223 5168 578
f 1239 1742 5605
f 1797 7625 710
f 5442 3048 5458
f 4732 1597 4727
f 1923 5426 1998
f 4297 5125 5097
f 1579 85 4215
f 3920 3043 3366
f 2475 5463 1695
f 1105 2181 7665
f 8020 4478 905
f 5623 6862 4717
f 4387 4184 1138
f 1436 2411 5491
f 1486 6609 6937
f 6058 5878 2565
f 1553 4296 7652
f 6557 3378 3565
f 3752 3233 1237
f 157 4914 3899
f 87 4160 2923
f 5065 5715 3678
f 5441 2265 2684
f 3060 1585 6917
f 1763 2697 1021
f 401 159 688
f 7026 4615 3924
f 1404 6128 5975
f 163 4958 5101
f 2826 2566 2986
f 5537 5015 5232
f 1488 932 2129
f 3738 7701 475
f 593 7928 4006
f 4964 1134 5579
f 171 3751 3710
f 1675 5316 4186
f 2456 1129 7552
f 1138 4669 5426
f 5101 4958 1073
f 2830 1401 4342
f 6495 6837 3238
f 175 721 3715
f 133 3049 2346
f 503 4525 1248
f 2717 4030 3335
f 422 7041 6930
f 2515 6806 7542
f 1970 84 18
f 5158 5875 3726
f 4981 4967 3754
f 5767 5191 2324
f 2996 693 367
f 4616 3822 2110
f 1621 3833 5502
f 747 4396 3889
f 2562 6664 5287
f 3604 6891 7042
f 7043 6890 3614
f 5531 4833 3112
f 3090 244 2456
f 5336 2496 3513
f 6094 4149 3982
f 2762 4183 5349
f 232 5001 546
f 5191 1977 2324
f 2786 7791 766
f 5110 332 3225
f 4851 1838 4758
f 5625 4946 4454
f 1954 4670 5632
f 5130 4433 942
f 5386 2687 4660
f 5207 5877 3865
f 5460 2970 1929
f 7702 3198 5844
f 5187 3426 2601
f 2232 70 754
f 3539 1059 3536
f 6903 1422 4046
f 1303 5062 3075
f 963 736 904
f 2388 4457 3827
f 461 6446 6552
f 4031 1433 4690
f 4768 4229 5051
f 3764 1555 4019
f 77 2348 4771
f 97 5749 1253
f 3791 1147 69
f 2993 5453 3234
f 4693 906 1519
f 1170 893 1519
f 7326 2201 1484
f 615 4231 1286
f 2656 3983 2197
f 1943 4728 3212
f 3104 320 109
f 521 2212 579
f 659 3241 4599
f 2465 5510 5006
f 3298 1509 2258
f 3370 955 3493
f 2894 4523 7583
f 1607 5448 5508
f 6867 7099 1950
f 1317 53 1884
f 7013 4061 2700
f 1371 1976 4206
f 3611 6349 159
f 528 746 1848
f 6668 6703 6457
f 2894 4282 3783
f 3737 7805 2770
f 3769 1708 2257
f 4485 2959 350
f 4627 3402 4529
f 1512 7693 4990
f 900 1624 2175
f 1154 3141 1167
f 1039 4569 2008
f 6451 2698 4881
f 1723 3550 2806
f 987 7323 3235
f 4573 3444 5768
f 4347 2705 2701
f 7673 4542 4473
f 2784 5175 2304
f 834 152 2821
f 4179 4728 2994
f 234 2196 3686
f 4054 4137 2523
f 2712 6672 6542
f 6864 685 5169
f 6533 50 1627
f 26 7101 3639
f 5194 5416 740
f 2494 4096 1065
f 4288 37 1921
f 6419 3026 6035
f 3505 4880 4886
f 6929 7202 1044
f 906 4693 2245
f 5454 5502 207
f 1433 5659 376
f 787 4204 5818
f 7044 1550 5755
f 3863 1590 3216
f 4414 701 996
f 3394 5599 4681
f 6671 7157 5311
f 4931 3903 3631
f 7595 4690 376
f 4792 2979 4000
f 1909 1053 1576
f 2745 3814 2399
f 2968 4730 2086
f 4839 522 5410
f 5492 6494 450
f 3315 5071 5070
f 3839 1803 1541
f 385 4182 3443
f 683 6796 2326
f 5301 3067 1061
f 7597 2152 6597
f 2375 1949 1350
f 5080 5479 2387
f 1108 652 1124
f 3395 7324 3724
f 5595 5911 5204
f 2261 4239 1548
f 3418 5052 1343
f 4539 3485 1419
f 3508 3631 3903
f 3798 2945 2288
f 113 7350 5780
f 4555 577 2708
f 3716 4162 4528
f 3993 4640 61
f 4522 5566 4016
f 2992 180 4569
f 192 1735 5186
f 864 3796 1089
f 3684 4624 4954
f 853 3156 4660
f 436 438 1348
f 7510 7637 3402
f 3029 5875 1051
f 4917 6200 3332
f 6245 6628 6084
f 5489 4666 5541
f 6810 5152 281
f 3393 6192 698
f 3696 1748 3706
f 1989 2780 29
f 2225 389 2735
f 959 3271 5334
f 3174 6882 2347
f 3624 1751 3899
f 4497 4701 4841
f 2958 6675 6293
f 2810 176 6409
f 6676 5974 5964
f 5708 5342 5525
f 1105 1156 340
f 591 3848 2994
f 2581 1695 5297
f 3715 1729 175
f 3123 5849 3081
f 4479 444 3020
f 6066 7902 6333
f 510 4400 2666
f 5222 631 6973
f 5597 4631 352
f 5350 3179 4558
f 176 28 399
f 5152 3441 5257
f 5349 7251 2744
f 3527 1331 2285
f 614 3366 3043
f 2783 637 2234
f 1925 4173 5866
f 769 434 640
f 1595 4764 5881
f 4047 5788 4663
f 2094 2329 5170
f 1672 5393 4907
f 3431 3980 5161
f 1365 4412 2722
f 5789 2997 2622
f 3096 3679 613
f 4694 5506 4306
f 5558 3766 3970
f 2248 3381 5303
f 255 4567 161
f 78 2320 2141
f 2606 7325 4403
f 1990 4165 2652
f 4480 5511 1087
f 1854 2617 2044
f 773 2672 1502
f 1754 68 455
f 5436 4424 1682
f 2435 2910 4896
f 7619 4661 3315
f 689 8016 8007
f 5101 5836 5604
f 4921 3134 1882
f 6171 7799 196
f 2656 1411 2645
f 6818 1046 6789
f 4646 4003 3363
f 1737 2965 4217
f 4602 1164 8001
f 4423 5447 2321
f 3715 721 2065
f 6275 4949 6449
f 517 6533 4280
f 7489 3119 1238
f 2154 702 5348
f 1812 1813 2270
f 4990 3977 3484
f 1954 923 4670
f 6796 7049 2326
f 2291 1186 3720
f 5620 3590 2692
f 643 1556 5865
f 7466 7498 2372
f 1852 154 5020
f 1277 3259 3256
f 5274 7756 196
f 3002 3154 5531
f 6359 1922 1578
f 5747 5743 3347
f 1814 1107 642
f 74 1811 1168
f 3829 2820 1116
f 4929 4095 164
f 7050 6974 4715
f 7207 1800 2363
f 2995 402 5674
f 7051 4644 253
f 112 2402 4397
f 4452 4913 4490
f 2272 1540 4746
f 4998 2873 4419
f 788 2704 5149
f 6866 5618 92
f 2253 2170 1716
f 3641 5801 1248
f 3223 971 4273
f 79 4072 5613
f 1811 647 2671
f 4740 4317 3895
f 149 2252 4018
f 1802 526 519
f 2399 2758 3265
f 3969 5104 2750
f 5598 1603 2142
f 7246 2433 5169
f 2491 5133 5739
f 176 4893 6831
f 7708 7253 6206
f 5020 2629 3884
f 6545 4960 519
f 4246 2198 5098
f 1521 419 4794
f 6524 5886 6506
f 5830 1482 3643
f 3946 5045 1449
f 6683 4055 6274
f 1953 4407 4233
f 2901 5120 2900
f 4499 3280 3311
f 1985 2774 3617
f 2347 2361 2747
f 2428 318 2292
f 6214 4253 3010
f 5700 1228 5195
f 2918 2623 5879
f 3118 5546 5465
f 997 1047 3901
f 2816 7563 5470
f 3567 6237 1899
f 2242 2186 1154
f 3626 943 3673
f 4913 197 4303
f 1034 4140 1492
f 5597 1473 4105
f 7782 1170 3992
f 1731 7225 6186
f 1328 2841 3453
f 5776 2764 3219
f 7883 3772 3301
f 7113 7682 606
f 2704 1498 5149
f 6713 6684 6352
f 7887 2676 4311
f 3888 5045 950
f 1875 7973 718
f 2787 2486 2821
f 5068 3897 2356
f 518 3790 1484
f 5062 4018 3075
f 3694 1767 737
f 1868 2024 4920
f 4536 1187 5638
f 2911 1356 1688
f 3579 3445 2824
f 961 5832 5514
f 3455 5361 800
f 717 354 451
f 3203 3219 5736
f 4948 501 2457
f 5571 2302 5610
f 2985 1569 1762
f 3058 3748 3527
f 1185 3753 5294
f 1984 2767 1976
f 2217 2216 6820
f 3377 1441 4349
f 4014 234 559
f 4822 2516 3248
f 919 2460 3901
f 5107 5757 373
f 3401 7745 5173
f 3466 2912 5442
f 962 1379 2825
f 3435 1468 3377
f 912 315 2325
f 876 371 4130
f 4392 7766 4138
f 1041 7681 4199
f 5599 7576 5016
f 4173 5265 3898
f 5317 1487 2504
f 4630 4645 5450
f 5451 145 4676
f 3660 4239 5212
f 2206 3154 3002
f 1039 2008 513
f 2901 5129 5120
f 2266 4581 4917
f 4657 7456 5729
f 341 840 4224
f 2604 5127 5092
f 999 7317 1549
f 2460 1697 4911
f 2704 2701 2705
f 362 5049 1793
f 5029 2169 3782
f 3306 6687 5873
f 4041 5952 5632
f 5428 3516 2487
f 54 348 5195
f 595 633 591
f 4106 1055 4394
f 7803 1691 1291
f 7940 7684 1264
f 397 5324 4249
f 5135 2224 4621
f 3131 7706 316
f 988 3760 5303
f 6285 6371 4224
f 5094 284 4736
f 101 43 4297
f 5056 5239 5822
f 1719 2024 4270
f 2715 3862 5340
f 2964 5307 1663
f 6122 572 4855
f 4287 2015 4284
f 5749 6911 1619
f 2875 59 539
f 577 3521 3097
f 250 456 1397
f 6634 1023 2380
f 1954 996 701
f 3477 4663 2595
f 939 5696 1760
f 3302 5135 4664
f 3272 879 4472
f 3399 3932 3940
f 1976 1371 1936
f 6065 6066 6333
f 7189 1834 8019
f 4462 4093 3188
f 4161 1901 1037
f 767 708 3201
f 4979 846 2387
f 8007 2219 532
f 5694 1034 4629
f 1047 2584 913
f 4656 143 639
f 1350 514 5553
f 527 4999 352
f 15 3165 1267
f 5805 2261 1548
f 577 2960 2708
f 7332 4921 5712
f 2992 4569 1436
f 1658 7617 5162
f 3292 3001 6419
f 3071 5312 2517
f 6654 6157 1516
f 385 2636 6071
f 3736 2707 1112
f 2771 6309 6503
f 3489 3781 5590
f 5507 1324 4951
f 3411 1542 1948
f 642 5036 3445
f 1536 1971 1794
f 7119 3189 3177
f 4235 3054 411
f 4742 2854 1033
f 3791 3933 1147
f 5795 5106 1934
f 1610 5713 1757
f 5424 5969 4982
f 6708 4849 2273
f 19 2283 3880
f 4350 3361 2513
f 4427 7666 53
f 5303 5304 988
f 5391 4913 5786
f 5462 7888 4639
f 52 7833 2848
f 261 932 183
f 1181 2103 3709
f 5756 1348 3166
f 775 666 3727
f 7057 5011 4146
f 6999 7282 2768
f 3999 5086 821
f 1383 4655 1099
f 4947 5461 17
f 490 6358 1166
f 243 6788 3815
f 375 1364 5399
f 7030 3129 4307
f 6829 2977 1369
f 223 3371 1750
f 1468 866 3377
f 4162 3716 4271
f 2265 6848 7022
f 468 329 1742
f 2254 3658 898
f 2918 5879 1933
f 7059 5012 2848
f 6760 5753 2862
f 1101 4558 1686
f 4635 7598 1777
f 5595 5204 393
f 1454 5365 4243
f 1344 3498 1741
f 4667 355 1892
f 5154 5554 3303
f 1389 1169 1575
f 958 3477 2595
f 2072 6858 5589
f 3055 3748 5850
f 1123 5393 5439
f 4094 6690 3429
f 4621 5647 586
f 627 1029 5416
f 3177 3917 5339
f 2465 6510 473
f 2783 2234 1662
f 991 1696 4825
f 5562 3577 5515
f 5333 5454 3242
f 2581 5329 5171
f 5523 1814 3487
f 5823 326 5783
f 5583 6312 4636
f 384 2324 1977
f 2370 1774 3428
f 7949 2884 5549
f 4919 1441 1311
f 1377 4111 7803
f 6127 6273 6661
f 759 5746 760
f 5918 2286 2240
f 5738 5045 3946
f 3732 3771 5198
f 981 3001 4557
f 1000 5032 3860
f 6286 1072 1526
f 6692 547 2331
f 5782 6564 5614
f 1441 879 1311
f 3437 2452 3451
f 1453 5312 1474
f 4557 3001 956
f 5887 1315 6228
f 2961 244 1082
f 1857 1443 3591
f 5199 117 5543
f 2757 716 2919
f 1083 3439 5061
f 3166 1348 865
f 4298 4480 3203
f 6739 4212 221
f 6485 4546 5157
f 433 524 742
f 488 3637 1568
f 6503 3225 799
f 1588 6693 1275
f 2380 1147 262
f 3111 4820 4884
f 1932 6639 3781
f 1048 3619 1066
f 1127 1650 1197
f 4931 6001 4322
f 1382 7994 5277
f 6272 6587 6581
f 2684 4878 1809
f 3390 1941 2040
f 7050 4715 6053
f 571 259 1946
f 635 4582 5876
f 19 3234 2283
f 1330 2384 2026
f 2622 4712 1756
f 2830 4342 936
f 109 7060 5018
f 6416 4337 5430
f 1696 6268 5272
f 2307 3295 4869
f 4921 7332 7266
f 1717 5849 5590
f 1950 5245 3917
f 2620 4050 347
f 5693 2621 4693
f 4877 1063 4850
f 4472 5130 3272
f 4531 1094 672
f 872 5238 578
f 2569 6696 5512
f 1939 6634 4725
f 4956 6913 6879
f 2151 5046 4372
f 2784 7540 19
f 3740 2654 5753
f 1176 4794 413
f 3330 438 3759
f 162 1191 3960
f 1911 3755 2038
f 1341 7333 32
f 405 7378 5291
f 188 242 1193
f 4041 5632 4670
f 2616 4783 4444
f 5372 5649 3531
f 7013 1823 4061
f 5828 4999 3285
f 2710 3388 3372
f 1080 5781 2378
f 832 7192 2397
f 4581 2861 4917
f 3078 3192 1590
f 2584 4493 2889
f 311 3856 4808
f 2998 3168 1107
f 328 695 5432
f 245 7337 173
f 3627 5504 2890
f 2813 3532 4632
f 972 1766 547
f 980 5335 3576
f 156 947 5514
f 672 2213 1055
f 1204 182 1723
f 4662 4419 4323
f 3608 4433 1854
f 2496 5336 5778
f 1635 4633 7175
f 1950 7061 5245
f 4665 4168 1761
f 1917 2791 3123
f 3320 390 303
f 3670 1438 4688
f 4973 594 4686
f 6698 2072 3946
f 2672 773 2997
f 1286 2310 615
f 1209 4232 2396
f 5328 6904 5081
f 4467 195 4109
f 6807 2877 2541
f 1047 2472 4493
f 4611 4571 2709
f 28 826 399
f 3434 1563 3459
f 4484 5547 4545
f 1561 5013 3964
f 5571 5610 5635
f 369 7800 4905
f 7607 4776 3793
f 811 2565 933
f 370 2378 181
f 169 2905 979
f 5765 5742 3112
f 5269 1852 132
f 6061 6677 6699
f 3667 5277 5310
f 7755 5321 625
f 5153 1300 2535
f 3070 518 3975
f 4117 2367 3683
f 4894 7335 523
f 2011 919 620
f 7114 6701 6600
f 6702 6538 6040
f 2791 137 3489
f 4872 4886 4880
f 405 5291 30
f 4155 3708 4985
f 1839 1129 1117
f 6956 3881 624
f 1766 972 899
f 43 2440 5125
f 5910 764 2887
f 6806 2515 3129
f 493 99 4339
f 2524 7165 4623
f 1821 3015 1767
f 562 4014 1980
f 3779 2311 4760
f 1612 720 4210
f 2563 3478 4135
f 2314 3754 3318
f 6148 6362 82
f 6656 6003 5890
f 4908 2147 3919
f 3123 3081 1917
f 6462 1927 554
f 5243 3531 5725
f 74 2548 1811
f 3061 4379 5527
f 3658 2254 5234
f 882 1725 1984
f 586 4555 4829
f 4393 1966 7581
f 2711 1076 1568
f 2255 1648 2628
f 4011 7698 4579
f 566 5858 2516
f 4653 2761 1876
f 2909 5730 1858
f 5281 5256 4440
f 5207 221 2552
f 330 3168 4011
f 5458 3048 5021
f 4512 1935 4157
f 2554 905 3142
f 3064 1572 1920
f 3285 263 5828
f 2 2351 5401
f 3681 1270 4288
f 5554 5476 1614
f 2476 2381 5874
f 30 70 2232
f 680 2519 4181
f 4054 3890 5067
f 4870 8013 4866
f 1388 7491 1839
f 3702 5399 2027
f 2478 2209 5226
f 4174 5565 356
f 7687 8012 1581
f 1750 3085 4237
f 1051 3042 3095
f 5191 5767 2895
f 727 8009 949
f 1710 2841 1328
f 304 5825 1927
f 576 6928 1496
f 199 7337 1261
f 5728 3215 4389
f 2634 2451 5058
f 3347 1406 5747
f 644 5090 2959
f 3296 3312 4251
f 4365 1871 3865
f 4228 3724 4226
f 2669 2668 3591
f 7869 3258 7728
f 2041 3535 728
f 3876 4073 3960
f 5320 866 1468
f 7278 4059 6968
f 3626 431 5359
f 297 1647 1666
f 2458 3217 5696
f 1393 3935 1391
f 5895 5643 1868
f 3794 5443 4359
f 2767 1867 4206
f 5725 4968 3494
f 363 171 170
f 395 3291 3061
f 2129 1795 2052
f 5348 3798 2154
f 1145 5812 4570
f 829 7255 5501
f 8002 887 5857
f 5986 5994 6413
f 1366 5723 5799
f 4732 4733 4736
f 1983 4628 3547
f 2690 3893 1399
f 4337 4341 5806
f 6822 260 2996
f 2514 3999 4319
f 2211 2457 501
f 3134 7266 1270
f 1606 5663 465
f 1045 5747 1406
f 783 3160 1182
f 1783 5727 2533
f 2390 1287 2096
f 4143 4294 2544
f 6705 6995 1972
f 6454 728 3535
f 5257 4095 4929
f 103 3067 4
f 4405 2423 201
f 4097 1249 479
f 3014 6316 2281
f 1493 3886 3682
f 5675 2440 5298
f 5118 6994 7946
f 669 408 2007
f 1108 4307 652
f 1384 591 2994
f 1849 2758 2335
f 2144 3552 4761
f 3414 5343 3492
f 1256 4711 5585
f 2844 6706 4536
f 4306 4846 4254
f 5766 5161 351
f 3402 4784 6953
f 3072 3928 4943
f 3110 3357 3915
f 386 541 3477
f 5662 2495 3246
f 5464 7271 5471
f 1855 2310 2602
f 3043 1013 614
f 7036 191 7067
f 7145 3081 3039
f 2665 3205 4012
f 1898 1537 1058
f 4000 2322 4792
f 3042 5473 3095
f 2479 3858 4647
f 500 2452 3252
f 2243 1360 2047
f 1640 4929 3789
f 2869 3360 90
f 6694 1592 5486
f 48 7006 4000
f 5396 5735 1075
f 5269 1011 1852
f 3629 5731 3812
f 3477 541 2748
f 1030 1505 713
f 4870 4274 4549
f 55 4804 4799
f 4730 3369 1587
f 4328 2840 2729
f 5723 5784 4972
f 5575 1234 2177
f 3174 3148 3264
f 2824 5616 3579
f 1255 3043 3920
f 4809 5685 1522
f 371 1316 4074
f 2308 2306 892
f 1901 4488 3843
f 7761 7802 2558
f 782 94 2249
f 2933 4301 2826
f 1986 4731 5698
f 2557 1030 2530
f 2643 6709 5692
f 91 3811 752
f 4177 4803 1259
f 3093 430 3948
f 2388 3851 4070
f 3902 5135 2951
f 6710 6730 7120
f 1128 4649 3150
f 261 1500 2129
f 1405 3283 2509
f 3009 4922 1255
f 5998 6683 6274
f 470 3212 3877
f 2961 2456 244
f 868 428 2620
f 5284 1215 4352
f 2082 3781 2910
f 3504 4259 4075
f 1219 6485 5157
f 3129 1588 1275
f 904 3906 963
f 3857 2366 1887
f 2671 1524 582
f 4111 1377 2627
f 6612 3100 6043
f 4977 6711 5309
f 4863 514 1800
f 72 5025 2723
f 7992 288 2772
f 2325 7709 166
f 6131 2696 3523
f 1805 452 4363
f 1907 7959 2794
f 7886 6800 2754
f 4820 3372 5873
f 2841 5759 545
f 508 5835 1020
f 165 3963 4676
f 2224 7697 5186
f 4759 2177 1234
f 2883 4984 5250
f 2541 3765 51
f 4005 3953 3887
f 4017 7936 1912
f 3040 2965 922
f 5816 406 5210
f 583 2154 2288
f 5519 2323 5189
f 4570 5039 1160
f 7043 7068 3998
f 2451 5599 2601
f 377 414 4301
f 7445 4160 4370
f 3353 4577 3141
f 1786 6444 4898
f 7351 2132 937
f 3621 4300 64
f 1831 5644 379
f 3873 3065 403
f 5280 2047 1594
f 5527 3359 4609
f 3250 4941 5149
f 2157 7689 7696
f 3942 219 847
f 5051 1203 67
f 5453 2308 289
f 7220 2184 2334
f 1665 1677 1116
f 4465 4705 2125
f 5597 352 1473
f 2633 6884 216
f 2550 4574 1177
f 5580 2630 665
f 1841 3664 2743
f 6569 7492 7647
f 5615 594 80
f 2293 5177 3348
f 7511 2025 5803
f 1583 257 1243
f 7000 4259 1407
f 1777 2413 3248
f 983 7067 2529
f 2052 1795 1739
f 1395 1476 1464
f 2849 7654 3159
f 3133 904 287
f 3852 4156 4523
f 5843 1889 3683
f 3757 607 2584
f 3932 3380 1294
f 3951 1035 1528
f 2593 2063 3925
f 5275 3031 3910
f 1160 4522 1469
f 2295 4760 2311
f 3684 4954 1943
f 4330 7795 707
f 1107 1814 5523
f 2829 5273 2166
f 4757 3341 1308
f 4202 1043 967
f 1260 1866 38
f 3131 3826 4707
f 540 4272 1316
f 41 1173 5561
f 2149 2607 690
f 115 6282 2218
f 4067 5381 4745
f 1137 973 4468
f 23 3599 414
f 1648 2214 3447
f 4688 5495 542
f 1317 1884 1153
f 4926 2641 1993
f 2426 2196 562
f 1700 3417 1354
f 4797 4945 4634
f 4126 3513 2496
f 1083 2528 1921
f 5970 4001 3658
f 4979 3107 846
f 4803 4177 4102
f 3581 4707 3826
f 4067 3534 3571
f 3377 4349 3435
f 5737 7071 5562
f 1947 33 397
f 4234 3597 4857
f 3791 858 2028
f 1262 3095 5473
f 1489 3117 3120
f 2073 3052 3391
f 4607 609 5402
f 6389 6443 6716
f 1666 5055 297
f 2323 1232 5570
f 4966 4837 368
f 2828 970 4420
f 301 7281 2165
f 1865 1967 3336
f 1708 2747 2361
f 4270 1770 3804
f 3716 4528 4246
f 939 1461 3997
f 4102 3194 4119
f 523 7335 3032
f 4587 2377 4619
f 939 3997 2538
f 4792 5183 3584
f 5545 5788 492
f 1795 3294 1739
f 131 2814 2934
f 1609 2382 3769
f 2000 5283 4346
f 4797 1828 4945
f 2758 1341 3265
f 6286 7037 4817
f 1440 5681 3253
f 7608 7559 3714
f 3146 3636 3232
f 3547 899 972
f 6618 6728 1557
f 4451 5143 5385
f 5563 5208 467
f 923 2168 2811
f 4684 4466 2424
f 4901 4983 1713
f 5022 5201 231
f 2574 4854 5693
f 1272 3833 161
f 195 45 4109
f 4440 4092 5281
f 1563 1753 4839
f 2669 3591 1443
f 2684 3990 4878
f 154 1011 330
f 1608 2128 4
f 3177 6867 1950
f 198 2535 1300
f 682 4962 1366
f 4109 877 4467
f 2547 1819 5511
f 1033 1121 2251
f 3570 3224 945
f 776 7076 442
f 1919 5139 1361
f 1475 6772 3730
f 5203 179 1136
f 2092 5774 674
f 1387 2904 2057
f 4211 4119 3968
f 315 912 2050
f 5279 1018 5201
f 230 3222 2292
f 5453 2993 2308
f 859 5640 735
f 5322 1776 222
f 1069 4849 2162
f 2268 1148 7807
f 3305 2015 5173
f 5713 1711 1757
f 1685 3175 3552
f 7425 4300 58
f 5834 3019 1626
f 5443 7170 4594
f 6886 3875 2773
f 3094 4142 2686
f 2073 3391 3730
f 1933 5879 5733
f 3169 1595 5828
f 2967 3615 2013
f 2793 5778 5336
f 2211 501 1421
f 4238 1194 4223
f 1796 4952 3796
f 7079 3158 5940
f 1409 1297 3215
f 1815 2088 5589
f 1048 820 116
f 3685 5557 317
f 2147 7212 4560
f 2250 6795 3930
f 3373 6967 5315
f 3736 1112 3735
f 4563 3796 4952
f 863 7092 1339
f 5061 3439 617
f 1451 3367 4940
f 5758 4452 2070
f 3598 4109 45
f 7665 2099 5691
f 3344 4495 3673
f 1672 2274 5393
f 5380 5523 2319
f 4095 5277 2035
f 3890 3413 4634
f 6817 459 7726
f 4208 540 371
f 3062 5879 2623
f 5391 254 4490
f 1366 2298 660
f 4425 2057 3711
f 184 7420 3810
f 4481 3531 5649
f 6141 1654 5785
f 4490 254 5107
f 1471 3384 5390
f 3638 1206 2907
f 3673 2879 3344
f 2230 1316 4272
f 1327 5319 5314
f 2220 2503 5810
f 3181 7584 4175
f 350 2959 5090
f 7295 2799 3099
f 2414 3625 1113
f 6887 4668 4629
f 1168 4363 452
f 2384 3278 2026
f 2000 5742 2537
f 2086 1337 2107
f 5352 5542 2733
f 2533 2205 1623
f 7224 6305 7136
f 3368 3028 1355
f 4689 7882 1125
f 4307 1108 4388
f 2532 4353 4808
f 2996 367 6822
f 7284 6808 914
f 846 4983 5080
f 549 5183 2322
f 355 4098 2696
f 188 6022 3652
f 4177 2807 1706
f 3701 493 5175
f 626 3632 4410
f 1708 5774 2092
f 252 2575 138
f 6335 6210 6116
f 1017 5566 4522
f 2027 4933 2921
f 5566 5650 3448
f 441 1549 7317
f 5323 1302 2649
f 3136 3020 5712
f 1896 3564 1949
f 5410 3459 1563
f 7808 2644 5762
f 831 4959 1917
f 5116 4040 1142
f 1440 3063 852
f 4363 1168 582
f 3741 3818 1386
f 2709 3079 5646
f 471 3360 567
f 569 516 1340
f 6512 6808 6662
f 6847 6722 337
f 4525 3641 1248
f 2358 2936 2891
f 1554 1327 584
f 4388 1929 1225
f 1985 5846 5147
f 1624 900 3503
f 206 5652 365
f 5455 6998 1762
f 3347 4451 1406
f 7027 7285 3309
f 3471 2236 2136
f 1340 516 1112
f 2038 7079 1911
f 2821 152 2787
f 7480 1881 5327
f 2948 4135 3478
f 1726 4856 292
f 3722 7233 5148
f 438 802 3759
f 6491 6123 6499
f 414 377 381
f 791 3686 725
f 54 5195 1564
f 1132 4575 3661
f 4705 4465 80
f 477 2114 3824
f 6364 6718 6599
f 2462 1548 4239
f 190 3311 726
f 5350 1937 608
f 6651 1190 4975
f 919 3901 1047
f 2415 1535 2967
f 4509 5058 2451
f 4600 3597 4847
f 2418 1032 2417
f 4437 1583 1243
f 5658 2422 2406
f 5309 855 4977
f 3520 5027 3869
f 5791 7080 4516
f 3930 5210 2250
f 4432 3818 3741
f 6704 6469 6676
f 1157 7016 4455
f 5680 4827 7513
f 5090 2599 5419
f 4801 2614 3093
f 546 48 5513
f 2085 519 526
f 5206 4619 2377
f 3104 4348 4572
f 3412 3609 2745
f 4185 3163 104
f 1367 5145 1905
f 6672 6723 3019
f 7305 7009 4752
f 3728 726 3280
f 4421 94 782
f 5799 4449 3339
f 468 1742 1239
f 3536 7331 5011
f 2915 6932 5766
f 3931 1753 5412
f 3377 879 1441
f 4616 2110 4446
f 2282 909 1527
f 2713 5704 1240
f 2718 4028 4650
f 3495 4995 4980
f 1349 7081 2542
f 4757 1308 1068
f 5862 4134 5854
f 201 3026 6419
f 4504 162 4042
f 2758 3814 2589
f 941 4151 3880
f 3894 3076 185
f 2044 4305 302
f 3266 891 1530
f 3813 5740 3866
f 1307 4225 3358
f 3532 1142 4040
f 1440 3253 1768
f 404 1657 4802
f 445 2803 809
f 1732 7939 4963
f 4983 2023 5080
f 3762 7366 6868
f 3218 7812 5773
f 1612 6274 3200
f 4889 918 2248
f 1190 4826 4852
f 1282 1299 296
f 1904 5203 1136
f 1158 546 5001
f 3863 3078 1590
f 2945 2879 2288
f 4717 5534 5623
f 4841 4834 4497
f 4616 4394 1055
f 2022 7468 4933
f 5454 1531 1621
f 7908 6585 6301
f 7613 7617 3198
f 5560 4972 5176
f 3179 608 2817
f 1584 313 2842
f 347 2987 868
f 3400 3672 5422
f 1582 1932 4260
f 5458 3092 5442
f 6431 6876 4216
f 1066 820 1048
f 7299 7671 4384
f 2668 4655 1114
f 2823 505 2542
f 2736 2355 4816
f 1110 1733 2458
f 2947 1065 4172
f 1973 2009 3195
f 6224 5576 6279
f 4075 670 5570
f 4577 1472 5148
f 2634 2802 1143
f 3686 142 234
f 3461 5290 2802
f 603 1100 3416
f 4755 6971 4639
f 3324 3551 1048
f 6357 2946 6636
f 4494 2362 5620
f 3278 1116 2820
f 15 675 3165
f 275 5195 348
f 4647 2270 1813
f 2183 1980 4014
f 2820 4196 3278
f 2338 7695 5848
f 3758 2111 4148
f 1498 2705 1507
f 2652 1476 1682
f 5041 2600 5524
f 697 5104 5677
f 2720 5051 4229
f 898 1088 4699
f 4076 5619 610
f 4389 4782 4838
f 5226 2209 3407
f 7956 1042 5781
f 328 207 5502
f 944 775 2053
f 3084 7938 2776
f 7614 2921 205
f 8018 7810 4543
f 423 5214 1577
f 3415 2923 4851
f 7883 6708 4650
f 2176 7351 7344
f 3555 5404 3148
f 4439 1913 3239
f 5778 6 767
f 6787 1807 270
f 330 1011 2664
f 4420 4634 3413
f 6792 102 1179
f 2041 280 3706
f 3227 841 5574
f 3349 1785 4499
f 6712 3269 1878
f 3685 3232 5327
f 5843 3683 3933
f 2173 2986 165
f 6978 7085 6955
f 3158 7086 4477
f 5039 5812 440
f 5273 682 1945
f 6588 6726 7646
f 6938 2701 3056
f 5486 969 3216
f 6512 6662 6551
f 3940 3410 3399
f 2232 2659 1103
f 3795 1231 3543
f 2340 5321 1734
f 3068 1384 4954
f 2365 3382 2908
f 4660 3156 5386
f 3407 3352 5226
f 3673 4495 5366
f 1545 5659 1433
f 389 2571 2735
f 390 392 291
f 5108 4415 4470
f 694 4395 2559
f 2919 3258 3330
f 544 5867 2209
f 7959 4416 2794
f 4096 4172 1065
f 1712 1070 1479
f 5497 4862 4825
f 5601 7759 4024
f 2688 1554 355
f 2652 1459 1990
f 6011 2893 1103
f 1080 4086 7956
f 5267 2887 764
f 7672 4877 146
f 3957 3802 4539
f 2461 2263 2056
f 1044 7675 6929
f 3480 7543 6473
f 1094 2289 4936
f 129 5882 3728
f 954 5793 1405
f 6575 6652 7948
f 5522 7437 2680
f 2640 1235 7751
f 2980 1477 3270
f 4055 3200 6274
f 987 1886 5753
f 5076 5330 3106
f 2453 4886 4872
f 4559 2412 3659
f 1202 249 3483
f 2610 2866 1279
f 4618 3521 3712
f 3986 760 5746
f 3965 3528 3595
f 667 1754 678
f 222 2989 5322
f 1862 4435 2016
f 284 3287 525
f 325 6440 763
f 5987 6616 6615
f 2040 1249 3390
f 4302 78 3291
f 7544 6915 1335
f 4897 6570 5909
f 1088 511 5215
f 5718 7017 4716
f 4194 3492 3534
f 6971 4755 3346
f 1775 7179 2161
f 622 632 3306
f 5477 5100 4783
f 3022 4862 5394
f 927 151 5113
f 639 4868 3408
f 1415 366 361
f 2111 1671 4894
f 5513 48 2979
f 4498 2828 4938
f 2728 4837 4334
f 3538 3450 1720
f 1430 8029 5267
f 4833 4568 7509
f 1659 819 1506
f 3471 2136 55
f 6752 2039 4636
f 1125 3650 4689
f 1815 2329 2088
f 3837 5607 3774
f 4397 3705 5262
f 2180 2569 5512
f 4802 4975 404
f 6865 4069 3376
f 262 1147 3933
f 401 688 4266
f 1698 2752 998
f 3922 5700 5703
f 3107 3132 3287
f 7577 3701 4151
f 5950 5244 4554
f 85 1289 1426
f 3946 5589 5738
f 586 5647 5083
f 1822 1931 4328
f 5284 3602 1215
f 1112 516 3735
f 3799 2660 753
f 1529 1492 4140
f 2946 4107 3998
f 3794 4034 5413
f 2423 3867 3267
f 1274 218 813
f 1171 4062 431
f 3442 7785 3488
f 513 7525 7424
f 6728 6558 1557
f 3897 5068 3098
f 2765 7300 143
f 5839 7735 3805
f 1057 7514 3157
f 2521 5166 3369
f 3597 4234 2511
f 2206 4346 5790
f 226 5085 1435
f 4252 977 1598
f 1311 5365 1447
f 3791 69 858
f 3787 4940 4241
f 462 3941 5433
f 3233 1007 1237
f 6686 5684 5919
f 3235 7015 987
f 6112 6962 548
f 852 5660 4734
f 3299 741 590
f 6624 6043 7553
f 3999 821 4756
f 5307 3859 2763
f 959 5334 3195
f 5799 638 4449
f 5148 1472 3722
f 5829 2640 4072
f 342 119 3433
f 851 661 4689
f 3923 2973 3213
f 3068 4954 4624
f 5773 6832 7039
f 640 434 572
f 3470 5503 1685
f 3463 3481 2033
f 488 5260 3637
f 4694 5541 5506
f 1561 1672 4907
f 1647 297 2144
f 3061 6942 5841
f 3273 2527 4233
f 1120 5037 4325
f 2947 2162 5481
f 890 3458 3825
f 2107 2968 2086
f 107 5176 2717
f 4204 6670 6326
f 1457 4029 4127
f 5402 2494 8036
f 2285 3058 3527
f 123 2501 1353
f 1094 5574 4697
f 5646 3079 556
f 2616 4444 4704
f 3735 1262 4142
f 4650 2273 3918
f 5031 1955 3012
f 2931 4936 2289
f 4708 3335 134
f 2945 1533 2181
f 1184 6743 239
f 4433 5130 3334
f 5266 5333 2927
f 3877 1843 470
f 1736 5383 1418
f 6698 1449 5869
f 2674 4882 5490
f 789 2851 333
f 3589 6474 3487
f 1027 733 5701
f 245 1028 3543
f 7632 5459 5466
f 3447 2628 1648
f 5644 6690 7018
f 218 5517 813
f 6054 6730 2844
f 714 1715 3304
f 1470 329 4417
f 2730 3283 2657
f 5188 779 2924
f 2914 5146 5159
f 4803 4102 5437
f 5692 4934 2643
f 3697 918 4889
f 3820 2391 2257
f 3316 7455 3646
f 1566 2607 4093
f 7568 6782 1469
f 5326 2631 3499
f 3744 2613 4010
f 616 3848 591
f 6434 5498 6021
f 6643 4435 1862
f 3714 3869 5027
f 6271 6620 3524
f 5612 2074 5654
f 2039 6752 40
f 2139 2591 32
f 4761 3552 3175
f 949 1158 727
f 2236 3471 1253
f 5881 4764 2587
f 7625 1797 3484
f 2681 7451 7748
f 2612 4150 958
f 5500 5433 5810
f 368 7627 3208
f 5280 495 2047
f 4431 4534 3761
f 3826 3709 3016
f 7581 1652 4393
f 4634 5067 3890
f 794 4818 309
f 1523 2118 4748
f 2931 2289 1910
f 4328 5324 2497
f 1474 5350 4558
f 7773 4070 3851
f 603 3416 4905
f 2213 5194 3822
f 3082 3542 4701
f 3679 3868 731
f 4117 3683 1889
f 3886 3799 3472
f 5916 6100 6715
f 6848 3011 863
f 1280 5397 5184
f 3564 86 515
f 804 803 4875
f 128 2985 3275
f 4468 3059 2739
f 3470 353 508
f 1566 4093 2609
f 2000 3811 5283
f 3509 350 385
f 7615 6521 6107
f 7292 1040 427
f 6197 3826 3131
f 5456 1086 3692
f 3521 4618 2677
f 1615 2171 1705
f 3406 5406 4610
f 600 6226 6731
f 5746 759 4114
f 4191 155 2430
f 5467 578 5238
f 3983 6985 2225
f 6234 6436 6095
f 3078 3863 3550
f 7208 4448 5079
f 2415 1226 2525
f 4564 3924 5509
f 2795 7401 4955
f 6964 3237 2969
f 5094 4664 1573
f 2766 7354 345
f 1043 4202 3024
f 2404 3968 3194
f 2398 1885 4309
f 2565 4039 933
f 1032 5507 2417
f 3890 2523 3413
f 2939 3150 313
f 942 5365 3272
f 5235 7355 2975
f 7077 4397 5262
f 2935 358 4859
f 5065 1297 5715
f 5633 318 2369
f 3364 3241 2678
f 7147 5995 7106
f 1000 3684 1559
f 7781 3152 1207
f 717 451 5872
f 2965 1737 2883
f 2820 5781 1042
f 5391 5352 254
f 2073 7657 3935
f 5464 5471 5033
f 8030 321 2517
f 5709 5000 4495
f 1040 4943 3051
f 1573 3902 3817
f 5449 6732 5893
f 1113 880 1941
f 339 5283 2239
f 5962 7160 6363
f 1567 975 1212
f 2555 4061 774
f 1790 1553 2341
f 7045 4388 1108
f 2887 5267 1258
f 3288 1929 2970
f 4863 1800 2633
f 6481 3703 1916
f 1511 4826 1190
f 5726 132 5667
f 3980 3431 3993
f 4083 4322 4327
f 7892 4806 5657
f 2793 2004 5778
f 1248 304 1927
f 435 6714 1004
f 2262 7072 4687
f 2822 7412 1964
f 200 5889 1165
f 2777 2592 5182
f 2842 245 3543
f 3009 1255 1166
f 4744 5401 1525
f 5826 5015 2230
f 3640 4227 1909
f 6731 6318 6189
f 1536 584 1660
f 3003 5066 5855
f 1160 6782 4570
f 4511 6957 3633
f 2379 824 2715
f 6261 6509 6337
f 2296 357 361
f 339 645 5283
f 5629 3724 3732
f 4084 707 4082
f 4184 1806 1062
f 181 920 370
f 2175 4429 257
f 2135 2138 4361
f 913 620 919
f 3309 7285 3743
f 3118 2934 1260
f 5514 5551 156
f 3555 4051 1238
f 3689 5031 3645
f 2870 4487 1460
f 4576 3108 724
f 699 3803 2058
f 4835 3398 7761
f 765 3351 281
f 499 2827 1342
f 2943 5106 40
f 507 3450 2210
f 1951 7356 1596
f 5351 4399 1012
f 127 515 86
f 1067 911 686
f 1263 5338 1979
f 928 1139 2225
f 5492 4331 5306
f 7672 7809 1063
f 768 5376 2823
f 3532 4044 4632
f 4250 2018 4394
f 4090 7301 5109
f 3649 7087 1135
f 2061 1948 1176
f 4568 4544 4272
f 6346 5448 1607
f 3268 3037 5833
f 6841 2339 781
f 3303 659 2395
f 887 861 5857
f 1915 6669 2280
f 1588 7030 4669
f 3041 367 1181
f 2538 2442 3503
f 6554 6211 6497
f 2746 5355 4890
f 3988 6038 6587
f 5415 2827 3592
f 5370 3678 5253
f 944 2053 1317
f 5665 5740 3297
f 7058 3029 6033
f 5489 4872 4880
f 5453 2283 3234
f 5855 5066 3308
f 3911 2815 2724
f 547 1766 2331
f 985 2576 5862
f 2720 4302 1203
f 3556 3583 1972
f 4683 5645 3949
f 2813 5646 556
f 5812 1550 440
f 1488 7345 609
f 615 565 4231
f 19 2244 3234
f 1487 7040 2504
f 6986 7084 1224
f 3948 1603 5221
f 5251 416 587
f 6733 4928 785
f 4269 2728 4334
f 3994 3874 4294
f 3793 4747 295
f 6132 5865 6340
f 2186 910 3764
f 6530 3307 3389
f 6939 6935 2588
f 1828 4152 6307
f 3518 4618 3712
f 1078 494 4642
f 2621 4854 4878
f 5422 7768 2880
f 360 4812 1230
f 2230 2012 415
f 1052 2199 770
f 1807 6787 2473
f 4288 6559 3681
f 5423 328 4965
f 4029 1457 219
f 3825 1936 3995
f 3072 2809 3928
f 169 7238 4081
f 2815 4009 3140
f 3874 5253 4002
f 280 253 4644
f 5664 5755 833
f 956 3292 3982
f 2274 5677 5104
f 6119 6737 6321
f 4953 1236 703
f 2848 3987 52
f 7611 7587 723
f 2006 2876 4156
f 5429 3947 4033
f 4994 4241 843
f 4433 3486 657
f 5105 5369 5145
f 5692 6709 837
f 5574 1094 4936
f 7302 2571 2506
f 504 2709 4571
f 1114 979 2668
f 3527 4176 1331
f 217 148 7432
f 174 3301 3772
f 3068 1555 5172
f 2494 3053 8036
f 4814 7396 6756
f 3022 7074 4862
f 552 5224 1656
f 5845 1466 3038
f 5293 458 654
f 1693 1354 1784
f 6917 6793 2488
f 3697 3760 3699
f 6240 6740 5972
f 1948 2061 2858
f 1140 2487 4505
f 488 3325 4094
f 3728 4768 129
f 6515 7138 6435
f 3584 3405 2121
f 1536 3290 584
f 526 1802 1988
f 5717 1056 4116
f 563 4842 2261
f 817 5837 946
f 5144 7857 5320
f 4971 2281 5430
f 1181 3709 3041
f 3458 2357 4545
f 4686 4498 4938
f 3575 1022 316
f 703 1236 1226
f 5871 1336 3926
f 446 2255 5347
f 1436 3349 2992
f 3921 4842 5817
f 881 1885 2398
f 6988 3274 5010
f 4953 6984 3076
f 5191 7198 1977
f 5670 530 1263
f 2651 2268 3000
f 1416 2949 5128
f 3552 6323 1685
f 2783 1718 637
f 7756 4718 4526
f 851 969 1592
f 3554 5314 907
f 7073 6741 6297
f 7229 1875 716
f 2284 7925 2195
f 2546 1811 2548
f 7814 1213 269
f 636 3494 4968
f 3600 1418 4181
f 24 7361 1856
f 1224 2837 1219
f 5269 2664 1011
f 2554 4870 4112
f 3829 2378 5781
f 2692 1042 7956
f 2288 943 583
f 3277 5379 5247
f 324 7943 1064
f 3583 6705 1972
f 4265 3794 4359
f 5051 67 129
f 5700 3922 1228
f 4783 5100 1286
f 4873 5833 5748
f 633 595 3183
f 4574 6874 3033
f 509 2422 5658
f 1706 1721 2137
f 4406 3979 24
f 6448 6422 1019
f 380 1506 1428
f 4882 3708 4155
f 2709 504 3787
f 3069 271 1247
f 5328 5863 6904
f 6958 2542 505
f 4604 5028 1169
f 7607 295 5037
f 4930 7567 601
f 5584 2416 4278
f 7851 7955 4159
f 1656 976 5398
f 5645 4683 1779
f 3161 5569 2929
f 3305 5173 7448
f 2966 3336 4145
f 2440 5675 2218
f 247 5607 5265
f 810 4451 3347
f 5451 4676 3963
f 6794 3510 2032
f 4565 318 2428
f 2538 1110 2458
f 6734 5977 6717
f 2953 2408 6614
f 1869 656 3665
f 1006 1326 1967
f 499 2700 2827
f 6064 6685 6539
f 3864 1996 1749
f 5574 4936 3227
f 2532 1127 2603
f 7568 235 2480
f 7245 5367 5800
f 1327 1554 2688
f 7194 7832 3905
f 1347 1689 995
f 6002 4354 6682
f 593 4006 1523
f 4882 4155 952
f 3390 4097 4376
f 5405 6825 959
f 22 2719 3331
f 1867 3184 4254
f 641 2739 3059
f 1632 6536 4935
f 4853 1631 5564
f 5275 293 2623
f 3491 1107 5523
f 930 4998 4419
f 7949 5035 2884
f 374 6816 2896
f 3509 385 3443
f 5260 7191 3637
f 7368 1358 5368
f 335 4144 4799
f 3619 4060 3546
f 5324 397 5088
f 583 1978 2154
f 2172 347 4050
f 3925 2063 2987
f 3478 5751 406
f 7661 5565 4174
f 7357 7200 5295
f 2175 257 900
f 7155 1431 5087
f 1909 1576 3640
f 1351 4632 4714
f 4703 2251 7679
f 2173 777 11
f 20 7439 5548
f 5695 844 665
f 6033 3029 1051
f 1863 3215 1297
f 1056 5717 4283
f 5060 1967 3333
f 2067 4329 4349
f 563 5817 4842
f 1539 2245 4885
f 682 660 1320
f 610 877 3161
f 3719 3936 2159
f 6998 5880 5805
f 1868 1755 2024
f 7878 6199 3786
f 6358 7713 1166
f 3746 3118 985
f 4931 824 648
f 2840 6110 3841
f 5557 3685 6
f 875 4035 256
f 5066 1111 3308
f 2906 5844 2762
f 6253 6252 6102
f 4801 4475 2614
f 3243 6584 6019
f 4973 4796 4137
f 1376 4197 1353
f 4303 2125 4705
f 2846 478 1768
f 579 2890 521
f 3443 4182 3657
f 5347 5758 446
f 5404 3176 3148
f 5979 2685 6642
f 1278 5963 2303
f 6688 6370 5142
f 5314 5319 3153
f 4741 7438 889
f 4351 3999 2514
f 5045 5738 3663
f 5697 5211 4624
f 4995 4401 5004
f 3765 3525 5548
f 2019 4832 86
f 4861 65 1174
f 7413 6650 6720
f 415 4074 1316
f 1873 5394 1209
f 6582 6729 7626
f 38 2166 2576
f 3252 1305 1958
f 5233 3519 2689
f 5330 5800 5345
f 324 953 4119
f 719 2088 2094
f 5877 4503 3540
f 3671 3375 7807
f 4491 7662 1785
f 7628 4517 2904
f 4300 170 58
f 1558 7872 5794
f 155 647 2430
f 5254 7121 6174
f 861 887 140
f 2262 1033 2854
f 4928 3169 263
f 737 5263 3694
f 4222 3668 2663
f 5950 654 5244
f 565 615 4147
f 6743 4895 239
f 1647 3392 1439
f 5346 6495 917
f 4118 4171 4769
f 1190 1924 4975
f 5552 4150 1833
f 6162 2637 6163
f 870 7248 2430
f 2557 6851 1030
f 5199 2755 4635
f 3695 1260 2934
f 1759 7358 2888
f 748 7081 1490
f 5440 380 4812
f 1144 7416 5354
f 3029 7058 4158
f 7091 502 76
f 3820 5578 285
f 5858 1423 443
f 4642 7483 1078
f 7847 6439 6078
f 1283 597 1285
f 7893 4960 4589
f 6391 5004 4447
f 3841 2729 2840
f 6910 1389 557
f 2233 2524 4169
f 354 1523 451
f 4234 4857 4630
f 2807 4177 1259
f 3381 3106 2964
f 3659 468 1239
f 5503 508 1833
f 1501 1666 1647
f 5396 6373 5735
f 3284 3187 1745
f 6416 4043 4341
f 3430 4875 803
f 4938 2828 3413
f 3778 444 4479
f 207 5423 873
f 5562 1084 3577
f 1880 6769 3892
f 5072 4714 5305
f 376 6376 4064
f 4722 2619 10
f 3194 4102 4177
f 3465 173 5595
f 3511 3883 3404
f 1873 2811 5394
f 2015 3305 4284
f 5841 4510 4348
f 4306 7778 4694
f 4646 4271 4003
f 3876 1191 3192
f 4106 2018 4344
f 3569 4914 157
f 886 1667 668
f 2059 2846 2495
f 7773 4625 4070
f 6596 6744 6101
f 4115 1370 4557
f 3461 1690 5793
f 5637 5288 7465
f 340 3344 1105
f 7628 1387 2162
f 3213 56 3923
f 7688 7779 1791
f 5280 6948 1218
f 2337 3698 5184
f 2258 279 160
f 4324 368 4915
f 2713 835 1421
f 4686 4796 4973
f 5495 4103 2254
f 4087 5545 4766
f 2780 1547 4847
f 430 2142 1603
f 3402 4627 7510
f 4458 3483 204
f 1391 4517 755
f 1726 4035 875
f 2873 3944 292
f 173 199 5595
f 3237 6802 1583
f 4865 5586 4666
f 7357 2268 2651
f 3976 1391 3935
f 3328 5097 3202
f 2458 5696 939
f 5202 3795 4371
f 5552 1833 3469
f 4895 7945 2748
f 1195 5974 3560
f 1371 4206 3968
f 190 180 3311
f 5728 1045 3215
f 365 1756 206
f 4808 4935 311
f 6352 6684 6710
f 3603 215 2935
f 5315 7854 5613
f 5456 5653 3329
f 3176 312 3314
f 94 4421 4595
f 1475 5721 3386
f 480 994 3629
f 2937 6437 243
f 2942 4582 635
f 4257 3382 1078
f 810 5624 4125
f 3328 4297 5097
f 2566 4301 407
f 1908 7359 1926
f 2660 3886 1493
f 4681 3464 3394
f 2187 721 3233
f 3143 4925 457
f 1987 2944 5708
f 2142 695 3833
f 6315 6092 5943
f 5575 2177 2019
f 2212 521 3936
f 4619 4332 2222
f 4835 3318 3754
f 359 6110 2840
f 1440 852 5681
f 2159 1251 3831
f 5830 3643 3501
f 179 7974 214
f 3605 524 2201
f 5064 7034 5572
f 4476 4751 5719
f 387 317 2349
f 3881 7007 5038
f 3252 1958 500
f 1231 6408 3543
f 3066 1522 5685
f 4326 5790 3331
f 1876 2761 4743
f 6056 7430 4404
f 2008 180 2788
f 909 2282 384
f 6765 7097 3978
f 2585 3197 2662
f 2662 7289 5801
f 898 3658 4001
f 4484 4613 5547
f 2350 4009 3911
f 5937 6461 4883
f 2447 2963 847
f 3874 3994 5253
f 5799 5723 638
f 609 4607 1196
f 808 1252 4778
f 6821 7027 3309
f 2871 2753 3204
f 3530 1477 3624
f 4556 770 2199
f 498 1565 676
f 4088 1514 1074
f 840 341 5832
f 54 1564 130
f 1009 6958 126
f 3770 1458 1654
f 5926 6573 592
f 4021 5221 1602
f 1187 1888 4141
f 6029 6840 2091
f 2646 2358 3616
f 2547 4496 2852
f 3224 1907 945
f 7634 1378 771
f 595 5172 3183
f 3384 3230 5390
f 156 5551 604
f 5292 5193 3408
f 3914 5146 2796
f 1270 1402 37
f 1091 2737 3200
f 3231 2275 7421
f 3325 488 1568
f 3182 458 1764
f 2748 4663 3477
f 1772 3266 2048
f 1757 2984 1610
f 5387 426 412
f 2766 17 5408
f 5142 6402 4277
f 1706 3194 4177
f 4914 4612 1694
f 5220 4376 4097
f 7350 113 2304
f 3369 4449 638
f 2114 3275 3322
f 7930 123 4197
f 328 5432 4965
f 4804 439 335
f 4623 3800 2954
f 4917 3332 4595
f 4145 5866 4173
f 3617 3627 2890
f 2916 4298 623
f 5830 3501 3180
f 2975 8020 5085
f 3702 1622 5399
f 1090 5121 3087
f 4357 3938 7210
f 3315 1879 7619
f 5919 7076 6686
f 1852 5020 5667
f 4626 4666 7518
f 2052 4096 1488
f 91 2239 3811
f 3562 5163 3102
f 518 3070 830
f 3894 1236 3076
f 5980 6746 2054
f 4445 4763 4790
f 7638 2564 5860
f 3512 1018 5279
f 767 2496 5778
f 1140 1874 5428
f 5268 5238 2464
f 3028 3121 3133
f 1020 3469 1833
f 7508 7360 2492
f 3479 6747 7064
f 2725 326 803
f 6696 1782 5925
f 2988 6870 448
f 4739 1381 4603
f 5371 7581 1966
f 3149 5345 1284
f 4604 3548 5028
f 5300 2698 1304
f 7630 1838 520
f 1069 2947 1212
f 625 1600 1716
f 3610 7990 4247
f 1748 3576 2041
f 3059 4468 973
f 2997 3690 2672
f 4840 247 2307
f 5058 1690 3461
f 3172 3437 4085
f 1297 1409 5715
f 3250 1498 2198
f 5574 627 4697
f 259 2664 3957
f 7817 7881 5356
f 1892 355 1554
f 797 6475 2204
f 6678 6723 5907
f 440 6369 5388
f 1374 3961 3807
f 5602 3505 5656
f 107 2717 3335
f 5877 7046 3865
f 834 847 2963
f 1639 1385 1725
f 3204 607 4291
f 3921 1470 1628
f 6872 6666 4343
f 1113 1941 2414
f 4758 4013 2600
f 4942 7570 5209
f 1986 3297 4731
f 1951 7592 1174
f 3743 2455 157
f 5139 833 1550
f 2565 7690 4039
f 5176 4972 5784
f 6816 5929 4874
f 3351 6213 4823
f 800 4464 3965
f 4251 4375 3296
f 950 996 3888
f 2120 2117 1481
f 6186 6736 1731
f 3237 2511 2407
f 932 1488 609
f 4795 1467 5117
f 330 5036 3168
f 7353 3126 2131
f 4868 3661 4575
f 4553 7685 4257
f 2546 7085 6960
f 571 1946 3445
f 492 4047 465
f 703 2869 90
f 7707 2264 3882
f 1426 1289 2253
f 610 3161 4076
f 4142 5727 2686
f 2366 2337 5392
f 4302 3291 1203
f 5139 1550 5812
f 3538 6465 3450
f 574 3584 5183
f 3261 5495 2254
f 2082 2435 2215
f 2122 2536 1093
f 640 2112 2301
f 5135 3302 2224
f 4946 4561 2364
f 6323 6322 5932
f 6653 3988 3126
f 31 1835 1698
f 2621 4885 2245
f 1192 5539 1674
f 4582 3725 1483
f 1935 1856 1781
f 2881 1037 845
f 4421 782 3744
f 5493 5091 1625
f 379 3630 4223
f 3927 4511 2351
f 262 3933 3683
f 6748 6310 6278
f 3006 5729 1151
f 3255 6722 1408
f 2082 2910 2435
f 2830 7193 1401
f 3711 7900 3032
f 4020 3136 964
f 769 2301 1074
f 5045 3663 950
f 3415 2600 778
f 841 3653 627
f 162 4504 1191
f 2110 139 4420
f 3040 4217 2965
f 5394 5750 1209
f 4731 7002 3423
f 5136 7099 855
f 5146 2914 948
f 3671 7807 1148
f 4275 8023 3321
f 3199 5604 5836
f 5491 6365 1436
f 6719 4199 6283
f 4598 96 3462
f 6559 6605 3681
f 3926 1935 4512
f 7242 2874 5861
f 3609 366 388
f 4581 1718 3304
f 4705 80 594
f 3406 6049 7180
f 964 4322 4020
f 630 2991 1636
f 1200 6505 5286
f 611 2084 5167
f 1824 713 6617
f 2833 308 2403
f 5113 1459 1141
f 5051 2720 1203
f 2794 945 1907
f 6889 5034 1778
f 4984 2883 1737
f 4374 6487 1223
f 5022 1313 5201
f 1774 2773 2838
f 1062 1806 1256
f 2651 3074 1570
f 5829 4220 2640
f 3722 5061 617
f 1019 6422 6024
f 3592 4386 4461
f 3672 1199 3386
f 5832 3651 840
f 3826 3016 3581
f 4467 5672 195
f 1058 5248 2785
f 5376 768 2778
f 6707 6047 6543
f 6609 3178 1014
f 1679 6752 4636
f 645 4346 5283
f 4780 5117 1467
f 5738 2088 719
f 18 84 4831
f 5531 3154 4544
f 2406 7029 65
f 1138 5426 4387
f 700 2577 4810
f 4506 564 271
f 2463 1659 3529
f 5179 4630 4857
f 3218 3838 211
f 896 3835 5798
f 2305 4124 3003
f 3208 5225 5298
f 7714 2598 62
f 6753 6768 4678
f 538 5768 3444
f 4895 629 1832
f 5454 207 3242
f 505 2242 126
f 403 4076 3873
f 1269 709 7284
f 2644 3052 3935
f 4942 469 3713
f 2034 3111 4884
f 7478 7103 5757
f 6039 6702 6040
f 5050 3070 3975
f 2729 5324 4328
f 3172 7995 2752
f 2201 2625 3605
f 4634 4420 139
f 1480 4616 4446
f 4951 2299 5507
f 7802 5921 2558
f 3063 4267 852
f 2687 5445 5519
f 961 2271 3651
f 2695 7319 6920
f 70 30 5291
f 3116 4751 4760
f 4472 879 866
f 5687 5363 677
f 2041 3706 1748
f 7541 6750 6724
f 5509 4615 4836
f 4407 1953 5722
f 2752 182 998
f 5752 5582 990
f 2545 7104 4057
f 6663 2586 2549
f 4106 4394 2018
f 3400 3891 1199
f 114 3918 5760
f 2896 4642 494
f 4178 6763 1664
f 4410 839 5706
f 3200 4055 1091
f 2299 3039 722
f 193 5522 4286
f 192 7505 5093
f 2082 5590 3781
f 85 4245 2978
f 1683 2091 604
f 1741 3498 7440
f 3323 6925 3548
f 4582 2942 3725
f 525 3132 7105
f 3929 1507 2705
f 6954 6926 5335
f 4291 903 2207
f 2250 5751 5018
f 5580 665 3996
f 7523 7808 6435
f 4701 631 4841
f 2603 1127 5585
f 3529 5440 309
f 590 2956 3299
f 1765 3374 661
f 732 7322 4695
f 3884 5667 5020
f 4802 6105 739
f 4724 4816 2355
f 3250 2198 4246
f 2726 1542 2089
f 1579 2800 1675
f 4950 5313 5588
f 3432 4436 4005
f 5369 5363 5664
f 1123 5439 7137
f 5371 4192 1056
f 3098 6604 6411
f 360 7226 794
f 5789 3034 3690
f 1825 4473 4727
f 1039 1761 2411
f 1012 4399 3842
f 380 5440 1659
f 2500 5059 4875
f 3316 1146 2570
f 5607 3837 3898
f 134 3969 4708
f 738 390 3320
f 7311 5687 684
f 3868 5550 3023
f 4442 1217 433
f 1471 1417 5047
f 3077 4850 1883
f 3512 1139 3510
f 2638 1454 1667
f 3017 4479 3020
f 6749 7751 1235
f 5697 4624 3684
f 1379 938 936
f 2210 3005 44
f 1667 4243 3913
f 7210 7230 4357
f 3666 5137 3588
f 7635 7084 1104
f 4072 3373 5613
f 7811 2401 6114
f 977 941 1442
f 1140 5428 2487
f 7097 6463 5971
f 728 253 280
f 7875 1213 417
f 2798 4962 5273
f 653 4401 3495
f 256 7051 253
f 5244 1119 4025
f 1582 4260 3346
f 2470 7038 4757
f 4201 3956 5050
f 1676 6565 5817
f 2487 3516 4668
f 655 3607 3801
f 1475 3386 2100
f 1178 1161 4390
f 156 1172 947
f 8018 4543 7804
f 678 1334 5842
f 5243 3661 2345
f 5776 2436 2764
f 282 3784 4514
f 3247 2924 442
f 1139 928 3510
f 7075 3057 187
f 6992 7105 3125
f 7383 6386 6563
f 4906 753 4073
f 458 4164 654
f 2557 2530 4879
f 2962 5856 5325
f 6 5778 2004
f 969 5486 1592
f 7995 1723 182
f 375 5399 1622
f 2747 3769 2382
f 3117 6850 3644
f 6749 6215 6516
f 6582 2310 5100
f 5121 1090 2620
f 6040 6538 6530
f 714 3304 1718
f 2775 2976 1548
f 4024 4409 7704
f 3145 1649 5827
f 3970 4845 5558
f 4780 2312 4540
f 4499 2992 3349
f 290 2260 1189
f 2062 1930 691
f 481 1778 1483
f 2389 3676 5588
f 5294 1887 5567
f 6745 6691 5556
f 3896 1300 5153
f 4357 2948 3938
f 3163 4185 4991
f 268 710 1751
f 2557 3284 5375
f 7179 5682 4698
f 5795 1934 5356
f 4464 5741 3965
f 6258 5011 6379
f 894 2630 3136
f 2420 6182 2949
f 5158 3726 5120
f 6177 6544 6295
f 509 7285 7027
f 374 5380 2319
f 1371 7199 1903
f 4894 4148 2111
f 313 1183 6961
f 2221 2916 2439
f 5561 6694 4042
f 1004 6714 7024
f 664 7249 709
f 6442 6488 2333
f 2823 2542 768
f 4394 1480 4250
f 2884 5035 3714
f 4601 2357 890
f 3886 2660 3799
f 327 887 8002
f 3376 2988 1674
f 4828 1383 1099
f 781 6695 6042
f 3794 4265 4034
f 5181 7077 5262
f 3630 379 589
f 3673 5366 3626
f 7331 4009 2350
f 2191 7100 1015
f 6441 2589 6442
f 1455 2032 928
f 3809 3530 1694
f 6367 6254 6693
f 334 4918 5794
f 107 7715 5560
f 1446 1638 402
f 5110 1430 5808
f 5787 7019 1496
f 5821 1870 4546
f 792 4900 1915
f 3318 4835 7761
f 4363 582 3630
f 647 155 1524
f 5405 2009 806
f 4771 6864 5216
f 4837 4966 43
f 4414 996 950
f 3215 1045 1409
f 4608 5347 2255
f 1564 6118 5642
f 2653 2839 5868
f 5777 2016 4435
f 6680 7069 7381
f 3402 6953 2184
f 1036 3098 5068
f 1893 5385 5143
f 3467 5287 5185
f 1446 3337 1638
f 4585 5521 813
f 3709 2683 3041
f 6307 4071 1828
f 1170 2881 845
f 2708 2960 3337
f 636 2587 4764
f 3908 6594 7533
f 1291 6982 7803
f 5421 1752 3973
f 2417 1717 2215
f 4598 649 3944
f 3932 3399 3380
f 2709 3787 3079
f 1433 619 1545
f 5789 1642 3034
f 4698 3670 2859
f 6392 3049 133
f 5017 6735 7083
f 6869 1927 5825
f 4275 1940 1234
f 6615 6508 7116
f 3801 4591 2667
f 807 3096 363
f 3479 4877 6747
f 340 1156 2673
f 7583 4523 4156
f 3339 2757 3759
f 2403 6222 2833
f 6716 6369 6389
f 5787 5518 3094
f 4730 7229 3836
f 2543 7249 664
f 1510 6859 1233
f 5752 5188 5582
f 1720 3559 3538
f 1459 2652 4424
f 3885 2148 1614
f 2970 2960 3288
f 733 7961 5797
f 90 471 634
f 6334 5372 6059
f 3316 3646 1820
f 3842 7895 4721
f 4109 5569 877
f 2952 2033 1641
f 1400 3181 4175
f 3240 6623 6572
f 6744 7442 6739
f 2902 6820 3202
f 7355 3466 4478
f 5156 6831 3312
f 4591 3607 3575
f 6737 6320 6321
f 851 1592 661
f 6503 6309 1448
f 441 3990 1549
f 1914 2040 1941
f 5376 5048 5690
f 7056 7103 2831
f 3767 6345 3569
f 1817 1339 929
f 1814 642 3579
f 5014 6912 4144
f 4974 1252 5223
f 4577 4350 1472
f 704 1538 6936
f 7345 2494 5402
f 177 3139 5069
f 2659 6011 1103
f 5622 487 7823
f 566 332 1423
f 964 2630 5580
f 4415 1001 4470
f 2463 2615 819
f 125 6655 2583
f 7889 976 5417
f 3871 7401 4308
f 5211 5697 4015
f 550 4443 4566
f 3279 1136 5546
f 2926 3171 4257
f 3828 765 281
f 7462 5235 204
f 3979 4406 4989
f 2054 6746 944
f 4729 7716 1780
f 4140 2280 1529
f 3704 7570 2850
f 3147 5434 1883
f 4664 1668 3302
f 2889 5940 3158
f 4274 4662 5281
f 2728 4269 2836
f 5609 3260 1025
f 4154 5682 585
f 678 4063 667
f 5309 2737 1091
f 3675 2161 7179
f 2667 231 2450
f 1751 7981 5288
f 1881 5665 1986
f 3567 700 4815
f 1546 2858 2061
f 589 605 1805
f 4460 744 3717
f 952 5490 4882
f 5655 5539 1500
f 1042 2692 3590
f 4127 779 1457
f 2962 5069 3139
f 153 2160 3593
f 508 5503 3470
f 4165 1464 1476
f 5644 1831 5102
f 1488 2129 2052
f 3552 2144 297
f 2643 4934 5772
f 6541 6738 6522
f 1383 1114 4655
f 5218 4099 3512
f 1574 3566 4104
f 5864 1571 2316
f 320 1445 109
f 3384 2151 4372
f 6138 6153 6191
f 1878 3269 4566
f 5732 3013 1749
f 4510 4947 4348
f 3556 4984 2552
f 2367 1963 262
f 1032 2418 5634
f 6185 6713 6352
f 3144 3148 3174
f 2265 2272 4163
f 2859 3675 4698
f 1457 5188 5752
f 3589 4710 4077
f 4385 337 5231
f 272 1035 1879
f 406 2250 5210
f 2181 3344 2879
f 4303 197 2125
f 2389 3750 1933
f 1632 5226 3352
f 3210 1975 5132
f 4715 6974 2566
f 4496 5511 4480
f 3368 1444 3870
f 97 4799 4144
f 7612 7332 5712
f 1755 1770 2024
f 4005 3887 3932
f 5117 774 2390
f 609 1196 818
f 1772 2907 3266
f 1382 641 4395
f 5580 3903 964
f 758 5654 2074
f 2371 632 3027
f 4870 4866 4274
f 2849 3549 105
f 7399 3089 5306
f 1102 2010 5463
f 2242 910 2186
f 7347 5099 5479
f 2166 5273 5008
f 5572 681 5064
f 5019 6332 6104
f 2314 3603 3754
f 2729 3841 4249
f 1399 213 2608
f 6550 6500 6373
f 335 873 4144
f 66 79 1577
f 6534 6640 3409
f 2514 4319 2738
f 4587 3719 3831
f 6681 3162 6568
f 6751 6632 3797
f 2032 3510 928
f 745 5512 611
f 2532 2603 4353
f 1389 1575 1957
f 454 7155 3856
f 1623 3992 5853
f 3836 3339 4449
f 6625 215 3499
f 3987 4221 52
f 7024 6343 1004
f 3410 3940 830
f 5357 6908 6757
f 2673 1897 340
f 4861 1174 2328
f 5137 4684 4356
f 2563 5558 4845
f 7275 856 2095
f 6629 7153 6466
f 2681 485 538
f 6451 3954 1304
f 4570 7109 1145
f 2898 3866 5740
f 779 442 2924
f 2579 6769 1880
f 2035 4774 164
f 1604 878 4400
f 5370 6473 5065
f 2556 636 3840
f 2941 2564 6826
f 1083 37 3439
f 1576 1053 2740
f 4021 1602 5408
f 2329 5136 855
f 6899 1279 929
f 808 5640 5168
f 5552 958 4150
f 2692 5815 5620
f 4852 3219 5626
f 5938 6593 6630
f 2051 3433 119
f 7768 3428 945
f 1418 1135 560
f 2448 3359 3766
f 680 5054 2519
f 5132 1134 3210
f 2230 5015 2012
f 4565 6575 7948
f 2255 446 5777
f 1483 1778 5034
f 637 6751 3797
f 4608 197 5347
f 1038 761 5054
f 2403 240 1593
f 1045 1406 1409
f 5699 4137 4054
f 4230 2117 2520
f 4931 4322 3903
f 5756 3245 4036
f 4384 2153 4763
f 1251 3986 3831
f 2231 6988 486
f 2563 7082 5751
f 1831 379 4223
f 5683 589 379
f 4218 416 5251
f 1301 1575 5446
f 984 6853 760
f 5612 5654 5863
f 4853 2856 3307
f 2940 3962 5613
f 7920 2476 5874
f 5990 7111 876
f 6411 6604 80
f 4938 2523 4796
f 3928 7940 1264
f 1568 3618 2711
f 63 1669 1266
f 4576 724 877
f 4654 6875 2276
f 208 3967 4633
f 7966 119 342
f 378 1714 1686
f 3333 4010 2613
f 2631 5326 1747
f 4198 2918 5882
f 3128 4242 3792
f 125 5031 3689
f 2526 7968 7529
f 3731 4487 2818
f 7819 2822 4409
f 5885 5886 4293
f 4293 3006 5885
f 3114 5887 6324
f 6045 7113 3600
f 5889 200 5134
f 5890 3320 314
f 5891 6407 1067
f 3765 2541 2877
f 5892 4261 4892
f 4261 5892 5893
f 5012 1877 2848
f 2814 6506 5885
f 5885 3006 2814
f 4367 6725 5894
f 5894 507 4367
f 3628 7296 6462
f 6143 5896 6692
f 6561 5895 6143
f 5895 4920 5896
f 3042 1687 5898
f 5898 2205 3042
f 6018 940 3222
f 6535 327 4161
f 971 5899 3338
f 5899 971 98
f 2485 1982 5900
f 2936 7829 5901
f 5902 3397 1792
f 1792 885 5902
f 7348 4122 5000
f 7159 4202 5322
f 2370 5422 3830
f 1753 1613 5611
f 868 1678 428
f 1122 4186 6601
f 753 4906 1646
f 5904 5906 3263
f 6029 5905 5904
f 2712 1462 5907
f 3945 1540 2300
f 4302 2720 5908
f 1445 5909 2611
f 5910 7492 764
f 2388 6916 3008
f 2553 893 548
f 4196 2820 6264
f 1707 5053 2635
f 361 260 1415
f 5912 5913 2386
f 1562 3762 5914
f 5915 1001 4415
f 5916 2003 3228
f 4778 1179 5917
f 1179 110 5917
f 322 3142 5918
f 5642 5920 7365
f 5921 3424 5630
f 5922 3056 788
f 7082 2563 4845
f 1065 5481 5924
f 5925 968 7066
f 1937 3071 6190
f 1368 5039 5388
f 5953 676 1565
f 1345 1364 4403
f 5927 2446 4498
f 1822 2497 7173
f 6587 2638 3988
f 1115 5928 6341
f 8038 2014 7979
f 4936 2931 7141
f 7523 7531 6963
f 7531 7523 6435
f 141 5930 5929
f 2615 6682 5414
f 6574 5931 924
f 5055 5375 5932
f 5258 5934 7262
f 5934 5258 5933
f 2616 5813 5935
f 5935 6004 2616
f 5936 3616 1650
f 1704 759 6853
f 724 3108 5938
f 3723 319 6555
f 1298 6426 5939
f 4493 5190 5940
f 5126 1658 3839
f 1658 5126 1861
f 3341 7038 1552
f 7141 5941 4936
f 5943 5576 5299
f 5944 5218 6794
f 5946 3308 1111
f 3308 5946 5947
f 5437 953 5444
f 6548 6725 5046
f 6344 1143 2802
f 7123 4099 7389
f 5470 6248 5952
f 5952 27 5470
f 2834 6833 2333
f 346 676 5953
f 5519 5445 5954
f 400 3403 1152
f 2631 5955 5945
f 5956 1997 4318
f 7114 3560 303
f 5958 5480 5046
f 7466 3438 3090
f 7181 3506 5959
f 7160 349 4404
f 5960 5395 202
f 5962 349 7160
f 4485 2303 5963
f 7897 2002 5217
f 1785 973 4491
f 3320 5890 738
f 5965 7969 1050
f 5966 5968 3385
f 6028 5967 5966
f 5967 6311 5968
f 2891 2936 5901
f 5969 96 4992
f 2858 1546 2046
f 2401 5669 6114
f 6921 6975 7385
f 6921 5961 7967
f 5971 4979 5559
f 5972 1448 1396
f 7540 2784 2304
f 2139 5973 7154
f 5973 2139 4916
f 6095 4263 7192
f 306 3560 102
f 7639 7524 7749
f 1009 5976 7069
f 5976 1009 3919
f 1678 4588 428
f 1186 4332 3720
f 6531 6289 2016
f 7367 6681 5977
f 6681 6568 5977
f 5978 3240 391
f 7699 1369 5979
f 7288 5923 5973
f 5980 3313 666
f 5981 5069 2962
f 5983 5670 1263
f 5984 602 423
f 5981 2962 4083
f 1159 871 5948
f 5032 5986 560
f 5986 5032 6406
f 3798 5348 5987
f 5988 5579 1357
f 6168 4080 1821
f 6764 3857 8025
f 5990 876 3422
f 3422 4687 5990
f 5991 5887 6228
f 1822 7173 5991
f 7173 6324 5887
f 5638 7120 6054
f 5007 216 6884
f 2672 871 1456
f 5993 2899 860
f 5994 6406 1843
f 6980 2578 5994
f 7106 4645 5179
f 5374 5494 3943
f 5996 6335 1283
f 1283 2188 5996
f 3323 2493 1869
f 5998 296 1956
f 5999 1032 551
f 6000 82 7631
f 6001 4931 648
f 6002 175 1729
f 6656 5890 2501
f 6003 738 5890
f 7368 7315 650
f 6004 6989 3109
f 5018 6005 109
f 6005 5018 7082
f 2863 5236 6644
f 4899 3210 4747
f 6006 279 2183
f 6007 1227 3164
f 1227 6007 6900
f 6014 860 2899
f 5999 1324 5507
f 7971 5993 860
f 7971 2694 5993
f 5661 7054 496
f 6009 4315 5127
f 6010 4706 1616
f 6011 2659 3496
f 7534 4947 17
f 7019 1783 596
f 596 7055 7019
f 8010 4789 6012
f 2374 7122 2132
f 6013 6186 378
f 6015 2703 3810
f 6016 4167 1818
f 391 6017 5978
f 6017 391 4424
f 6018 3222 230
f 4041 3243 6019
f 4619 5206 6020
f 6902 1241 5444
f 5252 7369 6021
f 6022 7369 3652
f 5752 1052 6023
f 6023 219 5752
f 3271 1019 6024
f 6024 5525 3271
f 1054 1915 6025
f 5938 5672 724
f 3479 3364 2678
f 3364 3479 7064
f 4466 3666 6078
f 6042 7697 3302
f 2410 827 6027
f 4899 5951 1975
f 6030 6032 5913
f 3326 6031 6030
f 6031 5556 6032
f 6900 569 1340
f 569 6900 6033
f 6646 5420 3251
f 5420 6646 6034
f 7497 7474 3541
f 6036 2834 2333
f 6918 5185 6037
f 6588 6038 6653
f 1784 3417 4355
f 6040 3389 6039
f 2354 1728 618
f 6041 488 4094
f 1668 4733 6042
f 1724 657 3486
f 4248 4375 6044
f 4632 7124 2813
f 6045 4181 2519
f 5535 6607 6046
f 6046 2974 5535
f 6048 1744 4058
f 526 1988 6661
f 4672 100 6049
f 7100 7125 2907
f 763 7218 178
f 3089 6729 6051
f 6051 5477 7213
f 6053 3599 6603
f 6603 6052 6053
f 6054 4536 5638
f 6055 3345 2381
f 7847 1253 5181
f 854 7126 6057
f 2565 811 6058
f 1272 5608 6490
f 6059 2345 7300
f 6688 5142 911
f 3495 4779 6013
f 6013 378 3495
f 3225 1448 6062
f 5153 4180 6063
f 6064 4175 1601
f 2353 82 122
f 7789 6065 3594
f 6872 706 4956
f 6067 5313 1517
f 4361 5876 6068
f 1467 4817 7037
f 4817 1467 4795
f 258 2021 6115
f 3479 2678 146
f 6069 5807 4793
f 5807 6069 6070
f 2636 4413 6071
f 5047 7370 6072
f 792 3357 6073
f 6633 4863 216
f 4863 6633 6074
f 7620 6093 6076
f 6093 6639 6076
f 2317 6077 662
f 2449 4336 6080
f 6488 6082 2333
f 1415 6082 6488
f 6084 4538 6485
f 4560 6245 6084
f 2278 6085 3449
f 3435 3459 6086
f 4567 6087 130
f 6088 1221 56
f 7471 3119 1516
f 648 21 6001
f 5579 6089 4325
f 7942 4123 4056
f 1906 7423 2425
f 6091 6092 4292
f 6556 5943 6092
f 2910 6639 6093
f 3007 4122 2017
f 5148 6097 4577
f 3671 1148 6099
f 3060 6917 6100
f 5735 5140 6037
f 6101 4365 6314
f 556 2468 2813
f 2724 4370 4160
f 7304 6253 6102
f 6253 7304 5450
f 6103 6541 4373
f 3406 4927 6049
f 209 6105 1657
f 6105 209 6403
f 6106 3493 955
f 1616 4706 1408
f 4892 5825 6107
f 5343 6117 3492
f 5936 1650 1127
f 7306 6665 6346
f 6010 3713 469
f 2959 5963 6047
f 5963 2959 4485
f 2351 6109 3927
f 6109 2351 2
f 5898 6112 5468
f 1687 6842 5898
f 6842 6962 6112
f 6113 6658 5472
f 6113 2179 6658
f 4860 4030 5729
f 3035 6046 6115
f 6046 3035 2974
f 7543 3480 2948
f 2065 1724 6116
f 6117 5343 5334
f 1228 6511 6118
f 3288 1225 1929
f 5554 6120 3303
f 4069 1149 6088
f 6121 5453 274
f 274 6108 6121
f 6122 3916 2229
f 5958 6123 5333
f 5333 5266 5958
f 5677 333 2874
f 5671 6124 4649
f 2377 4587 6125
f 4762 4049 6126
f 1978 702 2154
f 5908 2320 4302
f 1404 4643 6128
f 7372 1388 6624
f 2505 6201 6130
f 6130 2582 2505
f 6836 6131 5739
f 387 6209 6018
f 6018 230 387
f 3134 3681 901
f 7148 8022 2405
f 2395 5914 6133
f 6133 224 2395
f 6134 6806 1275
f 4289 1793 3677
f 4759 6136 5530
f 6136 4759 6179
f 2432 1196 4607
f 5088 33 6738
f 6090 6429 2682
f 2682 7301 6090
f 6137 1295 4268
f 4268 1644 6137
f 4709 6138 2103
f 5427 4113 822
f 6139 6140 1942
f 6541 6103 6139
f 6103 3033 6140
f 1151 2717 6141
f 6142 1848 746
f 6143 6692 6144
f 6146 5148 7233
f 6253 5450 5635
f 3921 1628 6147
f 1468 3435 6086
f 7125 7735 3638
f 6149 527 352
f 72 2723 6331
f 2126 6150 5861
f 6151 4418 2741
f 1765 661 2090
f 6191 6153 6152
f 6153 77 6152
f 3355 2885 3409
f 3260 7334 189
f 4637 6155 6154
f 6155 723 9
f 6156 6087 4567
f 4567 255 6156
f 6157 2944 1987
f 7742 7539 7367
f 3853 3113 6159
f 3485 7821 7785
f 6161 4593 6432
f 1352 7965 1709
f 3436 6163 5180
f 6163 3436 6162
f 6005 3104 109
f 6164 5611 1613
f 6165 1231 3795
f 3058 2285 5899
f 2396 4232 6166
f 575 7640 3170
f 4032 2300 6167
f 5046 2151 6499
f 2952 6169 5989
f 6169 2952 1306
f 6170 2430 1016
f 6171 4548 5668
f 3058 5899 1312
f 5899 2285 3338
f 1972 6995 5250
f 5250 4984 1972
f 3003 5894 6172
f 5894 3003 507
f 2930 6489 7028
f 4269 2145 2836
f 2807 1259 6173
f 5275 7503 293
f 4281 1101 6175
f 491 6177 6176
f 319 5810 3941
f 5305 6178 5072
f 8021 5119 2642
f 746 528 6179
f 6180 5293 654
f 2323 5519 5954
f 4156 3852 6181
f 3193 4765 6182
f 6183 1246 3209
f 6184 6151 2741
f 2741 3916 6184
f 3463 3507 3763
f 1442 2283 6121
f 1205 1765 2090
f 425 6185 6352
f 6185 4136 1378
f 7149 449 780
f 742 4045 1309
f 6175 5414 4281
f 1006 6748 6187
f 6187 5455 1006
f 6188 6190 321
f 600 6189 6188
f 6189 2155 6190
f 4641 7129 2287
f 3460 6192 6191
f 247 5265 6242
f 2048 6235 6193
f 5905 6029 1837
f 1837 5937 5905
f 6194 5096 6394
f 3852 4025 6181
f 4753 1625 6303
f 1348 6287 436
f 6287 1348 5756
f 4572 4947 6195
f 7534 6195 4947
f 3457 7373 3268
f 5009 1325 466
f 1754 6727 68
f 1022 2683 6197
f 6198 3004 4179
f 805 2695 6754
f 6378 7131 1146
f 6199 3952 443
f 4817 4795 4692
f 6825 5405 806
f 6200 6201 3332
f 6200 4881 6201
f 6872 4343 701
f 1902 6204 6203
f 8008 6204 4530
f 5313 7664 3750
f 7664 5313 6067
f 6094 3982 5212
f 6063 1818 4167
f 1149 6865 5954
f 5954 5445 1149
f 6205 4224 840
f 6206 5155 3490
f 7452 7563 6207
f 7610 7958 7962
f 734 6208 1443
f 5309 6711 6209
f 7269 6210 7382
f 2516 4822 2545
f 6167 2548 5603
f 1543 6497 6211
f 1410 6212 6532
f 6212 1410 3
f 6213 3775 4823
f 6214 1271 4064
f 5912 2386 1125
f 4426 3099 6215
f 3639 7168 6003
f 6684 3229 3430
f 6131 3523 6495
f 6218 6152 77
f 6218 5550 6152
f 6219 1789 2313
f 2313 6700 6219
f 6220 5919 5615
f 6028 3801 2667
f 6356 6221 5941
f 4128 5889 6356
f 5889 5134 6221
f 3642 6222 1593
f 2472 6223 5190
f 7119 5339 5970
f 163 5101 1071
f 6224 997 5576
f 2472 6224 6223
f 5009 7302 6154
f 2425 5178 6537
f 4771 6225 77
f 3256 343 6132
f 7193 6227 3883
f 1079 7906 251
f 6228 3102 5163
f 4646 6073 3357
f 6073 4646 7110
f 6229 398 3738
f 1054 3187 6231
f 3823 6149 4631
f 4631 4612 3823
f 7153 6232 2453
f 6232 2426 4702
f 938 7193 2830
f 1530 5939 6235
f 5939 1530 278
f 1960 7913 394
f 6236 3843 4488
f 2045 7096 2611
f 6237 2043 4305
f 3433 7877 342
f 1702 1516 3119
f 3135 7885 1702
f 6687 6238 5119
f 6736 4779 6238
f 6450 6240 6239
f 6240 6663 7775
f 2444 4016 6096
f 5265 1925 6242
f 2197 1313 6993
f 6198 2231 3004
f 6243 2390 774
f 774 4061 6243
f 7075 7111 7072
f 3854 2914 6244
f 2744 7251 7237
f 2518 2800 6407
f 6245 4560 7212
f 6382 6246 3324
f 6247 1513 2804
f 5165 7017 7221
f 5671 2699 6124
f 5401 4744 6111
f 6111 2 5401
f 1993 5582 974
f 1090 3087 6249
f 4123 6090 4090
f 6753 7152 1797
f 6251 3769 2257
f 6055 2381 4411
f 6122 4855 6899
f 2762 7135 2906
f 6252 6253 5534
f 6252 6327 3217
f 6134 6381 5901
f 1275 6254 6134
f 6254 1197 6381
f 3256 6255 3164
f 6255 3256 6132
f 5955 2631 5131
f 6256 6697 6075
f 1743 2053 6697
f 2257 2391 6251
f 6258 1878 4146
f 4653 7273 699
f 6259 3549 3159
f 6260 519 2085
f 6337 3776 6261
f 5765 9 6262
f 3034 1246 6263
f 1481 3254 1692
f 9 723 6262
f 6264 1042 3590
f 6078 6828 7847
f 1461 478 6265
f 6266 6265 478
f 6333 7902 4671
f 5444 5487 6613
f 3768 7516 6267
f 4914 3823 4612
f 6268 4896 3138
f 2238 6270 6269
f 6270 2238 3654
f 6272 3855 4513
f 526 6661 6273
f 6034 7458 5420
f 6274 1612 4210
f 4417 6275 1628
f 7554 3979 5499
f 6276 6277 604
f 6276 383 6277
f 6279 6091 2449
f 2449 6080 6279
f 6613 6107 6280
f 6107 5825 6280
f 7527 665 844
f 1959 3345 6055
f 5100 5477 6051
f 7136 4598 3462
f 3432 1294 6244
f 6282 2625 2217
f 5924 3282 3053
f 6283 5240 7826
f 6109 2 1104
f 1104 6284 6109
f 5684 7934 5919
f 6454 4317 6591
f 5965 4196 749
f 6285 6205 5482
f 6286 1526 4501
f 3590 749 6264
f 6287 5756 5529
f 3501 3576 5335
f 6288 188 1193
f 1862 6289 6934
f 3358 1169 5028
f 1207 6566 6290
f 4202 6721 3213
f 6292 3113 6434
f 242 188 3652
f 2522 7591 6294
f 7529 2606 5075
f 1343 5052 6295
f 6742 7117 2446
f 6296 5321 7755
f 6741 7073 6602
f 1697 6009 4911
f 1746 6298 7641
f 1243 257 8016
f 7121 7463 5997
f 4082 6300 5763
f 6341 5928 1514
f 1115 5364 6057
f 383 6276 6302
f 6303 1625 5293
f 4236 105 1947
f 1257 2167 729
f 5910 2887 6659
f 6306 27 6019
f 6120 659 3303
f 6068 7047 5934
f 6307 5591 7835
f 6308 4019 4015
f 986 1396 6309
f 5410 747 6086
f 2317 662 5436
f 6310 5254 6174
f 5930 4077 4080
f 4080 6168 5930
f 5336 6312 5308
f 1601 5384 6064
f 7639 2429 4541
f 1671 3236 3282
f 1031 7530 6314
f 2702 3449 2882
f 5430 6316 6315
f 6316 1773 6315
f 1741 6318 1344
f 547 6692 5896
f 729 6921 1257
f 304 4988 6280
f 6129 6319 6166
f 6562 6319 6129
f 7158 51 1349
f 7089 6138 4709
f 7065 5802 1180
f 6119 307 3937
f 307 6119 6321
f 2806 1204 1723
f 6363 6035 3026
f 3026 5962 6363
f 1159 7948 6652
f 6322 6323 3552
f 3552 297 6322
f 3129 1275 6806
f 1550 833 5755
f 5697 1000 6502
f 4482 4990 3484
f 4347 5374 3943
f 4704 5813 2616
f 6137 5434 1295
f 7138 427 1864
f 1430 5110 6062
f 7239 6269 6260
f 3863 3216 6326
f 5869 6248 5470
f 6327 6252 5534
f 2448 3656 6328
f 4031 4690 6048
f 4442 6162 3436
f 129 4198 5882
f 5163 6354 6228
f 6354 5163 4264
f 5958 5266 5480
f 6868 2693 5074
f 5044 7461 6331
f 7118 5246 4446
f 5959 3506 5630
f 5630 2594 5959
f 4203 7638 6332
f 4203 817 3046
f 6333 6334 6065
f 5649 6334 6333
f 5993 2694 4957
f 1394 7496 6174
f 3907 7597 4453
f 6336 6338 6120
f 2148 6337 6336
f 1992 4309 6339
f 6340 5865 1556
f 72 6331 6341
f 6331 1115 6341
f 2882 6342 2663
f 6342 2882 3449
f 2545 1789 6906
f 3593 1004 6343
f 6343 252 3593
f 178 325 763
f 6108 274 7933
f 6048 4058 148
f 7492 2665 4012
f 6344 2802 5290
f 4079 5229 418
f 6345 3767 1503
f 604 5551 6276
f 6346 1607 3572
f 6118 5920 5642
f 6511 6520 6118
f 6520 345 5920
f 6347 6155 9
f 7127 7140 6347
f 6348 6154 6155
f 6349 4469 3310
f 3310 7522 6349
f 6269 2083 1314
f 1872 3549 6259
f 5482 6205 6351
f 1494 1499 5903
f 7482 8023 850
f 1755 232 6353
f 4264 3226 6354
f 6347 9 5765
f 6355 1582 4755
f 7141 2931 2504
f 6956 1643 3881
f 5258 1085 5933
f 6357 4107 2946
f 6357 883 4107
f 3273 1452 2527
f 4118 6176 6295
f 6176 4118 4769
f 4535 6545 6270
f 6270 3654 4535
f 1858 5374 6396
f 7267 2524 2233
f 6023 847 219
f 847 6023 2447
f 2527 6058 811
f 1452 6359 6058
f 6359 5878 6058
f 6577 6361 6360
f 6361 1507 6596
f 6362 4888 122
f 4874 4642 6816
f 2781 7909 6945
f 5681 6718 6364
f 6364 3253 5681
f 6365 534 3349
f 6946 4457 5180
f 4088 1074 6366
f 1256 5585 6367
f 1445 6368 5909
f 6368 7132 3989
f 6369 5689 6389
f 7162 2772 1653
f 6371 6372 4224
f 6371 3254 6302
f 6373 5396 1410
f 1903 3995 1936
f 6375 3399 6417
f 6375 3380 3399
f 5659 843 6376
f 1821 3998 6168
f 6056 2078 1798
f 6378 7973 2107
f 2107 7725 6378
f 5249 7161 2377
f 6380 5999 551
f 551 421 6380
f 1486 3850 5452
f 3850 1486 6937
f 6381 1197 1650
f 3221 391 3240
f 4525 1944 3105
f 3319 6382 3324
f 4457 6946 4285
f 6169 1306 36
f 2191 7472 4448
f 1411 1404 6383
f 6383 1830 1411
f 1562 7152 7366
f 6384 2034 4884
f 4884 8021 6384
f 6386 1825 5688
f 3356 6148 6000
f 6000 4800 3356
f 5941 4286 3227
f 5529 6387 6287
f 6387 662 6077
f 5611 6164 6388
f 1633 6389 5689
f 327 6535 6390
f 6390 887 327
f 7170 5673 4594
f 7621 7219 2941
f 4785 6836 5739
f 4210 296 5998
f 7005 2881 1519
f 6080 1333 6223
f 6423 6178 907
f 6388 6391 4447
f 4447 7440 6388
f 6392 2100 3049
f 4267 3217 6327
f 6393 7942 4719
f 4719 4649 6393
f 6394 1143 6344
f 6140 6395 1942
f 6140 6324 6395
f 7108 5622 6396
f 7682 7113 7918
f 6397 6258 6379
f 6610 6712 6397
f 6712 1878 6258
f 6398 3289 5744
f 2329 5457 5136
f 8009 727 6399
f 6219 6906 1789
f 5810 319 2220
f 5299 6416 5943
f 4933 592 6400
f 6401 3425 5213
f 5213 7128 6401
f 6390 7005 906
f 906 140 6390
f 2023 4983 6602
f 2491 2639 6083
f 5599 5016 4681
f 6317 5016 6667
f 6603 6402 6370
f 6402 6603 915
f 6837 5331 2459
f 3514 209 1050
f 3514 6034 6403
f 7334 5820 283
f 6214 6404 1271
f 3010 6404 6214
f 6405 2366 3857
f 3857 6764 6405
f 1792 2860 885
f 6406 470 1843
f 6408 463 1584
f 6357 6924 1722
f 2235 2193 6918
f 6588 117 6726
f 6409 2489 756
f 1159 1456 871
f 3859 3277 6410
f 1413 6644 935
f 6411 3447 3897
f 6052 6370 1600
f 6052 6603 6370
f 7232 1041 4199
f 6414 5795 6546
f 6415 4855 572
f 4510 5841 6942
f 1958 1305 227
f 6416 6315 5943
f 6416 5430 6315
f 6984 4953 1701
f 6594 7012 7533
f 6375 6417 7012
f 6417 5587 7012
f 2672 3690 871
f 5153 2535 4180
f 2772 7162 8006
f 1292 4867 7017
f 4867 1292 5232
f 6418 6032 5556
f 3292 6420 3660
f 6420 3292 6419
f 7446 2060 6777
f 3108 5118 5938
f 5033 6330 6421
f 6330 5033 42
f 6422 3314 312
f 6733 2441 4813
f 2575 6385 6298
f 6298 138 2575
f 7171 6424 6423
f 7599 3706 6944
f 6324 7173 6395
f 3640 1576 6425
f 6329 5819 2981
f 2586 6663 5972
f 7130 4290 4706
f 6989 7321 3109
f 888 6428 1528
f 4993 6428 888
f 6410 3277 2540
f 2727 7740 6430
f 4216 5 6431
f 6428 3951 1528
f 2990 5769 7267
f 7118 5249 5246
f 4232 6433 6166
f 6433 5907 6129
f 2177 4759 6525
f 2937 635 5876
f 5245 5498 6434
f 6294 692 2522
f 1782 4501 5925
f 1182 2156 6161
f 5819 6436 2981
f 2021 3035 6115
f 7643 6198 6470
f 7798 6311 4253
f 6437 2937 5876
f 5876 4361 6437
f 6384 7195 2034
f 6205 258 6438
f 6014 1994 2480
f 6439 2424 6078
f 592 4933 2027
f 6203 528 1902
f 2526 7529 6440
f 6440 798 2526
f 6441 6442 2128
f 2128 555 6441
f 6245 7212 3141
f 5018 5751 7082
f 4735 3797 2185
f 2256 241 6443
f 4871 7381 5976
f 5976 3919 4871
f 5912 6030 5913
f 651 5731 6447
f 2585 6448 6825
f 6448 2585 5770
f 6449 7762 7443
f 1793 3622 3677
f 6226 7404 7561
f 133 6067 7278
f 5754 5809 5960
f 7679 7736 658
f 7775 6663 5447
f 6451 6200 2861
f 6451 4881 6200
f 1182 6452 783
f 6452 1182 6161
f 6453 7171 5133
f 6454 3643 3895
f 888 6791 6541
f 1380 1671 3282
f 6455 7092 3011
f 7114 1195 3560
f 3475 6241 6923
f 6456 4707 64
f 64 6446 6456
f 6173 6457 2375
f 6649 6668 6173
f 6458 6334 6059
f 3594 6065 6458
f 6093 2740 4896
f 5991 6354 3226
f 3226 1822 5991
f 4141 4365 7046
f 4193 6685 6460
f 6460 5255 4193
f 2113 60 1906
f 6432 4593 1267
f 6358 7874 6673
f 6461 5247 1284
f 1186 2291 6611
f 2969 7304 6102
f 1156 2703 6015
f 871 3690 6263
f 6028 7123 5967
f 5967 3010 6311
f 3042 5875 1687
f 2445 7329 6250
f 2485 5900 6085
f 5931 3629 5478
f 6431 512 2801
f 1224 1219 5157
f 6462 4200 503
f 4527 5971 6463
f 6463 3125 4527
f 659 6464 908
f 6464 659 6120
f 2570 7131 3821
f 6465 3642 3005
f 2126 183 6150
f 6467 393 3362
f 6467 3362 2498
f 2498 6469 6467
f 951 6970 7717
f 2886 1707 6470
f 811 933 4939
f 6471 2137 5553
f 5553 6074 6471
f 5946 1111 2808
f 2808 1709 5946
f 2233 4742 1223
f 808 4778 5917
f 5921 5630 5326
f 6222 3642 5151
f 5399 1364 5926
f 1373 4807 6472
f 394 6050 1960
f 267 5856 3139
f 3698 2366 6405
f 7708 5297 7253
f 6225 6218 77
f 6567 6294 6225
f 7591 3023 6218
f 5937 4883 5367
f 6210 7379 7382
f 5334 6325 6117
f 6325 5334 1999
f 6473 5816 5065
f 6972 1337 2086
f 6372 6276 341
f 3972 6261 3973
f 6261 3972 7102
f 6474 141 2319
f 6993 4643 1404
f 1411 2656 6993
f 6917 2488 6100
f 2178 2204 6475
f 2058 7380 699
f 1119 6477 2006
f 6477 1119 7339
f 4012 764 7492
f 7876 7878 568
f 6478 3808 4644
f 5278 7727 6271
f 1385 1645 7150
f 5924 2494 1065
f 4100 3473 6479
f 135 6480 1891
f 6480 135 895
f 6390 140 887
f 6481 6483 2290
f 1916 6482 6481
f 6482 1860 6483
f 6417 3956 5587
f 6340 1556 1106
f 6301 3678 1893
f 6560 6152 5550
f 3460 6191 6560
f 6243 1823 4844
f 3580 6291 6484
f 6484 7590 3580
f 4560 6084 6485
f 743 6486 771
f 743 771 7234
f 7267 6487 2990
f 1223 6487 7267
f 388 366 6488
f 2127 4515 6498
f 6489 7143 5196
f 675 5254 6310
f 6403 6645 739
f 6403 6034 6645
f 7718 7749 3647
f 7749 7718 4519
f 5992 5948 6263
f 5948 871 6263
f 1272 6490 5598
f 150 6156 6491
f 1462 6562 6129
f 5190 1911 5940
f 7544 4471 6492
f 6082 1415 260
f 260 1422 6082
f 2499 7645 2059
f 6268 1696 2435
f 6010 1616 3713
f 2718 6493 4547
f 1747 7201 114
f 3089 6494 5306
f 7213 3089 6051
f 2336 6702 6039
f 6039 6212 2336
f 336 6464 6338
f 6464 336 908
f 4993 6452 6428
f 6452 4993 783
f 6429 6124 3763
f 6090 6393 6429
f 6393 4649 6124
f 6131 6495 5346
f 7374 6299 4537
f 5983 6496 5670
f 5901 4052 6134
f 1650 2891 6381
f 4640 7536 5975
f 5897 326 5823
f 2151 150 6499
f 5735 6373 6500
f 6501 1501 1439
f 1439 1496 6501
f 115 2625 6282
f 621 2155 6318
f 4652 6549 7560
f 6981 7087 838
f 424 2771 6503
f 7767 2812 599
f 1025 6025 7110
f 6025 1025 1054
f 6208 6504 1443
f 1294 3854 6244
f 6479 732 5064
f 4037 6505 3474
f 6505 4037 7546
f 3541 3784 561
f 6414 1163 2039
f 7145 6414 6546
f 131 6506 2814
f 7114 1229 1195
f 2744 2762 5349
f 6411 3897 3098
f 7728 2808 6507
f 2194 2966 7016
f 7052 2040 1914
f 2145 4269 7052
f 7822 4864 1246
f 4864 7822 39
f 6508 6561 6143
f 1594 2047 2637
f 527 6345 1503
f 6345 527 6149
f 7642 7691 5397
f 2839 6476 1646
f 1646 4906 2839
f 6057 7867 854
f 669 2007 6509
f 6184 7164 6576
f 3916 6455 6184
f 6455 3011 7164
f 473 6510 475
f 4848 135 2326
f 2952 6860 6799
f 2591 7146 6987
f 6484 7527 2736
f 7527 6484 6281
f 6512 6551 1841
f 3205 568 7878
f 4362 2453 6232
f 6513 5957 7632
f 4620 6386 6513
f 3022 5425 7074
f 5980 2054 4588
f 7885 2295 2311
f 7268 7144 7536
f 6745 1810 1832
f 5762 6515 7808
f 3525 6459 6516
f 6517 2716 3074
f 3077 5434 6518
f 6519 6520 6511
f 4136 7234 1378
f 4937 5594 6521
f 4059 7644 4068
f 5469 5670 6496
f 6522 783 4993
f 6312 5336 3513
f 7362 848 6885
f 6523 7540 2304
f 2304 4358 6523
f 51 1490 1349
f 1490 51 1414
f 6453 6984 5373
f 5373 7171 6453
f 7147 7776 5679
f 6266 6486 743
f 6486 478 2846
f 214 6524 6506
f 6525 2470 2177
f 4188 6526 1767
f 6526 4188 2946
f 8006 2321 2549
f 2321 8006 6527
f 6174 1836 6310
f 687 3467 6528
f 7055 596 6617
f 1501 6501 7055
f 4286 6221 5134
f 6221 4286 5941
f 6125 3831 3986
f 1953 4233 6529
f 5478 7206 7091
f 3389 6040 6530
f 3553 6289 6531
f 7339 1119 4164
f 6471 6374 1903
f 1903 7199 6471
f 6532 6373 1410
f 6126 5408 5461
f 5408 6126 4021
f 6533 1627 4280
f 3666 6828 6078
f 992 7090 6534
f 6776 1939 5469
f 2001 7104 6906
f 6609 1014 1124
f 3812 4818 7026
f 4161 1037 6535
f 2192 1876 4743
f 1152 3403 2421
f 6366 1074 2301
f 7724 6147 1628
f 6147 7724 4754
f 4166 5364 6353
f 6536 1632 5710
f 6537 7371 1906
f 5178 6242 6537
f 6095 5353 4263
f 251 5913 6032
f 71 1398 6538
f 6989 6230 2408
f 6622 6158 6230
f 6220 3247 442
f 442 7076 6220
f 3938 3480 4143
f 6233 6227 7193
f 5985 6026 6227
f 4175 6064 6539
f 6539 1400 4175
f 6540 62 6317
f 1600 842 6052
f 6541 4993 888
f 6542 1909 1462
f 5963 1278 6543
f 1343 6295 6544
f 6544 1973 1343
f 7415 3984 3476
f 6260 6545 519
f 1092 3142 905
f 3512 3510 5218
f 7149 6382 2489
f 6078 2424 4466
f 831 7145 6546
f 6478 7535 3808
f 6547 6507 1111
f 144 7728 6507
f 294 7237 5177
f 762 3164 6255
f 6172 6548 2305
f 2305 3003 6172
f 4982 6549 2597
f 6113 2374 506
f 6550 6039 3389
f 6373 6532 6550
f 6532 6212 6039
f 5487 953 1064
f 4563 1841 6551
f 6006 2183 5271
f 7162 1653 735
f 6552 3421 5734
f 5734 461 6552
f 5955 6553 5945
f 4984 3556 1972
f 2408 2953 6427
f 6555 4811 3723
f 5943 6556 5576
f 3045 5326 3499
f 6196 7067 1325
f 2529 6196 6348
f 626 4362 2835
f 7566 4007 843
f 6511 3922 3989
f 3989 6519 6511
f 6359 7249 5878
f 106 239 2105
f 7953 4082 4065
f 6558 4114 759
f 6082 6036 2333
f 1422 6036 6082
f 5636 7460 2293
f 3096 3460 6560
f 6313 6508 2661
f 7452 6207 6562
f 6207 6306 6319
f 5482 6351 6377
f 2198 1507 6361
f 5688 525 6563
f 2358 2646 6099
f 42 5471 2433
f 5962 3026 3267
f 7960 5859 7637
f 4744 602 5984
f 263 7770 785
f 5429 5614 6564
f 2813 7124 5646
f 4101 3423 7002
f 1385 7150 7778
f 6643 6566 4524
f 6472 6251 2391
f 6175 1250 4773
f 2789 2509 7647
f 5568 576 7033
f 2551 6467 6704
f 5892 4892 6521
f 7695 914 2512
f 3484 7152 4482
f 286 6827 6570
f 3361 2186 6308
f 4513 4584 6272
f 5819 6329 6572
f 4858 993 4554
f 6398 5744 1953
f 1953 6529 6398
f 199 1261 6527
f 7001 160 6006
f 6400 6719 2510
f 592 6573 6400
f 6573 7232 6719
f 924 4810 6574
f 6549 3545 3840
f 6575 585 1995
f 6406 1559 470
f 2295 3135 2367
f 6576 4854 2574
f 475 6510 3738
f 6229 3738 6510
f 4193 5098 6577
f 5555 4646 3363
f 1454 2638 6578
f 6019 27 4041
f 7153 2453 2782
f 6350 3711 2057
f 6579 4475 6213
f 4035 6580 7051
f 136 4035 649
f 6038 6581 6587
f 6588 7646 6038
f 6582 2602 2310
f 6194 5261 5291
f 450 3580 5492
f 344 732 6479
f 5436 6017 4424
f 6017 5436 662
f 6197 3131 316
f 5326 3506 6493
f 6166 6584 2396
f 6583 6019 6584
f 7306 3572 6887
f 604 6277 1683
f 6561 6313 5643
f 6585 4002 5253
f 5253 6301 6585
f 6248 5869 1449
f 7813 4791 2442
f 5293 6180 6303
f 6180 5950 5949
f 6586 5824 2754
f 6296 1734 5321
f 6578 2638 6587
f 6588 6653 5543
f 6418 7637 7510
f 6589 6590 6012
f 175 6002 6589
f 6002 6682 6590
f 870 2430 6170
f 5568 7033 599
f 5824 6586 5803
f 6586 229 7511
f 728 6454 6591
f 7725 1337 2133
f 4597 5033 6421
f 6592 459 3634
f 3634 6281 6592
f 2309 7648 5944
f 7878 5192 3205
f 797 83 72
f 6335 6895 1283
f 3380 6594 3854
f 6594 3380 6375
f 2185 7308 4735
f 7308 1397 456
f 7127 5765 5573
f 6500 2856 5140
f 6595 534 6365
f 1077 6657 6595
f 3929 6596 1507
f 2003 7250 3627
f 3601 266 6597
f 561 6969 3474
f 1514 5928 1074
f 7383 6563 6992
f 6600 241 1229
f 1229 7114 6600
f 3506 4547 6493
f 3235 2760 3687
f 1757 5482 6377
f 6336 6120 5554
f 5554 2148 6336
f 6237 3567 3620
f 6106 5577 3717
f 3717 4552 6106
f 1052 990 2199
f 6602 7073 4775
f 6669 7729 5540
f 5344 6644 1413
f 5813 4704 5802
f 3247 6220 6604
f 5670 5469 530
f 7273 1876 6657
f 901 6605 5618
f 4230 1683 6277
f 6159 6288 6160
f 3113 6292 6159
f 6292 188 6288
f 5409 6313 2661
f 5409 7873 6399
f 6438 6351 6205
f 6115 6607 6438
f 6607 2078 6351
f 5516 7932 6608
f 927 6609 1124
f 5066 5942 6547
f 6547 1111 5066
f 2294 7471 6157
f 6571 2493 1131
f 1131 4115 6571
f 7186 3768 6765
f 4408 4335 6041
f 2479 6610 6497
f 6611 2486 2212
f 3905 7129 7194
f 6249 6612 6043
f 410 6536 6249
f 6536 5710 6612
f 545 474 6980
f 2287 5006 5510
f 7615 6107 6613
f 6280 6902 6613
f 6509 6338 6337
f 336 6338 6509
f 2193 2235 6528
f 213 957 1669
f 1447 1454 6578
f 5228 3564 1896
f 2602 6582 7626
f 6173 2375 2807
f 4626 5679 5506
f 3 2336 6212
f 2051 3274 6081
f 5487 7615 6613
f 2009 1973 6544
f 5508 7293 1607
f 6517 5854 4134
f 459 6614 6647
f 6151 2574 4418
f 2574 6151 6576
f 2791 1917 6160
f 6535 1037 2881
f 2881 7005 6535
f 4937 4824 5407
f 6615 6616 2661
f 4562 2661 6616
f 2030 6617 1505
f 6617 2030 7055
f 6618 1557 5668
f 5668 4548 6618
f 6619 3848 5711
f 5711 6470 6619
f 2350 4381 6379
f 893 7782 548
f 6112 7782 5468
f 6271 6401 6620
f 5935 6622 6004
f 5813 6621 5935
f 5935 4891 6622
f 6463 1532 3125
f 7272 7088 5840
f 3244 6577 7272
f 6454 3535 3643
f 5893 4857 4600
f 1664 2386 2140
f 4261 554 6869
f 1502 1456 7276
f 5975 6383 1404
f 7536 7730 5975
f 7730 1830 6383
f 6623 6387 5529
f 3240 5978 6623
f 5978 662 6387
f 6555 4986 4811
f 6301 5253 3678
f 6447 5731 5931
f 7021 1817 2866
f 2326 7710 683
f 1510 6625 6859
f 6625 3499 5945
f 1481 383 6302
f 6302 3254 1481
f 4969 4180 3958
f 2766 5598 6490
f 5180 6626 6946
f 6626 4597 6421
f 5987 6627 3030
f 3030 3798 5987
f 5896 4920 1719
f 6358 490 5431
f 6265 3997 1461
f 3997 6265 7095
f 7365 6490 5608
f 4381 6554 6397
f 6397 6379 4381
f 6097 6628 6245
f 5148 6146 6097
f 6146 7629 6628
f 4503 5638 3540
f 7308 1569 477
f 6457 1896 1949
f 7537 3335 4030
f 6059 5639 6458
f 3686 6629 220
f 7225 1250 1714
f 2103 6138 3393
f 6192 3393 6138
f 5672 5938 6630
f 6630 6579 5672
f 6378 1146 2246
f 2246 7973 6378
f 6631 360 1230
f 3723 2203 2220
f 2220 319 3723
f 7021 870 6170
f 5968 1521 3385
f 60 5631 557
f 6633 216 5026
f 6634 2380 2666
f 2865 6518 6635
f 6518 5434 6137
f 4038 2779 6571
f 4422 7671 398
f 5473 2533 5727
f 6636 4188 3101
f 3101 2075 6636
f 3600 4181 6045
f 2040 6637 1249
f 6637 2040 7052
f 6638 988 3954
f 5295 6099 7357
f 6302 6372 6371
f 6276 6372 6302
f 5861 6150 5902
f 5902 7242 5861
f 6235 2048 1530
f 6608 218 1274
f 6380 421 2793
f 900 1583 6802
f 1821 6526 3998
f 6526 1821 1767
f 1582 6076 6639
f 6355 6425 6076
f 2010 4610 6640
f 3872 4784 5678
f 1960 6050 2191
f 6133 6868 5771
f 5771 224 6133
f 5982 750 1681
f 6641 5922 2165
f 6217 3056 5922
f 4586 5979 6642
f 105 2143 2849
f 6580 7535 6478
f 3434 4325 6089
f 4122 757 2017
f 6643 1210 6290
f 6643 1862 1210
f 5644 5683 379
f 4671 7902 5318
f 537 2492 2507
f 938 7252 6233
f 6127 6645 1202
f 6661 6645 6127
f 4566 4443 1878
f 1119 2006 6181
f 7726 6647 6216
f 459 6647 7726
f 6519 6648 6195
f 3989 7132 6648
f 7132 320 6648
f 1106 1556 2204
f 6016 1818 3492
f 3492 6117 6016
f 5742 5765 6262
f 7156 4802 1988
f 6565 1293 329
f 6193 1329 2048
f 3679 6560 5550
f 4124 6650 5942
f 6650 4124 4390
f 6188 321 2150
f 6269 1314 2238
f 7033 576 6839
f 4007 4253 6376
f 4413 5419 6764
f 6651 4975 4802
f 1437 5945 6553
f 2005 7276 6652
f 7276 1456 6652
f 7004 1992 6339
f 2527 811 6529
f 4232 1626 6678
f 7503 4989 293
f 6653 2755 5543
f 4015 2513 6308
f 2813 2468 3532
f 6657 2192 4432
f 6619 2994 3848
f 2994 6619 4179
f 6259 3159 248
f 7103 7056 3537
f 6374 5026 3995
f 6576 1809 4854
f 5988 6089 5579
f 6391 6164 5988
f 6164 1613 6089
f 2501 123 6656
f 6658 222 1776
f 1776 5472 6658
f 5910 6659 6060
f 6349 688 159
f 1306 1641 3474
f 2885 7898 3409
f 4041 27 5952
f 6562 4227 7452
f 6646 6645 6034
f 6661 739 6645
f 418 587 416
f 1423 3786 6199
f 6035 6363 7923
f 7064 3606 5809
f 1922 1450 6662
f 927 6937 6609
f 3367 6557 4940
f 6557 3367 3378
f 6663 2549 5447
f 459 6592 6614
f 6592 6281 6291
f 6128 3421 4640
f 4640 5975 6128
f 6135 7632 5466
f 2237 4339 4805
f 6096 4016 5566
f 3523 6837 6495
f 6837 3523 5331
f 1915 1054 6231
f 5124 2781 6945
f 6611 372 2486
f 6995 2175 1624
f 1714 378 6186
f 3271 959 1019
f 5769 5357 836
f 6552 7257 3421
f 7257 6552 6446
f 6160 1917 4959
f 6665 1492 6830
f 7074 5425 75
f 6666 5425 4343
f 3207 7585 6246
f 6667 7576 1280
f 6457 6703 1896
f 6173 6668 6457
f 6668 4171 6703
f 6204 1902 2293
f 2293 6412 6204
f 6102 1733 2969
f 6853 759 760
f 6456 461 3131
f 3131 4707 6456
f 6669 5540 2280
f 4320 2843 5286
f 1257 7385 6671
f 7385 5289 7157
f 6382 3319 2489
f 6672 581 1053
f 1053 6542 6672
f 5254 4593 7121
f 3568 50 6533
f 6143 7116 6508
f 6249 6043 1090
f 1929 7045 5460
f 5535 2078 6607
f 1890 3558 2751
f 6494 6427 450
f 7318 4090 5109
f 1674 448 1192
f 6668 4769 4171
f 4769 6668 6649
f 5595 199 5911
f 1024 7722 7721
f 6608 5337 5516
f 3510 6794 5218
f 2357 4601 6673
f 2165 6674 6641
f 1543 7901 6497
f 7637 4784 3402
f 4917 2861 6200
f 6084 6628 4538
f 7629 4538 6628
f 6192 3460 698
f 1034 6665 4629
f 6665 1034 1492
f 7500 6770 5822
f 6409 399 2489
f 399 6409 176
f 102 5974 6676
f 6676 110 102
f 6750 7112 2583
f 5600 5649 6333
f 1388 2172 6624
f 2475 7001 6006
f 3558 6677 2768
f 6433 6678 5907
f 4232 6678 6433
f 6201 2505 3332
f 7322 7533 7012
f 6044 4375 2957
f 689 1243 8016
f 6171 8040 7799
f 6542 1053 1909
f 7721 7743 1024
f 1637 6275 4417
f 6275 1637 4949
f 517 3568 6533
f 6353 5364 5814
f 1452 1922 6359
f 5956 4318 6679
f 5893 4600 4261
f 7126 769 1074
f 6680 7381 2174
f 2174 6807 6680
f 6531 446 5758
f 7049 7215 7154
f 2980 2693 4678
f 6682 4281 5414
f 3246 6364 7975
f 6364 3246 3253
f 6206 7253 5421
f 5421 5155 6206
f 4535 4960 6545
f 7365 2490 5642
f 7620 6425 1576
f 5078 5886 6524
f 6524 1981 5078
f 719 6683 3663
f 6683 719 4055
f 6627 5236 3030
f 4064 4253 6214
f 2698 6784 4881
f 6237 4305 1899
f 6728 3587 2018
f 6684 3430 5897
f 1704 1557 6558
f 6558 759 1704
f 108 6638 2861
f 156 604 2091
f 2465 5006 6229
f 7318 6239 5435
f 4946 7371 4454
f 6715 6896 1635
f 3224 6715 7274
f 6686 7434 7190
f 5757 4492 373
f 6326 5818 4204
f 3648 3604 1535
f 7054 7359 5466
f 5854 2020 3279
f 5952 6248 5632
f 1940 4759 1234
f 6135 5466 7359
f 108 3760 6638
f 1711 6371 6285
f 6285 5482 1711
f 1716 6688 1808
f 2229 572 6122
f 6141 5785 1151
f 8010 6447 6574
f 1939 1023 6634
f 5953 891 1206
f 1615 6066 2171
f 7902 1615 5318
f 7189 6903 6901
f 2944 6157 6654
f 6654 2311 2944
f 6414 2039 40
f 2771 986 6309
f 6216 6647 7723
f 6660 2372 7384
f 6130 4881 6784
f 6784 7387 6130
f 5424 96 5969
f 2189 4849 6708
f 1823 212 1150
f 1465 5581 2146
f 3164 762 6007
f 6504 614 1013
f 3839 1541 5126
f 3429 6690 5102
f 2465 6229 6510
f 1490 1414 4533
f 7965 5947 1709
f 5583 5308 6312
f 6691 5141 7960
f 7960 6418 5556
f 848 6990 838
f 6273 6127 4458
f 4458 2085 6273
f 3092 5918 3142
f 5918 3092 2286
f 1556 83 2204
f 4817 1072 6286
f 3490 6564 5782
f 6564 3490 3947
f 6674 2165 7281
f 3114 1315 5887
f 3943 4212 6739
f 4538 4546 6485
f 6693 1588 437
f 437 1256 6693
f 2653 6476 2839
f 6694 5486 4042
f 4428 7697 6695
f 6001 4327 4322
f 3855 6272 6581
f 6272 6578 6587
f 6053 407 3599
f 407 6053 4715
f 8021 4884 5873
f 6268 3138 5272
f 6696 611 5512
f 6465 3538 3642
f 775 6697 2053
f 6316 7265 1773
f 7900 7904 4027
f 6385 2575 1245
f 4980 2642 4779
f 3958 4180 2535
f 5966 3385 3801
f 3801 6028 5966
f 89 6698 5869
f 6698 89 2072
f 6589 1007 175
f 618 7031 6142
f 6142 2354 618
f 6699 3558 1890
f 3558 6699 6677
f 7227 1880 2561
f 4354 4281 6682
f 6600 497 6443
f 497 6600 6701
f 71 6538 6702
f 6702 4192 71
f 1711 3254 6371
f 3254 1711 73
f 2889 4493 5940
f 6362 6148 3991
f 4888 3991 2756
f 3639 6003 6656
f 6656 26 3639
f 503 1927 6462
f 6639 1932 1582
f 6209 387 2737
f 6631 4836 360
f 5601 2167 1257
f 2848 7833 7059
f 7338 4969 2327
f 12 5714 5239
f 5239 3086 12
f 6527 5911 199
f 6527 7162 5911
f 7644 4059 7278
f 6595 6365 1077
f 6561 5643 5895
f 4343 7712 2168
f 6413 5994 2578
f 1736 5986 6413
f 5986 6406 5994
f 2342 4891 6621
f 1965 120 7910
f 6029 1683 1837
f 2175 6705 4429
f 6705 2175 6995
f 6316 5430 2281
f 6070 1479 1070
f 6043 6624 4050
f 2844 369 6706
f 6042 3302 1668
f 5161 3980 351
f 6585 2876 4002
f 5101 5604 1071
f 4128 2504 7040
f 6708 2273 4650
f 7299 7388 7671
f 398 7388 7393
f 2134 6477 6079
f 6477 2134 2006
f 5891 2518 6407
f 6342 5900 1589
f 2090 1592 6694
f 2611 7060 1445
f 6429 3763 3507
f 3507 2682 6429
f 6506 131 214
f 4914 3569 3823
f 7120 6730 6054
f 7309 6710 7120
f 6710 5897 6730
f 6683 5998 1956
f 1956 3663 6683
f 5127 7622 6009
f 4292 3739 6091
f 1219 4560 6485
f 5710 3100 6612
f 5196 7542 6489
f 6610 2479 3186
f 6321 454 307
f 7349 2300 1540
f 2300 6978 6955
f 5441 7164 3011
f 7164 1809 6576
f 6712 6610 3186
f 3765 1414 51
f 6392 133 7278
f 4259 7290 1407
f 3229 6684 6713
f 6713 7952 3229
f 2541 7158 6680
f 1786 2200 6444
f 6714 673 711
f 7415 6241 3984
f 2791 6288 1193
f 6288 2791 6160
f 6715 1635 2003
f 6060 7647 5910
f 493 4339 2237
f 6658 2179 6870
f 6689 3140 4226
f 1952 5856 267
f 5015 4867 5232
f 4867 5015 5826
f 4102 4119 953
f 5 4216 773
f 773 1502 5
f 1149 4069 6865
f 6282 2902 2218
f 7376 6321 6320
f 6443 241 6600
f 497 6716 6443
f 72 6341 797
f 6999 6717 6568
f 5530 6525 4759
f 7542 7028 6489
f 168 6655 2588
f 1782 6286 4501
f 6286 1782 7037
f 3587 6618 4548
f 6618 3587 6728
f 5627 7893 6599
f 7493 2756 6412
f 511 5970 6069
f 6069 4793 511
f 2287 5510 4641
f 6434 7211 5245
f 6461 2520 5247
f 1475 3730 5721
f 2346 7664 133
f 5472 1776 7286
f 2317 902 6077
f 1896 1617 5228
f 1617 1896 6703
f 4734 7305 5681
f 6719 6283 2510
f 2331 6144 6692
f 6144 2331 6811
f 3770 1654 6141
f 6339 4309 1885
f 1885 1928 6339
f 5673 7170 6720
f 6720 4390 5673
f 7018 3325 1076
f 5683 5644 7018
f 3417 1213 4355
f 6305 7224 3872
f 3872 7535 6305
f 188 6292 6022
f 6292 6434 6022
f 7159 5322 2989
f 6030 5912 1606
f 1606 3326 6030
f 6116 1703 2065
f 1703 6116 6210
f 3855 6581 7374
f 2615 6590 6682
f 2816 27 6306
f 6512 914 6808
f 745 6722 6847
f 6722 5167 1408
f 7079 5940 1911
f 6499 6123 5958
f 150 6491 6499
f 6491 1531 6123
f 5084 1368 5388
f 4752 6599 6718
f 6599 4752 5627
f 1257 6671 5601
f 1202 3251 249
f 6676 6469 110
f 5964 6704 6676
f 6704 6467 6469
f 7310 6327 4717
f 581 6672 3019
f 6672 2712 6723
f 7377 7341 1965
f 2915 5766 4605
f 1864 6435 7138
f 7153 2426 6232
f 6528 3182 687
f 5014 5423 1916
f 7366 7152 4678
f 2693 6868 7366
f 2842 313 6961
f 1885 544 1928
f 4045 1218 1309
f 460 3104 6005
f 6279 6556 6091
f 6080 6224 6279
f 6279 5576 6556
f 6636 2946 4188
f 2075 6357 6636
f 2338 237 7695
f 7159 6088 6721
f 3301 7270 6708
f 4372 6725 4367
f 3186 3269 6712
f 6123 1531 5333
f 3914 6299 6726
f 2701 788 3056
f 6808 1922 6662
f 6460 6064 5384
f 5384 5255 6460
f 775 3727 6697
f 4482 7152 1562
f 4049 16 4483
f 6083 2639 185
f 6436 5819 5353
f 5353 6095 6436
f 7543 406 5816
f 5816 6473 7543
f 5882 4213 3728
f 6652 6575 1995
f 1995 2005 6652
f 6006 160 279
f 7090 992 1695
f 6659 3496 2659
f 1557 1704 5668
f 6700 2313 931
f 6194 5291 5096
f 6440 325 3542
f 3542 798 6440
f 6616 5987 5348
f 5348 3734 6616
f 3236 3053 3282
f 5909 6570 2045
f 7017 4867 4716
f 6540 5184 3698
f 2039 5583 4636
f 1916 5423 4965
f 6337 2148 3776
f 6558 6728 4250
f 4250 4114 6558
f 6687 5119 5873
f 5249 2377 6125
f 7190 5684 6686
f 2917 3697 6598
f 6425 6355 2049
f 6601 5316 194
f 2592 915 6603
f 7065 2342 6621
f 6670 3550 3863
f 3863 6326 6670
f 7133 6809 6986
f 1184 5141 6743
f 3946 1449 6698
f 7088 3064 5840
f 3589 4077 6474
f 461 5734 7706
f 6690 4094 3325
f 3325 7018 6690
f 6730 5823 2844
f 5933 4360 6068
f 2730 5903 3283
f 6021 5457 5252
f 5457 6021 5498
f 4524 4435 6643
f 7011 5903 2730
f 6018 6711 940
f 1916 4965 6482
f 3476 2093 6767
f 856 7275 6366
f 6706 210 4536
f 6715 6100 7274
f 2003 5916 6715
f 5916 3060 6100
f 634 6424 5373
f 6424 3115 6178
f 6521 5594 5892
f 4892 6107 6521
f 6229 5006 4422
f 2683 3826 6197
f 6551 3796 4563
f 6731 7561 1344
f 7561 6731 6226
f 7272 7530 7088
f 6577 6360 7272
f 6360 6596 7530
f 2981 6234 5452
f 6234 2981 6436
f 2766 6490 7354
f 7354 7365 5920
f 6764 8025 4413
f 6588 5543 117
f 783 6522 33
f 33 1947 783
f 6281 3634 3996
f 5986 1736 560
f 7871 4939 3220
f 4939 7871 6398
f 6732 5179 4857
f 4857 5893 6732
f 7160 7430 3322
f 4527 4979 5971
f 1619 3703 6481
f 6481 2290 1619
f 6491 6156 255
f 6156 150 6072
f 435 673 6714
f 6189 6318 2155
f 600 6731 6189
f 6731 1344 6318
f 669 6509 7102
f 3941 3959 7825
f 7534 6520 6519
f 345 6520 7534
f 6033 1051 569
f 5684 6020 5927
f 7190 6020 5684
f 3326 1606 465
f 6665 6830 6346
f 1915 6231 6669
f 3911 81 4381
f 6554 81 6211
f 4640 7257 61
f 3988 6653 6038
f 7881 6546 5795
f 6567 5216 7151
f 246 6789 1407
f 3074 2020 6517
f 7135 3173 2906
f 6344 5290 5261
f 5261 6194 6344
f 6386 177 1825
f 6733 7220 2334
f 3922 6368 3989
f 6368 3922 4897
f 5871 3307 6530
f 6717 7538 6734
f 4288 2393 6559
f 6735 5017 7600
f 6013 6736 6186
f 4779 6736 6013
f 6211 81 7008
f 6028 2667 2450
f 489 6737 6119
f 6950 489 1630
f 7253 5297 992
f 4031 217 619
f 2750 158 4256
f 6139 6738 6541
f 1942 6738 6139
f 221 1871 6739
f 3540 5638 1187
f 5972 6740 1448
f 6663 6240 5972
f 6240 6450 6740
f 7138 6515 174
f 174 4534 7138
f 4971 5430 4337
f 6566 4617 93
f 93 4524 6566
f 6984 6083 3076
f 7907 2776 4791
f 6741 4901 3817
f 3817 6297 6741
f 4836 6480 895
f 6480 4836 6631
f 1162 6705 3583
f 6705 1162 4429
f 5971 5559 3978
f 3314 6448 5770
f 6448 3314 6422
f 4601 7713 6673
f 6836 4785 5319
f 5648 5388 6369
f 3698 7714 6540
f 6717 5977 6568
f 6647 6614 7723
f 6551 1089 3796
f 1089 6551 6662
f 6539 3244 1400
f 3244 6539 6685
f 7389 6404 7123
f 5218 7094 7389
f 7389 7094 1271
f 1729 4354 6002
f 6825 1019 959
f 6567 4771 5216
f 4771 6567 6225
f 6536 410 4935
f 1684 2051 6081
f 7122 937 2132
f 5087 1431 5936
f 6502 1000 3860
f 6110 2955 3841
f 6406 5032 1559
f 6252 3217 1733
f 1733 6102 6252
f 3243 2396 6584
f 7161 5206 2377
f 6642 5549 2884
f 5549 6642 2685
f 1600 6688 1716
f 6688 1600 6370
f 7242 697 2874
f 5752 990 1052
f 6720 6650 4390
f 7170 7413 6720
f 7413 144 6650
f 7626 6729 2568
f 1036 5068 974
f 629 4895 6743
f 6728 2018 4250
f 6495 3238 917
f 6163 6626 5180
f 4855 6415 574
f 6664 2562 1075
f 3782 7918 5888
f 1843 6980 5994
f 2874 333 2851
f 7316 2864 34
f 6213 4475 3775
f 5898 5468 2205
f 376 5659 6376
f 6725 4372 5046
f 6101 6744 1871
f 6596 3929 6744
f 1370 4786 4557
f 5880 6187 6278
f 2513 5197 6990
f 6699 1890 5093
f 1148 2268 7357
f 712 1596 7356
f 1195 5964 5974
f 6710 6684 5897
f 7309 6352 6710
f 469 6193 6010
f 6437 4361 2138
f 2138 243 6437
f 6620 487 6217
f 6092 6315 1773
f 1773 4292 6092
f 359 7862 6110
f 7370 1417 5362
f 7814 3859 6410
f 6408 2842 3543
f 7136 7375 4598
f 6461 5937 1837
f 1837 2520 6461
f 2143 7827 2849
f 6012 1007 6589
f 6573 5926 1345
f 1345 7232 6573
f 7078 1207 6290
f 3843 6231 3187
f 6231 3843 6236
f 3888 5632 6248
f 6402 915 4277
f 6031 6745 5556
f 1810 6745 6031
f 6721 56 3213
f 6674 4659 7722
f 6661 1988 739
f 7434 6686 7076
f 7275 4088 6366
f 5915 7339 4164
f 4164 1001 5915
f 6746 5980 666
f 666 775 6746
f 4146 1878 4443
f 596 1824 6617
f 2492 7360 2500
f 6747 2865 3606
f 3606 7064 6747
f 2977 1589 1982
f 1589 2977 6829
f 6097 3141 4577
f 797 4088 6475
f 5907 6723 2712
f 6678 3019 6723
f 440 5689 6369
f 6809 7391 6284
f 3257 2865 6635
f 5236 7116 935
f 4956 6666 6872
f 6666 6879 75
f 7405 5078 5002
f 5492 7590 4816
f 5929 7068 4874
f 3351 2409 6213
f 6736 277 1731
f 7051 256 4035
f 3050 3343 1335
f 7714 3698 6405
f 6740 6062 1448
f 6465 2210 3450
f 1727 3797 6632
f 3797 1727 2185
f 6322 297 5055
f 5055 5932 6322
f 6667 1280 5184
f 5184 6540 6667
f 675 6748 1865
f 6748 675 6310
f 3255 337 6722
f 3680 5462 6881
f 4275 850 8023
f 6489 7142 7143
f 5491 1077 6365
f 5610 5656 6863
f 7632 4620 6513
f 6719 7232 4199
f 6605 6559 5205
f 7180 2605 7348
f 3541 6505 1200
f 6505 561 3474
f 7537 7137 5439
f 6487 4374 4427
f 4427 1743 6487
f 6024 312 5525
f 312 6024 6422
f 6579 2409 195
f 6543 6047 5963
f 4258 6707 6543
f 6707 6727 6047
f 1486 3178 6609
f 189 7334 5932
f 7334 6323 5932
f 4506 271 198
f 4167 6016 6304
f 6727 1754 644
f 5851 7279 5251
f 6190 2517 321
f 875 256 6591
f 4192 6702 2336
f 4891 447 6622
f 6569 1499 2665
f 2665 7492 6569
f 3704 7731 7066
f 6724 1379 936
f 1379 6724 6750
f 4572 6195 6648
f 6648 320 4572
f 6207 2816 6306
f 6253 5635 5534
f 7808 7523 3838
f 6546 1844 831
f 4802 1657 6105
f 5 1502 4521
f 6319 6583 6166
f 6306 6583 6319
f 3098 3247 6604
f 5883 4320 4242
f 4320 5883 6257
f 3023 5550 6218
f 1905 2485 6085
f 6786 3758 4148
f 570 940 464
f 6730 5897 5823
f 7097 6267 6463
f 6267 1532 6463
f 6548 5480 2305
f 2498 5917 6469
f 5917 110 6469
f 6492 196 2809
f 7048 6758 1968
f 1947 3160 783
f 345 17 2766
f 17 345 7534
f 6563 6386 5688
f 7730 751 1830
f 2643 4487 6709
f 1594 2637 6162
f 6162 7484 1594
f 6516 6215 3099
f 6749 6949 6215
f 4677 6407 4215
f 6407 4677 1067
f 6530 1398 5871
f 1398 6530 6538
f 6691 6745 629
f 629 5141 6691
f 4146 5011 6258
f 6675 2751 1894
f 6182 4765 2949
f 6177 2009 6544
f 5561 2090 6694
f 7024 711 1245
f 711 7024 6714
f 2128 6442 2333
f 6952 403 2163
f 5141 629 6743
f 6483 6994 3522
f 2202 6695 781
f 7472 2191 1015
f 2191 6050 7100
f 2335 6441 555
f 6441 2335 2589
f 6693 6254 1275
f 1256 6367 6693
f 6367 1197 6254
f 3537 7486 1318
f 3593 223 1004
f 4562 5409 2661
f 7914 2049 4276
f 1564 1228 6118
f 6208 734 3140
f 3140 6689 6208
f 2683 400 3041
f 4071 4945 1828
f 3908 3854 6594
f 6679 6709 5884
f 7972 1558 3602
f 6615 2661 6508
f 6747 3077 2865
f 3077 6747 4877
f 5980 1678 3313
f 6328 3656 5499
f 5499 3979 6328
f 2403 1593 6222
f 3342 6716 497
f 6716 5648 6369
f 6859 5945 1437
f 5649 5372 6334
f 6741 6602 4983
f 4983 4901 6741
f 6623 5529 5400
f 5400 6572 6623
f 6739 7442 3943
f 1871 6744 6739
f 6744 3929 7442
f 2902 3202 5097
f 5533 6320 6737
f 6320 5533 5538
f 1396 1448 6309
f 6345 3823 3569
f 101 1249 6637
f 6732 5449 5382
f 612 68 6707
f 6595 3741 534
f 4432 6595 6657
f 6746 775 944
f 1231 7899 7506
f 3951 6432 1267
f 2653 7447 6476
f 6750 2590 1379
f 3126 2146 6653
f 7533 2208 3908
f 6522 6738 33
f 4993 6541 6522
f 7717 7635 6111
f 5427 6523 4113
f 4358 2647 6523
f 2348 6153 7089
f 6153 2348 77
f 3153 7171 6423
f 6713 6185 4369
f 6396 6938 7108
f 6748 1006 1865
f 4519 7903 6804
f 5888 2519 5029
f 6238 4779 2642
f 1104 6986 6284
f 6986 6809 6284
f 2352 5368 5619
f 5837 6332 5019
f 6332 5837 817
f 2462 3660 6420
f 2856 6550 3389
f 6550 2856 6500
f 6640 7090 5463
f 5463 2010 6640
f 6726 5159 3914
f 3124 3162 6681
f 4421 6632 6751
f 6751 4595 4421
f 7155 5087 3856
f 1510 215 6625
f 6343 7024 2575
f 2575 252 6343
f 1186 2222 4332
f 2426 7153 6629
f 6629 2196 2426
f 7023 7042 7109
f 7103 3537 4492
f 533 7163 1738
f 974 5582 1036
f 5370 3480 6473
f 12 3086 1334
f 4855 1279 6899
f 12 7328 2624
f 6630 2614 4475
f 2614 6630 6593
f 4565 585 6575
f 2425 6537 1906
f 2266 6751 637
f 6751 2266 4595
f 6247 1099 1513
f 1002 7413 7170
f 7413 4658 144
f 7850 7965 7849
f 5455 456 250
f 4318 837 6679
f 6604 5615 80
f 93 2759 4524
f 732 344 4700
f 6752 4930 2943
f 6753 1797 710
f 6754 1705 2171
f 7287 2464 4459
f 6756 5567 5392
f 1309 7484 433
f 6757 836 5357
f 2501 5890 314
f 6758 4318 1997
f 2723 6759 3804
f 1968 7323 6760
f 7944 5460 3178
f 1391 6761 4517
f 2751 5086 1894
f 4906 4108 6947
f 6771 4287 1323
f 6762 1061 103
f 3985 3650 6763
f 4726 4066 6997
f 2356 4617 3151
f 6765 7707 3882
f 6766 820 1066
f 1114 4507 6767
f 1089 6662 1450
f 6768 1477 2980
f 6769 4729 1644
f 6800 1276 1961
f 1926 5821 1908
f 2635 5053 6081
f 628 3350 2123
f 6772 1332 5484
f 6985 2656 2645
f 6775 4189 4673
f 7464 7532 4539
f 6777 5152 6810
f 3847 3391 3052
f 7377 1214 2152
f 6780 158 2860
f 6782 1160 1469
f 6890 4107 883
f 6783 7517 2461
f 2698 5300 6784
f 3553 373 6798
f 6785 820 5377
f 308 2833 6786
f 6787 270 2483
f 6788 2983 4405
f 3540 4141 7046
f 7720 3937 5121
f 3800 836 6790
f 6790 2260 3800
f 6791 273 4373
f 1353 314 6792
f 36 6855 7386
f 7386 630 6169
f 6793 960 2488
f 2309 6794 1544
f 2032 1544 6794
f 6795 4782 3930
f 7146 6797 3008
f 6796 683 6797
f 2517 6190 3071
f 3197 5791 4516
f 7422 5354 1845
f 6798 373 4492
f 6762 1027 1061
f 784 2033 6799
f 6800 946 5837
f 5268 593 4338
f 5166 2521 2400
f 1438 3670 6801
f 6862 6863 5680
f 6802 1110 3503
f 6098 2116 4967
f 4967 4981 6098
f 2715 4519 6804
f 6805 5213 285
f 7542 7829 7028
f 2872 5296 8020
f 6807 2541 6680
f 7764 2958 3518
f 1578 1922 6808
f 110 1179 102
f 1926 7391 6809
f 3421 6128 4643
f 6810 281 3351
f 6811 6878 1413
f 1413 935 6811
f 7399 5306 4331
f 7422 1861 5126
f 6922 7422 1845
f 3878 3622 6775
f 6943 4910 4974
f 3645 3012 3677
f 5019 6104 2241
f 493 2237 7010
f 18 3431 6813
f 6814 5062 4471
f 141 374 2319
f 5166 4256 6972
f 3634 6817 966
f 3314 5770 3105
f 6818 3846 4060
f 3846 6818 246
f 336 6509 2007
f 6819 1310 181
f 6814 4471 7544
f 3309 5637 7507
f 6822 4046 260
f 1692 6824 2120
f 2212 3936 7336
f 2331 3147 6811
f 806 2585 6825
f 1487 6826 3046
f 1434 1487 4809
f 4116 3 6827
f 1817 929 2866
f 3677 3622 7062
f 4787 2236 6828
f 181 3829 6819
f 7910 3601 1214
f 7386 2477 2991
f 3239 8000 4439
f 6831 5156 28
f 7204 3958 7185
f 2370 5544 1774
f 2128 6833 4
f 6096 3448 2046
f 6834 4680 6867
f 61 3980 3993
f 6933 3378 2920
f 6836 2688 2696
f 6997 4066 4679
f 2459 5381 6837
f 6766 5377 820
f 3478 7543 2948
f 6838 4272 4544
f 6839 3392 4766
f 6840 573 1172
f 6841 4732 4542
f 5158 5129 6842
f 5716 6844 6843
f 3421 4643 5734
f 6849 6845 4152
f 4152 1029 6849
f 7584 4767 6846
f 6754 2171 3122
f 623 3632 2439
f 5512 6847 2180
f 1870 5821 1926
f 6756 2928 4814
f 6790 3310 2260
f 3310 6790 6757
f 5705 7245 7407
f 2265 5441 6848
f 3653 4932 6849
f 6850 7771 7526
f 7771 6850 4484
f 1447 6578 4584
f 4412 1365 6932
f 4586 6642 5027
f 6851 2557 5375
f 6852 3537 1318
f 6853 984 1266
f 1980 4702 562
f 1185 2674 3753
f 6843 7096 5716
f 4782 6795 6843
f 6795 1175 7096
f 98 971 6766
f 282 6855 36
f 4468 6856 1137
f 3680 7369 6858
f 1437 1233 6859
f 5396 4838 6844
f 6752 2943 40
f 6820 1515 5641
f 8036 6812 5402
f 6812 8036 5474
f 3334 2080 6895
f 6762 7961 733
f 1471 5390 6861
f 2789 754 6905
f 6174 7121 1394
f 6862 5623 6863
f 7719 1268 7757
f 2742 1152 6901
f 6754 2695 4738
f 3105 5770 3641
f 2433 5216 6864
f 2323 5954 6865
f 901 6866 1882
f 264 4287 6771
f 6834 5082 464
f 5082 6834 6867
f 6868 5074 5771
f 6959 557 5631
f 6658 6870 222
f 6870 2179 448
f 3572 4505 6887
f 1745 1025 3260
f 7098 2022 4933
f 2244 7540 5427
f 5484 3730 6772
f 1188 3027 6931
f 6824 1692 1693
f 2400 2521 5560
f 6873 1883 4850
f 6916 3745 203
f 5775 3114 6874
f 6981 838 6990
f 6875 2316 2276
f 4316 1670 6876
f 6877 4004 1254
f 6851 5375 298
f 5623 5610 6863
f 6878 6873 5344
f 5344 1413 6878
f 5634 5831 6879
f 5268 2464 6755
f 6880 4043 2460
f 4742 1033 7312
f 6767 979 1114
f 979 6767 169
f 6792 1179 1376
f 3652 6881 242
f 7407 5259 1093
f 6882 7711 2347
f 6906 2152 2001
f 323 3145 6883
f 6884 2804 5007
f 5591 6845 1254
f 2528 1083 6885
f 6886 5544 7812
f 7395 602 6936
f 4505 2487 6887
f 6888 2017 757
f 6890 580 3614
f 1399 3893 7196
f 2846 1768 6892
f 6893 2649 5518
f 4178 7831 6894
f 7225 364 1250
f 489 7720 4588
f 6779 3847 3218
f 7884 4932 7656
f 6833 1847 4
f 2080 597 6895
f 6896 3224 208
f 2003 1635 2332
f 1584 463 6897
f 6898 2806 2343
f 2104 2477 6855
f 7101 26 5411
f 6455 3916 6899
f 1340 1227 6900
f 6901 2421 4456
f 5285 7633 6951
f 2343 7653 6898
f 5444 6613 6902
f 2797 7862 7063
f 32 6987 203
f 6987 32 2591
f 1405 6905 954
f 6905 1405 2509
f 7377 2152 6906
f 2911 2983 6788
f 1740 7616 1643
f 6875 2286 5458
f 6907 104 1321
f 5357 5237 6908
f 4366 2528 6885
f 6909 3665 1307
f 3253 3246 6892
f 5611 3498 5412
f 3498 6388 7440
f 5533 531 5538
f 6838 4544 2691
f 1169 6910 4604
f 464 4977 6834
f 3051 1264 7196
f 1262 516 3095
f 97 6912 6911
f 6912 97 4144
f 4956 1299 6913
f 6914 6965 2932
f 2932 2208 6914
f 3072 3050 6915
f 7764 3780 192
f 3827 3745 6916
f 4182 5242 7093
f 5827 2330 5289
f 5568 599 6893
f 6755 4453 266
f 6917 1585 2062
f 4167 6304 6857
f 6918 7601 2235
f 5025 6759 2723
f 6919 2251 1121
f 6874 2550 3533
f 2100 3386 6941
f 5154 224 6920
f 1870 5157 4546
f 179 7896 7974
f 618 4667 7031
f 7734 429 7402
f 5501 4949 5839
f 7188 3475 6923
f 712 801 1204
f 1044 7618 6924
f 4923 3882 650
f 3665 6925 1869
f 6925 3665 6909
f 5335 6926 3501
f 1430 6062 6450
f 2281 462 6815
f 6872 701 4414
f 7509 5573 4833
f 6927 3342 497
f 7107 7380 145
f 6326 3216 5818
f 5518 5787 6928
f 4589 4535 3655
f 2433 6864 5169
f 5437 5444 1241
f 6865 4781 2323
f 7246 6930 42
f 6330 42 6930
f 6931 622 3388
f 1335 5959 2594
f 3896 4167 6857
f 4824 4937 7615
f 5034 4821 7047
f 1596 712 7653
f 6934 6798 6852
f 4607 6812 2432
f 2588 6935 168
f 6791 272 273
f 1210 1862 6934
f 1791 7779 7080
f 3641 4525 3105
f 5374 4347 6938
f 7780 4910 6943
f 2831 3561 7056
f 228 116 6785
f 7422 1144 5354
f 1535 1801 3648
f 6941 5824 2982
f 6943 4974 2903
f 1492 7651 6830
f 1584 2939 313
f 2939 1584 6897
f 992 6534 1752
f 4806 4341 6880
f 6765 3882 4923
f 7596 1495 3085
f 101 6637 4334
f 6996 2746 4890
f 6932 5161 5766
f 5161 6932 6813
f 7157 2330 7474
f 2330 7157 5289
f 1410 6844 6940
f 6810 3351 4823
f 1594 7484 6948
f 6949 7298 1109
f 7002 3813 903
f 3927 5661 6957
f 5533 6737 6950
f 6951 4242 4320
f 4320 7546 6951
f 2476 7920 5748
f 5748 3037 2476
f 7282 4756 821
f 2352 5619 6952
f 4694 7134 5541
f 6953 7450 2184
f 3469 6846 6954
f 6846 3469 1020
f 5328 5081 2031
f 7260 2518 5891
f 2548 6167 6955
f 6956 1675 2800
f 3583 3556 5730
f 6957 238 3633
f 7722 7839 7786
f 744 3133 7083
f 6841 781 4733
f 6980 474 2578
f 1009 7069 6958
f 1888 1031 4141
f 6856 4229 1137
f 6959 481 3557
f 1092 905 4478
f 5891 7499 4515
f 7514 4627 4529
f 2619 4318 6758
f 6010 6193 7130
f 4316 6876 2955
f 796 2123 3350
f 6800 1961 946
f 5300 1085 6784
f 1003 6170 6960
f 770 7485 4004
f 1900 7337 6961
f 4026 6962 5129
f 5466 5459 496
f 7394 2104 4985
f 7896 179 5203
f 6905 671 954
f 20 5714 2624
f 6964 2969 1733
f 6452 6161 6432
f 4374 1223 7312
f 6966 6789 1046
f 1046 7314 6966
f 1781 4008 4157
f 6967 3373 6459
f 6169 630 5989
f 4674 104 6907
f 6968 4059 1332
f 1332 6772 6968
f 3037 5748 5833
f 6969 36 1306
f 637 3797 4735
f 6970 5040 3502
f 6970 3691 5040
f 1853 548 6962
f 400 1152 1097
f 6935 1247 271
f 6972 4256 6780
f 2685 1369 6783
f 3724 7603 3395
f 2878 2219 3387
f 6911 5749 97
f 8024 825 2143
f 3358 5028 6909
f 5594 5382 5449
f 3963 6974 5451
f 5827 6883 3145
f 6883 5827 6975
f 6772 6392 6968
f 2990 6487 6256
f 6931 3027 622
f 3622 1793 6775
f 3742 3905 6976
f 6976 4279 3742
f 6977 3851 3008
f 6953 7224 7450
f 6832 5773 5544
f 3558 2768 7282
f 6978 2267 2269
f 6979 6903 8019
f 2161 3675 7015
f 4574 2550 6874
f 6781 7516 3633
f 6948 5280 1594
f 6981 5197 6502
f 5833 495 3457
f 6982 6774 1086
f 1086 5456 6982
f 5488 869 6983
f 564 4506 814
f 5780 6785 5377
f 6785 5780 7350
f 2730 8026 7011
f 6984 1701 5373
f 4354 1453 1126
f 7963 2706 5222
f 6985 389 2225
f 7287 4453 6755
f 4937 6521 7615
f 203 6987 6916
f 6988 5010 486
f 1630 5676 6950
f 7399 7414 7555
f 6787 2483 5504
f 1474 1126 1453
f 6849 7884 6845
f 6849 4932 7884
f 6960 6170 1016
f 888 1528 6791
f 7830 5447 4423
f 1375 3758 6991
f 6993 1404 1411
f 861 1539 7916
f 6994 1860 7946
f 6996 5665 2632
f 2632 2746 6996
f 7764 192 5093
f 6997 403 2892
f 5754 5960 2655
f 1110 6802 6964
f 103 2534 6762
f 472 7298 1235
f 1198 2455 5658
f 6942 3291 78
f 4426 6215 6949
f 2768 6717 6999
f 5124 6945 6983
f 2151 5047 150
f 2281 6815 3014
f 7000 670 4075
f 4888 3718 122
f 6983 237 5488
f 5053 1222 6081
f 7002 3297 3813
f 4079 418 6943
f 4486 7649 7003
f 7003 7765 4486
f 1776 7578 7286
f 4602 7656 1164
f 7079 2038 7086
f 1779 7431 300
f 755 4517 2189
f 7005 1519 906
f 550 4000 7006
f 178 5038 7007
f 6211 7008 5779
f 81 2724 7008
f 7009 5686 2670
f 2670 2436 7009
f 2237 228 7010
f 7011 8027 2201
f 5398 2051 1684
f 6594 6375 7012
f 2632 5164 2746
f 2700 499 7013
f 6773 6853 1266
f 1266 1669 6773
f 7014 2895 4622
f 5264 2290 3522
f 6936 4744 704
f 3127 3391 6779
f 1886 987 7015
f 1157 7 7016
f 3537 6852 4492
f 5165 1292 7017
f 1076 5683 7018
f 488 6041 5260
f 6824 1784 2540
f 5696 3217 4267
f 5857 861 2474
f 6814 2594 3424
f 4969 7204 2327
f 87 5779 7008
f 650 5111 1358
f 953 324 1064
f 2265 7022 2272
f 2118 7003 7020
f 7003 2118 354
f 7023 1363 3615
f 1003 1817 7021
f 1424 3669 3040
f 3524 6641 7786
f 7093 2674 5490
f 5687 7044 5363
f 7044 5687 1633
f 6756 7396 1636
f 784 6799 1518
f 4266 7522 6908
f 550 7006 4443
f 7373 5280 1218
f 3083 1855 2602
f 2792 1188 7342
f 7531 3747 6963
f 7024 1245 2575
f 7993 3623 4157
f 7026 3924 1491
f 1781 3874 4008
f 3089 7429 6729
f 1040 1864 427
f 1210 7078 6290
f 7078 1210 6934
f 966 6817 3862
f 1730 5847 7877
f 2867 7028 715
f 7028 2867 2930
f 5027 6642 2884
f 2046 3448 2858
f 2422 31 7029
f 7030 4307 4388
f 3525 3765 2877
f 2362 3594 3047
f 7031 4580 1848
f 7520 1526 4840
f 149 7032 2252
f 6966 853 670
f 670 7000 6966
f 4747 7283 3845
f 5061 6885 1083
f 6885 5061 7362
f 1491 480 7026
f 576 3392 6839
f 3914 4537 6299
f 7890 2746 5164
f 5826 2230 6838
f 6797 683 5572
f 5572 6977 6797
f 3159 5605 248
f 2903 5467 338
f 7034 3851 6977
f 6866 92 5695
f 7004 6339 1928
f 7262 2284 2582
f 7035 7947 4434
f 4604 6910 6959
f 6959 3557 4604
f 7195 3845 3340
f 7053 1121 2262
f 7036 7205 2572
f 1802 1826 7156
f 2312 1467 7037
f 3985 6763 787
f 7038 3341 4757
f 2098 7976 8019
f 3309 3743 5637
f 7184 3601 7910
f 1185 4882 2674
f 4882 1185 3708
f 2963 2447 6877
f 4478 8020 2975
f 6862 3379 4717
f 7039 3672 3127
f 1781 4157 1935
f 7346 7040 3046
f 7041 422 4285
f 4285 6946 7041
f 7042 1361 1145
f 1361 7042 6891
f 4107 7043 3998
f 7043 4107 6890
f 3800 7165 836
f 6867 4680 7099
f 7844 34 617
f 3550 6670 2806
f 787 6894 4204
f 5689 1550 7044
f 7045 1108 1014
f 245 6961 7337
f 2105 1634 6944
f 3865 7046 4365
f 5106 2943 7086
f 6980 1843 276
f 7047 4582 1483
f 3517 4279 6976
f 6922 1845 7428
f 7048 1968 7265
f 4133 6932 1365
f 3874 1781 4294
f 3964 333 1561
f 7585 1046 6818
f 7049 4848 2326
f 7726 2429 6817
f 6974 7050 2340
f 2340 5451 6974
f 6478 4644 7051
f 901 5618 6866
f 1914 2145 7052
f 6831 4251 3312
f 4251 6831 4893
f 6944 3706 280
f 6902 6280 4988
f 4783 2616 3109
f 4220 7681 1041
f 7896 7926 7974
f 2379 2715 6804
f 1262 3735 516
f 2133 6780 2860
f 2860 3955 2133
f 6638 3760 988
f 5827 5289 6975
f 5289 7385 6975
f 6911 3703 1619
f 4898 4518 2307
f 2030 1501 7055
f 2732 2726 1834
f 5565 7014 4622
f 7014 5565 7519
f 7056 7421 7486
f 52 4628 7833
f 2103 3016 3709
f 3539 5011 7057
f 4756 7282 6999
f 6999 2344 4756
f 6788 4405 3815
f 1588 3129 7030
f 6007 762 7058
f 6848 863 2267
f 2267 7022 6848
f 2635 7643 1707
f 6858 5252 1815
f 1815 5589 6858
f 2825 2590 564
f 7032 149 3398
f 3398 7621 7032
f 7060 1175 5018
f 7091 4815 924
f 1738 5344 6873
f 6913 551 5634
f 5634 6879 6913
f 6965 2710 2932
f 983 7036 7067
f 7036 983 3057
f 208 4633 6896
f 7061 5136 5498
f 5498 5245 7061
f 5315 2877 6807
f 3645 7062 411
f 7062 3645 3677
f 7584 6846 1020
f 1362 7971 860
f 7967 323 6883
f 5809 3364 7064
f 251 7510 7557
f 4628 3804 6759
f 1097 1152 2742
f 576 5568 6928
f 5654 7397 6904
f 7065 6621 5813
f 5118 7259 6994
f 6918 5140 5564
f 4341 4043 6880
f 2200 3704 7066
f 4169 7036 2572
f 7036 4169 191
f 5375 3284 189
f 1816 6922 1081
f 1861 6922 1816
f 6844 4838 4782
f 3040 922 1424
f 2822 1964 2702
f 7708 7741 3586
f 3191 3572 7291
f 6847 4461 2180
f 6893 5518 5568
f 2866 929 1279
f 754 6060 2232
f 4874 7043 3614
f 7043 4874 7068
f 7069 6680 7158
f 7340 1269 7284
f 532 2219 2878
f 4075 4259 7000
f 1025 1745 1054
f 5131 7980 7343
f 7070 6385 4311
f 5737 3404 7071
f 2262 4131 7072
f 2473 2332 7175
f 7073 5596 5337
f 991 4825 7074
f 7075 7072 4131
f 776 7434 7076
f 112 7077 1619
f 2388 3827 6916
f 2250 1175 6795
f 3634 459 6817
f 7078 6852 1318
f 1417 6861 7176
f 2487 4668 6887
f 1540 2272 7022
f 7057 3396 3539
f 2846 6892 2495
f 6947 4108 1495
f 428 7720 5121
f 5121 2620 428
f 18 6813 4133
f 4354 1729 1453
f 983 187 3057
f 7080 4508 4516
f 2198 6361 5098
f 5679 7518 7147
f 1349 1490 7081
f 2758 2399 3814
f 2801 6876 6431
f 460 6005 7082
f 7395 5214 602
f 2179 1372 448
f 6933 413 419
f 7544 1335 2594
f 2535 2055 3958
f 3121 7083 3133
f 7241 3502 5040
f 1883 6878 3147
f 2269 7085 6978
f 7085 2269 1003
f 3158 7079 7086
f 4863 6074 514
f 6697 3727 6075
f 7517 2977 1982
f 7720 489 6119
f 7544 6492 6915
f 6827 286 4116
f 6842 5129 6962
f 4825 4862 7074
f 6881 6971 3346
f 3346 242 6881
f 1135 7087 3860
f 6832 3830 7039
f 6809 1870 1926
f 7006 48 3612
f 2940 3691 6970
f 6847 5512 745
f 7089 3733 2348
f 441 7916 1539
f 7916 441 7317
f 5280 3457 495
f 3011 7092 863
f 6920 4738 2695
f 3983 2656 6985
f 4448 5617 5079
f 2542 6958 1349
f 6802 3237 6964
f 6886 7812 6963
f 112 4397 7077
f 7518 5995 7147
f 1929 4388 7045
f 7090 1695 5463
f 7007 6973 178
f 7062 916 411
f 4511 3927 6957
f 4766 5545 6839
f 7091 76 4815
f 6802 3503 900
f 4677 911 1067
f 3649 838 7087
f 4542 21 6841
f 7030 1225 4669
f 5453 6121 2283
f 7015 3675 1886
f 7084 6986 1104
f 1247 6935 2077
f 6939 2077 6935
f 6075 3727 5237
f 5235 226 2083
f 61 351 3980
f 2116 7223 4967
f 7092 929 1339
f 2635 3274 6988
f 2195 6889 2364
f 2855 5490 952
f 178 6973 325
f 2055 2639 3958
f 7185 3958 2639
f 2799 7295 20
f 3191 696 4505
f 1629 7832 7194
f 5532 7832 1629
f 4501 1526 7520
f 5181 5262 5112
f 2637 6626 6163
f 34 2819 7316
f 6851 1505 1030
f 768 7081 748
f 7081 768 2542
f 502 7091 120
f 4118 6295 5052
f 1169 1389 6910
f 6778 4415 3623
f 3677 3012 4289
f 796 2271 2123
f 6769 1644 3892
f 3883 2376 3404
f 6948 1309 1218
f 5221 4483 5122
f 1174 65 7356
f 7096 1175 2611
f 7034 5064 732
f 732 4695 7034
f 6765 3768 7097
f 1787 7027 6821
f 2540 4355 6410
f 1216 7490 4483
f 6029 5904 6840
f 4385 4461 6847
f 3893 3051 7196
f 7944 2970 5460
f 405 6799 6860
f 6799 405 1518
f 2631 1747 5131
f 2569 1782 6696
f 2989 6870 2988
f 6870 2989 222
f 7014 7198 5191
f 5191 2895 7014
f 7071 5389 5562
f 5877 3540 7046
f 7047 1483 5034
f 6033 6007 7058
f 6960 7085 1003
f 2546 6955 7085
f 787 4178 6894
f 5248 2510 6606
f 6514 5355 5702
f 7099 4680 855
f 7086 2943 4477
f 2874 2851 5861
f 6768 268 1477
f 7269 7977 3749
f 7100 1772 1015
f 5853 713 1824
f 7101 484 8
f 623 4410 3632
f 5672 6579 195
f 2406 2422 7029
f 268 6753 710
f 6753 268 6768
f 7093 2596 3657
f 3388 2710 6965
f 1073 2810 756
f 1031 6314 4141
f 2831 7103 7478
f 7478 7760 2831
f 6854 1482 5830
f 7104 2001 424
f 424 4057 7104
f 4178 787 6763
f 6925 5028 3548
f 6894 7831 5418
f 5418 2343 6894
f 6776 4207 1023
f 8 3639 7101
f 6786 4148 6430
f 6803 2058 857
f 2470 6525 7038
f 3072 6915 2809
f 369 4905 3563
f 7075 4131 3057
f 7105 3132 3125
f 4135 2948 4357
f 6952 2163 2352
f 6350 2904 6761
f 2290 6483 3522
f 5749 7077 5181
f 7077 5749 1619
f 4668 5694 4629
f 6982 5456 5761
f 5761 7803 6982
f 3121 5017 7083
f 7080 1241 4508
f 4334 6637 4269
f 5014 3703 6912
f 3165 7016 7
f 7106 6732 5382
f 7107 1734 6296
f 998 801 7029
f 7029 31 998
f 6974 3963 2566
f 7108 6217 487
f 2849 3159 3549
f 7429 7399 7555
f 5572 683 681
f 6939 2525 2077
f 2525 6939 1801
f 6757 7522 3310
f 7522 6757 6908
f 93 4617 2356
f 6782 1363 7109
f 2727 6430 523
f 2259 7716 2579
f 5609 1025 7110
f 1185 5294 4696
f 6826 4203 3046
f 4203 6826 2564
f 1121 7053 6919
f 7896 6919 7053
f 6997 2163 403
f 991 7074 75
f 75 5831 991
f 7312 1033 2251
f 6856 2385 2720
f 2720 4229 6856
f 7111 4208 876
f 5412 1753 5611
f 4654 2286 6875
f 5883 4242 3128
f 7113 6045 5888
f 7113 606 3600
f 7114 291 6701
f 2611 5909 2045
f 7115 5923 4502
f 7116 5236 6627
f 5926 1364 1345
f 7541 7112 6750
f 5931 5478 924
f 7038 6525 1552
f 5941 3227 4936
f 5948 5992 6514
f 4102 953 5437
f 6833 2128 2333
f 400 1022 3403
f 7629 6146 2864
f 7117 4446 970
f 4446 7117 7118
f 3267 349 5962
f 5970 3658 7119
f 6921 7967 6975
f 3742 2287 3905
f 5638 3669 7120
f 6992 3125 1532
f 5995 4645 7106
f 5997 1394 7121
f 7122 2374 6113
f 6113 5472 7122
f 1241 6902 4508
f 6593 5938 5118
f 5179 6732 7106
f 5951 4899 7565
f 7123 6028 2450
f 1200 1466 7497
f 1633 5689 7044
f 4632 1351 7124
f 7100 6050 7125
f 2907 1772 7100
f 7126 854 769
f 4729 3257 6635
f 1928 1779 7004
f 1871 4365 6101
f 7140 187 983
f 7139 7140 7127
f 7260 1643 6956
f 6761 2904 4517
f 2928 5096 4814
f 6148 3356 7327
f 6050 7735 7125
f 6168 3998 7068
f 863 2269 2267
f 3644 6850 6888
f 6888 7526 2017
f 7128 5213 6805
f 6185 425 4136
f 5992 5355 6514
f 4641 3519 7129
f 7130 6235 6426
f 2928 6394 5096
f 6196 1325 5009
f 35 7131 7725
f 7131 35 3821
f 98 1066 862
f 862 1312 98
f 4045 5628 6871
f 5157 7133 1224
f 6986 1224 7133
f 5705 3263 5906
f 7895 5483 7766
f 7137 4078 1123
f 6845 766 1254
f 2773 5544 6886
f 6233 7193 938
f 2017 7526 1171
f 2045 5716 7096
f 7795 7877 976
f 5398 976 7877
f 3475 7327 6241
f 5592 7111 7075
f 7075 187 5592
f 465 1810 3326
f 1635 7175 2332
f 4678 7152 6753
f 26 4218 5411
f 6455 6899 7092
f 3916 6122 6899
f 7135 2762 2744
f 4653 1876 7273
f 7861 2637 1360
f 7528 7370 5362
f 531 3375 5538
f 1782 2312 7037
f 7117 6742 7118
f 7117 970 2446
f 6297 5596 7073
f 7353 1465 2146
f 7537 4860 7137
f 4236 8024 105
f 6921 7385 1257
f 4709 3733 7089
f 5813 5802 7065
f 712 1204 6898
f 6178 5305 907
f 4534 427 7138
f 427 4534 4431
f 5592 187 7139
f 3655 4535 3654
f 7041 6946 6330
f 6330 6930 7041
f 4822 1789 2545
f 285 7911 6805
f 6118 6520 5920
f 7140 6348 6347
f 7624 3563 6854
f 1424 425 7309
f 425 6352 7309
f 2504 6356 7141
f 6996 5740 5665
f 6368 1445 7132
f 6940 6844 5716
f 6374 3995 1903
f 6377 2078 6056
f 5249 7118 7161
f 1944 3174 3264
f 6348 7140 2529
f 7070 7641 6385
f 7641 7693 4904
f 487 5622 7108
f 2031 5081 6857
f 2329 1815 5457
f 7097 5971 3978
f 7098 6400 2510
f 7593 5627 4752
f 6357 2075 6924
f 756 2810 6409
f 5236 935 6644
f 1848 6142 7031
f 474 4596 2578
f 7553 7372 6624
f 7130 4706 6010
f 6426 4290 7130
f 7740 308 6430
f 6432 3951 6428
f 7400 7378 6860
f 6245 3141 6097
f 7142 7363 1990
f 6791 4373 6541
f 6314 4365 4141
f 2969 2407 7304
f 4814 7400 7396
f 7396 5989 630
f 630 1636 7396
f 2570 1146 7131
f 5329 5297 7708
f 2256 1633 7311
f 6780 1337 6972
f 7111 5990 7072
f 7111 5592 4208
f 5883 7929 6445
f 5237 5357 6075
f 6070 5970 5339
f 6256 6487 1743
f 366 1415 6488
f 7143 5113 151
f 151 5196 7143
f 4052 6806 6134
f 6502 7087 6981
f 7087 6502 3860
f 7532 5469 6496
f 1163 6414 7145
f 2194 3336 2966
f 5821 7330 1759
f 4310 7767 7033
f 895 135 4848
f 2591 7215 7146
f 3525 2877 6967
f 6967 6459 3525
f 4937 7776 5594
f 2304 113 4358
f 5373 6424 7171
f 7147 7106 5382
f 3666 4787 6828
f 7104 2545 6906
f 3812 309 4818
f 3950 5985 7148
f 6242 1925 6537
f 6004 6230 6989
f 2489 449 7149
f 229 3427 7511
f 3427 229 2241
f 953 5487 5444
f 5131 1747 2176
f 2953 450 6427
f 6196 2529 7067
f 6361 6577 5098
f 5960 202 2655
f 42 5033 5471
f 7124 1351 4611
f 4611 5646 7124
f 4101 601 3423
f 6294 6567 7151
f 7151 692 6294
f 1797 7152 3484
f 6571 4115 4038
f 2581 160 7001
f 7110 4646 5555
f 2782 7329 7153
f 6580 4035 136
f 6335 3486 6895
f 6347 5765 7127
f 6969 1306 3474
f 5928 7126 1074
f 7073 5337 4775
f 7049 7115 4848
f 5469 1939 530
f 1944 503 4200
f 6041 4335 5260
f 3190 3768 7186
f 7129 3905 2287
f 957 598 1669
f 5679 3300 5506
f 3911 4381 2350
f 7128 7823 487
f 5438 554 4261
f 3629 5931 5731
f 2172 4050 6624
f 1819 7467 1665
f 7114 303 291
f 5639 3047 6458
f 2454 7021 2866
f 7021 2454 870
f 4421 3744 6632
f 7316 7358 1759
f 7671 7388 398
f 2358 6099 5295
f 5902 885 7242
f 6305 7535 7375
f 537 7508 2492
f 7156 1826 6651
f 6651 4802 7156
f 7320 344 6479
f 338 5467 4338
f 2284 147 2582
f 6653 2146 2755
f 7056 7486 3537
f 6633 5026 6374
f 3743 5288 5637
f 7149 3207 6246
f 3830 3672 7039
f 6614 6291 2953
f 862 4295 1312
f 5903 3088 1494
f 7099 7061 1950
f 7099 5136 7061
f 5254 15 4593
f 2354 705 1728
f 7497 5311 7157
f 7157 7474 7497
f 7045 1014 5460
f 5435 4123 4090
f 448 1372 1192
f 7786 6674 7722
f 5679 7776 3300
f 7112 125 2583
f 1695 7001 2475
f 7001 1695 2581
f 333 1672 1561
f 2174 7854 6807
f 7140 983 2529
f 4193 6577 6685
f 6715 3224 6896
f 3604 3615 1535
f 6179 4759 1940
f 6901 6903 2742
f 4456 7189 6901
f 7189 8019 6903
f 7013 212 1823
f 1810 6031 3326
f 6690 5644 5102
f 3109 2616 6004
f 7060 2611 1175
f 1880 3262 2561
f 7833 4628 6759
f 7338 6063 4969
f 1965 502 120
f 189 3284 1745
f 7060 109 1445
f 6836 2696 6131
f 7291 3572 1607
f 6978 2300 7349
f 2267 6978 7349
f 7349 1540 7022
f 7352 7136 3462
f 7158 2541 51
f 6468 7865 7367
f 6987 7146 6916
f 454 6321 7155
f 6787 7250 2332
f 2075 1044 6924
f 6816 141 5929
f 7007 1643 7616
f 6283 6606 2510
f 6722 745 5167
f 5913 7906 2386
f 6956 2800 2518
f 2405 8022 1403
f 4069 6088 7159
f 7159 2989 4069
f 4049 2141 16
f 644 6047 6727
f 1687 5158 6842
f 7553 6043 3100
f 1180 2342 7065
f 1870 7133 5157
f 7133 1870 6809
f 1031 3064 7088
f 48 1158 3612
f 3476 3984 2093
f 6424 634 3115
f 7082 4845 460
f 7395 6936 1538
f 7538 6717 2768
f 4640 3421 7257
f 2020 5854 6517
f 6733 2334 4928
f 7538 3647 6734
f 226 1314 2083
f 6737 489 6950
f 4031 619 1433
f 6470 5711 2886
f 7092 6899 929
f 7139 7127 5573
f 5229 7020 7649
f 5084 5388 5648
f 5218 5944 7094
f 5472 937 7122
f 3616 5936 1431
f 7125 3638 2907
f 6742 5206 7161
f 7161 7118 6742
f 5262 3705 5112
f 2637 4597 6626
f 7390 7324 3395
f 6037 5140 6918
f 6187 5880 6998
f 2513 4015 5197
f 712 7398 801
f 1329 6193 469
f 6577 3244 6685
f 6840 5904 573
f 1318 1207 7078
f 6088 56 6721
f 4659 1874 7722
f 5959 1335 3343
f 5900 1982 1589
f 935 7116 6144
f 6666 4956 6879
f 5929 6168 7068
f 6450 6062 6740
f 7187 1392 5332
f 5702 5355 2746
f 89 5462 3680
f 7143 1990 5113
f 1990 7143 7142
f 6049 2605 7180
f 6505 3541 561
f 7029 7398 65
f 447 6158 6622
f 6926 4767 3180
f 6786 6430 308
f 7035 3758 6786
f 6104 7216 2241
f 2058 3803 857
f 3768 6267 7097
f 3563 4905 6854
f 6758 7323 1968
f 4487 5884 6709
f 4076 403 6952
f 6483 1860 6994
f 7158 1349 7069
f 6627 6615 7116
f 4653 699 7107
f 7107 6296 4653
f 735 5204 7162
f 7162 5204 5911
f 7108 3056 6217
f 3056 7108 6938
f 7387 5258 7262
f 6045 2519 5888
f 3439 37 1402
f 6074 5553 514
f 7109 7042 1145
f 1363 7023 7109
f 7023 3604 7042
f 6430 4148 523
f 7163 5344 1738
f 6644 5344 7163
f 5455 1762 456
f 6945 7909 709
f 709 1269 6945
f 7164 5441 1809
f 5769 836 7165
f 309 3812 7166
f 7167 5651 2481
f 3067 5301 7168
f 3014 2618 7265
f 5133 7171 4785
f 3153 4785 7171
f 7394 4985 3708
f 3423 7567 7258
f 5908 2720 2385
f 7020 4079 338
f 4211 7834 324
f 3505 7549 4827
f 4139 5764 7172
f 7174 2292 3222
f 3222 4120 7174
f 7175 4633 790
f 1392 2739 5332
f 3157 3214 1057
f 1658 1816 7178
f 7710 135 1891
f 2949 1416 5063
f 4183 7178 5349
f 7715 3969 7243
f 7180 5403 5406
f 4547 3506 7181
f 4455 7182 3898
f 2020 1904 3279
f 7653 3214 1596
f 7183 2424 6439
f 5528 7403 7184
f 2491 7203 7185
f 7203 2491 5739
f 7293 5508 1842
f 5985 7737 6026
f 4871 2837 7241
f 7186 4923 4679
f 2060 2385 7187
f 7188 1552 5530
f 7859 1538 704
f 7338 2327 3571
f 7189 2732 1834
f 4619 6020 7190
f 7191 4756 2344
f 5406 3406 7180
f 3419 5076 918
f 2395 4599 5914
f 7192 4585 5517
f 3883 1401 7193
f 3519 5233 7194
f 652 2515 5196
f 1999 5328 2031
f 5341 7450 7352
f 7196 7684 957
f 127 1800 7197
f 4037 5285 7546
f 1216 16 4121
f 5331 4098 7313
f 2404 2137 7199
f 2506 57 4637
f 4657 5729 4293
f 7200 715 2936
f 2718 3918 7201
f 7247 2195 4561
f 4384 5563 7299
f 7202 6929 999
f 5346 7203 5739
f 2327 7204 917
f 3429 5102 2465
f 3729 2824 3832
f 7205 2854 2572
f 7206 994 5528
f 4828 7207 2363
f 7303 570 464
f 7166 5731 651
f 2913 6897 463
f 1960 2191 7208
f 3113 1712 7211
f 6427 6494 7213
f 3699 7547 6598
f 7215 7049 6796
f 2788 3427 7216
f 7216 2008 2788
f 6891 3604 7217
f 2020 658 1904
f 7192 832 6095
f 7200 1570 715
f 7218 5075 375
f 4145 4173 7182
f 7219 5860 2564
f 7219 4240 5860
f 2701 6938 4347
f 7220 926 4529
f 4326 646 7221
f 5076 2248 918
f 2444 1362 235
f 3671 5538 3375
f 4136 7575 7234
f 6175 1101 1250
f 4487 2870 2818
f 7224 6953 3872
f 5013 1561 46
f 7225 1714 6186
f 4818 7226 4615
f 1790 25 1553
f 138 2579 7227
f 238 5459 5957
f 7229 716 3836
f 7657 7904 3976
f 2392 1920 1572
f 4827 7549 7513
f 7306 6887 4629
f 5558 4135 7230
f 515 127 7197
f 7231 1345 4403
f 1345 7231 7232
f 7233 3722 617
f 2124 965 7248
f 7176 1273 5362
f 3671 2646 5538
f 3869 7757 7571
f 771 1378 7234
f 2954 1325 191
f 4168 857 5491
f 2765 4590 5639
f 7236 4676 145
f 7474 7550 3784
f 282 6969 3784
f 5662 3246 7294
f 1046 3207 7314
f 1350 515 7197
f 7135 2744 7237
f 4851 7238 1838
f 7238 4851 4081
f 7178 1816 1605
f 5285 6951 7546
f 2083 7239 204
f 4458 204 7239
f 3054 6891 7217
f 7207 4828 1099
f 2444 2502 1362
f 3793 295 7607
f 7240 1698 1835
f 2837 1224 7241
f 4924 5852 2596
f 7242 158 697
f 7551 5493 4753
f 2750 7243 3969
f 3756 7453 7244
f 6861 8028 7277
f 4515 2127 1740
f 7218 375 5038
f 7245 5800 5259
f 1417 7176 5362
f 3412 7246 5169
f 1996 1081 7428
f 3525 6516 2799
f 7654 1478 849
f 7182 4173 3898
f 2249 147 7247
f 965 4191 7248
f 1783 2533 1824
f 5616 2824 3729
f 1681 614 7390
f 499 4380 5378
f 4234 4630 7304
f 7250 5504 3627
f 7251 3348 5177
f 962 7252 1379
f 7219 7621 7548
f 2695 805 7319
f 992 5421 7253
f 7859 3585 2892
f 7182 4455 7016
f 1995 585 7254
f 1712 7256 1070
f 7256 1712 3853
f 2456 7552 2119
f 7257 4333 61
f 6781 1532 6267
f 7205 3057 4131
f 4333 7257 6446
f 7258 4126 5698
f 7259 5118 3108
f 512 6431 4741
f 360 4836 7226
f 3756 7244 7261
f 7261 5092 3756
f 2109 4393 7209
f 558 7202 999
f 7202 558 3083
f 69 1023 4207
f 7262 4821 2284
f 7214 3035 1680
f 1290 2439 1699
f 7539 3124 6681
f 7266 3134 4921
f 4154 7174 7264
f 7174 2428 2292
f 1699 3632 2835
f 7479 6819 1677
f 2233 1223 7267
f 4529 2184 7220
f 4831 7417 7268
f 7269 3788 1703
f 2403 308 7364
f 1894 4887 7177
f 7121 4593 2156
f 7831 1057 3214
f 2433 5471 7271
f 7272 5840 3244
f 1907 7274 960
f 7273 1077 3803
f 5821 4546 7330
f 1616 5167 2084
f 1955 7112 7541
f 829 7913 7998
f 2488 960 7274
f 7515 7296 3167
f 6100 2488 7274
f 2178 6475 7275
f 7539 447 476
f 7738 2143 825
f 1702 1963 3135
f 7276 4521 1502
f 2068 4165 7363
f 5526 8028 1432
f 7422 5126 1144
f 6968 6392 7278
f 7279 5411 4218
f 1712 1479 7211
f 7280 1835 1787
f 7281 301 3613
f 7283 3855 3340
f 755 2189 7270
f 7326 1484 3790
f 914 7695 7340
f 7240 7280 1305
f 1159 6514 47
f 5658 2455 7285
f 5698 4731 7258
f 7890 2369 4682
f 4813 7220 6733
f 7659 1522 2252
f 7168 8 1608
f 4459 3907 7287
f 3115 471 7172
f 7288 4916 587
f 2639 2491 7185
f 2596 5852 3657
f 4516 4508 7289
f 3613 5428 7281
f 7148 5985 6233
f 7166 3529 309
f 7209 3062 293
f 7290 246 1407
f 7291 3729 3191
f 7177 1591 4378
f 7292 3050 3072
f 7293 3729 7291
f 7294 3655 3654
f 5082 4103 7303
f 4806 4911 5657
f 2119 7552 7297
f 7297 49 2119
f 5477 3109 7321
f 7298 6749 1235
f 7298 6949 6749
f 4513 3793 4776
f 3396 7655 3612
f 7268 3993 3431
f 4888 2756 7493
f 4533 612 4258
f 7299 5563 3438
f 7300 1 143
f 1465 7353 3871
f 7301 2682 1118
f 7302 2506 4637
f 7181 3761 4547
f 7303 4688 1438
f 7304 4630 5450
f 4752 6718 7305
f 7222 4229 4768
f 2394 7551 4753
f 7307 4339 99
f 7931 2157 5868
f 2604 5092 7261
f 7308 456 1569
f 7275 2095 4158
f 1041 7231 7263
f 7231 1041 7232
f 7310 4717 5660
f 917 7204 7203
f 7203 5346 917
f 684 7502 7311
f 5764 5072 7172
f 731 3868 2071
f 3252 2752 7240
f 4667 618 7313
f 7289 4508 4988
f 5660 852 7310
f 5891 1067 7499
f 5264 3522 7406
f 897 7719 921
f 5260 4319 7191
f 3264 3176 3314
f 6803 6098 5798
f 5639 6059 7300
f 5185 6918 2193
f 7295 7488 5239
f 7314 3156 853
f 7235 1771 4676
f 1771 7235 4859
f 7254 7179 1775
f 1775 1995 7254
f 4679 4923 7315
f 4458 6127 3483
f 7452 4276 7563
f 7292 427 4431
f 7307 3319 4339
f 7261 7244 1799
f 3283 1499 6569
f 7700 6929 7675
f 1218 6871 7373
f 7318 5109 1258
f 7319 4033 5476
f 7314 780 3156
f 3280 7222 3728
f 5872 7184 7403
f 3388 6965 7320
f 7187 3441 6777
f 2892 3065 7859
f 7807 7487 2268
f 5225 6871 5628
f 6427 7213 7321
f 7213 5477 7321
f 7322 5587 4695
f 5630 3424 2594
f 3429 473 4408
f 987 6760 7323
f 7177 4887 1992
f 7324 4226 3724
f 1605 7251 5349
f 7251 1605 3348
f 7331 2350 6379
f 2606 305 7325
f 7326 3790 3088
f 1855 4147 615
f 520 6241 7327
f 68 7705 7328
f 2445 6466 7329
f 7227 2561 252
f 4637 7611 723
f 7507 2373 4017
f 7330 4546 4538
f 1698 7240 2752
f 7331 3536 2228
f 3475 2756 3991
f 5063 1416 889
f 7212 2147 4908
f 1402 7266 7332
f 1738 6873 4850
f 7250 6787 5504
f 7333 5851 32
f 7378 5096 5291
f 7192 5517 2397
f 7369 3680 6881
f 7334 3260 5820
f 7335 4894 4425
f 4425 3711 7335
f 2524 5769 7165
f 7336 6611 2212
f 199 173 7337
f 746 1940 3321
f 2223 7631 2353
f 7338 1818 6063
f 4864 39 7453
f 7266 1402 1270
f 7282 2751 3558
f 7610 6498 7481
f 869 7271 5464
f 7271 869 7151
f 6079 6477 7339
f 1712 3113 3853
f 2176 2132 7351
f 643 588 7602
f 7340 237 6983
f 20 2624 7439
f 3441 7187 5332
f 7341 7905 502
f 7710 1891 7342
f 7343 7980 39
f 3007 5366 5000
f 4100 5064 681
f 7281 4659 6674
f 7335 3711 3032
f 7890 47 5702
f 2178 7275 4158
f 7834 1867 4254
f 7344 5131 2176
f 7345 1488 4096
f 7519 7661 1281
f 5571 7793 2302
f 7346 1165 4128
f 2007 408 5023
f 5160 1010 7347
f 5709 5403 7348
f 5489 5541 2853
f 7349 7022 2267
f 3148 3176 3264
f 7247 3091 2249
f 7233 2864 6146
f 4267 6327 7310
f 4734 7009 7305
f 7331 6379 5011
f 191 4623 2954
f 7583 6585 7908
f 7350 2304 5175
f 1391 3976 6761
f 1746 7641 4904
f 7344 4651 1799
f 4651 7344 7351
f 3803 699 7273
f 4169 4623 191
f 7562 7311 7502
f 7351 937 4651
f 4837 43 4334
f 596 1783 1824
f 5233 3707 7194
f 2765 5639 7300
f 7352 3462 1991
f 3050 4431 3343
f 3855 7374 3340
f 7353 2131 4955
f 4943 7292 3072
f 7292 4943 1040
f 7354 5920 345
f 7355 4478 2975
f 3000 658 2020
f 7285 2455 3743
f 7301 1118 5109
f 558 4147 1855
f 7345 5402 609
f 884 7706 5734
f 4220 472 2640
f 4220 1041 7263
f 558 1855 3083
f 169 2093 7238
f 3761 3343 4431
f 3343 3761 7181
f 5009 2571 7302
f 5657 4911 6009
f 4031 148 217
f 3939 4511 3633
f 2968 1875 7229
f 4619 7190 4332
f 7434 4332 7190
f 5705 5367 7245
f 4098 4667 7313
f 7191 2344 3637
f 650 1358 7368
f 7200 7357 2651
f 2651 1570 7200
f 5695 92 844
f 7571 4084 3520
f 7248 4191 2430
f 7358 3778 2888
f 34 2864 7233
f 7233 617 34
f 4803 5437 7779
f 2152 7597 2001
f 1241 7779 5437
f 2662 4516 7289
f 7293 1842 5616
f 7360 2872 4112
f 7554 2544 7361
f 2658 7362 1472
f 6903 6979 1422
f 2283 941 3880
f 3871 7353 4955
f 630 7386 2991
f 4182 7093 3657
f 7327 3356 520
f 7319 5476 6920
f 2896 6816 4642
f 7226 4818 794
f 1761 4168 2411
f 3656 7230 7210
f 7230 3656 3766
f 4831 7268 3431
f 509 5658 7285
f 1371 2404 7199
f 7249 1578 709
f 2228 4009 7331
f 946 7346 817
f 5915 6079 7339
f 4730 2968 7229
f 2543 5878 7249
f 7462 7355 5235
f 7355 7462 3466
f 3607 3403 3575
f 4096 2494 7345
f 4898 6444 4518
f 6707 68 6727
f 5003 2424 7183
f 7234 3526 743
f 7216 513 2008
f 4165 1990 7363
f 7303 4103 4688
f 7328 455 68
f 7269 3749 3788
f 4487 3731 5884
f 7296 4200 6462
f 6721 4202 7159
f 7740 7364 308
f 7207 6247 2633
f 1425 1164 7437
f 2353 7631 82
f 4678 2693 7366
f 3560 5974 102
f 5229 7649 7288
f 7288 5973 4916
f 6992 1532 7228
f 7368 5368 2352
f 7315 7368 2352
f 2352 2163 7315
f 6022 6021 7369
f 763 5075 7218
f 5047 1417 7370
f 2990 6075 5357
f 7371 1925 4454
f 7553 3100 49
f 7315 2163 4679
f 4629 6665 7306
f 7537 4030 4860
f 6127 1202 3483
f 7359 1952 6135
f 7301 4090 6090
f 1644 6635 6137
f 3991 6148 7327
f 7742 447 7539
f 4502 4848 7115
f 2930 7142 6489
f 4404 349 2984
f 7373 3281 3268
f 1703 6210 7269
f 7302 4637 6154
f 4909 5178 2425
f 5934 4821 7262
f 7251 5177 7237
f 6246 3551 3324
f 7595 1271 7094
f 1293 7739 5997
f 1246 6183 6263
f 6333 4671 5600
f 3883 6227 2376
f 7286 937 5472
f 3655 7294 7975
f 885 158 7242
f 4537 3340 7374
f 7583 7908 2894
f 6057 5928 1115
f 7375 7136 6305
f 7376 1431 7155
f 7376 6320 5538
f 2031 6304 6325
f 6325 1999 2031
f 7239 6260 2085
f 2083 6269 7239
f 1101 1714 1250
f 3649 4366 838
f 6957 496 238
f 7151 5216 7271
f 7219 2564 2941
f 6431 5 4741
f 6906 6219 7377
f 7236 5798 3835
f 6403 209 3514
f 7173 2497 6395
f 6427 7321 6989
f 1546 7411 2046
f 7378 405 6860
f 7183 6439 5112
f 5112 7784 7183
f 968 2200 7066
f 6446 64 4333
f 7188 6923 1552
f 5977 6468 7367
f 5996 7379 6210
f 7379 5996 2188
f 2058 5798 7380
f 6476 343 3259
f 6479 5064 4100
f 5798 7236 7380
f 7236 145 7380
f 7381 3691 2174
f 4871 3691 7381
f 1747 6493 7201
f 6494 3089 7213
f 2060 5908 2385
f 6498 7499 1208
f 914 7340 7284
f 7340 7695 237
f 6504 1013 1443
f 7259 7406 3522
f 2952 5989 6860
f 4256 7243 2750
f 7557 1079 251
f 47 6514 5702
f 7206 120 7091
f 7199 2137 6471
f 6256 6075 2990
f 1023 1939 6776
f 6537 1925 7371
f 7376 2646 1431
f 2646 7376 5538
f 62 2598 2580
f 7323 1997 3235
f 5019 2241 229
f 6359 1578 7249
f 4744 6936 602
f 6565 1470 5817
f 6569 2509 3283
f 2509 6569 7647
f 6572 5400 7169
f 6346 3572 7306
f 6303 5949 4753
f 2185 1397 7308
f 7382 264 6771
f 2003 2332 7250
f 3697 3699 6598
f 4589 7975 6599
f 3115 7172 6178
f 7293 7291 1607
f 7710 681 683
f 6630 4475 6579
f 5131 7343 5955
f 962 8022 7252
f 3499 2314 3045
f 7320 6479 3473
f 4552 7083 6735
f 7384 7393 6660
f 6606 7826 7709
f 266 3601 4006
f 7157 6671 7385
f 5435 4090 7318
f 7322 7012 5587
f 4700 7533 7322
f 7215 2591 2139
f 7215 2139 7154
f 7217 3604 3648
f 6169 36 7386
f 7384 5768 538
f 5768 7384 2372
f 7387 2582 6130
f 7670 7912 3648
f 1394 7739 7496
f 4486 5923 7649
f 6316 3014 7265
f 6700 7905 7341
f 2579 1880 7227
f 3991 4888 6362
f 7336 1186 6611
f 6063 4180 4969
f 6498 1208 7481
f 7388 7299 3438
f 3438 6660 7388
f 7388 6660 7393
f 7067 191 1325
f 4259 789 7290
f 7155 6321 7376
f 6341 1514 797
f 168 2583 6655
f 2756 4530 6412
f 6434 3113 7211
f 5443 1002 7170
f 1677 1665 7467
f 7305 6718 5681
f 7374 7646 6299
f 6657 1077 7273
f 6646 3251 1202
f 7341 502 1965
f 4045 6871 1218
f 7260 6956 2518
f 7270 2189 6708
f 4755 2049 6355
f 6711 4977 940
f 7324 6689 4226
f 6596 6101 6314
f 6490 7365 7354
f 81 6554 4381
f 2886 5711 7418
f 614 6504 7390
f 6516 3099 2799
f 7375 136 4598
f 7360 4112 5059
f 5059 2500 7360
f 1422 6979 6036
f 5661 7391 7054
f 7391 5661 6284
f 7908 1893 4282
f 7329 2782 3206
f 7220 4813 926
f 5851 6823 7279
f 2809 6915 6492
f 7486 7781 1318
f 6444 968 4518
f 3741 6595 4432
f 3126 7353 2146
f 2647 4113 6523
f 7309 7120 3669
f 4369 1378 7634
f 2222 1186 7336
f 12 455 7328
f 6755 2464 7287
f 6770 4110 880
f 4110 6770 4398
f 7290 789 3964
f 3964 246 7290
f 7377 1965 1214
f 1926 7054 7391
f 6816 374 141
f 7333 1341 1849
f 1849 6823 7333
f 3964 3846 246
f 4969 3958 7204
f 6096 5566 3448
f 7245 5259 7407
f 7369 5252 6858
f 793 1171 7526
f 6779 3218 5773
f 1951 1174 7356
f 7428 1081 6922
f 4530 3475 7188
f 7139 5573 7509
f 1010 5099 7347
f 7107 699 7380
f 6929 7317 999
f 7779 1241 7080
f 1309 6948 7484
f 7298 305 1109
f 7228 1532 6781
f 3738 398 7393
f 1699 2439 3632
f 7280 227 1305
f 7499 6498 4515
f 2477 2104 7394
f 7314 853 6966
f 7734 5214 7395
f 1438 7264 4120
f 3264 3314 3105
f 5126 1541 1144
f 7352 7450 7224
f 1849 1829 6823
f 3907 4453 7287
f 3062 2623 293
f 1591 3849 4378
f 2111 3758 1375
f 472 305 7298
f 7741 5241 3586
f 2251 4703 7312
f 2118 338 4748
f 3747 3875 6963
f 5680 6863 4827
f 7373 5225 3281
f 3914 2796 4537
f 1434 7659 2941
f 7036 3057 7205
f 7040 1487 3046
f 3800 4623 7165
f 4553 3171 7414
f 5312 1453 3749
f 4456 2732 7189
f 880 5056 6770
f 5315 6967 2877
f 5654 758 7397
f 7397 874 6904
f 7259 3522 6994
f 6983 1269 7340
f 7369 6881 3652
f 7439 7705 612
f 4100 681 7342
f 39 7980 7244
f 2473 6787 2332
f 1471 6861 1417
f 5679 4626 7518
f 7084 7241 1224
f 7241 7084 3502
f 6783 2977 7517
f 4713 7395 1538
f 3000 4391 658
f 4154 6801 5682
f 1520 4967 7223
f 6823 5851 7333
f 7295 5714 20
f 7398 7356 65
f 7752 1428 364
f 1784 4355 2540
f 7977 6771 1323
f 7977 7269 7382
f 7382 6771 7977
f 7787 7703 4377
f 1199 3891 6941
f 7262 2582 7387
f 7429 3089 7399
f 6856 1392 2385
f 6247 6884 2633
f 1928 5645 1779
f 187 7140 7139
f 1952 267 6135
f 1611 7545 5483
f 2017 1171 3007
f 7297 7372 7553
f 7372 7297 7552
f 4696 2477 7394
f 6860 5989 7400
f 4814 7378 7400
f 7378 4814 5096
f 7142 2930 7363
f 7400 5989 7396
f 6389 1633 2256
f 7201 6493 2718
f 7215 6796 7146
f 7362 2658 848
f 7206 5478 994
f 5949 2394 4753
f 7555 580 4195
f 7329 6466 7153
f 7350 5175 7010
f 264 7382 7379
f 7379 2188 264
f 7228 7383 6992
f 7383 7228 5957
f 7115 7049 7154
f 7129 3519 7194
f 7710 2326 135
f 202 1512 4482
f 6863 5656 4827
f 2819 7358 7316
f 7375 6580 136
f 6580 7375 7535
f 6965 344 7320
f 475 7701 485
f 7393 7701 3738
f 6614 6592 6291
f 4006 3601 7184
f 2990 5357 5769
f 705 2459 1728
f 7830 4123 5435
f 7054 1926 7359
f 1453 3788 3749
f 7556 3268 2714
f 4515 7260 5891
f 7352 7224 7136
f 118 7392 2559
f 6700 7341 7377
f 91 7730 7144
f 6801 4698 5682
f 7389 1271 6404
f 8014 2405 7477
f 6689 7390 6504
f 7390 6689 7324
f 712 7356 7398
f 1392 7187 2385
f 7029 801 7398
f 7279 6823 5411
f 6104 513 7216
f 6758 1997 7323
f 1349 6958 7069
f 6784 5258 7387
f 4521 7805 7438
f 2795 931 7401
f 5362 1273 7528
f 4748 4338 593
f 2755 2146 5581
f 7405 5043 4657
f 1296 7777 7402
f 1857 2905 7445
f 2644 3838 7473
f 1649 4514 7550
f 7691 2337 5397
f 7402 429 1296
f 5412 7561 7404
f 7405 4293 5886
f 2477 4696 2991
f 7584 3181 4767
f 4450 5264 7406
f 2536 7407 1093
f 2954 466 1325
f 5706 2101 7513
f 7408 3748 4295
f 3173 1560 3290
f 7424 1761 1039
f 7409 2596 7093
f 7410 5872 451
f 7680 1220 2868
f 7413 1002 4658
f 7414 4331 4724
f 7415 1308 3341
f 2152 1214 6597
f 423 602 5214
f 960 1962 3773
f 7416 1144 2987
f 91 7144 7417
f 2372 6660 7466
f 4168 5491 2411
f 301 2165 788
f 3180 7419 5830
f 408 669 7420
f 2743 5848 2512
f 5848 2743 7569
f 7422 6922 1861
f 5057 1847 7504
f 7423 1389 1957
f 3896 7732 7477
f 1562 2655 202
f 351 61 7425
f 7426 3747 7531
f 7427 3832 3442
f 5732 1996 7428
f 8017 2855 952
f 7545 7277 5526
f 7430 1096 3322
f 7406 4614 4450
f 4614 7406 7470
f 4573 5768 7498
f 300 7004 1779
f 5230 4364 7433
f 7489 510 1963
f 883 1722 4195
f 3720 7434 776
f 7435 334 50
f 50 731 7435
f 7436 4010 1326
f 7805 3737 7438
f 1414 5548 7439
f 4798 46 7408
f 5485 7440 4447
f 1397 1727 7436
f 4513 4776 7441
f 2410 1848 4580
f 1779 4683 7431
f 5003 7183 7521
f 2705 4347 7442
f 3713 2084 2850
f 7548 7223 4665
f 7419 3180 2443
f 2905 4081 7445
f 4392 1652 7581
f 770 4556 7485
f 343 6476 7447
f 7745 2749 7448
f 7411 7951 3130
f 4925 7433 457
f 457 7433 7449
f 7449 2023 457
f 7450 5341 2334
f 8031 4432 2192
f 3209 4864 7453
f 3420 7476 7454
f 7454 5395 3420
f 3222 940 4120
f 7455 3316 3276
f 7456 3454 4078
f 4924 2596 7457
f 7436 1326 250
f 7458 4656 5420
f 4726 8032 7459
f 7460 7493 6412
f 7461 5814 5364
f 4750 5997 7463
f 3768 3190 7516
f 4539 3802 7464
f 7461 5044 5814
f 7627 368 4324
f 5839 2648 7735
f 7625 7981 710
f 2119 7466 3090
f 2067 4919 7441
f 2547 7479 7467
f 7479 2547 1509
f 3610 7453 3756
f 5734 4643 884
f 2832 7982 7427
f 362 2263 7517
f 7468 2022 4774
f 7556 2714 3211
f 2978 7392 7469
f 1625 4753 5493
f 4665 1761 7424
f 305 472 7325
f 2743 2512 1841
f 7470 7259 3108
f 7660 2650 1026
f 7471 2294 5404
f 4685 4207 7464
f 1652 4138 3062
f 679 4448 7472
f 1216 4823 7490
f 7473 3218 3847
f 3784 3541 7474
f 7431 4711 1806
f 7578 2203 7444
f 7417 2239 91
f 2491 6083 5133
f 3464 4681 7475
f 1780 7894 7476
f 54 130 7528
f 2855 7457 7409
f 7457 2855 7418
f 3236 1375 7455
f 7455 3276 3236
f 7477 2405 1403
f 7450 2334 2184
f 1215 4918 2071
f 5107 3025 7478
f 7479 1509 1310
f 7480 5327 3232
f 1319 7610 7481
f 3052 2644 7473
f 7609 705 7482
f 4195 2568 7429
f 7429 7555 4195
f 425 1424 2508
f 7841 1793 5049
f 3051 3747 7426
f 7483 4642 4874
f 7423 557 1389
f 4442 7484 6162
f 6145 3664 212
f 5837 5019 7495
f 4442 433 7484
f 4550 4654 4652
f 7468 2035 205
f 7486 2641 7781
f 1026 4915 2728
f 4426 5822 7488
f 7489 1238 4400
f 6386 7383 6513
f 6528 3467 2193
f 382 24 1336
f 6543 2778 4258
f 46 5850 7408
f 7490 3775 5122
f 5080 2023 7449
f 3782 7846 7918
f 7491 7552 1129
f 4773 1250 364
f 7480 3636 5164
f 7404 2749 3931
f 7494 7392 118
f 229 6586 7495
f 7496 1130 1836
f 7410 4006 7184
f 5160 7347 7686
f 3541 1200 7497
f 7746 1329 469
f 192 7838 7505
f 7498 5768 2372
f 7494 118 3818
f 3835 4859 7235
f 4648 1679 3513
f 6914 4700 344
f 7500 4398 6770
f 7915 380 2247
f 2115 7562 7501
f 1872 4750 7463
f 7470 4255 4614
f 6328 3979 7503
f 4537 2034 7195
f 7504 1847 6833
f 7470 7406 7259
f 7425 58 351
f 7747 4214 7718
f 3718 1749 3013
f 2105 239 1634
f 1904 658 7736
f 2650 7962 4089
f 463 6408 7506
f 4767 2443 3180
f 1702 3119 7489
f 2119 7498 7466
f 7498 2119 49
f 4888 7493 3718
f 5133 4785 5739
f 2912 7462 249
f 7501 5669 2401
f 5669 7501 7502
f 7456 4860 5729
f 7837 7804 4543
f 3209 1246 4864
f 1658 7178 7617
f 2868 463 7506
f 5820 7816 3080
f 5085 7508 1463
f 7508 5085 5296
f 235 7568 1469
f 7509 540 4208
f 1388 7372 7491
f 3085 500 4237
f 692 2338 2522
f 2923 7445 4081
f 7445 2923 4160
f 7492 5910 7647
f 3427 2025 7511
f 881 7748 5867
f 1153 1884 7487
f 4333 4300 7425
f 7460 1749 3718
f 3718 7493 7460
f 1153 7807 3375
f 184 4262 7420
f 7496 1836 6174
f 4933 7468 2921
f 7440 5485 1741
f 510 7489 4400
f 2193 3467 5185
f 3208 2277 5225
f 1780 3420 3257
f 2568 4195 1722
f 7513 2101 5536
f 3483 249 7462
f 5860 4240 7525
f 7514 926 3157
f 7792 1848 2410
f 7455 6991 3646
f 5817 563 1676
f 7838 4214 7747
f 7735 2648 3638
f 7627 2277 3208
f 1465 3871 4308
f 7401 3871 4955
f 2728 2836 1026
f 2822 1220 7412
f 3190 3939 7516
f 172 7578 7444
f 7444 7744 172
f 7421 2641 7486
f 4830 5865 7447
f 3370 3493 7600
f 8032 3939 7459
f 5496 7627 4324
f 7627 5496 2714
f 7517 2263 2461
f 7477 7732 8014
f 7410 451 1523
f 5546 3118 3746
f 7438 3737 889
f 4258 2778 748
f 4208 5592 7509
f 7416 347 2172
f 2172 5354 7416
f 7483 3614 2926
f 2926 1078 7483
f 2991 5294 5567
f 1375 3236 2111
f 6056 1798 7430
f 7513 5536 5680
f 7815 5384 3934
f 4671 3809 5600
f 7578 172 7286
f 7454 4904 1512
f 1512 5395 7454
f 4064 6376 4253
f 4919 4584 7441
f 2522 2338 5284
f 4768 3728 7222
f 537 1463 7508
f 7439 4533 1414
f 1791 5791 491
f 7435 2071 4918
f 4918 334 7435
f 7619 1035 7512
f 7401 2313 4308
f 7521 7183 7784
f 7495 5019 229
f 2999 7748 4592
f 7427 3442 3488
f 3488 7743 7427
f 5622 7823 3387
f 7434 3720 4332
f 7415 3341 6923
f 7112 5031 125
f 5930 141 4077
f 6660 3438 7466
f 7524 6734 3647
f 3647 7749 7524
f 6026 7071 2376
f 7071 6026 5389
f 7963 5005 2706
f 2659 2232 6060
f 1845 1839 7428
f 6083 185 3076
f 5404 3119 7471
f 1906 60 7423
f 7428 1839 1117
f 7525 513 6104
f 7639 5340 2429
f 7447 6132 343
f 6155 4637 723
f 6888 6850 7526
f 5275 6328 7503
f 6177 491 5745
f 6034 3514 7458
f 6026 2376 6227
f 3996 665 7527
f 7527 6281 3996
f 7528 130 6087
f 450 2953 3580
f 2953 6291 3580
f 5075 763 7529
f 7865 6468 4541
f 7367 7865 7742
f 7121 2156 7463
f 4078 4860 7456
f 1031 7088 7530
f 7475 4681 6317
f 6898 1204 2806
f 7110 5555 5609
f 7461 1115 6331
f 6332 817 4203
f 7636 575 2499
f 163 1071 7917
f 1944 3264 3105
f 5016 6317 4681
f 7506 6408 1231
f 2436 7593 7009
f 6733 785 2441
f 5448 6346 6830
f 7531 6435 1864
f 7025 7404 6226
f 7404 7025 2749
f 6250 7329 3206
f 2886 5053 1707
f 141 6474 4077
f 4640 3993 7536
f 6145 2743 3664
f 2812 7794 7828
f 7532 6776 5469
f 844 2736 7527
f 6513 7383 5957
f 6519 6195 7534
f 6921 729 5961
f 7237 294 6027
f 7460 6412 2293
f 4541 6468 7524
f 7524 6468 6734
f 2309 7836 7648
f 7471 1516 6157
f 2235 4470 6528
f 7144 7730 7536
f 1582 6355 6076
f 7426 7531 1864
f 1864 1040 7426
f 7537 5439 134
f 1676 563 7496
f 3979 4989 7503
f 2806 6670 2343
f 2768 6677 7538
f 7539 6681 7367
f 5489 2853 4872
f 5791 5745 491
f 7442 4347 3943
f 6356 2504 4128
f 6327 5534 4717
f 7646 6726 6299
f 2045 6827 5716
f 7160 4404 7430
f 7600 3493 6735
f 6614 2408 7723
f 3782 5888 5029
f 5886 5078 7405
f 7650 5983 1979
f 134 3335 7537
f 6459 7751 6749
f 7823 2878 3387
f 1765 7828 3374
f 7828 1765 6893
f 2099 7163 533
f 7532 7464 4207
f 4207 6776 7532
f 6779 3391 3847
f 6781 238 7228
f 6793 1962 960
f 5757 5107 7478
f 6098 6803 2116
f 6806 4052 7542
f 3478 406 7543
f 7544 2594 6814
f 4046 1422 260
f 6826 1487 1434
f 7499 686 1208
f 3676 7545 5588
f 6835 1730 4330
f 561 3784 6969
f 7419 6854 5830
f 7624 7419 2392
f 2244 19 7540
f 1740 1643 7260
f 7738 7864 7586
f 4320 5286 7546
f 926 7514 4529
f 7514 7840 4627
f 6963 211 7523
f 2839 3456 5868
f 1424 922 2508
f 4266 688 7522
f 3457 5280 7373
f 6833 2834 7504
f 239 4895 1634
f 5066 3003 5942
f 7520 4840 2307
f 7056 3561 7421
f 6781 3633 238
f 7557 4627 7840
f 6808 7284 1578
f 1968 6760 1620
f 3404 2376 7071
f 6350 6761 3976
f 2277 3281 5225
f 2635 6081 3274
f 7093 5490 7409
f 7482 705 2354
f 5925 7983 968
f 34 432 2819
f 7490 5122 4483
f 3749 7977 8030
f 6350 2057 2904
f 5923 4486 4502
f 6159 6160 3853
f 5656 2302 5602
f 3475 3991 7327
f 6087 7370 7528
f 7717 3502 7635
f 7268 7536 3993
f 3456 3371 5868
f 7330 7629 7316
f 3853 6160 4959
f 5961 729 6300
f 6004 6622 6230
f 7709 7692 6606
f 1562 202 4482
f 7149 780 3207
f 2680 7437 4932
f 2853 2782 4872
f 7146 3008 6916
f 8022 962 1403
f 644 2959 6047
f 5229 4079 7020
f 4120 940 570
f 7521 5230 4925
f 3044 1553 7652
f 4696 5294 2991
f 7917 1071 6907
f 7834 7943 324
f 3505 2130 7549
f 7617 7178 4183
f 4377 7937 3196
f 7547 7214 6598
f 3699 1715 7547
f 7548 4240 7219
f 5957 7228 238
f 2130 4187 7549
f 7549 4187 7513
f 7550 7474 2330
f 7 7512 1267
f 7613 7661 1788
f 7551 978 5493
f 4643 1313 884
f 7548 1520 7223
f 1520 7548 7621
f 805 236 7319
f 4393 1652 7209
f 1715 3035 7547
f 1310 6819 7479
f 4831 2239 7417
f 7296 3628 3167
f 2060 7580 5908
f 2035 2318 205
f 3853 4959 7256
f 7535 5678 3808
f 7488 7295 3099
f 4754 2779 4149
f 3636 2369 5164
f 3396 3612 949
f 5475 7551 2394
f 7551 5475 978
f 7488 5822 5239
f 7448 7025 3305
f 7472 7746 679
f 7550 4514 3784
f 7202 3083 1044
f 3984 6241 520
f 5637 7465 7507
f 2353 1082 2223
f 49 7297 7553
f 7662 7573 7222
f 7763 7672 146
f 2681 7748 485
f 5499 2544 7554
f 7554 24 3979
f 24 7554 7361
f 1165 7346 946
f 1425 233 1164
f 7372 7552 7491
f 7908 4282 2894
f 7014 7519 7198
f 5661 496 6957
f 7411 7606 2046
f 343 3256 3259
f 7364 7740 7644
f 6027 294 2410
f 6670 4204 2343
f 7318 8029 6239
f 7535 3872 5678
f 5230 7686 4364
f 5983 1263 1979
f 1906 7371 2113
f 2864 7316 7629
f 7469 8031 88
f 7479 1677 7467
f 7469 88 1289
f 4257 3171 4553
f 3003 4124 5942
f 7556 2106 3037
f 4294 1781 7361
f 7284 709 1578
f 7662 3280 4499
f 7432 5116 217
f 6777 6810 7446
f 3676 5483 7545
f 6930 2745 422
f 5836 7577 3199
f 3171 580 7555
f 7663 190 3750
f 2314 3318 3045
f 1611 6861 7277
f 7664 7663 3750
f 3037 3268 7556
f 1781 1856 7361
f 7392 2978 2559
f 7214 1680 796
f 7347 5479 4364
f 7371 4946 2113
f 6810 124 7446
f 3198 4183 5844
f 5397 1280 7642
f 2116 6803 7594
f 2451 2634 7576
f 3869 3714 7559
f 3274 2051 7572
f 7614 205 2318
f 4992 4998 7560
f 474 2629 3909
f 3498 1344 7561
f 4488 3317 7729
f 7562 2256 7311
f 7564 3122 4494
f 3845 7195 7565
f 5535 4463 1798
f 6067 1517 7644
f 7566 843 4241
f 7567 3423 601
f 1363 2013 3615
f 7588 4308 2313
f 7562 241 2256
f 3356 4013 7630
f 5745 806 2009
f 806 5745 3197
f 7569 5284 2338
f 5209 679 4942
f 2097 5010 7572
f 7573 1137 4229
f 4494 5815 7574
f 3526 7234 7575
f 7576 2634 1280
f 504 2694 6202
f 99 493 7577
f 967 2203 7578
f 2816 6207 7563
f 3371 3456 7596
f 7568 2013 1363
f 5581 1465 7598
f 7750 412 7579
f 7580 7446 4121
f 3137 3610 4970
f 4156 2876 7583
f 7584 1020 5835
f 7585 4060 3551
f 7587 6262 723
f 7558 1117 2961
f 7588 1789 4822
f 1008 7719 7559
f 5302 5007 2804
f 707 4084 4330
f 2703 7589 184
f 2029 3411 1948
f 7590 2736 4816
f 2522 4352 7591
f 4491 1137 7573
f 7592 2328 1174
f 849 5605 7654
f 7593 8034 5627
f 4665 7223 7594
f 648 2339 21
f 3174 1944 6882
f 805 7564 7574
f 7574 236 805
f 5278 1979 5338
f 7596 3456 6947
f 3196 8017 4377
f 7598 2413 1777
f 3084 3526 7575
f 1058 2022 5248
f 1634 2748 7599
f 7600 1840 1790
f 805 6754 7564
f 138 6298 2259
f 1631 5108 7601
f 3193 6182 5024
f 3705 2731 7784
f 7603 5629 702
f 2847 7984 2770
f 2203 3723 7444
f 4211 4206 1867
f 7605 696 2832
f 6096 2046 7606
f 575 3170 7634
f 4329 2067 7607
f 2782 2853 3206
f 7608 3714 5035
f 5035 3511 7608
f 2436 8034 7593
f 4211 3968 4206
f 743 3526 6266
f 5111 650 3882
f 2127 6498 7610
f 1750 3371 7596
f 196 6492 5274
f 7560 5969 4992
f 7687 7868 1617
f 5241 370 3586
f 752 2537 7587
f 884 5030 7706
f 57 751 7611
f 4839 3931 522
f 4080 4077 4710
f 5732 1117 7558
f 7614 6601 194
f 5208 4445 7631
f 2413 4308 7588
f 4007 3565 7798
f 7358 2819 444
f 7616 5222 6973
f 1044 3083 7618
f 7618 2568 1722
f 1254 7835 5591
f 3909 2629 4579
f 3388 7320 6931
f 2703 5691 7589
f 7569 3602 5284
f 4058 7750 7579
f 5845 4409 4024
f 5844 4520 7702
f 7619 7512 1157
f 702 1978 7603
f 4976 3411 2029
f 7610 7962 5005
f 522 4396 5410
f 7599 6944 1634
f 1624 2442 7669
f 2740 7620 1576
f 5599 2451 7576
f 4352 2071 3868
f 4635 5581 7598
f 2626 4586 5621
f 5609 7816 5820
f 2941 7032 7621
f 3870 1840 7600
f 1008 5737 921
f 429 7826 5240
f 7622 4902 7744
f 4553 1497 7685
f 7985 1572 210
f 2202 6804 7623
f 7709 7826 166
f 7624 7985 3563
f 3317 5540 7729
f 1008 7608 3404
f 7608 1008 7559
f 7601 5564 1631
f 7584 5835 4175
f 533 7809 7589
f 3318 2558 3045
f 7613 5162 7617
f 194 2921 7614
f 4362 4886 2453
f 493 3701 7577
f 4294 7361 2544
f 2626 5621 5763
f 107 3335 4708
f 7568 1363 6782
f 7618 7626 2568
f 7618 2602 7626
f 3647 7538 6061
f 7657 3976 3935
f 7447 5865 6132
f 7443 3844 2779
f 752 7587 7611
f 7611 751 752
f 2113 2364 2066
f 7627 2714 2277
f 7612 3020 444
f 4930 4648 7567
f 7519 5565 7661
f 4849 2189 7628
f 1794 7582 1536
f 2904 1387 7628
f 7572 119 2097
f 1547 2780 2076
f 4183 3198 7617
f 4203 2564 7638
f 4758 1838 7630
f 7631 4445 4800
f 1951 2441 7592
f 7605 1140 696
f 7628 2162 4849
f 5248 2022 7098
f 2653 5868 2157
f 4758 7630 4013
f 5236 2863 3030
f 2200 7570 3704
f 7570 2200 5209
f 4976 2029 5650
f 3484 3977 7625
f 7631 4800 6000
f 2740 6093 7620
f 7636 2238 1435
f 7635 2 6111
f 7640 1463 3170
f 6230 7723 2408
f 6239 7775 5435
f 3849 4618 6293
f 6298 1746 2259
f 7638 7525 6104
f 3010 4253 6311
f 7638 6104 6332
f 7597 6597 4453
f 2957 8033 825
f 1435 7640 7636
f 7640 1435 1463
f 7642 1143 6394
f 7135 6027 3173
f 6418 251 6032
f 541 3706 7599
f 2231 6198 7643
f 6311 7798 7919
f 7278 6067 7644
f 8039 6145 5378
f 4618 3518 6293
f 6484 2736 7590
f 2499 575 7645
f 7560 4982 5969
f 4982 7560 6549
f 2928 7691 7642
f 7642 6394 2928
f 2626 7699 5979
f 5979 4586 2626
f 62 7475 6317
f 7865 6216 7742
f 3565 7566 6557
f 7566 3565 4007
f 4541 7524 7639
f 6418 7960 7637
f 7614 1122 6601
f 6236 4488 7729
f 1944 4200 6882
f 4482 1512 4990
f 6060 2789 7647
f 7648 7094 5944
f 7595 4064 1271
f 5425 6666 75
f 7585 3551 6246
f 6667 5016 7576
f 7645 771 2059
f 7645 7634 771
f 575 7634 7645
f 4548 6171 196
f 6076 6425 7620
f 4926 974 3151
f 6066 1615 7902
f 6695 7623 4428
f 1097 4046 6822
f 6707 4258 612
f 6342 6085 5900
f 511 4001 5970
f 7583 2876 6585
f 7272 6360 7530
f 5889 4128 1165
f 491 6176 4788
f 5492 3580 7590
f 1874 1140 7605
f 267 7632 6135
f 7632 267 4620
f 7681 5240 4199
f 7523 211 3838
f 7635 1104 2
f 2009 6177 5745
f 6695 2202 7623
f 8000 3819 4439
f 5378 212 7013
f 7652 2719 22
f 5378 7013 499
f 5285 5671 7633
f 2343 5418 7653
f 6918 5564 7601
f 7602 6759 5025
f 7618 1722 6924
f 1492 2064 7651
f 6947 1495 7596
f 7134 2853 5541
f 4865 4880 5602
f 3724 5629 7603
f 6835 4330 7571
f 8026 8027 7011
f 7651 2064 3819
f 1188 3473 7342
f 5542 5067 7658
f 4296 420 7652
f 7654 5605 3159
f 7655 4443 7006
f 7658 5067 4071
f 5702 2746 7890
f 4402 7956 4086
f 7652 420 2719
f 3207 1046 7585
f 7585 6818 4060
f 2635 6988 7643
f 6973 7007 7616
f 6773 1669 598
f 7538 6677 6061
f 7633 4242 6951
f 1787 6821 3452
f 7098 2510 5248
f 6954 6846 6926
f 6988 2231 7643
f 2853 7134 3206
f 7736 2251 6919
f 7070 7693 7641
f 7693 7070 2676
f 7113 5888 7918
f 6027 827 3173
f 1944 4525 503
f 7656 4602 7884
f 7567 4648 7258
f 1393 755 1359
f 4330 4084 7571
f 4136 2508 7575
f 5459 7632 5957
f 5484 4027 7657
f 5412 3498 7561
f 7235 4676 7236
f 7657 2073 5484
f 7547 3035 7214
f 1434 1522 7659
f 2481 2474 7167
f 4637 57 7611
f 39 7244 7453
f 7180 7348 5403
f 2049 4430 4276
f 4214 7903 7718
f 7330 4538 7629
f 7649 5923 7288
f 7195 6384 7565
f 6444 2200 968
f 7243 4256 2400
f 2400 4256 5166
f 329 1470 6565
f 7374 6581 7646
f 6176 4769 4788
f 5340 7749 4519
f 7606 2502 2444
f 1438 6801 7264
f 1776 967 7578
f 7020 338 2118
f 5719 5389 7737
f 7659 7032 2941
f 7659 2252 7032
f 4168 4665 7594
f 6926 6846 4767
f 7577 5836 99
f 7701 538 485
f 7701 7393 7384
f 7384 538 7701
f 857 4168 7594
f 7650 7839 1024
f 1026 4834 7660
f 7660 4834 2706
f 7655 4146 4443
f 7418 2855 3196
f 7443 4754 7724
f 4138 1652 4392
f 3209 7453 4247
f 7347 4364 7686
f 1905 7841 2485
f 7774 705 7609
f 6492 4471 5274
f 7423 60 557
f 7837 7842 7835
f 4987 2626 5763
f 7798 4253 4007
f 235 1469 4016
f 5737 5515 921
f 7595 7094 7648
f 1884 1288 7487
f 4178 2140 2805
f 4262 408 7420
f 7424 7525 4240
f 7455 1375 6991
f 4520 3290 1536
f 426 7432 7579
f 5145 4189 1905
f 7516 3939 3633
f 1879 1035 7619
f 2029 3448 5650
f 7137 4860 4078
f 7638 5860 7525
f 7640 575 7636
f 6570 6827 2045
f 6459 6749 6516
f 7609 7482 7868
f 3473 4100 7342
f 7057 4146 7655
f 7510 4627 7557
f 5656 5610 2302
f 6970 3502 7717
f 7437 1164 7656
f 4694 7778 7150
f 3044 2341 1553
f 7512 3951 1267
f 7661 4174 1788
f 7613 1281 7661
f 2489 3319 756
f 7580 2320 5908
f 7580 2060 7446
f 7658 7810 2733
f 2749 7025 7448
f 3319 7307 756
f 1785 7662 4499
f 7662 4491 7573
f 4276 4430 4321
f 7748 2999 485
f 7432 148 7579
f 7519 1281 7198
f 7411 2502 7606
f 6439 7847 5181
f 7222 3280 7662
f 7577 4151 3199
f 7663 7664 2346
f 2346 2025 7663
f 7689 2157 2160
f 7666 4703 1288
f 646 420 7667
f 7668 1017 934
f 7682 7918 4578
f 1533 2863 7665
f 2580 7475 62
f 3648 1801 7670
f 7671 4422 2438
f 7668 934 5797
f 4082 707 4065
f 7677 4132 4829
f 4713 1538 7678
f 7673 4473 5069
f 4155 4985 7674
f 7700 7167 2474
f 7167 7700 7675
f 200 1165 7797
f 6001 21 7676
f 7677 5674 5596
f 2278 1367 1905
f 6307 4152 5591
f 2364 6889 2066
f 2420 2014 5024
f 3515 166 7678
f 543 4058 1744
f 7921 7986 453
f 2553 1519 893
f 5829 7681 4220
f 7682 1921 2528
f 7683 7210 3938
f 749 4590 5792
f 6203 6179 528
f 3087 3937 3185
f 7731 3704 2850
f 7684 7196 1264
f 3563 6706 369
f 5274 1303 4718
f 1057 7831 2805
f 2115 7843 1229
f 4703 7679 1288
f 4391 1288 7679
f 7668 5650 5566
f 7685 2908 3382
f 1791 4788 7688
f 3151 4617 3152
f 4794 2732 1521
f 7689 153 2164
f 6297 7677 5596
f 7677 6297 4132
f 1577 5214 66
f 5213 2391 285
f 7713 5302 3009
f 829 5501 3805
f 7688 1259 4803
f 7709 315 7692
f 7694 4176 3055
f 4078 3454 7694
f 1205 5561 5323
f 3249 3700 2770
f 269 2763 7814
f 7683 3938 4143
f 2512 5848 7695
f 7696 5358 4830
f 4830 2653 7696
f 7697 2224 3302
f 3022 2811 7712
f 5499 7210 7683
f 7711 6882 4200
f 7698 1732 4596
f 1123 4078 7694
f 5981 7673 5069
f 7673 5981 7676
f 4788 6649 7688
f 7699 6829 1369
f 2885 3966 299
f 285 2391 3820
f 5089 4912 4048
f 4985 786 7674
f 7845 4873 5748
f 4737 5403 1897
f 4617 1207 3152
f 7674 167 2803
f 651 6447 7801
f 2484 3198 7702
f 4377 7703 1222
f 1512 4904 7693
f 21 4542 7673
f 3937 307 3185
f 5668 1704 7733
f 7704 2882 3668
f 3668 4024 7704
f 4434 7978 7035
f 7328 7705 2624
f 7682 2528 606
f 7745 7448 5173
f 3306 277 6687
f 7920 7845 5748
f 7666 1884 53
f 1063 1738 4850
f 6703 2431 1617
f 6703 4171 2431
f 1047 997 2472
f 4653 6296 2761
f 4970 1201 3137
f 7707 3978 3981
f 7708 3586 5329
f 7697 4428 5186
f 2963 766 7791
f 7689 2164 5358
f 5358 7696 7689
f 7710 7342 681
f 7168 5301 6003
f 3515 7678 3065
f 1141 391 3221
f 7892 3959 5806
f 5586 2302 7793
f 6598 7214 2917
f 1373 6472 8015
f 4959 1844 7817
f 7712 2811 2168
f 5806 4806 7892
f 646 7667 5165
f 6358 6673 7713
f 7713 3009 1166
f 2118 1523 354
f 3382 4257 7685
f 3981 2264 7707
f 7714 6405 6764
f 4296 1553 25
f 84 339 4831
f 3218 7473 3838
f 6764 2598 7714
f 7681 1296 5240
f 1938 7667 4048
f 7667 1938 5165
f 1905 6085 2278
f 2365 7846 3782
f 7704 2702 2882
f 2702 7704 4409
f 4048 4912 1938
f 7715 2400 5560
f 1322 793 7771
f 7716 7894 1780
f 4516 2662 3197
f 7717 6111 5984
f 7691 5392 2337
f 7670 1801 6939
f 2868 7506 7680
f 5049 1982 2485
f 6042 6695 7697
f 7747 3647 6061
f 3647 7747 7718
f 6088 1149 1221
f 6119 3937 7720
f 7721 1874 7605
f 6182 2420 5024
f 7722 1024 7839
f 6230 6158 7723
f 423 951 7717
f 7717 5984 423
f 6449 7724 6275
f 1628 6275 7724
f 1207 4617 6566
f 7706 3131 461
f 2133 35 7725
f 6426 3021 4290
f 2090 5561 1205
f 7726 4541 2429
f 3220 933 1429
f 5447 7830 7775
f 6401 7727 3425
f 7727 6401 6271
f 144 4658 7728
f 7869 7728 4658
f 5983 7821 6496
f 2812 7828 599
f 6549 3840 2597
f 4327 7676 5981
f 1337 7725 2107
f 7729 6669 6236
f 6458 3047 3594
f 7825 3959 7892
f 6644 7163 2863
f 7252 8022 6233
f 7721 7722 1874
f 7605 7743 7721
f 7739 6565 1676
f 4343 5425 7712
f 5119 8021 5873
f 6250 7134 7150
f 6386 4620 177
f 4601 5302 7713
f 7429 2568 6729
f 62 6540 7714
f 5921 3045 2558
f 7731 6696 7066
f 611 6696 7731
f 7105 6992 6563
f 6425 2049 7914
f 7914 3640 6425
f 7903 7623 6804
f 6765 3978 7707
f 1704 6773 7733
f 5340 4519 2715
f 6829 8035 4222
f 6832 5544 2370
f 7703 552 1222
f 7711 2361 2347
f 1205 2649 6893
f 4182 6071 5242
f 4713 429 7734
f 6926 3180 3501
f 7670 6939 2588
f 7395 4713 7734
f 7916 2474 861
f 5591 4152 6845
f 3851 4695 7773
f 6991 3758 7035
f 7708 6206 7741
f 6800 7495 2754
f 5301 738 6003
f 6773 598 7733
f 7409 5490 2855
f 7332 7844 1402
f 7716 4729 6769
f 6769 2579 7716
f 6050 394 7735
f 3206 7134 6250
f 7128 6805 7823
f 7163 2099 2863
f 4708 3969 7715
f 5985 3950 7737
f 7602 588 7059
f 7684 598 957
f 3101 7167 7675
f 3452 227 7280
f 2428 7174 4154
f 5429 4996 4402
f 897 1268 7719
f 7317 6929 7700
f 7487 4391 2268
f 68 612 7705
f 6061 6699 7505
f 3101 5651 7167
f 447 7742 6158
f 1293 6565 7739
f 5112 3705 7784
f 7739 1676 7496
f 5782 5241 7741
f 7439 2624 7705
f 7604 1428 7752
f 445 552 7703
f 7739 1394 5997
f 91 751 7730
f 2917 7214 796
f 7650 1024 7743
f 7921 7412 7680
f 3896 6857 7732
f 4811 7744 7444
f 7444 3723 4811
f 7745 3401 4396
f 522 7745 4396
f 7745 522 2749
f 2731 5160 7686
f 7472 1329 7746
f 7746 469 4942
f 7501 7843 2115
f 7747 6061 7505
f 7816 3934 3080
f 7748 7451 5867
f 172 7744 4902
f 1798 1096 7430
f 7715 7243 2400
f 7748 881 4592
f 2014 3731 5024
f 2474 7916 7700
f 4330 1730 7795
f 7738 7586 7827
f 825 1321 7738
f 174 6515 1359
f 7520 7983 4501
f 6515 5762 1359
f 7692 2785 5248
f 5248 6606 7692
f 588 5012 7059
f 2779 4038 4149
f 7296 7515 7711
f 7746 4942 679
f 4262 7672 7763
f 7763 408 4262
f 2237 4805 228
f 7740 4068 7644
f 6206 5782 7741
f 1229 241 2115
f 1989 7987 2076
f 241 7562 2115
f 2480 2013 7568
f 3611 412 7750
f 7702 2079 2484
f 7751 4072 2640
f 1044 2075 7675
f 66 5214 7734
f 3805 5501 5839
f 2676 4990 7693
f 3611 7750 4368
f 4058 4368 7750
f 3038 7819 5845
f 7702 4520 7582
f 5844 2906 4520
f 167 809 2803
f 2565 5878 7690
f 1624 3503 2442
f 5127 4902 7622
f 4553 4724 1497
f 3373 4072 7751
f 7742 6216 6158
f 7723 6158 6216
f 7919 1521 5968
f 7650 7743 3488
f 2075 3101 7675
f 5878 2543 7690
f 2754 7495 6586
f 7752 364 7225
f 7679 2251 7736
f 3322 7923 6363
f 7505 6699 5093
f 6655 310 7670
f 5340 7639 7749
f 7752 7225 1731
f 5719 1084 5389
f 1478 7654 7827
f 2779 4754 7443
f 947 7848 5514
f 5514 7848 961
f 5145 4673 4189
f 7332 7612 7844
f 4694 7150 7134
f 2076 674 7796
f 7903 4519 7718
f 4805 116 228
f 3573 8041 4858
f 6439 5181 5112
f 7845 7690 2543
f 2173 165 4638
f 165 1771 4638
f 3650 1125 1664
f 2150 7824 6188
f 7654 2849 7827
f 7966 7754 2713
f 8004 3753 2674
f 2394 3573 5475
f 2170 4743 7755
f 174 1359 3301
f 6329 3850 3221
f 7756 3587 4548
f 7757 7559 7719
f 6786 2833 7947
f 707 7795 7889
f 7790 84 1970
f 7758 4113 2647
f 1466 5845 7759
f 7760 7478 3025
f 3142 322 2554
f 7762 2279 3844
f 7763 2678 5023
f 835 2713 7754
f 7764 5093 2958
f 7765 4564 4486
f 6597 1214 3601
f 7886 7855 4416
f 5733 4138 7766
f 7820 4890 5355
f 7794 2812 7988
f 7988 1606 7794
f 7768 2370 3428
f 4320 6257 2843
f 4218 7930 416
f 824 8005 2715
f 4808 5276 4935
f 7770 3285 1503
f 4651 937 7788
f 796 3350 7818
f 7772 3329 5653
f 7758 1840 4113
f 3093 2614 482
f 4625 7773 3956
f 7774 2459 705
f 2442 2538 7813
f 2843 6257 3038
f 25 1790 7758
f 5733 7766 3676
f 7666 4374 4703
f 5356 5807 7817
f 7669 2442 4791
f 7777 5829 4072
f 5095 4706 4290
f 6048 4690 7836
f 6329 3221 3240
f 6012 6590 7801
f 5422 2370 7768
f 7779 7688 4803
f 7780 6943 418
f 4439 3015 1913
f 4926 3152 7781
f 3992 5468 7782
f 416 7930 7780
f 7780 418 416
f 1429 3345 5077
f 3025 2733 7760
f 6377 6056 4404
f 7784 7686 5230
f 7785 1419 3485
f 7869 3166 865
f 7800 369 5823
f 717 4564 7765
f 3869 7559 7757
f 445 7703 7787
f 7788 172 4902
f 7770 1503 2328
f 3594 3122 7789
f 2383 7604 7752
f 3185 311 410
f 7790 22 3331
f 7841 4189 6775
f 7772 3327 3329
f 4918 1558 5794
f 6785 7350 228
f 5508 4710 1842
f 7788 7286 172
f 152 834 7791
f 2898 4890 7820
f 6114 6165 7811
f 7792 2410 294
f 2397 4345 3574
f 1360 2781 7861
f 7427 7982 3832
f 1429 5874 3345
f 1902 528 7792
f 5474 8036 3276
f 7794 1606 7882
f 1367 2278 2938
f 976 7889 7795
f 7777 1296 5829
f 7886 2754 3891
f 1221 5445 7772
f 7796 3167 1547
f 3773 1962 7797
f 5501 6449 4949
f 1978 1021 5982
f 7800 5783 603
f 6764 5419 2598
f 645 339 7790
f 2355 1497 4724
f 7685 1497 5205
f 7802 4018 3424
f 3844 1869 2493
f 6971 6881 5462
f 7797 1276 3773
f 893 1170 7782
f 5156 1691 7803
f 5484 1332 4027
f 7753 676 1427
f 4039 5874 1429
f 7753 1478 7586
f 1332 3032 4027
f 5278 6271 3524
f 6896 4633 1635
f 4556 3974 7804
f 7800 603 4905
f 2761 6296 7755
f 1887 3753 3857
f 6222 7947 2833
f 7754 5847 3103
f 4656 1758 143
f 4161 4488 1901
f 7802 7761 149
f 149 4018 7802
f 1276 6800 7886
f 7806 5618 6605
f 2014 4190 7979
f 2676 7070 4311
f 2641 2275 1993
f 1153 7487 7807
f 4052 5901 7829
f 3838 2644 7808
f 3374 7828 7794
f 7589 7809 184
f 7671 2438 4384
f 8018 7760 7810
f 7759 5845 4024
f 2790 5202 5217
f 3442 1419 7785
f 2940 6970 951
f 951 3962 2940
f 5202 2790 7811
f 4262 7809 7672
f 7809 4262 184
f 7759 5601 6671
f 6874 3114 3033
f 7813 3997 7095
f 285 5578 7911
f 3205 2190 568
f 823 3130 1451
f 1213 7814 4355
f 6410 4355 7814
f 7774 5381 2459
f 4710 3589 1842
f 7815 5555 3363
f 5555 7815 7816
f 951 1577 3962
f 2641 4926 7781
f 1379 7252 938
f 2790 2401 7811
f 7755 625 2170
f 7817 5807 1070
f 4723 1629 1895
f 3220 1429 5077
f 5961 7953 7967
f 7818 3350 3419
f 6445 2822 7819
f 7819 6257 6445
f 2936 715 7829
f 7820 5355 5992
f 7819 3038 6257
f 6066 7789 2171
f 7789 6066 6065
f 6131 5346 5739
f 7821 7650 3488
f 3488 7785 7821
f 7821 3485 6496
f 1963 2367 3135
f 1642 6553 7822
f 7822 1246 1642
f 6224 2472 997
f 2981 3850 6329
f 7801 6590 2615
f 7793 4645 5995
f 6449 7255 7762
f 7754 7966 5847
f 7148 874 3950
f 7922 2150 4284
f 5593 5992 6183
f 7813 7095 4791
f 7350 7010 228
f 6399 6313 5409
f 6112 548 7782
f 7892 4986 7825
f 6606 6283 7826
f 7911 5578 532
f 2958 1890 6675
f 1606 5912 7882
f 7783 6724 936
f 1955 7541 7783
f 7102 3972 299
f 7759 6671 5311
f 2143 7738 7827
f 7993 2134 6079
f 7542 4052 7829
f 4423 529 7830
f 3191 7982 696
f 7720 428 4588
f 597 1283 6895
f 4197 4910 7780
f 280 4644 6944
f 6945 1269 6983
f 7003 354 7765
f 529 4056 7830
f 6571 2779 3844
f 4434 5151 3559
f 432 34 7844
f 2938 2278 1964
f 7828 6893 599
f 7812 211 6963
f 7832 6976 3905
f 7832 5532 3517
f 3517 6976 7832
f 7829 715 7028
f 7102 299 669
f 7760 8018 2831
f 7833 7602 7059
f 7911 2878 6805
f 474 3909 4596
f 7147 5382 7776
f 6183 3209 5593
f 4517 7628 2189
f 300 2679 7004
f 6759 7602 7833
f 3950 874 7397
f 7500 5822 815
f 5351 1273 7176
f 6944 4644 2105
f 7762 7255 2279
f 7817 1070 7256
f 3301 1359 7270
f 7270 1359 755
f 7312 4703 4374
f 5205 7806 6605
f 5774 2361 7515
f 815 5822 4426
f 4521 2005 7805
f 931 2313 7401
f 7777 66 7402
f 7680 7412 1220
f 7836 4690 7648
f 6775 1793 7841
f 4004 7837 7835
f 299 7420 669
f 7816 7815 3934
f 192 5186 7838
f 918 2917 7818
f 7818 3419 918
f 7660 7962 2650
f 7485 7804 7837
f 7804 7485 4556
f 7476 3420 1780
f 528 1848 7792
f 5186 4428 7838
f 4960 4535 4589
f 3363 5384 7815
f 2309 1744 7836
f 6724 7783 7541
f 918 3697 2917
f 7518 5586 7793
f 825 7917 1321
f 7840 7514 1057
f 5230 7521 7784
f 5609 5555 7816
f 5483 3676 7766
f 5247 2520 1851
f 3902 2951 4132
f 4306 4254 7778
f 4377 8017 7787
f 2520 2117 1851
f 2951 4829 4132
f 7687 7609 7868
f 1581 7609 7687
f 4520 1536 7582
f 1254 4004 7835
f 7633 5671 1128
f 533 1063 7809
f 5631 60 2066
f 2863 1533 3030
f 6226 600 7824
f 5435 7775 7830
f 7756 4548 196
f 6805 2878 7823
f 6933 419 7798
f 6821 225 3452
f 2481 5857 2474
f 7650 1979 7839
f 7787 4219 2803
f 1905 4189 7841
f 7842 7837 4543
f 4543 7769 7842
f 5671 4649 1128
f 60 2113 2066
f 7842 6307 7835
f 6307 7842 7769
f 7841 5049 2485
f 7658 7769 7810
f 1428 7604 2247
f 2025 2788 7663
f 146 2678 7763
f 7843 2790 2002
f 7843 2401 2790
f 1057 2805 7840
f 7843 2002 1229
f 2731 7686 7784
f 7690 7920 4039
f 5300 2763 269
f 123 1353 4197
f 4383 7921 453
f 7666 4427 4374
f 3355 7856 2885
f 2359 568 2190
f 1478 7827 7586
f 2963 1254 766
f 1459 391 1141
f 5202 4371 5217
f 4959 831 1844
f 2361 7711 7515
f 4710 5508 3239
f 2365 2908 7846
f 5431 793 1322
f 1629 3707 1895
f 6202 1451 3787
f 4939 933 3220
f 1890 2751 6675
f 1704 6853 6773
f 3851 7034 4695
f 7844 617 3439
f 394 3805 7735
f 7501 2401 7843
f 7505 7838 7747
f 5668 7733 8040
f 7557 7840 1079
f 7819 4409 5845
f 7778 4254 3184
f 5657 7622 4986
f 7605 2832 7743
f 3322 6363 7160
f 7515 3167 7796
f 6655 125 310
f 7847 2236 1253
f 7848 947 2102
f 2102 4340 7848
f 7848 4340 961
f 7622 7744 4986
f 7733 7940 8040
f 6828 2236 7847
f 7810 7769 4543
f 7796 5774 7515
f 5774 7796 674
f 2384 1330 1665
f 7604 2371 2247
f 7663 2788 190
f 7824 600 6188
f 1665 1330 1599
f 4236 4248 6044
f 3440 7850 7849
f 7850 3440 3383
f 7852 3103 1268
f 7854 5315 6807
f 7860 6482 4965
f 6482 7860 1860
f 2880 4416 7855
f 7856 3355 4737
f 1638 4489 3574
f 4720 1285 7857
f 7858 2419 5228
f 5228 1617 7858
f 3345 1959 7870
f 223 3593 2160
f 7926 4687 3422
f 2013 2480 1994
f 7678 1538 7859
f 1141 3221 7879
f 7860 4965 5432
f 7860 5432 3093
f 7861 5464 5033
f 2673 7856 4737
f 7856 2673 6015
f 7880 5578 3820
f 2885 299 7898
f 7955 3852 4523
f 7853 2461 2056
f 7864 1244 498
f 1758 7969 5965
f 7866 5669 5666
f 5666 453 7866
f 2880 7768 2794
f 5792 5965 749
f 1026 2650 4915
f 7867 4166 5513
f 7858 850 2419
f 850 7858 7868
f 3276 2570 5474
f 2397 3574 832
f 4589 6599 7893
f 7869 4658 925
f 7879 3850 6937
f 3367 1451 3130
f 7870 5182 5227
f 4214 7838 4428
f 1321 1244 7864
f 2526 815 1109
f 2247 2368 7915
f 102 6792 306
f 3220 5077 7871
f 274 1298 7933
f 7871 5227 3289
f 5707 5794 7872
f 7870 1959 5182
f 7873 5198 3771
f 6673 7874 2357
f 4316 2955 7862
f 417 1085 7875
f 7873 3771 8009
f 7876 3952 6199
f 7857 5144 4720
f 3433 5398 7877
f 7957 3620 76
f 76 7905 7957
f 4545 2357 7874
f 89 1974 7888
f 310 3689 7912
f 1778 2066 6889
f 7854 2174 3691
f 5113 1141 7879
f 7869 925 3166
f 3858 2479 7901
f 5300 269 7875
f 4112 2872 2554
f 2551 6704 7897
f 656 3844 2279
f 7880 2092 674
f 7881 5795 5356
f 4689 3374 7882
f 7794 7882 3374
f 7883 4650 4028
f 4562 5198 7873
f 3574 8011 832
f 1989 2076 2780
f 3239 5508 5448
f 7876 1918 3952
f 7861 5033 4597
f 7884 4602 2786
f 1516 7885 6654
f 4080 4710 1913
f 7886 4416 1276
f 4028 3772 7883
f 3977 7887 2373
f 7887 3977 2676
f 7888 4430 4639
f 5417 989 7889
f 5474 3821 6812
f 3454 7456 4170
f 4166 7867 5364
f 835 7754 7852
f 7852 1574 835
f 6821 7507 225
f 2871 7990 3137
f 7891 2089 1542
f 3301 6708 7883
f 2880 7855 3400
f 7857 597 5320
f 7851 3852 7955
f 1558 8039 7872
f 3662 4960 7893
f 7893 5796 3662
f 2618 2619 7048
f 7854 2940 5613
f 7817 1844 7881
f 7892 5657 4986
f 7900 4027 3032
f 732 4700 7322
f 1746 7894 2259
f 1213 7875 269
f 3842 4399 7895
f 7766 4392 7895
f 4380 7999 7872
f 993 5950 4554
f 5964 2002 7897
f 6008 6202 2694
f 7898 3972 1752
f 3966 7856 6015
f 6110 7862 2955
f 7866 7899 6114
f 6114 5669 7866
f 7986 7866 453
f 7899 6165 6114
f 7906 5913 251
f 1960 2573 7913
f 342 7877 5847
f 7885 1516 1702
f 6687 277 6238
f 6057 5364 7867
f 3323 1131 2493
f 3711 6350 7900
f 5927 5206 6742
f 5206 5927 6020
f 2781 1969 7909
f 3817 4132 6297
f 6413 2578 4963
f 7865 7726 6216
f 1220 2822 6445
f 6358 1322 7874
f 7901 2479 6497
f 3135 2295 7885
f 3795 5202 6165
f 729 4987 6300
f 2908 5205 2393
f 266 4453 6597
f 2311 6654 7885
f 7898 1752 6534
f 6534 3409 7898
f 7879 6937 927
f 1543 1895 7901
f 4214 7623 7903
f 7904 7900 6350
f 6350 3976 7904
f 6142 8023 2354
f 502 7905 76
f 5964 7897 6704
f 7906 1079 2140
f 5242 6071 4413
f 7871 3289 6398
f 1844 6546 7881
f 4791 7095 7907
f 2776 7907 3084
f 4789 1007 6012
f 6742 2446 5927
f 1231 6165 7899
f 897 1574 7852
f 5947 7965 7850
f 7850 3383 5947
f 664 7909 1969
f 1214 1965 7910
f 7911 532 2878
f 3648 7912 7217
f 4178 2805 7831
f 905 2872 8020
f 2872 905 2554
f 7987 674 2076
f 7053 7926 7896
f 7926 7053 4687
f 4518 7520 2307
f 6792 314 306
f 766 6845 7884
f 1064 7943 4824
f 7048 2619 6758
f 7912 3054 7217
f 3281 2714 3268
f 7150 1645 6250
f 7906 2140 2386
f 7909 664 709
f 7657 4027 7904
f 829 394 7913
f 4682 47 7890
f 5616 1842 7964
f 4963 2578 4596
f 7670 310 7912
f 6700 931 7905
f 6301 1893 7908
f 6185 1378 4369
f 2277 2714 3281
f 7456 4657 4170
f 7507 4017 225
f 4227 3640 7914
f 4017 7887 4311
f 7887 4017 2373
f 7894 1746 7476
f 4656 7458 1758
f 25 7758 4474
f 4812 380 7915
f 7915 1230 4812
f 4987 5763 6300
f 4846 5506 3300
f 7650 7821 5983
f 6854 7419 7624
f 7738 1321 7864
f 7482 850 7868
f 7465 2373 7507
f 7770 7592 785
f 7918 7846 4578
f 5627 5796 7893
f 277 6736 6238
f 1894 4378 6675
f 8035 7699 4987
f 6675 4378 6293
f 758 7737 3950
f 854 7989 3405
f 7452 4227 7914
f 7690 7845 7920
f 7680 7986 7921
f 7895 4392 4721
f 7716 2259 7894
f 1681 3395 5982
f 3150 2939 1128
f 2939 3792 1128
f 2120 2540 1851
f 2938 7412 7921
f 1851 2540 3277
f 5982 3395 7603
f 7916 7317 7700
f 7176 6861 1611
f 7592 2441 785
f 7702 7582 2079
f 419 1521 7919
f 4214 4428 7623
f 1125 2386 1664
f 7753 1427 7863
f 3103 7852 7754
f 7768 945 2794
f 1918 7876 2359
f 4918 3602 1558
f 2397 218 4345
f 299 3966 7420
f 2243 2781 1360
f 7982 3729 3832
f 2089 7891 2098
f 2098 8019 2089
f 498 676 7753
f 5847 1730 3103
f 1758 2765 143
f 2014 2420 4190
f 1913 4710 3239
f 4739 5475 3573
f 6165 5202 7811
f 7820 5992 5593
f 4986 6555 7825
f 7982 2832 696
f 3191 3729 7982
f 4056 4123 7830
f 7947 5151 4434
f 6250 1645 2445
f 39 7822 7343
f 7758 2647 4474
f 1581 7774 7609
f 3300 7776 5407
f 3275 2775 7923
f 7923 2775 2462
f 4383 2938 7921
f 7856 3966 2885
f 7950 4247 7990
f 7927 4342 2315
f 7923 2462 6035
f 1451 4940 3787
f 7822 5955 7343
f 7840 2805 1079
f 2832 7427 7743
f 7776 4937 5407
f 4777 4248 4236
f 415 3497 7924
f 7925 4821 5034
f 7936 4311 6385
f 7927 2056 1095
f 5268 7928 593
f 1220 6445 7929
f 7930 26 123
f 263 785 4928
f 3371 223 7931
f 1977 7198 7935
f 3574 4345 7932
f 7933 4991 1598
f 7935 2079 4314
f 1319 3354 7958
f 5089 4048 7991
f 6204 8008 6203
f 7936 1245 1912
f 7867 5513 7989
f 816 3452 225
f 5053 2886 7937
f 5268 6755 7928
f 7938 2965 2883
f 5383 1736 7939
f 6012 7801 8010
f 8037 5584 4278
f 7931 5868 3371
f 7942 6393 6090
f 1109 305 7968
f 7970 4846 3300
f 4846 7970 7943
f 7944 1638 3337
f 4663 2748 7945
f 4846 7943 7834
f 7946 482 2614
f 7947 6222 5151
f 7949 7853 2315
f 4047 4663 7945
f 7991 420 4296
f 4870 2554 322
f 288 872 2772
f 3589 3487 7964
f 2898 7820 7950
f 4434 3440 7978
f 7951 1546 2920
f 880 1914 1941
f 2765 5792 4590
f 7938 922 2965
f 2507 3229 7952
f 1222 5053 7937
f 7953 5961 6300
f 2466 2507 7952
f 7924 4074 415
f 4074 7924 5043
f 29 2780 7954
f 7955 4532 4159
f 7956 5781 1080
f 7582 1794 2079
f 7932 5516 402
f 5318 3270 1477
f 1204 801 182
f 4843 5383 7939
f 4430 7888 4321
f 7957 2043 3620
f 2955 2801 3841
f 7954 3597 2511
f 3597 7954 4847
f 7984 4190 5063
f 7928 266 4006
f 7948 4682 4565
f 3367 3130 7951
f 7962 7958 4089
f 7959 960 3773
f 6817 2429 3862
f 1875 2968 7973
f 2872 7360 5296
f 5556 6691 7960
f 7961 4976 5797
f 1907 960 7959
f 4017 4311 7936
f 7963 7616 1740
f 7954 2511 4437
f 1732 4843 7939
f 3084 922 7938
f 3773 4416 7959
f 1323 321 8030
f 7925 6889 2195
f 7853 7949 5549
f 1814 3579 7964
f 1352 1875 718
f 718 7965 1352
f 687 8037 7941
f 4895 1832 7945
f 7966 2713 1240
f 3432 4635 4436
f 7963 1740 2127
f 2127 5005 7963
f 8038 5956 6679
f 7964 3487 1814
f 7981 7465 5288
f 7932 402 1638
f 1240 119 7966
f 2526 1109 7968
f 5919 7934 5615
f 5965 5792 1758
f 7970 3300 5407
f 6008 2694 7971
f 6090 4123 7942
f 7933 1598 6108
f 7972 3602 7569
f 6204 6412 4530
f 7610 1319 7958
f 832 5452 6234
f 2637 7861 4597
f 2534 3073 7961
f 7942 4056 4719
f 6524 214 7974
f 6657 1876 2192
f 6300 4082 7953
f 1975 2642 5123
f 2047 1360 2637
f 4589 3655 7975
f 6399 7873 8009
f 7932 4345 6608
f 750 5982 1021
f 7976 2834 6979
f 6634 2666 4725
f 6713 4369 7952
f 7972 7569 2743
f 2743 6145 7972
f 6620 6217 3524
f 3524 6217 6641
f 7275 6475 4088
f 5884 8038 6679
f 6145 8039 7972
f 6238 2642 5119
f 7977 1323 8030
f 6991 7978 3646
f 7925 2284 4821
f 6812 3821 2432
f 182 801 998
f 5578 7880 121
f 4489 1638 7944
f 3718 3013 122
f 7504 7976 2098
f 7976 7504 2834
f 7968 2606 7529
f 1968 1620 7265
f 1362 2502 7971
f 5131 7344 7980
f 5222 7616 7963
f 6876 2801 2955
f 2968 2107 7973
f 2502 823 6008
f 3128 7929 5883
f 7929 3128 2913
f 7011 3088 5903
f 6079 5915 6778
f 2760 5956 7979
f 8038 7979 5956
f 7935 2484 2079
f 2480 1362 6014
f 7834 4254 4846
f 5616 3729 7293
f 2160 2157 7931
f 7011 2201 7326
f 3939 3190 7459
f 7263 472 4220
f 5296 7360 7508
f 7806 5205 1497
f 7373 6871 5225
f 7980 1799 7244
f 1799 7980 7344
f 3190 4066 7459
f 7545 1611 7277
f 7411 1546 7951
f 7981 1751 710
f 7625 7465 7981
f 4247 7453 3610
f 1319 7481 2875
f 5005 7660 2706
f 6008 7971 2502
f 7593 4752 7009
f 7983 4518 968
f 7937 2886 7418
f 7418 3196 7937
f 2035 5277 2318
f 4380 8039 5378
f 4811 4986 7744
f 3756 4970 3610
f 3862 2429 5340
f 2847 4190 7984
f 7624 2392 7985
f 7985 6706 3563
f 1451 6202 823
f 6226 7824 7922
f 7985 210 6706
f 5240 6283 4199
f 7984 3737 2770
f 4987 2167 8035
f 7680 7506 7986
f 7978 6991 7035
f 7940 598 7684
f 2431 7687 1617
f 2919 2808 3258
f 5915 4415 6778
f 7983 5925 4501
f 7983 7520 4518
f 1989 689 7987
f 3258 2808 7728
f 7987 121 7880
f 342 5847 7966
f 7988 7767 5663
f 7767 7988 2812
f 5663 1606 7988
f 3584 6415 3405
f 737 3015 4439
f 3844 656 1869
f 3753 8025 3857
f 1981 6524 7974
f 6415 434 3405
f 4218 26 7930
f 7989 2121 3405
f 7953 4065 989
f 989 7967 7953
f 7148 2405 874
f 7824 2150 7922
f 7660 5005 7962
f 7518 7793 5995
f 7917 6907 1321
f 823 6202 6008
f 7919 7798 419
f 99 1073 7307
f 1947 397 5128
f 2760 7979 2847
f 2847 3687 2760
f 2167 4222 8035
f 993 8041 5949
f 2795 2043 7957
f 5549 2461 7853
f 2246 7849 718
f 4299 4532 7955
f 274 3021 1298
f 812 5794 5707
f 7969 3514 1050
f 1489 111 1645
f 7990 2871 3866
f 4065 7889 989
f 2570 3821 5474
f 3610 3137 7990
f 8039 4380 7872
f 7888 1974 4321
f 7899 7986 7506
f 7986 7899 7866
f 7880 674 7987
f 7970 5407 4824
f 6014 1362 860
f 7481 59 2875
f 7458 3514 7969
f 854 7867 7989
f 5057 7891 3073
f 2938 1964 7412
f 7849 7965 718
f 7876 568 2359
f 3308 3383 1720
f 3966 3810 7420
f 8040 3928 7799
f 2898 7950 7990
f 1758 5792 2765
f 4532 3573 4159
f 2056 7927 7853
f 5947 3383 3308
f 7891 3411 3073
f 5593 4247 7950
f 3573 4858 4159
f 7783 4342 7927
f 5705 3674 3263
f 4958 2810 1073
f 1196 3397 818
f 2957 8024 6044
f 6651 1826 1511
f 4086 5614 4402
f 2132 1747 114
f 7667 420 7991
f 7992 2586 5360
f 4562 6616 3734
f 4157 4008 7993
f 1700 1356 2138
f 823 2502 3130
f 1122 7614 2318
f 2471 5840 3064
f 7995 3172 4085
f 4436 3953 4005
f 4278 810 3347
f 4436 5606 3953
f 2957 1651 8033
f 5965 1050 4196
f 5720 4832 2470
f 3354 1319 7996
f 7999 5707 7872
f 2875 539 7996
f 3360 2869 7997
f 2573 3665 7998
f 3906 5707 7999
f 7651 8000 6830
f 8001 1985 5147
f 5147 4602 8001
f 3578 5438 4847
f 4582 7047 5876
f 4847 5438 4600
f 4023 5857 2481
f 5857 4023 8002
f 8003 5620 2362
f 2470 4832 2019
f 1122 7994 694
f 2138 1356 2911
f 5123 4995 5138
f 4995 5123 4980
f 268 3624 1477
f 5341 3169 4928
f 8005 3631 966
f 7992 2549 2586
f 2549 7992 8006
f 3771 2081 8009
f 1162 2219 8007
f 8003 4590 749
f 7188 5530 8008
f 7994 1382 694
f 2362 3047 8003
f 8009 2081 949
f 5771 6920 224
f 3178 1486 8011
f 4539 7532 3485
f 4165 2068 1464
f 4489 3178 8011
f 5628 5298 5225
f 7996 4411 3354
f 4118 8012 4171
f 8012 4118 5052
f 2967 1994 1618
f 8013 930 4866
f 8013 2240 930
f 2240 8013 5918
f 8014 5081 6904
f 4278 3347 5743
f 5392 5567 1887
f 2068 4134 1464
f 8015 5338 1263
f 7589 5691 533
f 3367 7951 3378
f 5709 4495 1897
f 1763 1021 583
f 8016 4429 1162
f 1162 8007 8016
f 8017 952 4219
f 3378 7951 2920
f 2997 4712 2622
f 8001 233 1985
f 233 8001 1164
f 4794 419 413
f 7563 4321 5470
f 7994 2318 5277
f 7804 3974 8018
f 4870 322 8013
f 8012 5052 1581
f 5360 288 7992
f 8029 1258 5267
f 8015 7727 5338
f 6466 2445 220
f 220 6629 6466
f 1941 3390 2414
f 4006 7410 1523
f 7997 1994 2899
f 7999 1342 963
f 1547 3578 4847
f 121 7987 689
f 8020 5296 5085
f 3921 5817 1470
f 7995 182 2752
f 7799 2809 196
f 4085 1723 7995
f 4899 1975 3210
f 8012 7687 2431
f 5138 5132 5123
f 5939 278 1298
f 8021 2642 5951
f 1050 3278 4196
f 3495 4980 4779
f 7047 6068 5876
f 40 5795 6414
f 1430 6450 8029
f 6220 5615 6604
f 8024 2957 825
f 6629 3686 2196
f 2246 718 7973
f 8010 7801 6447
f 6574 4810 8010
f 8019 7976 6979
f 5903 1499 3283
f 8025 5242 4413
f 2899 1994 6014
f 6679 837 6709
f 7993 6079 6778
f 5448 8000 3239
f 8000 5448 6830
f 3498 5611 6388
f 5153 4167 3896
f 2730 2216 8026
f 8027 2625 2201
f 6778 3623 7993
f 6914 2208 4700
f 989 323 7967
f 8027 2217 2625
f 1258 5109 2887
f 7030 4388 1225
f 587 418 5229
f 8023 7482 2354
f 6234 6095 832
f 8024 2143 105
f 4590 3047 5639
f 6861 5390 8028
f 8028 5073 1432
f 5390 5073 8028
f 829 7998 7255
f 6239 8029 6450
f 7732 5081 8014
f 7558 2353 3013
f 8030 5312 3749
f 874 2405 8014
f 429 5240 1296
f 2471 2443 3181
f 3130 2502 7411
f 3196 2855 8017
f 7494 4432 8031
f 8031 7469 7494
f 3585 8032 4726
f 8032 3585 1525
f 7460 5636 1749
f 730 3939 8032
f 8032 1525 730
f 4700 2208 7533
f 7437 7656 4932
f 7318 1258 8029
f 2353 122 3013
f 8031 2192 88
f 2517 5312 8030
f 2745 2399 422
f 8033 163 7917
f 8034 5796 5627
f 5776 8034 2436
f 8034 5776 4826
f 3485 7532 6496
f 7610 5005 2127
f 5796 8034 4826
f 8033 7917 825
f 1097 2742 4046
f 7651 3819 8000
f 2217 8027 8026
f 8026 2216 2217
f 1296 7681 5829
f 1201 2753 3137
f 8015 3425 7727
f 3425 8015 6472
f 7938 2883 2776
f 6426 1298 3021
f 8035 6829 7699
f 816 227 3452
f 897 7852 1268
f 327 8002 4488
f 7612 432 7844
f 8041 993 4858
f 8005 3862 2715
f 8036 3053 3276
f 7806 1497 2355
f 5278 3524 7786
f 8004 5242 8025
f 4008 2134 7993
f 8017 4219 7787
f 7025 7922 3305
f 1730 6835 3103
f 7844 3439 1402
f 7922 4284 3305
f 4865 5602 5586
f 4996 5815 4402
f 8005 824 3631
f 5586 5602 2302
f 8011 3574 4489
f 8011 5452 832
f 2692 4402 5815
f 4402 2692 7956
f 3467 7941 5287
f 220 111 725
f 7869 865 3258
f 7876 6199 7878
f 5205 6559 2393
f 7943 7970 4824
f 4402 5614 5429
f 2573 7998 7913
f 4846 4306 5506
f 7699 2626 4987
f 756 7307 1073
f 4249 5128 397
f 3235 1997 2760
f 1997 5956 2760
f 865 3330 3258
f 3662 1802 4960
f 3120 725 111
f 7934 594 5615
f 816 225 1912
f 7093 5242 8004
f 8037 4278 7941
f 5091 5584 8037
f 872 1653 2772
f 4686 594 7934
f 880 4110 1914
f 1618 1994 7997
f 530 4725 1373
f 532 121 8007
f 687 5091 8037
f 3432 5199 4635
f 3073 4976 7961
f 5951 2642 1975
f 2014 8038 3731
f 5884 3731 8038
f 8039 1558 7972
f 5109 3496 2887
f 7011 7326 3088
f 7998 2279 7255
f 2443 4767 3181
f 4048 7667 7991
f 2883 7669 2776
f 8002 3317 4488
f 3753 8004 8025
f 8041 2394 5949
f 3103 6835 1268
f 8041 3573 2394
f 4873 7845 1969
f 1489 1645 1639
f 5684 5927 7934
f 7941 5743 5287
f 4725 4807 1373
f 121 689 8007
f 220 2445 111
f 7063 7862 777
f 7940 3928 8040
f 5927 4498 7934
f 7862 359 777
f 7783 936 4342
f 3193 4777 4765
f 4765 4777 1947
f 3033 6103 4574
f 1802 519 4960
f 6103 4373 4574
f 7407 3674 5705
f 1947 105 3160
f 105 3549 3160
f 573 5904 3263
f 5798 6098 896
f 4213 1933 726
f 206 7063 5652
f 4873 1969 495
f 6098 4981 896
f 4958 4893 2810
f 1933 3750 726
f 44 4367 2210
f 7063 4638 5652
f 1196 1792 3397
f 2210 4367 507
f 3662 1511 1826
f 8024 4236 6044
f 1969 2243 495
f 6651 1511 1190
f 4070 5180 4457
f 4086 5241 5614
f 5128 4765 1947
f 2132 2176 1747
f 7845 2543 1969
