v -0.0026564 -0.049435 -0.0056993
v 0.0126331 -0.0030845 0.0080129
v 0.0208117 0.0236243 0.0080949
v -0.0177403 0.0026946 -0.0009185
v -0.001382 0.0282367 0.0009384
v 0.0022484 0.0367263 0.0083866
v -0.0088963 0.0286801 -0.001388
v -0.0182141 0.0044717 0.0008711
v -0.0057812 0.0061184 -0.0150722
v 0.0012604 0.0334087 -0.0060114
v -0.0005576 0.0221891 -0.0006578
v 0.0011371 -0.0017877 0.0033031
v -0.0080606 0.0198236 -0.0019865
v 0.0001357 0.0228376 -0.0096972
v -0.0073103 0.0296284 -0.0012571
v 0.0163718 0.0133329 0.0073761
v 0.0193918 0.0156449 0.0074018
v -0.0098396 0.0113384 -0.0142606
v -0.0068348 0.0199919 -0.0117217
v 0.0030957 -0.0021027 0.0038745
v 0.016908 -0.0104392 0.0024958
v -0.0083062 0.0128781 -0.0144164
v -0.0015277 0.0163899 -0.0001524
v 0.0157007 0.0247953 0.0092226
v -0.0083575 0.0157932 -0.0134707
v -0.0195436 0.0052651 0.0025822
v -0.0038176 0.0424925 0.0141244
v -0.0014803 0.0235699 -0.0082643
v -0.0091989 -0.0351114 0.0018244
v -0.0081344 0.0010314 0.012123
v 0.0108962 -0.049435 -0.0071066
v -0.0171141 0.0086885 0.0023558
v -0.004741 0.0250175 -0.0030007
v 0.0111585 -0.0117749 0.0077006
v 0.0085995 0.0167149 -0.0059549
v -0.0081757 -0.0049115 0.0123841
v 0.0101021 -0.0152666 0.0071205
v 0.0064366 0.0057043 -0.0095198
v 0.0052204 0.0293099 0.0009695
v 0.0041367 0.0408864 0.0048677
v 0.0156556 -0.0445588 -0.0030315
v -0.0133396 0.0098456 -0.0010849
v -0.0037661 0.0055977 0.0026148
v 0.0147229 0.0164053 0.0002509
v 0.0140129 0.0079583 0.007261
v 0.0022631 0.0158974 -0.0114015
v 0.00076 0.0319074 0.0033477
v 0.0094088 -0.0314613 -0.0118165
v 0.0036759 -0.0128124 -0.0122069
v -0.0143527 0.014775 -0.0087388
v 0.005107 -0.0040654 0.0055978
v 0.0101423 -0.0404791 -0.0123951
v 0.0006833 -0.0017649 -0.0133525
v 0.0201243 0.0187423 0.0030831
v 0.017678 0.0088038 -0.0019729
v 0.0034894 0.0273573 -0.0083354
v -0.0082563 0.0053693 -0.0141738
v -0.0130437 0.0108225 -0.0119552
v -0.0008184 0.0123167 -1.44e-05
v -0.0134361 0.0347009 -0.0041587
v -0.0121194 0.0091105 -0.0128131
v -0.0025886 -0.002373 0.0069692
v 0.0121106 0.034106 0.0051046
v -0.0138581 0.0087063 -0.011142
v 0.0094592 -0.049435 -0.0049674
v 0.0098139 0.00067 0.006317
v 0.0138827 0.0180873 0.0071335
v 0.0009699 -0.0037665 0.0040495
v -0.0051476 -0.0234464 0.0059207
v -0.0074922 0.0018608 0.0114772
v 0.0177862 0.0244958 0.0064746
v 0.012337 -0.0374225 -0.0103247
v -0.0074572 0.0437696 0.0009708
v 0.0128615 -0.023034 -0.0059849
v 0.0020744 0.0411343 0.0135531
v -0.0177669 0.0149986 0.0122843
v -0.0149952 0.0111532 -0.0052998
v 0.0155173 0.0153544 0.0079553
v 0.008771 -7.88e-05 0.0058918
v 0.0076075 0.0400123 0.0148355
v 0.00415 -0.0258853 -0.0123301
v 5.81e-05 -0.0181179 -0.0125842
v 0.0129484 -0.0382787 -0.0096628
v -0.0089064 0.0111895 -0.0146089
v 0.0052831 0.0126092 0.0029103
v -0.0075772 -0.0239663 -0.0103999
v 0.0029373 -0.0235943 -0.0124237
v 0.0050483 0.0150655 0.0031112
v -0.0038845 0.0424885 0.0105681
v -0.0150612 -0.0107961 -0.004815
v -0.0087201 0.0079933 -0.0145541
v 0.013367 -0.0171078 0.0043801
v 0.00891 0.0412413 0.0191801
v -0.0122378 0.0368032 0.0010581
v -0.0149138 0.0084468 -0.0035722
v 0.0029721 -0.049435 0.0021731
v 0.0190263 0.0078075 -0.0002833
v -0.0011124 0.0158232 -0.0116087
v -0.0042564 0.0205367 -0.0088273
v -0.0059428 -0.0384245 -0.0130553
v -0.0030509 0.0043635 0.0028538
v -0.020995 0.0022284 0.0051596
v -0.0181682 0.001525 -0.0007024
v -0.0050806 0.0251495 -0.0091458
v -0.004043 0.0265014 -0.0045717
v 0.0076513 -0.0491014 0.0064134
v 0.005671 0.0116801 -0.0095863
v -0.0114167 0.0397356 0.0039549
v 0.0197541 0.0191766 0.010024
v -0.0210664 0.0026327 0.0061664
v -0.0085025 -0.0363112 -0.0112027
v 0.0193207 0.0054208 0.0023719
v -0.0051984 0.0167837 -0.0119546
v 0.0066286 0.0255187 -0.0016071
v -0.006171 0.0071121 0.0044375
v -0.0025258 0.0178559 -0.0101716
v -0.0116441 0.015646 0.0093703
v 0.0074903 0.0141135 0.004465
v -0.0062781 -0.0161895 0.0094278
v -0.0188983 0.013762 0.0111098
v -0.0080158 -0.0334689 0.0029406
v -0.0007306 -0.0172989 -0.0123639
v -0.0202502 0.0048014 0.0034368
v 0.0150864 0.01223 0.0070083
v -0.0175394 -0.0129806 0.0016491
v 0.0058948 -0.0071381 0.0072083
v -0.0071515 -0.0250044 -0.010891
v -0.0065698 0.0364587 0.0015728
v 0.0134356 0.0182641 0.00605
v 0.020242 0.0174032 0.0028917
v 0.0038105 0.0061621 -0.011346
v -0.0026475 -0.0223961 0.0060055
v 0.0136055 0.0217957 0.0025519
v 0.0047714 0.0130601 -0.0103177
v -0.0177305 0.0134035 0.0038316
v 0.0041834 -0.049435 0.0045461
v 0.0001235 0.0446169 0.0086158
v 0.0099615 -0.0456837 -0.0129938
v 0.0066784 0.03428 0.0115902
v 0.0119602 -0.0313413 0.0007239
v 0.0065558 -0.0235218 0.0054433
v -0.0070479 -0.039857 -0.0124624
v -0.0036128 -0.049435 -0.0065985
v 0.0142597 0.0109145 -0.0035191
v 0.0033213 0.0198746 0.0020114
v 0.0029721 -0.0434382 -0.0150546
v -0.01324 0.0371956 -0.0006344
v -0.0089676 -0.0046406 -0.01118
v 0.0062022 0.0259829 0.0043627
v 0.0188594 0.0157063 0.0005538
v 0.0110095 -9.5e-06 -0.0082854
v 0.0130708 0.0342706 0.0129281
v 0.0120584 -0.0437781 -0.0113604
v -0.0004592 -0.021493 0.0059505
v 0.0107013 -0.0239196 -0.0089907
v -0.0078601 0.0464694 0.0058883
v 0.0067723 -0.049435 -0.0080452
v 0.0059827 0.0154124 -0.0073199
v -0.0058143 -0.0044556 -0.0127952
v -0.0077944 -0.0451071 -0.0120903
v 0.0201571 0.0145569 0.0030019
v 0.0157862 -0.0455332 -0.0038423
v -0.0042685 0.0235578 -0.0069244
v 0.0105583 0.0093947 0.0059373
v 0.0013834 0.0211961 0.000509
v 0.0120684 0.0033635 0.0063812
v -0.0075744 -0.009526 0.0117267
v -0.0167316 -0.0146062 0.0001517
v -0.0006585 -0.0242258 -0.0132174
v -0.0137925 0.0113019 -0.011083
v -0.0138048 0.0124735 -0.0108697
v 0.0064539 0.0295583 -0.003697
v -0.018819 0.0007112 0.0103365
v 0.0105743 0.0283437 -0.0017363
v -0.0183907 0.0214552 0.0105642
v -0.0021244 0.0226441 -0.0077269
v 0.0168391 -0.0083443 0.004413
v 0.0041348 0.0059462 0.002062
v 0.0024711 0.0046341 -0.0120029
v 0.0107646 0.0200057 0.0050831
v -0.0078957 -0.0485298 -0.01181
v 0.0125689 -0.0494341 -0.0058408
v 0.0056611 0.0194201 -0.0064418
v 0.0007418 -0.0415444 -0.0149287
v -0.0150571 -0.0147574 -0.0033924
v 0.008831 -0.0259523 -0.0108192
v -0.002571 0.0052578 -0.014859
v -0.0015304 0.0437205 0.0073588
v 0.0096089 -0.03736 0.00454
v 0.0120317 0.0202295 0.0047025
v -0.0038965 0.0021341 -0.0147749
v 0.0153969 -0.0094337 -0.0040293
v 0.0117971 0.0296331 0.0107976
v 0.0073142 0.0089325 0.0040315
v 0.015378 0.0081643 0.0073286
v 0.0074506 0.0311325 0.0036812
v 0.0051783 0.0394572 0.0167774
v -0.0154085 -0.0163109 -0.0016976
v -0.0184392 0.0018215 0.0108062
v 0.0121616 0.027389 0.0088001
v -0.0065817 0.039226 -0.0030483
v 0.0054226 -0.0481394 -0.0148015
v -0.0159474 0.0087451 0.0018322
v -0.0070129 -0.049435 -0.0010384
v 0.008723 0.009565 0.0048455
v 0.0017105 0.0242157 0.0009115
v 0.0196023 0.0112975 0.0016838
v 0.0141356 0.0312828 0.0049103
v -0.0076318 -0.049435 -0.006529
v -0.0004236 -0.043031 0.006598
v 0.0133881 0.0290756 0.0002093
v -0.0130513 0.0192655 -0.0046382
v 0.0122035 0.033352 0.0041864
v 0.0027949 0.0058971 -0.0120454
v 0.0049541 0.0242084 0.0005002
v -0.0064381 -0.0281912 -0.0119723
v -0.0096006 -0.0054963 -0.0105483
v 0.0167325 -6.28e-05 -0.0038283
v 0.0124503 0.0368298 0.014816
v -0.0085793 -0.0379496 -0.011196
v -0.0033998 -0.0390935 0.005338
v 0.0061827 0.0266593 -0.0057051
v 0.0128302 -0.0457719 -0.0107359
v 0.0016319 -0.049092 -0.0146938
v 0.0099901 -0.0494223 -0.0107549
v -0.0072417 -0.0494346 0.0009151
v 0.0125926 -0.0489654 -0.0100817
v -0.0037055 0.0178525 -0.010186
v 0.0120339 0.0232918 0.0060569
v -0.0013618 0.0350242 0.0056748
v -0.0130968 0.0027631 -0.0108474
v 0.009455 -0.0341895 -0.0121452
v 0.0131963 0.0316169 0.0110162
v -0.0080049 -0.0403576 -0.011782
v -0.0174998 -0.0062175 -0.0027738
v -0.0019298 -0.0494303 -0.0129942
v -0.0123106 0.0140192 -0.0030789
v 0.0160373 -0.0046651 0.0064493
v 0.008849 -0.0485932 0.0064119
v 0.0134909 0.0182136 0.0015802
v -0.0202765 -0.0024351 0.0043784
v -0.0017064 0.0441478 0.008404
v -0.0091156 0.0404947 -0.0032657
v 0.002049 -0.0157627 -0.0126146
v -0.0181641 -0.0003065 0.0106026
v 0.0024655 0.0189188 -0.010303
v -0.0133581 0.0303711 -0.0038789
v -0.0044368 0.0296614 -0.0048385
v -0.0055133 -0.049435 -0.0023815
v -0.0083794 0.033655 0.0009688
v 0.0114097 -0.0493966 0.0026766
v 0.0109202 -0.0454679 -0.0123699
v 0.0055115 -0.0488531 0.0072038
v 0.0055306 0.0365329 0.0173484
v 0.0198019 0.0147839 0.0018297
v 0.0043964 -0.0489569 0.0070152
v -0.0082404 -0.037076 0.0025945
v -0.006835 0.0421917 0.0052053
v -0.000435 -0.0248408 0.0056384
v -0.0161982 0.0055587 -0.0044226
v 0.005816 0.0207579 -0.0061357
v -0.0078395 -0.0239386 0.0054036
v 0.0058434 -0.049435 -0.002071
v -0.0179169 0.0267531 0.0123752
v 0.0035769 0.0352066 0.0068368
v -0.0191778 0.01004 0.0102878
v 0.0157759 -0.0083157 0.0059346
v 0.0048714 -0.049435 -0.0107702
v -0.0126031 0.0422572 -9.46e-05
v 0.0119702 0.0355839 0.0070026
v -0.0161251 -0.0153326 -0.0009742
v -0.008519 0.0252149 -0.001572
v -0.0079732 0.0240887 -0.0016399
v -0.0082973 0.0231018 -0.0114595
v 0.0202768 0.0203628 0.0042432
v -0.0010511 -0.0161574 0.0072551
v -0.0151805 0.020121 0.004049
v -0.0077055 0.0254107 -0.0110354
v -0.0085671 -0.0442015 -0.0114117
v 0.0061391 -0.0478896 0.0073196
v 0.0136747 0.0100849 0.0071615
v -0.0083252 -0.0061394 0.0123664
v 0.0083787 -0.0391717 0.005594
v 0.0179783 -0.0060366 0.0012451
v -0.006646 -0.0317204 0.0039751
v 0.0209757 0.0217305 0.0070758
v -0.0125102 0.0202419 -0.0105622
v -0.0185973 0.0063594 0.0107812
v -0.0091745 0.0224933 -0.0116151
v -0.0059437 0.0006896 -0.0140258
v -0.0202289 5.31e-05 0.0026963
v 0.0018135 -0.049435 0.0045506
v 0.0150712 0.0224259 0.0067967
v -0.0064047 -0.0162415 -0.0105147
v -0.0114448 0.0229074 0.0086874
v 0.0004292 0.0383104 0.010741
v 0.0108784 -0.0400311 0.0042609
v 0.0114034 -0.0382546 0.0032449
v -0.0014368 -0.0429708 -0.0147931
v 0.0100338 -0.0080837 -0.0088141
v -1.47e-05 -0.0332005 0.0056362
v -0.015219 0.0185875 0.0136839
v -0.0205349 0.0010065 0.003339
v -0.0123145 -0.0299498 -0.0026814
v 0.0057736 0.0027092 0.0035034
v -0.0207662 0.0021557 0.0040943
v 0.0039811 -0.0069731 -0.0121698
v 0.0133668 0.01926 -0.0007024
v -0.0199178 0.0164994 0.0069849
v -0.0176247 -0.0123451 0.0009117
v 0.0048902 -0.0075831 -0.0115552
v -0.0122165 -0.0250483 0.0006569
v -0.0163849 -0.0012035 0.0115882
v -0.0205893 0.0029499 0.003711
v 0.0121067 0.0056626 0.0063886
v -0.0145385 0.0055163 -0.0100057
v 0.0003035 0.0356763 0.0073413
v -0.0006362 0.0333049 0.0042907
v 0.0048947 0.0314891 -0.0059359
v 0.0200138 0.0185042 0.0091282
v -0.0183714 0.0272414 0.0093785
v -0.0025676 -0.049435 0.0022951
v -0.0086843 -0.0115581 0.0114787
v -0.0113516 -0.0314945 -0.0074652
v 0.0034237 0.0051194 0.0017329
v -0.0026282 -0.0472051 0.0066936
v 0.0108489 -0.0321861 0.0023515
v 0.019686 0.0109266 0.0028752
v -0.0046987 0.0317035 -0.0051756
v 0.0003142 -0.0223671 0.0058057
v 0.0128254 0.0077967 0.0069451
v -0.0133953 0.0081954 0.0116557
v 0.0039833 0.0168333 -0.0097982
v -0.0143168 0.0159754 -0.0080633
v 0.0187147 0.010202 -0.0006013
v 0.0007613 -0.0450882 -0.0152237
v -0.0128584 0.0232555 -0.0096314
v -0.0205847 0.0084857 0.0070511
v -0.0083207 0.0103892 -0.0148773
v -0.0009366 -0.0383398 -0.0145707
v -0.0069366 0.0444601 0.0045683
v -0.007593 -0.0162683 0.0096027
v 0.0143305 -0.0419154 -0.0080099
v -0.0132497 0.0148452 0.0039174
v 0.0201175 0.0161256 0.0065282
v -0.0061665 0.0294711 -0.009424
v 0.0004916 -0.0096063 -0.0127576
v 0.0198711 0.019954 0.0033715
v -0.0058564 0.0403163 0.0001496
v -0.0010026 -0.0065669 0.006239
v -0.0122312 0.01035 -0.0127028
v 0.0038184 -0.049435 -0.0047651
v 0.0063888 -0.0396649 0.0063164
v -0.0204077 0.0107604 0.0070423
v -0.0100727 -0.0160114 -0.0080088
v -0.004437 -0.0073359 -0.0126048
v -0.0153695 0.0075987 -0.0043105
v 0.0037147 0.0238019 0.0004406
v -0.0007186 0.023527 -0.0004732
v -0.0190272 0.0156591 0.0050799
v -0.0157034 0.006565 -0.0038092
v -0.0172017 -0.0112807 0.0063936
v -0.0143322 0.0117898 -0.0101171
v -0.018185 0.0200818 0.0052756
v 0.0027878 0.0244755 0.0009967
v -0.0155882 0.0063093 -0.0027169
v -0.0157522 0.0066244 -0.0061588
v -0.0035385 0.0073287 0.0008508
v -0.0007339 -0.0453845 0.0069091
v -0.006813 -0.0482851 -0.0126404
v -8.09e-05 0.0081429 -0.0138564
v 0.0129168 0.0366277 0.0126615
v 0.0059432 0.0373981 0.0196402
v 0.0064407 -0.0221071 0.0058872
v 0.005653 0.0061849 0.0028934
v -0.0119542 -0.0031944 -0.0100595
v -0.0020331 0.0185172 -0.0001174
v -0.0163312 0.0227916 0.0048989
v 0.0107332 -0.0196315 -0.0079262
v -0.0188881 0.018039 0.0054072
v -0.0024521 0.0173436 -0.0001889
v 0.016486 0.0253163 0.0084349
v -0.0085617 0.0455791 0.0030316
v -0.0094631 -0.0089885 -0.0095457
v -0.0016132 -0.0070373 0.0071478
v 0.0079551 -0.0446077 0.0067637
v -0.001024 0.03586 0.0067922
v -0.0156893 0.0060447 -0.0016471
v -0.0086665 0.0032006 -0.0135346
v -0.020031 0.0011612 0.0022523
v 0.0115491 0.0036043 -0.0075907
v -0.019746 0.0001483 0.0016496
v -0.0200537 0.0018261 0.0091373
v -0.0085233 0.0322752 -0.0092903
v 0.014663 0.0177352 0.0080157
v -0.0078945 -0.000591 -0.0129447
v -0.0033714 0.0253246 -0.0032194
v 0.0064592 -0.0164824 -0.010676
v -0.0016019 0.0224349 -0.0085761
v -0.0156136 0.0053685 -0.007888
v -0.0048438 -0.0049476 -0.0130635
v 0.0159985 -0.0024938 -0.0044712
v 0.0153362 0.0025018 0.0070675
v -0.0101513 -0.0493254 -0.0069446
v -0.0079661 -0.0003084 0.0121874
v 0.0181348 0.0213768 0.0122949
v -1.37e-05 0.0179267 0.0002954
v 0.0008346 -0.043382 -0.0151004
v -0.0106455 0.0367555 -0.0062353
v 0.0043843 -0.008762 -0.0119235
v -0.018179 -0.0107397 0.0027602
v -0.0067568 -0.0050354 -0.0122018
v -0.0159813 -0.0013621 -0.0066679
v -0.0011722 0.0176113 -2.66e-05
v 7.63e-05 0.0105487 -0.0136489
v -0.0201387 0.0069224 0.0041107
v -0.011783 0.0417725 -0.0014095
v -0.0204203 0.0073092 0.0050157
v -0.0154151 -0.0012972 -0.0075364
v -0.0068061 0.0143607 -0.0138348
v 0.0025977 0.038518 0.010256
v -0.0143939 0.0080475 0.0004865
v 0.0106138 -0.0010091 0.0071929
v -0.0155173 0.0093864 0.012164
v -0.0056066 -0.0448027 0.0049901
v -0.0075141 -0.0059439 -0.0115491
v 0.0100356 0.0300762 -0.0002585
v 0.0011688 -0.0076244 -0.0130979
v 0.0105342 0.0026606 0.0060379
v 0.0193647 0.011678 0.0048807
v -0.0030734 -0.0350982 -0.0140402
v 0.0121983 -0.0122633 0.007207
v -0.0088206 0.0092658 0.0037575
v 0.0127511 -0.0322905 -0.0088826
v 0.0126986 -0.04695 -0.010803
v 0.0117353 0.0079268 -0.0069669
v 0.0101528 -0.0053063 -0.0087107
v 0.0117865 0.0091652 -0.0066129
v 0.0180868 0.0112502 -0.001148
v -0.0191727 -0.0054084 0.0018403
v 0.0124826 -0.0292492 -0.0002881
v 0.0103703 0.0394498 0.0138607
v -0.0119435 0.0100623 0.0104049
v 0.0132714 -0.0116494 0.0068672
v -0.0066166 -0.0113133 0.0111032
v 0.0053812 0.0406284 0.0189242
v 0.0141522 -0.0174608 -0.0032209
v 0.0061412 0.0246173 -0.0056961
v -0.0008592 0.0220508 -0.009376
v 0.0139215 -0.0190515 0.0009943
v -0.0203877 0.0112418 0.0079056
v 0.012692 -0.0217542 -0.0060754
v -0.0184556 -0.0049672 0.0082792
v 0.0046959 -0.0064825 -0.0116834
v 0.0003574 -0.002705 0.0037394
v -0.0076987 0.0345205 0.0013047
v 0.0181502 -5.3e-05 -0.0014677
v 0.0179541 0.0302539 0.0145595
v 0.0151318 -0.0162018 0.0002754
v 0.0176989 0.0183225 0.0098949
v -0.0135914 0.0068318 -0.0113178
v 0.0035374 0.0332792 -0.0057214
v -0.0169806 -0.0031027 0.0106504
v -0.002843 0.037557 0.0039547
v 0.0122384 -0.0464304 0.0044089
v -0.0061455 0.0020108 -0.0142661
v 0.0030333 -0.016501 -0.0124158
v -0.0048537 0.0313446 -0.0064238
v -0.0111533 0.0280663 -0.0102354
v 0.0004013 -0.0146917 0.0070243
v -0.014446 -0.009966 -0.0056375
v 0.0067454 0.0022157 0.0041828
v 0.0090758 -0.016034 -0.0093573
v -0.0003119 -0.0182912 0.0067305
v 0.0081463 -0.0151422 -0.0098547
v 0.0136629 -0.0174513 -0.0044573
v -0.0073999 0.0367081 0.0022106
v -0.0090847 -0.0440892 0.0021862
v -0.0033933 0.0035823 0.0037436
v -0.0201572 0.0143933 0.0084985
v -0.0123735 0.0365555 -0.0050841
v 0.0188531 0.0091661 0.0048039
v 0.0074536 -0.0341292 -0.0128837
v -0.0177043 0.0055636 0.0008877
v 0.007532 -0.0140928 -0.0100518
v -0.0029975 -0.0156988 0.0081599
v -0.0042798 -0.0328587 0.0048899
v 0.0116692 -0.0162024 -0.0069996
v 0.0020302 -0.0059062 -0.0129965
v -0.0032724 -0.0316451 -0.0137728
v -0.0119909 -0.0260033 -0.005424
v 0.0119535 -0.0451796 0.0045721
v -0.0044809 0.0194432 -0.0097699
v 0.0088359 -0.0208963 0.0059314
v -0.0080047 0.0107815 -0.0001726
v 0.0150405 -0.0054255 0.007137
v -0.0200832 -0.0018949 0.002811
v -0.0051472 0.0275161 -0.0087366
v -0.0139749 0.0198287 -0.006485
v 0.0140142 -0.0480024 -0.0088001
v -0.0077766 -0.0199565 0.0074322
v -0.0182108 0.014095 0.0118048
v -0.0118205 -0.0296542 -0.0006444
v -0.0144687 -0.007106 -0.0066557
v 0.0048398 -0.0072548 0.0067549
v 0.0062271 0.0245282 -0.0036228
v 0.0144963 0.014486 -0.001113
v 0.0067917 -0.0408658 0.0064402
v 0.0099378 -0.049435 -0.0078721
v -0.0080737 -0.025186 0.0048265
v 0.0011019 0.0405457 0.0014345
v -0.0026378 0.0275004 -0.0004762
v 0.009453 0.0219936 0.0061269
v -0.0077724 -0.0267842 -0.0107309
v -0.0081284 -0.0250459 -0.010133
v 0.014784 -0.0405103 -0.0029172
v -0.0134233 0.0144333 -0.0108716
v -0.0101677 0.0086836 0.005734
v -0.0098902 -0.0494291 -0.0019759
v -0.0006445 -0.021109 -0.0127626
v 0.0132276 0.035526 0.0092749
v -0.0143378 0.0279627 0.0110022
v 0.013319 0.0209063 -0.0022205
v -0.0082419 0.0085826 0.0048246
v 0.0179397 -0.0057408 0.0026803
v -0.0091722 -0.0494347 -0.0029379
v 0.0049261 -0.049435 -0.0044406
v -0.0065426 -0.018003 -0.0104486
v -0.0156482 0.0011532 0.0123307
v -0.0052187 -0.0272261 0.0051281
v 0.0023955 -0.0032728 -0.0128164
v -0.0072077 -0.0338987 0.003464
v 0.0018996 -0.0400589 -0.0147613
v 0.0083357 0.0174268 0.0046963
v -0.0194066 0.0012599 0.0012396
v 0.00523 0.0376689 0.0029232
v -0.0068972 -0.0489464 0.0042177
v 0.0063923 -0.0139095 -0.010596
v -0.001991 0.012463 -5.17e-05
v -0.0013987 0.0084768 -0.014311
v 0.0080819 -0.0458937 0.0068643
v -0.0021196 0.0365137 0.0004512
v -0.0086537 -0.0023321 -0.0120683
v 0.0084025 -0.0104418 -0.0094906
v -0.0012994 -0.0173693 0.0071181
v 0.0094515 -0.0329049 -0.0120063
v 0.0073792 -0.0383908 -0.0134356
v 0.0133298 -0.0346202 -0.0019122
v 0.0111218 -0.028417 -0.0100479
v 0.0094428 -0.0291192 -0.0113515
v 0.0028803 0.0396247 0.0110603
v -0.006434 -0.0124736 0.0107685
v -0.0067614 0.026273 -0.010554
v -0.0116466 -0.0316707 -0.0008964
v -0.0174013 0.0047458 2e-07
v -0.0122538 -0.0061516 -0.0087055
v -0.0131061 0.0347256 -0.0051958
v 0.0129518 -0.0258602 -0.0008609
v -0.0071503 -0.0411236 -0.0124521
v 0.0031969 -0.0159049 0.0073527
v -0.0101204 -0.005501 0.0127455
v -0.0088859 -0.0408342 -0.0110052
v -0.0048905 0.0332818 -0.0026191
v -0.0161982 -0.0158429 0.0003668
v 0.0133446 -0.024267 -0.0025735
v -0.0135956 0.0094683 0.0117775
v -0.0150863 -0.0087195 -0.0054972
v -0.0110264 0.0079709 0.0089221
v 0.014695 -0.0397825 -0.0039683
v -0.0027936 0.0366751 0.003459
v 0.0004755 -0.0243141 0.0056309
v 0.0130276 -0.031559 -0.0079828
v -0.0096756 0.0479204 0.0064949
v 0.0123329 -0.0299835 -0.0090201
v -0.0084778 -0.0476321 0.0031644
v 0.0130137 -0.0424524 0.0027816
v 0.0147151 -0.0051324 -0.0055003
v -0.0202051 0.0063506 0.0085909
v 0.0134489 0.0352266 0.0105382
v 0.0109608 -0.0228296 0.0039965
v 0.0010029 0.0453021 0.0149529
v 0.0114277 -0.0220451 -0.0077784
v 0.0002032 -0.0342199 -0.0142091
v -0.0093966 -0.0135961 -0.0086911
v -0.0017938 0.0327541 0.0024052
v 0.0158826 -0.0059015 -0.0040375
v -0.0199143 0.008117 0.004381
v 0.0126395 -0.0407832 -0.0103975
v 0.0116227 -0.020079 -0.0071028
v -0.0035129 -0.0066739 -0.0130763
v -0.0007075 -0.0108782 0.0068926
v 0.0078145 0.0065394 0.0041136
v -0.0200521 0.0096199 0.0089311
v 0.007033 0.0393579 0.0138712
v 0.0003675 -0.0105803 0.0064009
v 0.0131053 -0.0390847 0.0012069
v -0.0154204 0.0250256 0.0139315
v 0.0102265 0.0334967 0.0038387
v 0.0138686 -0.0443232 0.0021393
v -0.0174462 0.028728 0.0088667
v 0.0051369 0.0375616 0.0042033
v 0.0116198 -0.0003601 0.0073853
v -0.000166 -0.0470003 0.0072735
v -0.0081001 0.0463113 0.0046951
v 0.012203 -0.0193611 -0.0063517
v 0.0067642 -0.0160312 0.007622
v 0.0056616 0.0359255 0.0013076
v -0.0170231 0.0257103 0.0064404
v 0.0069986 0.019383 -0.004919
v 0.0160696 0.0047409 0.0070462
v -0.0133267 0.0259074 -0.008517
v 0.0021901 -0.0041472 0.0043832
v -0.0145504 0.0134666 -0.0088766
v -0.0002996 -0.0299443 -0.0137475
v 0.0132818 -0.0238899 -0.0016479
v -0.0013503 -0.0099664 0.0072416
v 0.0103872 -0.0130584 0.0075896
v -0.0092312 -0.0182578 -0.0086206
v -0.0106922 -0.0053055 -0.0100005
v 0.005837 0.035217 0.0004878
v -0.0171036 0.0266857 0.0067738
v -0.0148717 0.0176484 0.0037506
v -0.0107851 -0.0439566 -0.0086207
v 0.0054664 0.0087144 0.0029785
v 0.0032438 0.0162788 0.0019928
v -0.0110729 -0.041857 -0.0080452
v 0.0087104 0.0311829 0.0114499
v -0.0096777 0.0440935 0.0076289
v 0.0101124 -0.0484311 0.0056641
v -0.0069384 -0.0036931 0.0118203
v 0.0023821 0.0054545 0.0011173
v -0.0157331 0.0182676 0.0037575
v -0.0004564 -0.0097941 0.0064645
v -0.0141712 -0.011226 -0.0054538
v -0.0099656 0.0387254 -0.004766
v 0.0016978 -0.049435 -0.0022742
v -0.0094607 0.0372435 0.0027219
v 0.0082449 0.0112578 -0.0080547
v -0.0038735 -0.049435 -0.0053957
v 0.0131925 -0.0327424 -0.0079081
v 0.0092848 0.0134662 0.0054969
v 0.002259 -0.0234907 0.0056407
v 0.0128307 -0.0395236 -0.0099909
v -0.0005576 -0.0046106 0.0051454
v -0.0073594 0.0108474 -0.0149167
v -0.0059047 0.0134879 -0.0139428
v 0.0115865 -0.0239812 -0.008132
v 0.0167008 -0.0114605 0.0019648
v 0.0031345 -0.049435 0.0045509
v 0.018053 0.0018981 0.0052366
v -0.0198207 0.017715 0.0085877
v 0.0110092 -0.0013128 -0.0083435
v -0.0161439 0.0240333 0.0052317
v 0.0172573 0.0307983 0.0154177
v -0.0155197 0.0020725 -0.0080888
v -0.0087955 0.0347775 -0.0078071
v -0.0162979 0.0218386 0.0136695
v 0.0030019 0.0014398 -0.011807
v 0.0019564 -0.0469109 -0.0153315
v 0.0099889 0.0083633 -0.0079066
v 0.0150843 -0.0464141 0.0002923
v 0.0112721 0.0055516 -0.007569
v -0.0029079 0.0264882 -0.0011112
v -0.0091664 0.013562 -0.0014649
v 0.014531 -0.0156437 0.003657
v -0.0015044 -0.0051169 -0.0137017
v -0.0010456 -0.0032859 0.005183
v -0.0140416 0.0181082 0.013482
v -0.0003646 -0.0436627 -0.0150148
v 0.0034681 0.021448 -0.0095473
v -0.0069452 0.0025966 0.0106781
v 0.0069913 0.031608 0.0096592
v 0.0123365 -0.0480413 -0.0109351
v -0.0088297 -0.0320144 0.0024781
v -0.007792 0.0306529 -0.0009534
v -0.0056261 0.0282865 -0.0091964
v -0.0192005 -0.0057644 0.006025
v -0.0006942 -0.0024395 0.0043089
v -0.0119039 0.0296288 -0.0094067
v 0.0043737 -0.0191515 0.0068856
v -0.0156266 0.0136969 0.0032523
v 0.0090825 0.0076866 -0.0083462
v -0.0160816 0.0126972 0.0031486
v -0.0195334 -0.0046306 0.006181
v -0.0147608 0.0095694 -0.0039016
v 0.001524 0.0122184 0.0005686
v 0.0197602 0.0290952 0.0143747
v -0.0050562 -0.0039336 -0.0132244
v -0.0084145 -0.0344135 0.0025787
v -0.0081449 0.023027 -0.0018755
v 0.0125947 0.0283578 0.0094281
v -0.0131345 0.0134137 -0.0036665
v -0.0154559 0.0076802 -0.0055281
v 0.0080233 0.0119107 0.0044226
v 0.0197996 0.0119332 0.0037191
v 0.0014456 -0.0285518 0.005413
v 0.0051789 0.0155659 -0.0083398
v -0.0148434 0.0101266 -0.0091444
v 0.0051124 0.019274 0.0031098
v -0.018464 0.0170827 0.0119099
v -0.0005845 0.0396636 0.0134349
v 0.0021156 -0.0332865 -0.0138465
v -0.0155286 -0.0116379 -0.0040711
v 0.0133568 0.0001794 0.0075875
v -0.0100406 -0.0199511 -0.0078683
v 0.000402 0.0388341 0.0118423
v -0.0105838 -0.0140905 0.0104347
v 0.0028815 0.0358565 0.0076057
v -0.0098765 0.0140245 -0.0017937
v 0.0057869 -0.049435 -0.0112975
v 0.0114372 -0.048112 -0.0117436
v 0.0112083 -0.049435 -0.0040159
v 0.012491 -0.0373283 0.0013883
v -0.0090668 0.0389578 0.004054
v 0.0071759 -0.000731 -0.0103604
v 0.0111393 0.0124762 -0.0062167
v -0.0203507 0.0120456 0.0071451
v 0.0114937 0.0145612 -0.0055099
v -0.0023901 0.038879 0.0094393
v 0.001222 0.0373317 0.0091033
v -0.0178839 0.0215439 0.0116638
v 0.0035875 0.0424336 0.0092431
v -0.0067007 0.0060012 -0.0148689
v 0.016768 0.0066487 0.0069152
v -0.007714 -0.0377285 -0.0119077
v 0.012557 0.0192281 0.004257
v 0.0073294 -0.0330431 -0.0127831
v 0.0047616 -0.0479146 0.0074818
v -0.0123455 -0.0110682 0.0111246
v 0.0144952 -0.0018297 0.0076259
v -0.0146014 0.0141146 -0.0078087
v -0.013447 0.0137367 0.0035317
v -0.0189466 -0.0009403 -0.0001093
v 0.0013966 -0.0272928 -0.0131687
v -0.0197819 0.0040236 0.0095182
v -0.0132424 0.0203872 -0.0095512
v 0.0081759 -0.0277338 0.0044014
v -0.0197175 0.0022553 0.0019336
v -0.0084615 -0.049435 -0.0049591
v 0.0081573 0.0328368 0.0125087
v -0.0025566 -0.0059479 -0.0134639
v -0.0075718 0.0086932 0.0036815
v -0.0079235 -0.0447432 0.0033743
v -0.012827 0.0178856 -0.0106794
v -0.013215 0.0249166 -0.0088673
v -0.0072156 -0.0187651 -0.0100892
v -0.0136116 0.0265094 0.012359
v 0.0033538 -0.0055019 0.0053561
v -0.0048197 -0.049435 -0.008726
v -0.0006891 -0.0320788 -0.0140192
v -0.0085425 0.0066638 -0.0143255
v -0.0077137 0.0073041 -0.0147845
v 0.0151116 -0.0437683 -0.0067538
v -0.0078225 0.0030794 0.0112623
v 0.0115458 0.0263318 -0.0026182
v -0.0029465 0.0208541 -0.0080626
v -0.0055348 -0.037197 -0.0132219
v -0.0134218 -0.0203654 0.0032673
v 0.0087209 0.0348669 0.0062515
v 0.0097775 0.0355516 0.0064607
v 0.0047781 -0.0210284 0.0062879
v 0.0143033 -0.0392995 -0.0068581
v 0.0043685 0.0048759 0.0023274
v -0.0107121 0.005056 0.0112952
v 0.0144424 0.0091049 0.0073038
v 0.0117086 0.0332841 0.0141447
v 0.0033759 0.0366821 0.0079693
v 0.0035256 -0.0063908 0.005782
v 0.0128967 -0.0334833 -0.0088417
v 0.011162 0.0350186 0.0165953
v -0.0080053 -0.0457833 0.0034771
v -0.0019834 -0.0318942 -0.0140031
v -0.0003913 0.027918 0.0015618
v -0.0133673 0.0223292 -0.0046254
v -0.0007887 -0.0040132 -0.0137823
v 0.0110908 0.0389914 0.0130946
v 0.0003049 0.0227918 -0.0002733
v 0.0031166 -0.0222131 -0.0122988
v 0.0113236 0.0388836 0.0142609
v 0.0001662 0.0215934 -0.0099147
v 0.0172096 -0.0095034 0.0002576
v -0.0121859 0.0355899 0.0006068
v -0.0048446 0.0263457 -0.0026859
v -0.0099529 -0.0005682 0.0130515
v 0.0071591 -0.049435 -0.002163
v -0.007459 -0.0082112 0.0118919
v 0.0140384 -0.0493339 -0.001083
v -0.0011152 -0.033802 0.0055721
v 0.0038972 0.018226 -0.0095752
v 0.0130021 0.0333659 0.0050474
v -0.0069232 -0.0386585 -0.0124931
v 0.0066988 -0.0335733 0.0053047
v -0.0047844 -0.0338282 -0.0133956
v -0.0195456 0.0162022 0.0059252
v -0.0157494 0.0011892 -0.0075084
v -0.0095201 0.0423721 0.0068886
v 0.0130575 -0.0370053 -0.0093012
v 0.0029337 0.0031315 0.0018386
v -0.0144628 0.0087635 0.0120582
v -0.0055591 -0.0191403 0.0077231
v 0.0112613 -0.049435 -0.0053605
v 0.0109295 0.0088047 -0.007325
v -0.0030519 -0.0483998 0.0065585
v -0.0029373 -0.0493565 0.0055951
v -0.0011624 -0.0494324 -0.0124183
v -0.0125759 -0.0254158 -0.003133
v -0.0146955 0.0111665 -0.0093956
v -0.0208001 0.0043693 0.0073681
v -0.0076107 -0.0108105 0.0114825
v 0.0199454 0.0265035 0.016759
v -0.0064786 0.0160933 -0.0006173
v -0.0140535 0.0170303 -0.0087209
v 0.0171794 0.0009214 -0.0033549
v -0.0157168 -0.0168499 0.0007883
v 0.0037988 0.0015196 0.0026488
v 0.0115711 -0.0490496 -0.0110181
v 0.0105176 0.0252281 0.0071719
v 0.006015 0.0190003 -0.0054341
v -0.0192711 0.0195429 0.0070558
v -0.0021873 0.0169447 -0.010809
v 0.0129294 -0.0122904 -0.0067034
v -0.0084921 0.018392 -0.0126657
v -0.0158529 -0.0056609 -0.0057085
v 0.0164035 -0.0125913 0.0011862
v -0.0043765 0.0252843 -0.0067796
v -0.0007894 0.0232612 -0.0090666
v -0.0081598 -0.0155151 -0.0094747
v 0.0018129 -0.0207152 0.006152
v -0.0079452 0.0332198 -0.0086539
v -0.0107558 0.0091729 0.0067979
v 0.0025371 0.0430713 0.00604
v 0.0148615 0.0011074 -0.0050394
v -0.0189565 -0.0074824 0.0033545
v 0.0127945 0.0349197 0.0138828
v -0.0086867 -0.0181338 0.0085164
v -0.0040151 -0.0010037 -0.0141747
v -0.0003233 0.0319613 -0.0059252
v 0.0056916 -0.0142627 0.0078386
v -0.0113202 -0.0443165 -0.0074392
v -0.0066999 0.0433653 0.0049466
v 0.0096071 0.0304149 0.0113414
v 0.0024417 0.0169689 0.0014526
v -0.013377 -0.0039758 -0.0087293
v 0.0140352 -0.0165244 0.0037754
v 0.0119301 -0.0352339 0.0014234
v 0.0184493 -0.0024181 0.0012355
v 0.0124571 0.0356043 0.0148271
v 0.0066945 -0.0136689 0.0079375
v -0.0047296 0.029029 -0.00715
v -0.008858 -0.020773 -0.0089833
v 0.015102 -0.0476229 -5.04e-05
v -0.0111231 -0.043166 -0.0009772
v 0.0024539 0.021912 -0.009865
v 0.0122617 -0.0330636 -0.0098381
v -0.002952 0.0388096 0.0062861
v 0.0136594 -0.0351709 -0.0070302
v 0.0065605 0.0205415 0.0038898
v -0.0048984 -0.0222054 0.0062795
v -0.0199756 0.0052192 0.0091519
v -0.0164469 -0.007247 -0.0043757
v 0.0116651 -0.0301347 0.0011917
v -1.6e-06 0.0164909 -0.0114377
v 0.0132788 -0.0281542 -0.0053577
v -0.0091576 0.0194736 -0.0023917
v 0.012589 0.0094981 -0.0057889
v -0.0132434 0.0242047 0.0132936
v -0.0080069 -0.0228915 -0.0098985
v 0.0002747 -0.0083244 -0.0130893
v -0.0123614 0.0122247 -0.0023075
v 0.0114092 -0.0264753 -0.0090643
v 0.0011396 0.0297656 0.0022914
v -0.0192437 0.0060456 0.0100695
v 0.0193087 0.0103945 0.0006668
v -0.0142677 -0.0194871 0.0019358
v 0.0031201 -0.0492086 0.0069806
v -0.0001564 0.0067915 -0.0138074
v 0.015685 0.0058941 0.0072203
v -0.0074819 -0.0271187 0.0044296
v -0.0128312 0.023252 0.0131384
v 0.0005441 0.0014716 0.0019666
v 0.0094252 -0.0124465 -0.0091628
v -0.0083767 -0.0333488 -0.0111637
v 0.0110676 -0.0239857 0.0034878
v -0.0129312 0.0050788 -0.0114877
v 0.0060112 0.0165332 -0.0068522
v -0.013016 0.0177908 0.0128353
v 0.0112967 -0.0311345 0.0017312
v -0.0067229 0.0255019 -0.0017376
v -0.0028477 0.0285379 -0.0008887
v -0.0069301 -0.0307526 -0.0120035
v -0.0069981 0.0276017 -0.0104125
v -0.0102028 0.0224965 -0.0114973
v 0.0129892 -0.0346124 -0.0008598
v 0.0136358 -0.014634 0.0054026
v -0.0187538 0.0132421 0.0044783
v 0.0046988 0.0220768 0.0011262
v -0.0109367 -0.0179025 0.0080839
v -0.000386 0.0392812 0.0006669
v 0.00829 -0.0404033 -0.0133314
v -0.0085553 -0.0382956 0.0022781
v 0.0122894 -0.0166351 0.0056207
v 0.0108457 0.0076224 -0.0075808
v 0.0054283 0.0352553 0.0033801
v -0.0130787 0.0191865 -0.0100673
v -0.0042501 -0.049435 0.0017252
v 0.0122845 -0.0324677 0.0002145
v -0.0117688 -0.0120549 -0.0071171
v 0.001928 -0.0455338 -0.0152993
v -0.0096907 -0.0103064 -0.0090454
v 0.0041473 -0.0083094 0.0067472
v 0.0022862 0.0131928 0.001
v 0.0131022 0.005704 0.0068071
v 0.0055522 0.0361285 0.0003195
v -0.0113504 0.0156116 -0.0026117
v 0.0002223 0.0144624 0.0001396
v -0.0184279 -0.0097055 0.0033938
v -0.0126924 -0.0176232 -0.0051428
v -0.011799 0.0424052 0.0061041
v 0.0056197 0.0356522 -0.0005766
v -0.0076525 -0.0473761 -0.0121984
v -0.011986 -0.0176181 0.0077473
v -0.0058215 -0.0426237 0.0045643
v -0.0010914 0.0407779 0.0150174
v -0.0190357 0.0163901 0.0111675
v 0.0141413 0.0088076 -0.0045585
v 0.0090614 -0.049435 -0.0005471
v 0.0118315 0.0006024 -0.0076885
v -0.0092885 0.0012644 -0.0128618
v 0.0129672 -0.0287342 -0.0071888
v -0.0008539 -0.049435 0.0023272
v -0.0163295 0.014428 0.0127946
v 0.0059318 0.0200189 -0.0051078
v -0.0057165 0.0152776 -0.0003957
v -0.0188671 -0.0023062 -0.000449
v 0.0047172 -0.0380618 -0.0141043
v -0.0163092 -0.0155052 0.0038318
v 0.0063593 0.0278593 -0.0028599
v -0.0157971 -0.0164815 0.0036191
v -0.0096667 -0.0418192 0.0012595
v -0.0027376 0.0364749 0.0046656
v -0.0059351 0.0217253 -0.010807
v -0.0138478 0.0212866 0.0138625
v -0.0005015 -0.0352779 -0.0143548
v 0.0004107 -0.0041848 -0.013487
v 0.014487 0.029369 0.0054397
v 0.0114427 0.0256685 0.007341
v -0.0082888 0.0463478 0.0072967
v -0.0117802 0.0156361 0.0061197
v 0.0071161 -0.0318375 -0.0126728
v -0.0018969 0.039334 0.0118652
v 0.0097894 -0.0016674 0.0070164
v -0.0046204 -0.0089832 0.0104065
v -0.0116405 -0.0304068 -0.0068084
v -0.006456 0.0032511 0.0097145
v -0.0117727 0.0151797 -0.0123001
v -0.0064684 0.0373825 -0.0046028
v 0.0113636 0.0331692 0.0035405
v 0.0088189 -0.0437672 0.0063298
v -0.0127941 -0.023972 -0.0019059
v 0.0139058 0.0287786 0.0076509
v -0.0077946 0.0439796 0.006983
v -0.0157513 -0.0168703 0.0019319
v -0.0136876 0.0193748 -0.0089398
v 0.0151484 -0.0135835 0.0041791
v 0.0099025 -0.026005 -0.0102017
v 0.0157545 -0.014485 0.0011505
v 0.0058283 0.0286476 -0.0060722
v -0.0138071 0.0281066 -0.0067272
v 0.0153712 -0.0478884 -0.0013439
v 0.0068338 0.0362179 0.0105134
v -0.0022179 0.0151713 -0.0119288
v 0.0083663 -0.0391058 -0.0131545
v 0.0100972 0.0160375 0.0054828
v 0.0106641 0.0391885 0.0178347
v 0.0079391 0.024381 -0.0027714
v -0.0085246 -0.0141218 0.0106261
v -0.0058754 0.0227453 -0.0106034
v 0.0198073 0.0287856 0.0175289
v -0.0012191 -0.0251998 -0.0133199
v 0.0059513 -0.0448293 0.007213
v -0.0074818 0.0391348 -0.0039653
v -7.81e-05 -0.0086136 0.0059689
v -0.0031712 0.0042054 -0.0149668
v 0.0110066 0.035341 0.0061851
v 0.0056423 0.004859 -0.0099484
v -0.0170875 0.0076194 0.011739
v -0.0016481 0.0345181 -0.0022779
v -0.0126838 0.0409952 0.0037783
v -0.0096765 -0.0125122 0.0112003
v 0.011461 0.037158 0.0172734
v 0.0024402 0.0424093 0.013605
v -0.0046366 -0.0442869 -0.0138651
v 0.017284 0.0308984 0.0181855
v -0.0198226 0.0143669 0.0097215
v -0.0102369 -0.0200209 0.0068338
v -0.0017257 0.0397361 0.0130285
v 0.0040569 0.037078 -0.0014493
v 0.0117626 -0.049435 -0.006433
v 0.0126682 -0.0269752 -0.0002736
v 0.0027187 -0.0139046 0.007248
v 0.0175103 0.0296079 0.0135198
v 0.0149906 0.0090405 -0.003781
v 0.0126663 -0.0265596 -0.0072975
v 0.0120404 -0.0463802 -0.0114816
v -0.0080382 -0.0321842 -0.0113448
v -0.0082992 0.0326186 0.0002357
v -0.0183797 0.0202881 0.011291
v -0.0127591 -0.0171532 0.0075701
v 0.006504 -0.0060115 0.0071253
v 0.0188507 0.000938 0.0025829
v -0.0007235 -0.0224655 0.0058378
v 0.0190079 0.0205822 0.0029238
v -0.0007408 -0.0286606 -0.0136772
v 0.0127176 -0.0014313 -0.0072803
v -0.0098595 0.0296087 -0.0102436
v 0.0121512 -0.0249885 -0.007724
v -0.0186388 -0.0035412 -0.0008239
v -0.0121825 0.0020454 -0.0113408
v -0.012655 -0.0246449 -0.0010535
v 0.005953 -0.041755 0.0067444
v -0.0001361 -0.0329334 -0.0140724
v -0.0151308 0.005338 -0.0090145
v -0.0055288 -0.0247932 0.005561
v -0.0013581 -0.0289611 0.0054656
v 0.0080083 -0.0360955 0.00522
v -0.0012035 0.0063679 0.0002078
v -0.0191791 0.0002016 0.0006104
v -0.0190886 -0.0003707 0.0097508
v 0.0089889 0.0320415 0.0123593
v 0.0118011 -0.0364882 0.002084
v 2.27e-05 -0.0405312 0.006328
v 0.0033534 0.0409139 0.01097
v -0.000125 0.0024029 -0.0135961
v 0.0054992 -0.031438 0.0052608
v -0.0086901 0.0265996 -0.0014981
v 0.0106267 0.0393901 0.016403
v 0.0114015 -0.0342567 0.0019732
v 0.0038491 -0.0203984 0.0064334
v 0.0089694 0.0210294 0.0055659
v 0.0104358 0.0309711 0.0006287
v 0.0080623 0.003456 0.0046551
v -0.0054579 -0.049435 -0.0105403
v 0.0051376 0.0293414 -0.0065944
v 0.0120971 -0.025841 0.0013543
v 0.0205474 0.0246024 0.0141889
v 0.0013705 0.0203126 -0.0102375
v 0.0049856 0.036801 -0.0004229
v -0.0014012 0.0178974 -0.0105546
v 0.0102895 -0.013213 -0.0087003
v -0.0067031 -0.049435 -0.0074715
v 0.0144228 -0.0385332 -0.0039974
v 0.0117585 0.0362222 0.0164778
v 0.0001692 0.0460409 0.0141022
v 0.0085666 -0.0351511 0.0048025
v 0.0066274 0.0328461 0.0095479
v 0.019897 0.0232418 0.0060045
v 0.0107771 -0.049435 -0.0004818
v 0.0106719 0.0074869 0.005957
v 0.0047435 -0.030807 -0.0129946
v -0.0133699 0.0215268 -0.0090959
v -0.0187569 0.0013401 0.0002885
v 0.0101075 -0.0062857 -0.0087592
v 0.002608 -0.0414465 -0.0148661
v -0.0117322 -0.0316588 -0.0065769
v 0.0090423 0.0219021 -0.0045079
v -0.0011418 0.0168304 -0.0111129
v 0.0024681 0.0117434 0.0011085
v -0.0041367 -0.0239412 -0.0122909
v 0.0090106 0.0241859 -0.0035262
v 0.0002379 0.0422848 0.0038514
v -0.0045722 0.023835 -0.0081255
v -0.0130983 0.0268418 -0.003631
v -0.0039959 0.0214487 -0.0078263
v 0.0130374 -0.0348402 -0.0088852
v 0.0211268 0.025143 0.0119293
v 0.0120193 -0.0181679 -0.0064629
v 0.0070381 0.0184498 0.0040264
v 0.0096706 -0.0214681 0.0053603
v 0.0118006 -0.0494249 0.0014636
v -0.0061693 -0.049247 -0.0122996
v -0.0024885 -0.0138125 -0.011921
v 0.001028 -0.0162383 -0.0126151
v 0.0090106 -0.014756 0.0075295
v -0.0121012 -0.0200231 0.0056086
v -0.0126879 0.0408886 -0.0011134
v 0.0001599 0.0280537 -0.0081215
v -0.0112686 -0.0474965 -0.0075873
v 0.0007209 0.0396643 0.0004783
v -0.0096449 0.0183342 -0.0022147
v 0.0026231 -0.0093778 -0.0126062
v -0.0020334 0.0378609 0.0078407
v -0.0039775 -0.049435 0.0004186
v -0.0112283 0.0454316 0.0075526
v 0.0076435 0.0304825 0.0096765
v -0.0171682 -0.0131162 0.0048327
v -0.0062729 0.0385169 0.0021865
v -0.0159839 0.0053369 -0.0066801
v -0.0018913 -0.0153179 0.0076816
v -0.0043798 -0.0261543 -0.0126803
v 0.0003751 -0.0478684 0.0074199
v -0.0181013 0.0224309 0.0064768
v -0.006324 -0.0419188 -0.012997
v -0.0091179 0.0015131 0.0125704
v 0.0120306 -0.0042356 0.008099
v 0.0002086 -0.0383307 -0.0146308
v 0.0139322 -0.0390608 -0.0079257
v 0.0031248 -0.0225063 0.0057961
v 0.0118772 -0.0019993 -0.0079008
v 0.0047381 0.002314 0.0029222
v -0.0096093 -0.0396635 0.0012039
v 0.0133236 0.0122962 -0.0034903
v 0.0150293 -0.0415518 -0.0029826
v -0.0001165 0.0005271 0.0025304
v -0.0024401 -0.025117 -0.0131218
v 0.0118266 -0.035431 -0.0106773
v -0.0080399 -0.0494063 -0.0096838
v 2.01e-05 -0.014531 -0.0123681
v -0.0112913 0.0020773 0.0131007
v 0.0155778 0.0292458 0.0150634
v -0.0120943 0.024914 0.0103362
v 0.0006348 0.0031204 -0.0130806
v 0.0076304 0.0107818 0.0041822
v 0.0031542 0.0134404 -0.0119203
v 0.0119176 -0.0007024 -0.0077949
v 0.0140977 -0.0483932 0.0015818
v -0.0182808 0.0230584 0.007723
v 0.0068613 -0.0056698 -0.0100965
v -0.0145913 -0.0020432 0.0124556
v 0.0010628 -0.01402 -0.0125075
v -0.0052877 0.0331354 -0.0014439
v -0.0092793 0.0369991 -0.0062015
v -0.0007064 -0.049435 -0.0036396
v -0.0126266 0.0448215 0.006193
v -0.0124031 0.0240296 0.0069888
v 0.0044429 -0.0156527 0.0076057
v 0.0031711 0.0038787 -0.0114561
v 0.0114325 0.0160012 0.0054841
v 0.01101 -0.0060428 -0.008392
v -0.0103323 0.0018749 -0.0124294
v 0.0012361 -0.0298319 0.0054627
v 0.0115682 0.0023745 -0.007676
v -0.0102286 -0.0064706 -0.0098702
v -0.0050246 0.0003163 0.0092931
v -0.0011083 -0.0105091 -0.0124954
v -0.0184909 -0.0076058 0.0008869
v 0.0108339 0.0166979 -0.0054901
v -0.0064072 -0.023789 0.0057331
v 0.0043944 -0.0016998 -0.011966
v 0.0040938 0.0256017 -0.0085775
v -0.0121109 0.019634 -0.0039061
v 0.004787 0.0096373 -0.0110911
v -0.0159071 0.0042506 -0.0073451
v 0.0021156 -0.00205 -0.0128019
v 0.0058487 -0.0092826 0.0076664
v -0.0028351 -0.0328619 -0.0139592
v -0.0004894 -0.0394398 -0.0146937
v -0.0099084 0.0282765 -0.001643
v 0.008336 -0.0323122 -0.0123764
v 0.000664 0.0309484 0.0024969
v -0.0184623 -0.0056918 -0.000407
v 0.0171533 0.0110482 -0.0019022
v -0.0066211 -0.0361201 0.0037585
v 0.0039917 0.0416317 0.0071295
v 0.0125821 0.0316177 0.0117439
v 0.0114029 0.0265942 0.0081109
v -0.003654 -0.0304651 -0.0135635
v 0.0064563 -0.0081366 0.00765
v 0.0122089 -0.0225062 -0.0069663
v -0.0124798 0.0343166 -0.0067636
v 0.0125858 -0.0350566 0.0002253
v -0.0042576 -0.035025 -0.0136618
v -0.0086247 0.0473283 0.0064011
v 0.0154466 -0.0437178 -0.0023769
v 0.008707 -0.049435 -0.0039413
v 0.0202195 0.0207444 0.0107936
v -0.0166936 -0.0009263 -0.0055183
v -0.0084105 0.0218642 -0.0022868
v 0.0165199 0.0118856 -0.0020336
v -0.0209896 0.0034192 0.0056399
v 0.0129216 -0.0196958 -0.0054656
v -0.0154274 0.0075939 -0.0067747
v -0.0049868 0.0277481 -0.002447
v -0.0160084 -6.97e-05 0.012027
v 0.0082152 -0.0493707 0.0054935
v -0.0047388 -0.0064379 0.0105274
v 0.0119277 0.0378443 0.0112284
v -0.0013902 -0.0423712 0.0062722
v -0.0161617 0.0160695 0.0035568
v -0.0069247 2.3e-05 -0.0135078
v -0.0117065 -0.0482153 -0.005129
v 0.0156989 -0.0465594 -0.0046838
v 0.006097 0.0233133 -0.0055374
v -0.0006299 0.0443504 0.0079149
v 0.0095897 -0.0214955 -0.0093285
v -0.0208473 -2.12e-05 0.0051537
v 0.0068239 0.0182195 -0.0053842
v 0.0076979 -0.0049341 -0.0096316
v 0.0078928 -0.049435 -0.0062197
v 0.0142914 0.0254925 0.0038108
v -0.0118544 -0.0061684 0.0126075
v 0.0061824 0.0333353 -0.0001204
v -0.0063282 -0.049435 -0.0032454
v 0.013994 0.0168443 0.0073999
v 0.0122464 -0.049435 -0.0047921
v 0.0151047 -0.0443146 -0.000373
v -0.0071394 0.0289043 -0.0101606
v 0.0095458 0.0392653 0.0206003
v 0.000998 0.0114054 0.0003466
v -0.0002848 0.0426932 0.0164431
v 0.0076658 0.0399163 0.0210807
v 0.0127026 -0.0187759 -0.0057157
v 0.0079974 0.0233517 -0.0033907
v -0.0116631 0.0426853 -0.0006947
v -0.0182245 0.0117057 0.0114416
v -0.0142869 0.015249 -0.0059718
v 0.0160623 0.0124157 0.0070771
v -0.0094755 0.0088891 0.0047892
v -0.0072847 0.0094525 0.0017206
v 0.0094095 -0.0066163 0.0080941
v -0.0165238 -0.0051402 0.0104061
v 0.0032749 0.0263592 -0.0087583
v -0.0053053 -0.0127005 0.0102396
v -0.0009652 0.0005446 -0.0140886
v 0.0101829 -0.0055609 0.0080916
v 0.0120273 -0.0043063 -0.0078261
v -0.0163205 -0.0113692 -0.0031968
v 0.0148617 -0.0408214 -0.005369
v 0.0208177 0.0188117 0.0052684
v -0.020583 -0.001345 0.0049751
v -0.0181969 0.0162406 0.0044263
v -0.0184052 -0.002422 0.0095959
v 0.0052221 0.0223695 -0.0080466
v 0.0029522 0.0256221 0.0014742
v -0.0069065 -0.0208484 -0.0104165
v 0.0064644 0.0012236 0.0041624
v -0.0159076 -0.0126885 -0.0032259
v -0.0179876 0.019355 0.0121864
v -0.0093654 -0.0264802 0.0035988
v -0.0047669 0.0301687 -0.0067913
v -0.0063583 -0.0173198 0.0088879
v -0.0121205 -0.0289306 -0.005396
v 0.0188555 0.0030502 0.0037103
v -0.0086927 -0.0360546 0.0022333
v -0.0051325 0.0263004 -0.0090066
v 0.0106032 -0.0479807 -0.0124539
v 0.0036742 0.0293347 0.0021794
v -0.016181 -0.0144149 -0.0018176
v -0.0122078 -0.0292809 -0.0016554
v -0.0024058 0.0032464 0.0030026
v -0.0181244 0.0212235 0.0057978
v 0.0108106 0.0360994 0.0071037
v -0.0208242 0.0054046 0.0068695
v 0.0188117 0.0066266 -0.0008156
v 0.010888 0.0335613 0.0149782
v -0.0028139 -0.0294954 -0.0136696
v 0.009121 -0.0059337 -0.0090754
v -0.0124784 -0.009901 0.011467
v -0.0121086 0.0040868 0.0124445
v -0.0108203 -0.0269599 -0.0077021
v 0.005423 0.0060382 -0.0100909
v -0.0174793 0.0018906 0.0114311
v 0.0145099 -0.0400783 -0.0018137
v -0.004264 -0.0280985 0.0052182
v 0.0101582 0.0323765 0.0023927
v -0.0158934 0.027331 0.013504
v 0.0110636 0.0346509 0.005329
v -0.0076633 0.0285528 -0.0013539
v -0.0107375 -0.0170889 0.0087143
v -0.0107476 0.0136628 -0.0022067
v 0.0110935 -0.015635 0.0066477
v -0.012382 -0.0013679 -0.0104652
v 0.020178 0.0142175 0.0042415
v 0.0192473 0.0194422 0.0023313
v 0.0175277 -0.0002716 -0.0027624
v 0.0091842 -0.0037681 -0.0090057
v 0.0132801 0.0262506 0.0068969
v 0.0149034 -0.0416675 -0.0061799
v 0.0018111 -0.007055 0.0053798
v 0.0126693 -0.0292842 -0.0081572
v -0.0043064 -0.0003986 0.0085292
v -0.0060308 -0.0099786 -0.0112929
v 0.0014913 0.0379719 0.0101075
v -0.0164723 0.0249551 0.0136293
v -0.0125246 0.0453335 0.0031967
v -0.01606 0.026233 0.0137575
v 0.0133855 -0.0227607 -0.0015902
v -0.0116292 0.0223565 -0.0029741
v 0.0019633 -0.0002253 -0.0126116
v 0.0051727 0.0138385 0.0029743
v -0.0092346 -0.0432722 -0.0107327
v -0.0008777 0.0265295 -0.0077865
v -0.0036274 0.0134124 -0.013286
v -0.0045397 0.0307326 -0.0042873
v -0.0110103 0.0129862 0.0080256
v 0.0071853 -0.0409793 -0.0138116
v 0.0092183 0.0021297 0.005608
v 0.0189092 0.0232233 0.0140165
v -0.0085023 0.0245627 -0.0112743
v 0.0017371 0.0387566 0.0112371
v -0.0150209 -0.0174577 -0.0011533
v -0.0133738 0.0318302 -0.0065971
v 0.0148482 -0.0422019 -0.0010653
v 0.0065498 0.0290182 0.0046301
v -0.0133157 0.0413243 0.0015929
v 0.0126927 -0.0492041 -0.0089824
v -0.0090414 -0.0040355 0.0126891
v -0.0108538 0.0335491 -0.0084004
v -0.0033573 -0.0228886 -0.0123354
v -0.0079925 0.0093504 0.0027276
v -0.0086171 -0.0476874 -0.0113931
v -0.0124137 0.0221656 0.0128096
v -0.0002769 0.01548 -0.0118552
v -0.0121119 0.0044537 -0.0118721
v -0.0082088 -0.0494065 0.0007437
v -0.0046452 0.0203997 -0.0009654
v -0.0006282 0.0094822 -0.0139683
v 0.0011801 -0.0029878 -0.0132075
v 0.0087152 0.0380731 0.0207104
v -0.0010185 0.0105004 -5.19e-05
v 0.0100085 0.007336 -0.0080129
v -0.0046611 0.0256295 -0.0080229
v -0.0051559 -0.0326473 -0.0131642
v -0.0185183 0.0271248 0.0103753
v 0.0037232 0.0398671 0.009547
v -0.0051235 0.0025818 -0.0146555
v -0.0093798 0.0332053 0.0006429
v -0.0103796 -0.013888 -0.0079118
v -0.0032735 -0.016958 0.0079233
v -0.0102122 0.028589 -0.0104505
v -0.0092083 -0.0494071 -0.007917
v 0.0001875 0.0127294 -0.013055
v 0.0140876 0.0226162 -0.0003704
v 0.0026175 0.0390733 -8.51e-05
v -0.0001456 -0.0015973 0.0034806
v 0.0076468 0.0292729 0.0012598
v 0.0163691 0.0258618 0.0092677
v 0.008477 0.0149099 -0.0066306
v 0.018026 -0.0049816 0.0003881
v 0.0131431 -0.0281461 -0.0063874
v 0.0149681 -0.0410245 -0.0040775
v -0.0165642 0.007722 0.0014836
v -0.0140099 0.019595 -0.0077464
v -0.0120031 -0.0230412 -0.0050944
v -0.0162463 0.0283908 0.0078906
v 0.0071468 0.0049044 0.0038725
v 0.0022052 -0.0332256 0.0056942
v -0.0110031 -0.0206038 0.0059971
v 0.0125183 0.0082419 -0.0062686
v 0.0051727 -0.0052021 0.0061431
v -0.0086059 -0.0261992 -0.0099156
v -0.0121916 -0.0088524 -0.0077775
v 0.0119499 0.012988 -0.0054268
v -0.0206405 0.0040218 0.004057
v -0.0091561 0.0430495 -0.0009964
v -0.0100703 0.0203619 -0.0119616
v -0.008709 0.0422648 -0.0016934
v -0.01308 0.0249276 0.0066741
v 0.0183781 0.0030798 0.0049557
v 0.0113611 0.0274529 -0.0020823
v -0.0100624 0.0110949 -0.0002598
v -0.0184733 -0.0086368 0.0015403
v -0.0169242 -0.0065843 -0.003825
v -0.0178165 -0.0077852 -0.0012751
v 0.0063804 0.005476 0.0033687
v -0.0106413 0.0136595 -0.0133387
v 0.0088796 0.0090727 -0.0082619
v -0.0179901 -0.0071124 0.0077302
v -0.0187949 -0.0045195 -8.8e-06
v -0.0152726 -0.0122186 0.0086334
v -0.0089866 0.0380427 -0.0053502
v -0.0094001 -0.030565 -0.0099301
v 0.0062255 0.0242497 -0.0047841
v -0.0057372 -0.0280437 0.0048624
v 0.0057828 -0.0210527 0.0063064
v 0.0123608 0.0191825 -0.0040496
v -0.0208535 0.004397 0.005039
v -1.2e-06 0.0250502 -0.0090401
v -0.0069878 -0.0459847 0.004328
v -0.0163408 -0.0158017 0.0025072
v 0.0115513 0.0221332 -0.0041923
v 0.0180116 0.0273802 0.0182329
v 0.0090475 0.0121994 0.0051356
v -0.003672 -0.0250714 -0.0127232
v 0.0001633 -0.0117073 0.0066989
v -0.0096666 -0.0347279 -0.0099812
v 0.0087598 0.0156033 0.0053579
v 0.0112288 0.0232915 -0.0040472
v 0.0005676 -0.0120819 -0.0123966
v -0.0131398 0.0339245 -0.0058929
v 0.0148718 0.007934 -0.0041682
v 0.0125598 0.0255618 -0.0024696
v 0.0116473 0.0142414 0.0063044
v 0.0124396 0.0266812 -0.0019689
v -0.0050586 0.0310651 -0.0025678
v 0.0080383 0.004422 -0.0089617
v -0.016354 0.006567 0.0119676
v -0.0087363 0.0345912 0.0015027
v 0.0172025 0.0251465 0.007514
v 0.0125229 0.0324638 0.0033341
v 0.0028499 -0.0403471 0.0066478
v -0.0152739 -0.0162998 0.0054106
v 0.0110986 -0.0144773 0.0069617
v -0.0152171 -0.0178036 0.001349
v -0.0108954 0.0059427 -0.0129598
v -0.0068867 0.0044154 0.0094107
v 0.0200495 0.02499 0.0153261
v 0.0029936 0.0198479 -0.0099229
v -0.0119398 0.0249365 -0.0102783
v 0.0194754 0.0240486 0.0147345
v 0.0209054 0.0243683 0.0091894
v -0.0101654 0.0052278 -0.0131355
v -0.0065659 0.0079349 0.0035077
v 0.0045594 -0.0390805 -0.0142764
v 0.0041619 -0.003724 0.0049671
v -0.0159867 0.0056732 -0.0033399
v -0.0032241 0.0276561 -0.0015451
v 0.0183099 0.0180765 0.0009344
v 0.0040268 -0.0168889 0.0073816
v -0.0015394 -0.0255083 0.0056288
v -0.0097148 -0.0482372 0.0017022
v -0.0076294 -0.0188711 0.0081131
v -0.0165709 0.0042641 -0.0044442
v -0.01253 0.0090235 0.0110003
v -0.0051025 -0.0435982 0.0050743
v 0.0126208 0.0305348 0.0109345
v 0.0042504 0.0131457 0.0023282
v -0.005352 0.0291762 -0.008588
v -0.0181539 0.0189167 0.0048914
v -0.0046633 0.0144565 -0.0002384
v -0.0126686 0.0056888 0.0118445
v 0.0052726 -0.0046903 -0.0113434
v 0.0148026 0.0182424 0.0014584
v -0.0112573 -0.0041926 -0.0100895
v 0.0078109 0.026464 0.0063503
v -0.0080394 -0.0494099 0.0018598
v 0.0086806 0.0190134 0.0044139
v 0.0033161 0.0267865 0.001719
v -0.0027989 0.0360166 0.002541
v 0.0126083 -0.0411371 0.0028358
v -0.0106273 -0.0437461 0.0001176
v -0.0121005 0.0231473 0.0122109
v -0.0066997 0.0225155 -0.0110871
v 0.0001296 -0.0275635 -0.0134709
v -0.0092742 0.0193971 -0.012356
v 0.020526 0.0196553 0.0091077
v 0.0153827 -0.0029456 -0.0050742
v -0.0120962 0.0210315 0.0124173
v -0.0151274 0.0067692 0.0121358
v -0.0036088 0.0407757 0.0116845
v -0.0089977 0.0175877 -0.0017242
v -0.0152313 -0.0054037 -0.0065146
v -0.0082625 0.0167127 -0.0012988
v -0.0182395 0.023638 0.0089906
v -0.0125644 0.0199935 0.0128807
v -0.0081222 0.0006654 -0.0132091
v 1e-05 0.0299614 0.0018849
v 0.012081 0.0380159 0.0146495
v 0.0069671 0.0086976 -0.00913
v 0.0106839 0.0026932 -0.0082402
v -0.0005108 0.0288184 -0.0073125
v -0.0093918 -0.0429811 0.0017045
v -0.0017985 0.0463111 0.0153141
v -0.0076092 -0.0492077 0.0030972
v 0.0074446 0.0029778 -0.0094983
v -0.013316 0.0142756 0.0122545
v -0.012708 -0.0070399 0.0122185
v -0.0135574 0.024497 -0.0046715
v -0.0131872 0.0253081 0.012757
v -0.0180064 -0.0059405 -0.0015932
v -0.0048998 0.0331958 -0.0047365
v 0.0176415 0.0176338 0.0003539
v 0.007602 -0.0116957 0.008104
v 0.0027499 -0.049435 -0.0041429
v -0.0180557 0.0243222 0.0079382
v 0.0143679 0.024154 0.0016559
v 0.0085406 0.0035044 -0.0089324
v 0.0037163 -0.049435 -0.0103721
v -0.0046102 0.0280703 -0.006998
v -0.0005812 0.0417928 0.0036856
v 0.0070791 0.0346222 0.008233
v -0.0085206 0.0449816 0.002119
v 0.0017313 -0.0460931 0.0074052
v -0.0121676 0.0375699 -0.0044952
v -0.009004 0.0083092 0.0058127
v -0.000716 0.0210612 -0.0002243
v 0.0131731 0.0004411 -0.0064608
v 0.0086456 0.0268135 0.0071422
v 0.006969 0.0204933 -0.0044106
v -0.0081132 -0.0355052 -0.0114982
v 0.0042256 -0.0048112 0.0054695
v -0.0202944 0.01326 0.0078172
v 0.0065969 -0.0306817 0.0049796
v 0.0156266 -0.0443414 -0.0042733
v -0.0092448 0.0067403 0.0086287
v 0.0145635 -0.0469804 -0.0081539
v 0.0132844 -0.041376 0.0019704
v 0.011681 -0.0190922 0.0049965
v 1.23e-05 -0.0356788 0.0058391
v -0.0086488 0.0061081 0.0093448
v 0.005939 0.021979 -0.0058584
v 0.012331 -0.0399392 0.0027505
v -0.0006903 0.0290637 0.0014435
v 0.0061666 -0.049435 -0.004267
v -0.0074938 0.0190489 -0.0012956
v 0.0119601 -0.0377384 0.0023503
v -0.0188812 0.0192171 0.0058842
v -0.0002354 -0.0369141 0.0059248
v 0.0043805 -0.0206063 -0.0117638
v -0.0092387 -0.0466928 -0.0108338
v 0.0038335 0.0249533 0.0008305
v -0.0117497 -0.0483119 -0.0040334
v 0.0066837 -0.048029 -0.0144729
v -0.0038454 -0.0272822 -0.0130968
v 0.0128446 -0.0358531 -0.0094366
v -0.0057986 0.0044217 0.0075488
v -0.0107729 -0.0245888 0.0033162
v 0.0133271 0.019507 0.0013754
v -0.008958 0.0001887 0.0126446
v 0.0125838 -0.0337182 -0.0001946
v 0.0061467 0.0236545 0.0044721
v -0.0156406 0.0001081 -0.0074939
v 0.0071138 0.0274304 0.0059414
v -0.0203488 0.0103216 0.0081707
v 0.0110288 -0.0229013 -0.0084064
v 0.0139084 -0.0008165 0.0077191
v -0.0135853 0.0276574 -0.0043366
v -0.0106447 -0.0106251 -0.0082988
v -0.0075901 0.026019 -0.0015178
v 0.00779 -0.0315066 0.0047058
v -0.0080806 0.0267873 -0.0108923
v 0.0194334 0.0137646 0.0010712
v 0.0174038 -0.003716 0.005072
v 0.001824 -0.0373452 -0.0144641
v -0.0097622 0.0249719 -0.0018165
v -0.0174725 -0.010471 -0.0011975
v -0.0089567 -0.0122924 -0.0091607
v 0.0110694 0.0085738 0.0062177
v 0.0128334 0.0011827 0.0072901
v 0.0122343 -0.0303356 0.0001972
v 0.0133177 -0.026182 -0.0034298
v -0.0020305 -0.0098089 -0.0125758
v -0.0171488 -0.0001877 -0.004616
v 0.0051305 -0.0238083 -0.0118004
v -0.0088417 -0.0011206 -0.0123796
v -0.011772 -0.0051639 -0.0093966
v -0.0167716 -0.0033906 -0.0050344
v -0.0101402 -0.0333241 0.0010318
v -0.0053554 0.0351678 -0.0009744
v 0.0127545 -0.0280915 -0.0007947
v -0.0191411 -0.0063551 0.0027124
v -0.0006401 -0.048035 0.0072396
v -0.0042594 -0.0209973 -0.0116963
v -0.0089511 0.0149122 -0.0136752
v -0.0097482 -0.0148231 -0.0083439
v 0.0025085 -0.0102746 0.0065808
v 0.0134672 -0.0392022 -0.0089669
v 0.0078718 0.0334255 0.0055634
v -0.0141302 0.0170821 -0.0061844
v 0.0015813 -0.0143095 0.0070244
v -0.0088194 -0.0145841 -0.009055
v 0.0030863 0.0164095 -0.0107688
v 0.0045867 -0.0490655 -0.0145134
v -0.0132672 0.0268605 0.0098715
v 0.020621 0.0179516 0.0041776
v -0.0059037 0.0271079 -0.0097818
v -0.0095855 0.0215908 -0.0025473
v 0.0068313 0.0236664 -0.0029474
v 0.0123032 -0.0169917 -0.0062657
v -0.0071305 0.0355926 0.0015519
v 0.0062807 0.0001959 -0.01081
v -0.0004367 -0.049435 -0.0022433
v 0.0006099 -0.0425504 0.0067192
v 0.0176956 -0.0052139 -0.0008359
v -0.0097467 -0.0185091 0.0080692
v -0.0129378 0.0331562 -0.0067785
v -0.0007039 0.0461146 0.0130011
v 0.0096936 -0.0005247 0.0065694
v -0.0096169 0.0152788 -0.0017311
v 0.0053409 0.0113425 0.0029348
v -0.0035731 -0.0204349 0.0066702
v -0.0110956 -0.0217323 -0.0065971
v -0.0009077 0.0450257 0.0103414
v -0.0090779 -0.0372224 0.0018184
v -0.0167773 -0.0021897 0.0110958
v 0.0133907 0.0308458 0.0100105
v 0.008466 -0.0347597 -0.0126294
v 0.0083292 0.0133496 -0.0073052
v 0.0101113 -0.0042177 -0.0086875
v -0.0160756 -0.0103851 0.008702
v 0.0155722 -0.0478025 -0.0041265
v 0.012316 -0.0080249 -0.0075554
v 0.0154243 -0.0467356 -0.0008672
v 0.0128565 0.0174039 0.0007711
v -0.0090156 0.0102644 0.0015815
v 0.0038594 -0.049435 -0.0012834
v 0.0105233 -0.049435 -0.0027459
v 0.0177943 -0.007067 0.0020375
v -0.0063918 0.0236721 -0.010777
v -0.0104039 -0.0491093 -0.0082541
v 0.0024333 0.0157968 0.0012871
v 0.0051756 -0.039333 0.0064392
v 0.019149 0.0136584 0.0064887
v 0.0192785 0.0126862 0.0056781
v -0.008536 -0.0272923 0.003837
v -0.0038292 -0.0140431 -0.0115865
v 0.0132003 -0.0469279 0.0033953
v 0.0044155 -0.0279591 0.005189
v -0.0178815 0.0035961 -6.8e-06
v -0.0077725 -0.0282532 0.0039723
v -0.0064861 0.0422294 0.0003219
v 0.0169624 0.0198161 0.0016152
v 1.07e-05 0.037292 0.0087888
v -0.0133474 0.0266501 0.0086711
v -0.0015987 -0.0483004 -0.0148252
v 0.0013654 -0.049435 -0.0102129
v -0.0119642 0.0261965 -0.0101345
v -0.0096483 -0.0226493 -0.0083628
v -0.0167086 -0.0098424 -0.003135
v 0.0194242 0.0066922 0.001652
v -5.83e-05 0.0355002 -0.0036434
v 0.0198796 0.0135634 0.0021626
v 0.0056631 0.0074139 0.0029346
v 0.013379 -0.0372154 -0.0004507
v -0.0078025 -0.0392213 0.0029409
v 0.0192934 0.0303384 0.0160588
v 0.000179 0.04398 0.0165816
v -0.0140141 0.015866 -0.0093226
v -0.0051978 0.0337274 -0.0056418
v 0.006183 -0.0218893 -0.0112375
v 0.0012138 -0.0051185 -0.0132442
v 0.0179437 0.0281363 0.0108218
v 0.0054988 -0.0101351 -0.0111412
v -0.0196832 -0.0046946 0.0040218
v 0.0084134 -0.0476396 0.0067236
v 0.0139833 0.0324456 0.0063686
v -0.0060996 -0.0034952 0.0113101
v -0.0052923 0.0320302 -0.0072268
v 0.0152476 -0.0018964 -0.0052336
v -0.0087464 -0.0345648 -0.0109151
v 0.0124858 0.0098685 0.0068516
v -0.0100586 -0.0032181 0.0129629
v 0.003398 0.0280238 0.0020151
v 0.0036224 0.0082229 0.0017293
v 0.0081136 -0.0427996 -0.0136557
v -0.0092091 -0.0358661 -0.0105138
v 0.0147001 -0.0435505 -0.0077328
v 0.0117821 -0.0406046 0.0036127
v 0.0070651 0.0415092 0.0177431
v -0.0087144 -0.0087861 0.0121133
v 0.0067689 -0.0044414 -0.0102113
v -0.0034741 0.0233414 -0.0059526
v 0.0162322 0.0228343 0.0052599
v -0.0191762 0.0049884 0.0102362
v 0.0059907 0.008154 -0.0098175
v 0.0042581 -0.0217639 -0.0118819
v -0.0074367 -0.0133891 0.0107724
v -0.0088534 -0.0494325 -0.0066929
v -0.0032722 -0.0116349 -0.0119887
v -0.0194499 0.0184318 0.0066225
v -0.0100914 -0.0126768 -0.0082743
v -0.0085505 0.0187186 -0.0017427
v -0.0078228 0.0386377 0.0035928
v -0.0133326 0.0423182 0.0023805
v 0.0137671 -0.0492508 0.0006319
v -0.0094228 -0.0492211 -0.0093745
v 0.0115451 -0.0393798 0.0034539
v -0.0131985 0.0190029 0.0132485
v 0.0175013 -0.007539 -0.0003807
v 0.0110953 0.0339407 0.0044002
v -0.0002047 0.0267746 0.0014239
v 0.0120503 0.0210269 -0.0040489
v 0.0038224 0.0155329 -0.010473
v -0.0014066 0.0269223 -0.0069597
v 0.005857 0.0240081 -0.0067242
v 0.0053783 0.010042 0.0029827
v -0.0047553 0.0325054 -0.0034556
v -0.008931 -0.0490187 -0.0104473
v -6.9e-05 -0.0070295 -0.0133702
v 0.0047269 0.0387836 0.0060158
v -0.0087218 0.0417365 0.0063917
v 0.0001292 -0.0311165 -0.0138254
v 0.0092168 0.0042939 -0.0085525
v -0.0091133 0.0468216 0.0042079
v -0.0062133 -0.0137103 0.0103339
v 0.0088038 -0.0403437 0.0056547
v -0.0172264 0.0233265 0.0056628
v 0.0139748 -0.0367443 -0.0032008
v -0.0077526 0.0418627 -0.0016863
v -0.009825 -0.021102 0.0062431
v -0.0053553 0.0032444 0.0077579
v -0.0014971 0.0256333 -0.0072821
v -0.0084669 0.0443895 0.001168
v -0.0084522 0.0436821 2.05e-05
v 0.0045168 -0.049435 -0.0083519
v -0.0058803 -0.0439709 -0.0132762
v 0.0022269 0.0436154 0.013423
v 0.006217 0.033638 -0.0013861
v 0.0118311 -0.0494339 -0.0074637
v -0.0098685 -0.0423562 -0.0099772
v -0.0098316 0.0422256 -0.0018038
v -0.0147201 -0.011896 -0.0047778
v -0.0099059 -0.0247815 0.0040172
v -0.0178436 0.0237331 0.0114912
v 0.0087077 0.0340189 0.0053006
v 0.0010281 -0.049435 -0.0113285
v -0.0099395 -0.0282539 -0.0090082
v -0.003508 -0.0130594 0.0090262
v -0.0088691 -0.0300521 0.0028103
v 0.0125222 0.0133398 -0.0046112
v -0.0034632 -0.0181224 0.0075661
v -0.0066279 0.0433236 0.0020086
v -0.0005961 0.0424619 0.0045813
v 0.0182551 -0.0036806 0.0007879
v -0.0174015 0.0220898 0.0052685
v -0.0093811 0.0398859 0.0049234
v 0.0032671 0.0150691 0.0018124
v 0.0029802 0.043301 0.0100009
v -0.0098895 0.0383487 0.0033772
v 0.008413 -0.0377654 -0.0129802
v 0.0130412 0.0147144 -0.0020767
v -0.0093229 -0.027228 -0.0094468
v 0.011726 -0.0243088 0.0025662
v 0.0132751 -0.0494287 -0.0049573
v -0.0170013 0.0228204 0.0130101
v -0.0092704 -0.0335759 -0.0103519
v 0.0024998 -0.0494324 0.0057694
v -0.0099119 0.0348835 0.001529
v -0.0099561 -0.0187759 -0.0079768
v -0.0183436 0.022504 0.0097752
v -0.0095272 -0.0159566 0.0097193
v -0.0163135 0.0204092 0.0041851
v 0.001942 -0.0194782 0.0065109
v -0.0103318 -0.0395392 0.000245
v 0.0031865 0.0187067 0.0021791
v 0.0158172 -0.0081997 -0.0036981
v 0.0027761 -0.0171303 0.0071304
v -0.0050088 -0.0402364 0.0047624
v 0.0031228 -0.0405204 -0.0147093
v 0.0068862 0.0226499 -0.0034857
v 0.0025125 0.0087392 0.001054
v -0.016288 0.0274738 0.0068828
v -0.0045966 0.0305323 -0.0055942
v -0.0004307 -0.0018278 -0.0138473
v -0.0093701 -0.0028118 -0.0115846
v 0.0090822 -0.0362479 0.0046703
v 0.0084654 -0.0463717 -0.0138187
v 0.0063433 0.0263549 -0.0005269
v 0.0061461 -0.0458421 0.007299
v -0.0022178 -0.0159948 -0.0119518
v 0.0134297 -0.0465327 -0.0099937
v 0.0058138 -0.049435 -0.0100743
v -0.0033228 -0.044147 -0.0143531
v -0.0139593 0.0275398 0.0091128
v -0.0002071 -0.003596 0.0043826
v 0.0094258 -0.0355166 -0.0123168
v 0.0018126 0.0252146 0.0014266
v -0.006225 0.0422652 0.0015274
v -0.0048715 -0.049435 -0.0070689
v 0.0126662 -0.0093444 0.0077306
v -0.0101344 -0.0428532 0.000763
v 0.0080679 0.021291 0.0052897
v -0.0067529 0.0345848 0.0008994
v -0.0010517 -0.034153 -0.0142454
v 0.0191039 0.030004 0.0149358
v 0.0149206 -0.0451787 0.0005498
v 0.0072942 -0.0396622 -0.0136218
v 0.0089037 -0.0267165 0.0041655
v -0.0099328 -0.0441526 0.0012168
v -0.0010829 -0.0088976 0.006789
v 0.0099737 -0.0366881 -0.0121563
v 0.002526 0.0218239 0.000494
v -0.0091158 0.0288972 -0.0105098
v 0.0012193 0.035673 -0.0039912
v 0.0144564 0.0297617 0.003469
v -0.0024002 0.0322491 0.0004749
v 0.0063113 0.0277185 -0.0051123
v -0.01237 0.0125471 0.0111736
v -0.0129005 0.0367352 -0.0040452
v 0.0090755 -0.0086474 -0.0091843
v 0.0075563 -0.0451413 -0.014132
v 0.0155222 0.0259508 0.0112687
v -0.0138979 0.0259216 -0.0058689
v 0.0136247 -0.0393559 0.0003448
v -0.0097672 0.0437828 -0.000175
v 0.0101614 0.017077 0.0047133
v -0.0132856 0.0298284 -0.0075733
v 0.0104391 -0.0494322 -0.0090914
v -0.0041205 -0.0097529 -0.0121144
v -0.0153436 0.0122912 0.0125079
v -0.0094947 0.0160197 -0.0132461
v -0.0119002 -0.0270784 -0.0058486
v 0.0065824 0.0170974 -0.0060281
v -0.017839 -0.0104183 0.0055751
v -0.0089005 -0.0111439 -0.0094003
v 0.006115 0.0223283 -0.0045475
v -0.0098534 0.0203263 -0.0029125
v 0.005698 -0.0494333 -0.0123969
v -0.0063032 0.0395577 0.0027821
v 0.0060023 0.0292709 -0.0007066
v -0.0067871 -0.0261548 -0.0113653
v -0.0172115 -0.0117773 -0.0012663
v -0.0103765 -0.0493908 -0.0032956
v -0.0031505 -0.0091704 -0.0125289
v 0.0077828 0.0091697 -0.008691
v 0.0124665 -0.0205167 -0.0062105
v 0.0095738 -0.0070736 -0.0089625
v 0.0120959 0.0348165 0.0060515
v 0.0032759 0.0137807 0.0017018
v 0.0132623 -0.0302446 -0.0033393
v 0.0115241 -0.0473046 0.0049805
v 0.0123878 -0.0238469 -0.0070543
v 0.0097096 -0.0238054 -0.0097483
v 0.0092786 -0.0248963 -0.0102959
v 0.0035266 -0.0237542 0.0055849
v -0.0034636 0.04066 0.0081917
v -0.0029873 -0.0128547 -0.011881
v 0.0128293 -0.0275881 -0.0072886
v -0.0133029 -0.01979 -0.0032567
v -0.0103602 -0.0482644 -0.0091994
v 0.0120033 0.0166251 -0.0048401
v 0.0084583 -0.0256918 0.0045311
v -0.0026369 0.0222965 -0.0018304
v -0.0128586 0.0204476 -0.0043943
v 0.0131572 -0.0381047 0.0005834
v 0.0172312 -0.0078591 0.0037625
v -0.0109693 -0.0492609 -0.0044517
v -0.009341 0.0471449 0.0075645
v 0.0080036 0.0335644 0.0135393
v -0.0180731 0.0061969 0.0016238
v -0.0093187 0.0058623 -0.0137435
v 0.0098294 -0.0192095 -0.0087525
v 0.0104828 -0.0471913 0.0057338
v 0.0072367 -0.0420861 0.0065364
v -0.0166902 0.0013804 -0.0056424
v 0.0111659 -0.0494349 -0.0081943
v -0.0058302 0.0321524 -0.001161
v -0.0104043 0.0468562 0.0038409
v -0.0001129 -0.0223258 -0.0129939
v 0.0001706 -0.0133141 -0.0123597
v -0.0090306 0.0172634 -0.0130076
v -0.0118556 0.0175791 -0.0031971
v 0.004536 -0.0260009 0.0052754
v 8.8e-05 -0.0157956 0.0070531
v 0.002301 0.0427367 0.0050249
v -0.000711 -0.0124992 -0.012264
v -0.0121452 0.0168556 0.0059259
v -0.0177244 0.0017661 -0.0017554
v -0.0076957 -0.0176414 -0.0097696
v -0.0172248 0.0066856 0.0011955
v -0.0118806 0.0213318 -0.0108721
v -0.0104988 0.0450667 0.001745
v -0.0015468 -0.0218716 0.0059775
v 0.0133978 -0.0336854 -0.0026289
v -0.015736 0.020563 0.0137857
v 0.0130472 -0.0246132 -0.0006912
v 0.0157625 0.0256386 0.0100642
v 0.0007075 -0.0262419 -0.0132485
v -0.0047164 -0.0351232 0.0047121
v -0.0120131 0.02473 -0.0027886
v 0.019125 0.008396 0.0041448
v -0.0023079 -0.0120206 -0.0121136
v 0.0068042 0.0403975 0.02078
v 0.019559 0.0225768 0.0131868
v 0.0109782 0.0302544 -0.0002047
v -0.008767 0.031556 -0.000515
v 0.0061912 0.0068206 -0.0096485
v -0.0104442 -0.0326558 -0.0089263
v 0.0082539 -0.0358588 -0.0128289
v -0.0092409 0.0354178 -0.0073474
v 0.0118884 -0.0069929 0.0081603
v -0.0022806 -0.0390686 0.0056779
v -0.0044564 0.0285234 -0.0032443
v -0.0006997 0.0416407 0.0158457
v 3.07e-05 -0.0301618 0.0054992
v 0.0110878 0.0136244 -0.0059829
v 0.0053395 0.0171825 0.003626
v 0.0111892 -0.0420688 -0.0118416
v 0.0076922 -0.0278986 -0.0117536
v -0.0094655 0.0260314 -0.001667
v 0.0099721 -0.0437351 -0.0128331
v 0.0031106 0.0342343 0.0062135
v 0.0129274 -0.0156124 0.0055538
v 0.0049667 -0.0410284 -0.0144468
v 0.0016632 -0.0011438 -0.0128696
v 0.0095667 -0.0110319 -0.009068
v -0.0020208 0.0349573 -0.0010865
v -0.0042201 -0.0044053 0.0098699
v -0.0002538 -0.0417793 0.0064485
v -0.0086062 -0.0215488 0.0063653
v 0.0141827 -0.0106781 -0.0054744
v -0.017407 0.0144418 0.003819
v -0.009146 -0.0157712 -0.0087696
v 0.0174501 0.0248144 0.0155601
v 0.0127074 -0.0101599 -0.0071265
v 0.0062086 -0.0231689 -0.0113777
v -0.0094109 -0.0239862 -0.0087933
v -0.0018493 -0.0387083 -0.0144716
v 0.0117246 0.0076338 0.0065055
v -0.0172567 0.0184178 0.0128859
v -0.0167684 0.0009124 0.0117457
v 0.0106806 -0.0341853 0.0028635
v -0.0056288 -0.0171869 -0.0108748
v -0.0085223 -0.0298807 -0.0106402
v 0.0030591 0.0026991 -0.0115904
v -0.0177149 -0.0084088 0.007413
v -0.0135283 0.0335771 -0.0037385
v 0.0142906 0.0293965 0.0065649
v 0.0136036 -0.0084745 0.0075152
v -0.0011876 0.0464808 0.014044
v 0.0073972 0.0289563 0.0076597
v 0.0032756 0.0395758 0.0010346
v 0.0106341 -0.0490539 -0.0119251
v 0.0068012 -0.0267703 0.0048541
v -1.02e-05 0.0025134 0.0016132
v 0.0079579 -0.0340958 0.0049565
v 0.0194945 0.0087149 0.0023121
v 0.0017097 0.0437986 0.0067853
v -0.0109121 0.0094368 0.0081361
v -0.0186556 -0.0086213 0.0027895
v 0.0015792 -0.0422351 0.0068075
v 0.0090367 -0.0160034 0.0072504
v -0.0093413 0.0164939 -0.0017427
v 0.012658 -0.006829 -0.0073395
v -0.0115736 -0.0478616 -0.0064124
v -0.012852 0.0319921 -0.0023956
v 0.0132776 -0.0071459 0.0078291
v -0.0120286 -0.0305964 -0.0015958
v 0.0092679 -0.0097366 -0.0091461
v 0.0128813 -0.0033427 -0.0072615
v 0.0119253 0.0288139 0.010112
v -0.0014689 0.0229112 -0.0012562
v 0.0001828 0.0448133 0.0096586
v 0.0142246 0.0206076 0.0044783
v 0.0028809 0.0411158 0.0028143
v 0.016261 0.026549 0.0102793
v -0.0085525 -0.0311676 -0.0107924
v -0.0176349 0.0262333 0.0073701
v -0.0043594 0.0144864 -0.0128928
v -0.0054731 -0.0260636 0.0053009
v -0.0069559 -0.0198874 -0.0103036
v -0.0006891 0.0017368 0.0022701
v -0.0046541 0.0233967 -0.0030202
v 0.000711 -0.0135833 0.0069224
v -0.0115831 -0.0286651 0.0001594
v 0.0094443 0.0064954 -0.0082822
v 0.000663 -0.0253191 0.0055592
v -0.0040966 0.0260363 -0.0037915
v -0.0172456 -0.0013717 -0.0043966
v -0.0090321 -0.0250935 -0.0093343
v -0.0022925 0.0405315 0.0047224
v 0.00915 -0.049435 -0.0026792
v 0.0147706 -0.0087881 0.0067379
v -0.0057823 0.0183048 -0.0005208
v -0.001439 0.0401765 0.0140736
v -0.0173335 -0.0133909 0.0036396
v -0.0008693 0.0387012 0.0111561
v -0.0134885 0.0328081 -0.0057052
v 0.0134015 -0.0488068 -0.009254
v -0.0022588 0.0137665 -0.0001097
v -0.0097968 0.0320916 -0.009389
v 0.0123493 0.0260242 0.007435
v 0.0132439 0.0278861 0.0083654
v -0.0090226 -0.0244552 0.0047116
v -0.0166173 -0.0070281 0.0096092
v -0.0182743 0.0129138 0.0115892
v 0.0179384 0.0238576 0.0055647
v -0.0096499 0.0323469 -5.94e-05
v -0.0004243 0.034639 -0.0039539
v -0.0090024 0.0125857 -0.0014069
v -0.0092577 0.0122857 -0.0143296
v -0.0098633 -0.0114963 -0.0086499
v -0.0062191 -0.0381622 0.0040148
v -0.0124345 -0.0232727 -0.0040865
v -0.0040883 0.0430314 0.0115736
v -0.0124688 0.0219996 0.005932
v -0.0093483 -0.0316919 -0.0101182
v -0.0082794 -0.0091655 -0.010233
v 0.0009283 -0.0331556 -0.0139923
v -0.0031566 -0.0286321 0.0053342
v -0.0090214 -0.042033 -0.0109096
v 0.0016553 0.0065218 -0.0129157
v -0.0167638 -0.0107329 0.0075837
v 0.0093829 -0.0385981 -0.0126408
v -0.0089068 -0.0324297 -0.0106193
v 0.0135083 0.0327963 0.010986
v 0.0042242 0.0346942 0.0059255
v -0.0121615 -0.0240956 0.0016219
v -0.0094105 -0.0494349 -0.0041676
v -0.0091766 -0.0339857 0.0019632
v 0.0096731 0.0018129 -0.0088
v 0.0045954 -0.049435 0.0009562
v 0.0109819 -0.0095267 -0.0083753
v 0.0110343 0.0379922 0.0182519
v -0.0169182 -0.0086404 -0.0031305
v -0.0017264 0.031736 0.0014097
v -0.0018258 -0.0145387 -0.0120214
v -0.0013998 0.0329129 -0.0038055
v 0.0130189 -0.0055794 -0.0071199
v -0.013249 -0.0220443 -0.0007667
v -0.0064631 0.0088599 -0.0151317
v -0.016478 0.010138 0.0120549
v -0.0207063 -0.0006893 0.0063066
v 0.0140327 0.0327557 0.0076914
v 0.0024254 0.0376548 0.0093452
v -0.0014598 0.0305452 0.0009131
v 0.0151604 0.028114 0.0149609
v 0.0004675 -0.0441736 -0.0151387
v 0.0101357 0.0209577 0.005702
v -0.0124637 -0.0245072 -0.0038252
v -0.0052521 -0.0415014 -0.0135283
v 0.0059984 0.0345067 -0.000438
v -0.000501 0.0117454 -0.0134755
v -0.0174046 -0.0082143 -0.002245
v -0.0020781 0.0300558 -0.0041413
v -0.0175033 0.0281615 0.0123591
v 0.0059602 0.0407552 0.0199999
v -0.0047962 -0.0361787 -0.0135037
v 0.0066987 0.0326597 0.007331
v -0.0069702 -0.0228218 -0.0106433
v 0.0041656 0.0019345 -0.011149
v -0.0077282 0.0418245 0.0060031
v 0.009642 0.0074816 0.0053485
v 0.0182153 -0.0012652 -0.0007987
v 0.0089228 -0.0366895 -0.012662
v 0.0125636 0.0218707 0.0049434
v -0.0079866 -0.049435 -0.0076238
v 0.0075215 0.007714 0.0040617
v -0.0059227 -0.0214636 0.0066392
v -0.0177316 -0.0018578 -0.0032798
v 0.0121309 -0.0388016 0.0025879
v -0.0136662 -0.0208084 -0.0006391
v -0.0090691 5.49e-05 -0.0126519
v -0.0099425 -0.0018908 0.0130228
v -0.0119118 0.0189532 0.0064864
v 0.0096802 0.0097738 0.0054116
v 0.0068001 -0.0441162 0.0069758
v 0.0067964 0.0293381 0.0066744
v 0.0035985 0.0402303 0.0022356
v 0.0043335 0.0406973 0.0063104
v -0.001425 0.0028704 0.0022624
v 0.0056011 -0.0467507 0.0074233
v 0.0041337 -0.0229869 -0.0120062
v -0.0160681 0.0164638 0.013194
v -0.0163033 0.0193507 0.0134888
v 0.0210527 0.0214753 0.0089923
v -0.0172584 -0.0038037 -0.0040268
v -0.0090094 0.0107315 0.0004491
v -0.009181 0.0276794 -0.0107972
v -0.0025092 0.0453108 0.0118056
v 0.012435 0.0066977 0.0067009
v -0.0060103 -0.0149897 0.0098405
v 0.0069356 0.0215994 -0.0039792
v -2.93e-05 -0.0029686 -0.0136603
v 0.0002403 -0.0052764 -0.0134786
v -0.0149346 -0.0159908 -0.0028879
v -0.0165609 -0.0136644 0.0057258
v 0.0123028 0.0230109 -0.0035547
v 0.0056869 0.0202406 0.0030281
v -0.0089723 -0.0460586 0.0025984
v 0.0134217 0.013592 0.006773
v -0.0167437 -0.0021627 -0.0053004
v 0.0128374 0.0295383 0.0099838
v -0.0010523 -0.0077956 -0.0132257
v 0.0077858 -0.0302286 0.0045931
v -0.0175888 0.0226889 0.0120607
v -0.0133429 0.0357097 -0.0035402
v -0.0115683 0.0228745 0.0111398
v 0.0075611 0.0017953 -0.0097366
v -0.0020357 -0.0284891 -0.0136811
v 0.0051878 0.0379904 0.018769
v -0.0144694 0.0147592 -0.0068381
v -0.0037653 0.0415335 0.0098987
v 0.0142124 0.0252608 -0.0006053
v -0.0127572 -0.0213271 0.0033667
v 0.0113151 -0.0261211 0.0024053
v -0.0092081 -0.032861 0.0020599
v -0.0164143 -0.0134222 -0.002058
v -0.0063013 0.0405417 0.0032703
v -0.0080254 -0.0108215 -0.0100313
v -0.0149835 0.0240852 0.0140595
v 0.0059076 -0.0313472 -0.0128635
v 0.0022303 0.0440468 0.0107178
v -0.0076807 -0.049434 -0.0001185
v -0.0127782 0.0266435 -0.0092461
v -0.0087089 -0.0494342 -0.0018636
v 0.0089833 0.0139617 -0.0068351
v 0.0151832 0.0048246 -0.0042749
v -0.0031885 0.039579 0.0087451
v -0.0170383 0.0008743 -0.0048092
v 0.0153342 -0.0455284 -0.0006114
v -0.0086707 0.0471637 0.0052077
v -0.0084043 -0.0311096 0.0029568
v -0.000979 -0.023153 -0.0129827
v -0.0025853 0.0386788 0.0082994
v 0.0139165 -0.0360547 -0.0061649
v -0.0123659 0.0235042 -0.0032092
v -0.0052736 -0.0168217 0.0088193
v -0.0173031 0.0016194 -0.0036985
v 0.002021 -0.0390742 -0.0146485
v 0.0140608 0.0237989 0.0028078
v -0.0118055 -0.0438306 -0.0053005
v -0.0090235 0.0458945 0.0077541
v -0.0152713 0.0085067 -0.0074152
v -0.0072941 -0.0068418 0.0119662
v 0.0077402 -0.0484606 0.0067564
v -0.0043055 0.0111778 -0.0004202
v 0.0095719 0.0148488 -0.0063465
v 0.0130228 -0.0270206 -0.0014901
v 0.016472 0.0241145 0.006879
v 0.0065913 0.0348987 0.0104596
v 0.0125615 0.0199878 -0.0036909
v 0.0134762 -0.033142 -0.0068344
v -0.0134867 0.0346197 -0.0030528
v -0.0064275 0.0374174 0.0018467
v -0.0203521 -0.0022414 0.0055311
v 0.0059118 0.0220185 0.003654
v -0.0095427 0.0454776 0.0024233
v -0.0204984 0.0097038 0.0070362
v 0.0032464 -0.0139399 -0.0123929
v -0.0094817 0.0448281 0.0014584
v 0.0113381 -0.031673 -0.0106097
v -0.0099904 0.0451097 0.0078709
v -0.0089516 0.0434493 0.0073653
v 0.010633 -0.0271087 -0.0100191
v 0.0059706 0.0400541 0.0160951
v 0.0052867 0.0191022 -0.0076834
v 0.0013911 0.0091872 0.0005033
v -0.0171792 0.0039701 -0.0010622
v 0.0060367 0.0211918 -0.0048677
v -0.0114264 -0.0410755 -0.0071627
v -0.0138415 0.0168585 0.0131063
v 0.0061852 0.0267887 -0.0021834
v 0.0079788 0.0157665 -0.0063617
v 0.0153035 0.0275012 0.0136689
v -0.0108555 0.0414933 -0.0021476
v 0.0174974 0.0076145 -0.0022994
v -0.0091346 -0.0284049 -0.0098407
v -0.0095848 0.0414034 -0.0025088
v -0.0180118 0.0094306 0.0031834
v 0.0127854 -0.0493706 0.0009301
v 0.0160118 0.0142331 0.0076649
v 0.0198201 0.0129406 0.0045686
v -0.0042328 0.0259548 -0.0057581
v 0.0110909 -0.0413002 0.0044472
v -0.0005074 0.0040008 0.0011917
v -0.0127467 0.0153134 0.0118481
v 0.0081998 -0.0067526 0.0078845
v -0.0013141 -0.0470313 -0.0149815
v -0.0089761 0.0239585 -0.0017567
v -0.0182437 0.0284545 0.0101825
v 0.0179487 0.0157225 -0.000225
v -0.0173794 0.0109523 0.0118147
v 0.0045937 -0.0194385 -0.0116312
v 0.0014557 -0.0343157 -0.0140928
v -0.0175843 0.0274449 0.0077217
v -0.0052804 0.0288874 -0.0023013
v 0.0132073 -0.0435408 -0.0101401
v -0.0129736 0.0311219 -0.0076861
v 0.0117149 0.0363794 0.0079691
v 0.0127149 -0.0445405 -0.0107902
v -0.0026153 0.032932 -0.0004915
v 0.0101309 0.0237626 -0.0039954
v 0.0165185 0.0020827 0.0066922
v 0.0120246 -0.0425613 -0.0112363
v -0.0011282 -0.0325866 0.005521
v 0.0075311 0.0055487 -0.0090385
v -0.0135094 -0.0104228 0.010834
v -0.0003016 0.040205 0.0143615
v 0.0077795 -0.0202308 0.0064693
v 0.0040961 0.0156012 0.0025371
v 0.0001428 -0.049435 -0.0104673
v 0.0006213 -0.0107919 -0.0125189
v 0.0003892 0.0216713 -0.0001448
v 0.007413 -0.0031569 0.0063825
v -0.0076679 -0.0378929 0.003032
v 0.00614 0.0272768 -0.0012037
v -0.006403 -0.0216448 -0.0108107
v 0.0139889 -0.0379912 -0.0072595
v 0.0062887 0.0252893 -0.0046849
v -0.0138602 0.0241283 -0.0071919
v 0.0007511 -0.0373565 -0.0145377
v -0.0170178 0.027198 0.0132926
v -0.0082956 -0.042917 -0.0116266
v 0.0077471 -0.049435 0.0009752
v -0.0089861 0.0354367 0.0019324
v 0.0045811 -0.0095339 0.007247
v -0.0172467 0.0216904 0.0127237
v -0.0171612 0.0259346 0.0131626
v 0.0107908 0.025559 -0.0031625
v -0.0104295 0.0071259 0.0085263
v -0.0101331 0.0307722 -0.0098056
v 0.0057537 0.016056 0.0037668
v 0.0199113 0.0283249 0.0126589
v -0.0091818 0.0305437 -0.0010843
v -0.0133245 0.0365408 -0.0015964
v -0.0087652 -0.0396582 -0.0110824
v -0.0112229 0.003751 -0.01223
v 0.0009173 -0.0363648 0.0059971
v 0.0110965 0.0359498 0.0174713
v -0.0134135 0.0285297 -0.0077724
v -0.0077494 0.0078645 0.0059965
v 0.0169391 -0.0105811 1.13e-05
v 0.0056909 0.029805 -0.0058184
v 0.0135421 -0.0380703 -0.0085519
v 0.0138124 -0.0374953 -0.0015703
v -0.0052619 0.0106802 -0.0148007
v 0.0055952 0.0345588 0.0027116
v -0.0119408 0.0148913 0.0052282
v 0.0075163 -0.0111008 -0.009878
v 0.0138623 0.0153055 -0.0001303
v -0.0087205 -0.0192246 0.0078067
v 0.0129338 0.0363012 0.0103133
v 0.0071173 0.0323804 0.0106253
v 0.0083202 0.0414312 0.0178315
v 0.002866 0.0430991 0.0112691
v -0.0063545 0.0056409 0.0073314
v -0.0061971 0.0061558 0.0063188
v -0.005346 0.0061873 0.004151
v -0.006451 -0.0348305 0.0038882
v 0.0047394 0.0304004 -0.0064922
v -0.0095055 -0.0445319 -0.0104628
v 0.0112503 0.0378231 0.0100194
v 0.0018178 -0.0169077 -0.0126644
v 0.0164928 -0.008031 -0.0026688
v -0.0094695 0.0024605 -0.0129875
v -0.0016664 1.75e-05 0.0041569
v -0.0117133 0.0058179 0.0111361
v 0.0034194 -0.0289846 -0.0129327
v 0.0133269 -0.0319281 -0.0069798
v -0.0013261 0.0107566 -0.0139141
v -0.0026118 -0.0144658 0.0081939
v -0.0084449 0.0023528 0.011981
v -0.0018843 0.0010936 -0.0144784
v -0.008175 0.0375087 0.0028631
v 0.0190427 0.0286845 0.0121086
v 0.0181529 0.0066531 -0.0018004
v -0.0037552 0.0185896 -0.0096374
v -0.0092851 -0.049204 0.0013213
v -0.0084817 0.0092327 -0.0148258
v -0.0013421 -0.049435 0.0012342
v 0.0111533 0.0227819 0.0062723
v 0.0052646 -0.008267 0.007245
v -0.0090352 0.0112794 -0.0007335
v -0.0079043 0.0195001 -0.0122079
v 0.0125187 -0.0314602 -0.0003889
v 0.0112902 0.0157719 -0.0054356
v -0.0178626 0.0179482 0.0044755
v -0.0126531 0.0425323 0.0052064
v -0.0128353 0.0364748 8.81e-05
v 0.019361 0.0210211 0.0118443
v 0.0009617 0.0018815 -0.0129321
v 0.0066511 0.0267201 0.0051293
v 0.004178 0.0144067 0.002402
v -0.0013704 0.0387667 0.0011885
v 0.005862 0.0410601 0.0178039
v -0.0199837 -0.0035807 0.0041715
v -0.0078679 -0.0302506 0.0034546
v -0.0088964 -0.0454651 -0.0111337
v 0.009031 -0.045513 -0.0134971
v -0.005768 -0.0006284 -0.0137743
v -0.0051036 0.0342086 -0.0018055
v -0.0002104 0.003807 -0.0136428
v -0.0168984 -0.0125525 0.0060075
v 0.0186719 0.0009793 0.0036192
v 0.0132477 -0.0281392 -0.0031769
v -0.0106477 0.037747 0.0026236
v 0.0133029 -0.0271661 -0.0048654
v 0.0040081 -0.0006916 -0.0119259
v 0.0131383 -0.0271017 -0.0061379
v 0.0086309 -0.0237354 -0.0104078
v -0.0082373 0.0426322 0.0068415
v 0.0132285 -0.0271171 -0.0027007
v 0.0088742 0.0252849 -0.0028935
v 0.0044573 0.0143959 -0.0101507
v 0.0107735 0.0367073 0.0184292
v -0.0003732 -0.049435 -0.0010141
v -0.0047292 0.0086309 0.0005041
v -0.0172092 -0.0077502 0.0085445
v -0.0078728 0.0345319 -0.0077713
v 0.0078215 -0.0327927 0.0048315
v 0.0028286 0.0342296 -0.0052411
v -0.0104666 -0.0094272 -0.0087632
v -0.0069725 0.0213288 -0.0114301
v -0.0132815 0.0376912 -0.0016364
v -0.0004317 0.0138089 -0.0126466
v -0.001778 -0.049435 0.0001413
v 0.0080358 -0.0193871 -0.0101369
v 0.0007712 -0.0353532 -0.0143064
v 0.0075381 0.0296927 0.0086643
v 0.0193215 0.0065107 0.00299
v 0.0124205 0.0376636 0.0124687
v -0.0015061 0.0342089 0.0046401
v -0.0043154 -0.0167793 -0.0113758
v -0.0116553 -0.0251031 0.0018407
v -0.0103752 -0.0228471 0.0047979
v -0.015205 0.0073763 -0.0031372
v 0.0047044 0.0187171 -0.0087306
v 0.0100346 0.0096027 -0.007657
v 0.0039504 0.0415297 0.008444
v 0.0133162 -0.0253434 -0.0042818
v 0.0133814 -0.0341039 -0.0077702
v -0.0118614 -0.0389357 -0.0044516
v 0.0009301 -0.0077971 0.005493
v -0.0057042 0.018028 -0.0117262
v 0.0163458 0.0129926 -0.0017724
v -0.0107723 0.0213868 -0.0115214
v -0.0137372 0.0297448 -0.0051192
v -0.0095538 0.0215161 -0.0117945
v -0.0097499 -0.0016289 -0.0118183
v 0.0131691 -0.0234278 -0.0005808
v -0.0112857 -0.0230686 0.0038503
v -0.0138865 0.0244808 -0.0058849
v -0.01564 0.0135207 0.0127674
v 0.0056163 0.0245928 0.0014311
v -0.0153595 -0.0155072 0.0061398
v -0.0013882 -0.049435 -0.001661
v 0.0105772 0.0064961 -0.007832
v 0.0089007 0.0105982 0.0049191
v 0.0054986 -0.0231193 0.0056385
v 0.0148521 0.014497 0.0073471
v -0.0172074 0.0030442 0.0116103
v 0.0105641 -0.0293344 -0.0107414
v 0.0044087 0.0233048 -0.0088054
v -0.0087744 -0.0079211 -0.0102685
v 0.0126014 0.0045648 0.0064768
v -0.0172056 0.0125399 0.0034642
v -0.0131049 -0.0182581 -0.0043664
v 0.0074366 -0.049435 -0.0040997
v -0.0031174 0.0394869 0.0074844
v -0.0099559 -0.0084638 0.012286
v 0.006378 -0.0388303 -0.0137999
v 0.01362 0.0335593 0.0068153
v -0.0167882 0.0040673 -0.0023542
v 0.0066099 -0.049435 -0.0001854
v -0.0168494 0.005827 0.0001684
v 0.0200532 0.0241524 0.0070973
v -0.0041356 -0.0023884 0.0092416
v -0.0131235 0.0147518 -0.0038551
v 0.017077 -0.0103375 0.0012861
v 0.0023887 0.0181402 0.0015781
v -0.0100519 0.0147712 -0.0133711
v 0.0133306 -0.0187663 -0.0047872
v 0.0128832 -0.0494341 -0.0027455
v 0.0132113 -0.0146612 -0.0059403
v -0.0014519 -0.049435 -0.0060079
v 0.0132875 0.0220601 0.0038278
v -0.0103407 -0.0289812 0.0017731
v -0.0150089 0.0100491 -0.0050085
v -0.00043 0.0366081 0.0078498
v 0.0043343 -0.0275468 -0.0125267
v 0.0138817 -0.0029012 0.007835
v 0.0171121 0.0028713 0.0063587
v 0.0004831 -0.0170802 -0.0125876
v -0.0091641 -0.0193255 -0.0086786
v 0.0126007 -0.0186149 0.0042971
v 0.0095017 0.0406925 0.018386
v -0.0061982 -0.0314838 -0.0125427
v 0.0058877 -0.0027654 -0.0111533
v -0.0106059 0.0081108 0.0077043
v -0.0003113 0.0378514 -0.0009472
v -0.0098053 -0.0299512 0.0020135
v -0.0022594 -0.049435 -0.0099216
v -0.006067 -0.0250195 -0.0116063
v -0.0134543 0.0356403 -0.0023592
v 0.0090467 -0.0197222 0.0062967
v -0.0037296 -0.0035107 0.0091043
v -0.0091703 -0.023366 0.0051809
v -0.0172043 0.0168852 0.0039432
v 0.0004222 0.0332449 0.0048656
v 0.0146779 0.0286162 0.0033812
v -0.0167886 0.0181194 0.0039566
v 0.0048581 -0.0144182 -0.0115526
v 0.007937 -0.0494263 -0.0115309
v 0.0062664 0.0256274 -0.003013
v -0.0095616 -0.0260974 -0.008993
v -0.013983 -0.0178745 0.0056266
v 0.0093419 0.0375123 0.0090708
v -0.0070884 -0.0491284 -0.0119067
v 0.0167245 -0.0115712 0.0007362
v -0.0068535 -0.0249243 0.0053035
v -0.0039489 0.012293 -0.0002095
v -0.0087104 -0.0281938 0.0034259
v -0.0161565 0.0192288 0.0039511
v -0.008378 -0.0494336 -0.0086521
v 0.0127885 0.0146146 0.0065145
v 0.013549 -0.0490943 0.0017584
v 0.0186226 -0.001232 0.0017105
v -0.0140066 0.0102563 0.0024672
v 0.0144691 0.0203551 0.0034183
v -0.0126257 0.0223296 -0.0037331
v -0.0067163 -0.0304206 0.0040943
v 0.0014695 -0.0432546 0.0069419
v 0.0099811 -0.0178978 0.0064949
v 0.018694 0.0303931 0.0183297
v 0.0023406 -0.0482589 -0.015135
v -0.0014827 0.0426151 0.0162355
v 0.015846 0.0003684 -0.0045741
v 0.0104779 -0.0120138 -0.0086529
v -0.0150863 0.0072005 -4.77e-05
v 0.0065506 0.0130142 -0.0082849
v -0.0198942 -0.0025699 0.0072786
v 0.0191098 0.0042163 0.0030409
v 0.0131446 0.0185774 0.0002988
v -0.0097278 -0.0294269 -0.0094331
v -0.0146965 -0.0187537 0.0016185
v 0.0090881 -0.049435 -0.0059954
v -0.0105825 -0.0371153 -1.43e-05
v 0.0143089 -0.0183665 -0.0006208
v 0.0155132 0.00926 0.007226
v -0.0074485 -0.016452 -0.0099211
v 0.0084014 0.0202795 0.0048771
v -0.0057686 0.0314939 -0.0082853
v -0.0134035 0.0128922 0.0120832
v -0.0012398 0.000865 0.0031902
v -0.0169813 -0.0109614 -0.0022298
v 0.0199724 0.0275742 0.0172496
v 0.0033788 0.042168 0.0105117
v 0.0030934 0.0419261 0.0117325
v -0.0084006 -0.0217727 -0.0094319
v -0.0029027 0.0290488 -0.0031938
v -0.0157737 0.0031889 -0.0077316
v 0.0098843 -0.049435 -0.0067079
v -0.0066695 0.0402231 -0.0022967
v 0.0182097 0.0037442 -0.0019989
v -0.0135927 0.0326247 -0.0045169
v -0.009549 -0.0400867 -0.0102744
v 0.0196338 0.0210187 0.0038211
v -0.0016303 0.0334765 0.0035885
v 0.0156499 -0.0144552 -0.0008705
v 0.0113125 -0.0251745 -0.0087776
v -0.0105445 -0.0230021 -0.0073561
v 0.0078746 0.0175784 -0.0056952
v -0.0138421 0.0101904 -0.0021292
v 0.0124564 -0.0362049 0.0009168
v 0.0021476 0.0440175 0.0121054
v -0.0118396 -0.0456161 -0.003842
v 0.0027494 0.0428543 0.0125413
v 0.0060091 -0.0180605 -0.0109626
v -0.0100802 -0.0436063 -0.0097294
v -0.0047799 0.0064483 0.002942
v 0.0080175 -0.049435 -0.0021604
v -0.0082388 -0.0404547 0.0026314
v 0.0026309 -0.0427037 0.0069732
v -0.017295 -0.0053996 -0.0035248
v -0.0092793 -0.0371052 -0.0104905
v 0.0073349 0.0373331 0.0107634
v 0.0119084 0.0353009 0.0157095
v 0.0145849 0.0209592 0.0087018
v 0.0010427 0.0381909 -0.00129
v -0.0131424 0.0014838 -0.0105832
v -0.0042396 0.0014597 0.0069966
v 0.0145278 -0.0483234 -0.007578
v -0.0107604 -0.0396382 -0.0085587
v 0.0116673 -0.0276107 -0.0092042
v 0.0078182 -0.049435 -0.0074121
v 0.0021343 -0.0145502 -0.0125961
v -0.0089542 -0.020344 0.0070356
v -0.0099958 -0.0407094 0.0007725
v -0.0106529 -0.0192522 -0.0072588
v 0.0057306 0.0348821 -0.0017427
v -0.0161244 -0.013193 0.0068817
v -0.0054323 0.0364971 -0.0014509
v -0.0196295 0.0187384 0.0079478
v -0.0190924 0.0076218 0.010241
v 0.0087489 -0.0172881 -0.0095601
v -0.0069518 -0.0478866 0.0045664
v 0.001812 -0.0492649 0.0069207
v -0.0112542 -0.0063042 -0.0093054
v -0.0077317 -0.0018322 -0.0126335
v -0.0058894 -0.0228876 -0.011295
v 0.0022357 -0.0414054 0.0067548
v 0.0040222 0.0377232 -0.0006669
v 0.012965 0.0340409 0.0059686
v 0.011348 -0.0290714 0.0016945
v -0.0066195 -0.0432049 -0.0128514
v -0.0051738 0.0120356 -0.0004491
v -0.0067175 -0.0058185 0.011741
v 0.0073499 -0.0098588 -0.0099087
v 0.0069904 -0.024885 -0.0113758
v -0.0172386 -0.0073493 -0.0029453
v 0.0104849 -0.0293228 0.0026994
v -0.0080191 0.0427562 -0.0009227
v 0.012734 0.0356124 0.008076
v -0.0069299 -0.0106454 -0.0107054
v -0.0172431 -0.0095492 0.0075057
v 0.0131748 0.0359431 0.0115874
v 0.0022635 -0.0306379 0.0054619
v 0.01386 0.0296126 0.0082113
v -0.001812 0.0211704 -0.0089035
v 0.0205111 0.0166439 0.0038611
v -0.0135812 -0.0152796 -0.0048226
v -0.0058871 -0.0491136 0.0044091
v -0.0089284 0.03608 -0.0068198
v 0.008965 0.020642 -0.0049183
v -0.0097853 -0.0462363 0.0017115
v 0.0040729 0.037306 0.0075908
v -0.0032325 0.0231877 -0.0028067
v -0.0207359 0.0032687 0.0077668
v -0.0093165 -0.0472521 0.0023365
v -0.0051849 -0.0489185 0.0054381
v -0.0203192 0.0037517 0.0032413
v -0.0166248 -0.0056427 -0.0046608
v 0.0034994 0.030441 -0.0070649
v 0.0090764 0.0276193 0.0081724
v -0.0129676 0.0377508 0.0004502
v -0.0078966 0.0040915 -0.0140886
v -0.0061289 -0.0484129 0.005042
v -0.0061252 -0.0438157 0.0045244
v -0.0079011 0.0049515 0.0100641
v 0.009551 0.005654 0.0050707
v -0.0103496 -0.0361214 0.000417
v -0.0120047 0.0164488 -0.0031068
v 0.0052129 -0.011824 0.0077954
v 0.0112243 -0.0128874 -0.0081118
v 0.009988 -0.0018946 -0.0087451
v -0.0138354 0.0107164 0.0119976
v -0.0182609 0.0261914 0.0089946
v 0.003538 0.0100388 0.0017817
v 0.0058014 -0.0189263 0.0070369
v -0.0105428 0.0459111 0.0028497
v 0.0073713 0.0120751 -0.0081789
v -0.0137939 0.0138354 -0.0045811
v 0.0059066 0.0367825 0.0133767
v -0.0027849 0.0004119 -0.0145359
v -0.0166741 -0.0122219 -0.0022283
v 0.0039323 0.0028345 0.0023839
v -0.0071739 0.0169174 -0.0008666
v 0.0079149 -0.0154432 0.0075897
v -0.0042165 0.0041242 -0.0150295
v 0.0112494 -0.0353334 0.0024521
v -0.0107718 0.0442286 0.0075093
v 0.0063626 -0.0067695 -0.0104309
v 0.0137465 -0.0384197 -0.0006046
v -0.0180663 0.0003047 -0.0017138
v -0.014709 -0.0171942 -0.0023355
v -0.0102711 0.0464172 0.0078592
v -0.0067253 0.0077019 -0.0150638
v -0.0091488 -0.0407513 0.0017687
v 0.0192868 0.0220723 0.004356
v -0.0104037 0.0443741 0.000705
v 0.0058901 -0.0033355 0.0056525
v 0.0045147 -0.0063276 0.0062588
v -0.0081776 0.0135472 -0.0010858
v 0.015306 0.0238256 0.0108156
v -0.0149777 0.0111546 0.0123269
v 0.0127615 -0.0250261 -0.0066966
v -0.0100634 -0.047097 -0.0098359
v 0.0130036 -0.0242293 -0.0058548
v -0.0170239 0.0042619 0.0117082
v -0.007605 0.0209399 -0.0022301
v -0.0203841 0.0007831 0.0083141
v -0.0045208 -0.0391122 0.0049123
v 0.0130919 -0.0336789 -0.0015009
v -0.0036899 -0.049435 0.002594
v -0.0138154 0.0222159 -0.0056934
v 0.0006651 -0.049435 -0.001611
v 0.0109853 -0.0363989 0.0030893
v 0.0060596 0.0260455 0.0026983
v 0.0071836 0.0128671 0.0040271
v 0.0136388 -0.0336614 -0.0057954
v 0.0110776 -0.0441304 -0.0121653
v 0.0210123 0.025512 0.0132608
v 0.0171109 0.0199058 0.0111588
v 0.0083226 0.0245127 0.0063638
v -0.0068171 0.0147434 -0.0006745
v 0.0003176 0.0191593 0.0005298
v -0.0047337 -0.0209817 0.0066815
v 0.0122976 -0.0234265 0.0020183
v -0.0138972 0.0251601 -0.006801
v 0.0103648 0.0177155 -0.0054981
v -0.0073642 0.0027803 -0.0140273
v -0.0018791 0.0022972 -0.0145556
v -0.0098114 0.0332817 -0.0087947
v 0.0134209 -0.0326159 -0.0035082
v 0.0105249 -0.0467435 -0.0126301
v 0.0068436 0.0045528 -0.0094298
v -0.0182551 0.0181187 0.0120807
v 0.0007958 -0.0176787 0.0068208
v 0.0094538 -0.0446177 -0.0132101
v -0.0018075 -0.0028627 0.006087
v -0.0066625 -0.0451478 -0.0128773
v -0.0132788 0.0382931 -0.0006615
v -0.0171123 -0.0141272 0.0013305
v 0.0053154 0.0369129 0.0008766
v -0.0125568 -0.0261345 -0.0022803
v -0.0167805 0.0054427 0.0118232
v 0.0027158 -0.049435 -0.0029026
v -0.0169732 -0.0136531 -0.0003446
v -0.0161364 0.0059265 -0.0006256
v -0.0166257 -0.0152101 0.0013196
v -0.0169901 0.0097937 0.002764
v -0.0005988 0.0154426 -3.52e-05
v -0.0023179 -0.007232 -0.0132166
v 0.006963 0.0284146 0.0019259
v 0.0099276 -0.0442365 0.0058871
v -0.002611 -0.0090691 0.0085624
v 0.0029 -0.049435 -0.0003541
v -0.0021095 -0.0035914 0.0068948
v -0.0014079 -0.0040769 0.0060733
v 0.0021266 -0.0214034 -0.0126158
v -0.0039696 0.0020971 0.0058375
v 0.012838 -0.0240607 0.0004122
v 0.0073878 -0.0068888 -0.0098128
v 0.0063014 0.0302063 -0.0013321
v -0.0048699 -0.0383913 -0.0135653
v 0.005474 0.0036652 0.0031819
v -0.0093015 0.0227708 -0.002086
v 0.0130658 0.0327307 0.0042855
v -0.0107379 0.0213296 -0.0030046
v 0.012019 -0.028804 -0.0091455
v 0.0207131 0.0206786 0.0096639
v 0.0095958 -0.0428974 0.0057889
v -0.0112805 0.0335538 0.000314
v 0.0181834 0.0091913 0.0057501
v -0.0193044 0.0198974 0.0082371
v 0.0136241 -0.0207314 -0.002635
v -0.0167958 0.0206225 0.0132346
v 0.000614 0.0341055 -0.0052436
v 1.84e-05 0.0331602 -0.0055636
v 0.0014746 -0.0089173 -0.0128737
v 0.0129439 -0.0314641 -0.0015771
v 0.0020257 0.0264493 0.0019167
v 0.0146357 0.0214482 0.0062178
v 0.0020876 -0.002522 0.003755
v -0.0066314 0.0071339 0.0056598
v -0.0135758 -0.0127921 0.0097785
v 0.0001131 0.0240568 -0.0093732
v 0.0064601 0.0408752 0.016778
v -0.000933 -0.0195041 0.0064687
v 0.0144677 -0.0146411 0.0044611
v 0.0053589 0.0267778 0.000325
v 0.002723 0.0334218 0.0054654
v -0.0060429 -0.0271212 -0.0120173
v -0.0045681 0.000865 0.0081738
v -0.0041247 -0.0140542 0.0091972
v -0.0017011 -0.0059458 0.007059
v -0.0103651 0.0105955 0.000986
v -0.0123589 0.0187887 0.0124118
v -0.0143124 -0.0155519 -0.0039343
v 0.0073542 0.001231 0.0047214
v 0.0103104 0.0374513 0.0194087
v -0.0133079 0.0217913 0.0050598
v -0.0001561 0.0300729 -0.0070146
v 0.0131733 0.0271696 -0.0010814
v -0.009159 0.004481 -0.0135163
v 0.0048941 -0.0034876 -0.0117623
v -0.0069538 0.0167526 -0.0129261
v -0.0064706 0.030859 -0.0091754
v 0.014727 -0.0431047 -2.39e-05
v -0.0014424 0.0075821 -0.0001898
v 0.0051575 -0.0001641 -0.0113801
v 0.0095165 0.0031304 -0.0086517
v 0.0137737 -0.0429655 -0.0093155
v -0.0009078 0.0368081 -0.0014572
v 0.0043116 -0.0478491 -0.0150529
v -0.0102758 0.0041219 -0.012837
v -0.0065544 0.0050169 0.0083653
v 0.0065163 -0.0124446 0.0080165
v -0.0094316 0.0027365 0.0123939
v 0.0154396 -0.0440655 -0.0055221
v 0.0049151 -0.0346937 -0.0135657
v -0.0124887 -0.0274086 -0.0025993
v -0.015369 -0.009993 0.0096389
v -0.0003563 -0.0235272 0.0057233
v -0.0099018 0.0062297 0.009521
v -0.0072215 -0.0260258 0.0048549
v -0.0139852 0.0023108 -0.0100484
v -0.0018773 -0.0262592 -0.0134254
v -0.0012718 -0.0274249 -0.0135949
v -0.0118304 -0.0442603 -0.0040709
v 0.011745 -0.0230546 -0.0076894
v 0.0003946 0.0288042 0.001971
v -0.001518 -0.0400717 -0.0146118
v -0.0038405 -0.0069866 0.0097868
v 0.0100378 -0.0281501 -0.0107656
v 0.0082068 -0.0488936 -0.0134539
v 0.0135388 -0.0066124 -0.0065594
v 0.0029085 -0.0446941 -0.0151913
v 0.0112062 -0.0082535 -0.0082648
v 0.010542 0.0306955 0.0118913
v 0.0070997 -0.0130303 -0.010181
v -0.0119064 0.0010976 0.0132552
v -0.0152512 0.0064075 -0.0085434
v 0.0131669 -0.0291672 -0.0026573
v -0.0153284 -0.0131679 0.0079626
v 0.0140268 -0.0406131 0.0002028
v 0.0022436 0.0243565 -0.009555
v -0.0106456 -0.0150806 -0.0075811
v 0.0091106 -0.0226019 -0.0098919
v 0.0133023 0.0314008 0.0028894
v -0.0033236 0.010879 -0.0143543
v -0.004344 -0.049435 -0.0111293
v 0.003147 -0.049435 -0.0125682
v -0.0152501 -0.0071474 -0.0058953
v -0.0002064 -0.0494309 -0.012751
v -0.010941 -0.01617 -0.0072137
v -0.0011651 -0.0332231 -0.0141487
v -0.0133005 0.0404218 0.0009735
v -0.0121119 -0.0017141 0.0131815
v -0.013883 0.0210684 -0.0061056
v -0.0017861 -0.0349167 0.0055301
v -0.0157493 -0.0076912 0.0102226
v 0.0001891 -0.0404985 -0.0148243
v -0.0007655 -0.0350019 0.0056893
v -0.0012072 -0.0361045 0.0057052
v 0.000922 0.0068489 0.0003908
v 0.0152398 -0.0422885 -0.0037223
v 0.0150664 -0.0039251 -0.0052824
v -0.0135607 -0.0070339 -0.0074317
v -0.012934 0.0171913 0.0047812
v 0.0128927 -0.0178225 -0.0055309
v -0.0003886 0.0462687 0.0154466
v -0.0074975 -0.0177717 0.0087783
v -0.0043705 0.0095231 -0.0003742
v 0.0163441 -0.0126291 -5.03e-05
v 0.0063765 0.0013707 -0.0104216
v 0.0054151 0.0105412 -0.0102716
v 0.0079053 0.0265604 -0.001346
v -0.0070942 0.0132439 -0.0142881
v 0.0132753 0.0158554 0.0066937
v 0.0145747 -0.0100971 0.0065103
v -0.010967 0.0146396 -0.0129202
v 0.0115 -0.0377659 -0.0111918
v 0.0028557 -0.0259257 -0.0126563
v -0.0018514 -0.0481505 0.0069416
v -0.0166624 0.0002574 -0.0056636
v 0.013612 0.0208359 -0.0012858
v -0.0020349 0.005649 0.001067
v -0.002509 0.0245863 -0.0015393
v -0.0074169 0.0061731 0.0082456
v 0.0190866 0.0029041 0.0011973
v -0.0162152 0.000934 -0.0066027
v 0.0066868 0.0352981 0.0165739
v 0.0011844 -0.0089199 0.0058561
v -0.0083713 0.0019425 -0.0134214
v 0.0137333 -0.017658 0.0033011
v -0.001511 0.0369262 0.0073797
v 0.010928 -0.0138462 -0.0081936
v 0.0104277 0.0138342 0.00609
v 0.0004165 0.0456122 0.0128221
v 0.0134932 -0.0323213 -0.0057577
v -0.0162661 0.0041409 -0.0063009
v -0.0128381 0.0171269 -0.0038971
v -0.0058056 -0.0142217 -0.0108427
v -0.0144608 0.0078627 -0.0006892
v 0.0025221 0.032618 0.004595
v -0.0094087 -0.0288042 0.0027077
v 0.0091595 -0.0464955 0.006482
v -0.0151712 0.028604 0.010831
v 0.0056104 0.0144733 -0.008293
v 0.0133722 -0.0112355 -0.0063653
v 0.0128025 -0.04942 -0.0071819
v 0.0059956 0.0341149 0.0007641
v 0.0132138 0.024853 0.0058904
v -0.0121302 0.0148979 0.0109223
v -0.00272 -0.018638 -0.0119434
v 0.011074 0.0112689 -0.0065784
v -0.0160743 0.0068542 0.0003765
v 0.0077362 0.0417999 0.0189287
v -0.0020153 0.0322226 -0.0030252
v 0.0044006 0.0172231 0.0030253
v -0.0061116 -0.0133224 -0.0107813
v -0.0130645 0.0425798 0.001036
v -0.0118458 -0.0449963 -0.0049927
v -0.0035414 -0.049435 -0.0075559
v 0.0197591 0.0148991 0.0063299
v -0.0097069 -0.032621 -0.0098244
v 0.0141369 -0.0128593 -0.0051743
v -0.0070255 0.0421623 -0.0007874
v -0.002539 0.0306526 -0.0009428
v -0.0165649 0.0087823 0.0119703
v -0.0183019 0.0051034 0.0109931
v 0.0139285 0.030339 0.0025626
v 0.0137253 0.0320776 0.0099543
v -0.0056247 0.0360663 -4.82e-05
v -0.006798 -0.0414612 0.0038187
v -0.0009837 0.0142544 -7.37e-05
v 0.0025426 -0.0062664 0.0053241
v -0.0069761 0.0359468 -0.0062609
v -0.0099533 -0.034349 0.0011115
v -0.0101422 0.0117472 -0.0012984
v -0.0105972 -0.0384723 -0.0088474
v -0.0088765 0.0381144 0.0033572
v -0.0058532 0.0193095 -0.0113614
v 0.0114204 0.0065404 0.0062192
v 0.0125842 0.0331561 0.0131482
v 0.0133762 0.0347622 0.0117776
v 0.0115344 0.0211218 0.005402
v -0.0080372 0.0041721 0.0107978
v -0.0202566 -0.0014359 0.0072931
v 0.0006372 0.0442968 0.0076181
v -0.0172877 0.0155895 0.0038465
v 0.0034809 0.0386025 0.0092837
v 0.0143239 0.0283121 0.0059063
v -0.0158791 0.0152774 0.0130501
v -0.0118402 0.0177247 0.0068461
v 0.0006996 0.0248202 0.0010406
v 0.0070361 0.00748 -0.0091689
v 0.004134 -0.0013518 0.0039095
v 0.0043631 0.0105842 0.0023634
v -0.0020994 0.0264407 -6.61e-05
v -0.0053009 0.0014669 0.0090753
v -0.0065984 -0.0101204 0.0113204
v -0.0045687 -0.0283708 -0.0129824
v 0.011863 -0.0494318 0.0003129
v 0.0130841 -0.0494321 -0.0039491
v -0.0101363 -0.0270945 -0.0085735
v 0.0127568 0.0120811 -0.0045624
v 0.0080566 0.0310895 0.0024867
v -0.0026245 0.0217987 -0.0075202
v 8.03e-05 0.0409527 0.0151828
v 0.0138139 -0.0454344 0.0025237
v -0.0117247 -0.0072673 -0.008653
v 0.0042824 0.0073804 -0.0112448
v 0.0025364 -0.0270902 -0.0128673
v -0.0040901 0.0435867 0.0136643
v -0.0160667 0.0252712 0.0056815
v -0.0018072 0.0285083 -0.0054533
v 0.0122167 -0.0112384 0.0074791
v -0.006635 -0.0494345 -0.0099209
v 0.013114 0.035462 0.0127867
v -0.0158821 -0.0064298 0.0105686
v 0.0038087 -0.0073022 0.0062544
v 0.0018506 -0.0256595 0.00548
v -0.0161578 -0.016127 0.0013719
v -0.0007698 0.0199047 0.000151
v -0.0139438 0.0208261 -0.007297
v 0.0066022 0.0368913 0.0115563
v 0.0070631 0.0064488 -0.0092015
v -0.0157607 -0.0161552 0.0044807
v 0.00797 0.0355643 0.0186705
v 0.0004344 -0.027994 0.0054562
v 0.0131538 0.0182464 -0.0008887
v -0.0171333 0.0029904 -0.0030021
v -0.0104337 -0.0414862 -0.0091548
v -0.0008749 0.00518 0.0007696
v 0.0087659 -0.0056046 0.007812
v 0.014038 0.0308406 0.0037304
v 0.0143045 -0.0439706 -0.0086115
v -0.001782 0.0241023 -0.000928
v -0.0024358 -0.0177076 0.0073576
v -0.0174581 -0.0012855 0.0108287
v -0.0130853 -0.005934 0.0123402
v -0.001615 -0.0447742 0.006586
v -0.0054572 -0.0067627 -0.0123347
v -0.0094303 -0.0451685 0.0019571
v -0.0025201 0.031194 -0.0019234
v 0.0110394 -0.0409715 -0.0118479
v -0.0042901 0.027251 -0.0054839
v -0.0127753 0.0277072 -0.0090366
v 0.0045291 0.0176585 -0.0089663
v -0.0098083 -0.0457769 -0.010142
v -0.0109703 -0.0376459 -0.0081491
v -0.0010498 0.0029371 -0.0141601
v -0.0038158 -0.0095203 0.0097651
v 0.0193808 0.0269037 0.0095549
v -0.0056616 -0.0056103 -0.0125613
v -0.0173022 -0.0026109 -0.0041759
v -0.0023543 0.035329 0.0001138
v 0.0068037 0.0160306 -0.0065127
v -0.0120521 0.0393128 0.0029128
v -0.0004525 0.0362296 -0.0025595
v 0.0026956 -0.0379423 -0.0144415
v 0.0105503 -0.0107929 0.0080051
v 0.005885 -0.0433902 -0.0144851
v 0.0124503 -0.0281207 -0.0082411
v 0.007351 0.0005235 -0.0101388
v -0.0170823 -0.0041825 0.0102183
v -0.0159166 -0.0105172 -0.0040188
v -0.0012772 0.0281322 -0.006607
v 0.0057725 0.0337247 0.0019359
v -0.0047908 -0.0494345 0.0029185
v 0.0011158 -0.049435 0.0033757
v 0.0047946 0.0166958 -0.0086689
v -0.0012884 0.0113085 -3.08e-05
v 0.0153122 0.0267526 0.0149416
v 0.0060743 -0.0022915 0.0052179
v -0.0063057 -0.0335226 0.0040189
v 0.00012 -0.0363599 -0.0144479
v 0.0143718 0.0273446 0.005151
v 0.0120275 -0.0340973 0.0009653
v -0.0155187 -0.0089143 0.0099618
v -0.0061627 -0.0404239 0.0041505
v -0.0145262 -0.0149102 0.0076996
v -0.0024661 -0.0423775 -0.0145244
v -0.0034995 -0.0119652 0.0092202
v -0.0112079 0.0039252 0.0123572
v 0.0137458 -0.009622 0.0071869
v 0.0050644 0.0378319 0.0016244
v 0.0137159 0.0344536 0.009569
v 0.0067246 -0.0032955 -0.0104124
v 0.0147274 0.0013953 0.0073125
v -0.0099822 0.0007104 0.0129921
v 0.0165643 0.0263374 0.0168901
v -0.0070849 -0.0071317 -0.0114307
v 0.0077157 -0.0215193 0.0059676
v -0.0068626 -0.0206948 0.0070351
v 0.0047398 0.0324235 0.0033428
v -0.0162363 -0.0084824 -0.00425
v 0.0137742 -0.0348294 -0.0059406
v 0.013731 -0.0343777 -0.0048228
v -0.0054877 0.0055849 0.0053749
v -0.0206808 0.0073257 0.0067047
v 0.0119366 0.0240352 -0.0034386
v -1.23e-05 -0.0252091 -0.0132842
v -0.0072876 -0.013234 -0.0101544
v -0.0081772 0.0294788 -0.0102833
v 0.0100593 -0.0190424 0.0061102
v -0.0056525 -0.035631 0.0042955
v 0.0013539 0.0446661 0.011341
v -0.0086189 0.0413915 -0.0024555
v -0.0046687 -0.049435 -0.0015923
v -0.0162774 -0.003963 0.0110014
v -0.0114104 0.0150504 0.007351
v -0.0123732 0.0129009 -0.0122924
v -0.0103205 -0.044855 -0.0094131
v -0.0107161 0.0419174 0.0063663
v 0.0141095 0.0203671 0.0056934
v 0.0119357 0.0116732 -0.0057333
v -0.0160922 -0.0029248 -0.0061906
v 0.0081956 0.0085962 0.0045399
v 0.0042511 -0.049435 -8.76e-05
v 0.0016146 -0.0238446 -0.0128455
v 0.0105148 0.0394559 0.0150391
v -0.0019706 0.0261498 -0.006187
v 0.0103254 -0.0220364 0.0047744
v 0.018859 0.0114828 -0.0002014
v -0.005618 -0.0012594 0.0106135
v 0.0137639 0.0046232 0.0069244
v 0.0083539 0.0007334 -0.0095156
v 0.0082641 0.0286248 0.0084936
v -0.0123603 0.0159263 0.0050994
v -0.0016513 0.0194483 -5.8e-05
v 0.0046396 0.0064069 -0.0107024
v 0.0046212 0.0230474 0.0004372
v 0.0067912 -0.0019897 -0.0105465
v -0.0095692 0.0396336 -0.0040324
v -0.0174477 -0.0065904 0.0088088
v -0.0156878 -0.0021239 0.0118552
v 0.0087039 -0.0020524 0.0065635
v 0.0075106 0.0252627 0.0059427
v -0.0102781 0.0377427 -0.0055481
v 0.0046129 0.0397502 0.0041914
v -0.0120072 -0.0232597 0.0026987
v 0.0013476 -0.0364278 -0.0143886
v 0.0100902 -0.0255624 0.0037029
v 0.0090689 0.0230581 -0.0040619
v 0.0165275 0.0216947 0.0119086
v -0.0033092 0.0280167 -0.0027157
v -0.0013616 0.0372596 -0.0003378
v 0.016585 -0.0056919 -0.0030645
v -0.0087641 -0.0026212 0.0126329
v 0.0142993 -0.0182952 0.0005021
v -0.0049489 0.00138 -0.0144751
v -0.0013619 0.0253856 0.0001944
v -0.0046245 -0.0061298 -0.0128482
v -0.004034 0.0245292 -0.0057725
v 0.0141753 -0.009696 -0.0055727
v -0.0003885 -0.0059799 0.0053883
v 0.0142743 -0.0041206 -0.0060552
v 0.001034 -0.0151547 -0.0125598
v 0.0159868 -0.010218 0.0049382
v 0.012112 0.034354 0.0148168
v -0.013304 0.0432507 0.0033997
v -0.005436 -0.0414204 0.0046481
v -0.0102331 0.0306134 -0.0013241
v -0.0172644 -0.0095718 -0.002129
v 0.0100382 0.0138464 -0.0064605
v -0.0104454 -0.0382027 0.0001149
v 0.013801 -0.0031535 -0.006528
v -0.0109269 -0.0481573 -0.0082629
v -0.0110196 0.0278124 -0.0020708
v 0.0030608 0.02942 -0.0076483
v -0.0081619 0.0396383 0.0045723
v -0.0060672 -0.049435 0.0011648
v -0.0059193 0.0348638 0.0001046
v -0.0160058 -0.0114804 0.0082139
v 0.0061565 0.013322 0.0034871
v 0.0104871 -0.0312584 -0.0111982
v 0.0031527 -0.049435 -0.0115335
v 0.0134876 0.0024909 -0.0058087
v 0.0136078 0.023378 0.0038947
v -0.0075549 0.0409492 -0.0024326
v -0.0060085 0.0412523 0.0009621
v -0.0062554 0.0357099 0.0009334
v 0.0002858 0.0205232 0.000378
v -0.0008199 -0.0092168 -0.0128472
v 0.005855 0.025154 -0.0067114
v 0.0058327 0.026237 -0.0066508
v -0.0020603 -0.0014374 -0.0142581
v -0.0061137 -0.004728 0.0114001
v 0.0100443 0.0190031 0.0045411
v -0.0088045 0.0205432 -0.0120311
v -0.0009914 -0.0119526 0.0072354
v 0.0158065 -0.0036855 -0.0045234
v -0.0158084 0.0066637 -0.004969
v 0.0008739 0.0274276 0.00198
v 0.0028698 -0.0212674 0.0060724
v 0.0085091 -0.014134 -0.009626
v 0.0040457 0.0006373 -0.0115561
v -0.0065641 0.0383009 -0.003841
v -0.0051229 0.0093043 -0.0150489
v 0.015073 0.013355 -0.0018718
v -0.0015775 -0.0141325 0.0076331
v 0.0135603 0.0161293 0.0009022
v 0.0041721 0.0086929 -0.0116452
v -0.0037039 -0.0362092 -0.013913
v -0.0148386 0.0110335 0.0026194
v -0.0039688 -0.0293832 -0.0133468
v -0.0136023 -0.0008198 -0.0096889
v 0.0133325 -0.0291883 -0.0048651
v -0.0176573 -0.012318 0.0040437
v -0.0006972 -0.0163921 -0.0123096
v 0.0017396 0.0342618 -0.0053655
v 0.0078665 -0.0266133 0.004593
v -0.0151267 0.0083699 -0.0084286
v 0.0149288 -0.0117082 0.0055639
v 0.0142205 0.0171817 0.0011916
v 0.0004211 0.0451121 0.0159766
v 0.0140953 -0.0124757 0.0059809
v -0.0095022 0.023955 -0.0113603
v 0.001039 0.041296 0.0149839
v -0.0146301 0.0129916 -0.0059335
v 0.0042343 0.0293846 -0.0071543
v 0.0062465 0.03588 0.0175794
v -0.0059839 0.0391156 -0.001767
v -0.0159861 0.0172533 0.0036603
v -0.0114034 0.0200666 -0.0114769
v 0.0142982 -0.0379232 -0.005092
v 0.0026094 -0.0365747 -0.0142675
v 0.0142745 0.0206042 0.006731
v 0.0136684 0.0219831 -0.0016495
v -0.0057557 0.0224228 -0.0024549
v 0.0026889 0.0286998 0.0023017
v -0.0084097 0.0407335 0.0055673
v -0.0018765 0.0273129 -0.0058877
v -0.0055442 0.0110652 -0.0005297
v -0.0137918 -0.0064788 0.0119374
v 0.0035381 0.0425608 0.0079181
v -0.0046948 -0.0423935 0.0051194
v -0.0155785 0.006497 -0.0073674
v 0.014152 -0.0378154 -0.0028264
v -0.0015433 -0.0297012 -0.0138104
v -0.009433 0.0136055 -0.0139182
v 0.0059449 0.0259451 0.0015363
v 0.0095323 0.0258481 0.0071689
v -0.0022355 -0.049435 -0.0087408
v -0.003477 -0.049435 -0.0020056
v 0.0137455 0.0227645 0.0029111
v 0.008434 0.0300123 0.0007329
v 0.0111148 0.0317558 0.0015842
v 0.0139674 0.0264229 -0.0005366
v 0.0102441 0.0201636 -0.0050731
v -0.0181011 -0.0107154 0.0015963
v 0.0020224 0.0136222 -0.0123859
v -0.0024094 -0.0338536 0.0053731
v -0.0021455 0.0041657 -0.0146963
v 0.0001995 0.0146593 -0.0122405
v 0.0096138 0.0147541 0.0057348
v 0.0138927 0.0313785 0.0089991
v 0.0157732 0.0174577 0.008625
v 0.0153291 0.0222563 0.0056791
v -0.0106766 -0.0426985 -0.0001044
v 0.0009161 -0.0412606 0.0065766
v 0.0139769 0.0023687 0.0071314
v 0.0067266 0.0286153 0.0057781
v -0.0183281 0.0024577 0.0001012
v 0.001468 -0.0112559 0.0065745
v -0.0156465 -0.0151471 -0.0022874
v -0.0107956 0.0095072 0.005775
v -0.0180142 0.0256283 0.0081016
v 0.0086772 0.0309543 0.0014748
v -0.0178093 1.39e-05 -0.0026612
v 0.0052234 0.0010006 -0.0110053
v 0.0065628 0.0278708 0.0049396
v -0.0151346 -0.0135566 -0.0037973
v 0.005048 -0.0423629 -0.0145782
v 0.0150699 -0.0487681 -0.004955
v -0.0132412 -0.0060249 -0.0080381
v 0.0072066 -0.0387625 0.0059534
v 0.0027801 0.0433428 0.0073545
v 0.0018916 0.0034058 0.0013849
v 0.0126844 -0.0252303 0.0003006
v -0.0068466 -0.0428873 0.003937
v 0.0139081 -0.0470276 -0.0092291
v 0.0004559 -0.0006421 0.0028648
v 0.0033984 -0.0085307 -0.012446
v -0.0090647 0.0073668 0.0076101
v 0.0130473 -0.0213382 0.0014376
v 0.0032021 -0.0152512 -0.0124004
v -0.0128311 0.0353488 -0.0003605
v -0.0028619 -0.049435 0.0001565
v 0.0188057 0.0103877 0.0051726
v 0.0143977 -0.0418378 5.83e-05
v 0.0144896 -0.0392478 -0.0028741
v -0.0147293 0.0121401 -0.0089287
v 0.0139084 -0.005364 -0.0063133
v 0.009522 0.0400717 0.0158048
v 0.0041048 -0.0003382 0.0034624
v 0.0038059 -0.0116753 -0.0121536
v 0.0108675 -0.0270973 0.0025895
v -0.0040226 0.0194117 -0.0004234
v -0.0097388 -0.0169132 0.009121
v 0.0190506 0.0182511 0.0096861
v -0.0120338 -0.0276356 -0.0004405
v -0.0130722 0.043501 0.0047213
v 0.0183507 -0.0034638 0.0020773
v 0.0178135 0.0061573 0.0061474
v 0.013714 -0.0204595 -0.0013952
v 0.0044138 -0.0333493 0.0056146
v -0.0123589 0.0180937 0.0056611
v -0.0043711 0.008081 -0.0151085
v -0.0010977 0.0428864 0.0055756
v -0.0053251 0.0213054 -0.0018386
v -0.0135699 -0.0107348 -0.0061002
v -0.0106491 -0.0216966 0.0054105
v -0.0070851 -0.0352441 -0.0122459
v 0.0044966 0.0052646 -0.0106498
v -0.0102608 -0.025614 0.0032892
v -0.007401 -0.0364739 -0.0120866
v -0.0114355 0.0188497 -0.0117178
v -0.0011396 -0.049435 -0.0106433
v 0.0019568 0.0440439 0.008124
v 0.0137806 -0.0163226 -0.0046256
v 0.0178793 -0.0039788 0.0040691
v -0.0128737 0.0165601 0.012373
v 0.0147064 0.026119 0.0017914
v -0.0153107 -0.0040097 0.0117014
v 0.0099901 -0.0030904 -0.0087197
v -0.0161608 -0.0048514 -0.0055967
v -0.0143876 0.0068175 -0.010326
v 0.018126 -0.0043826 0.0029352
v -0.0122533 0.0190531 -0.0110458
v 0.0120296 -0.015666 0.0061576
v -0.009937 -0.0238282 0.0045003
v 0.0143554 -0.0135967 0.0052247
v 0.0059184 0.0329813 0.0012731
v 0.001163 0.0452221 0.0136628
v 0.0162631 -0.009026 0.0051146
v 0.0022158 -0.0283321 -0.0130874
v 0.0072098 -0.0092082 0.0079795
v -0.003202 -0.049435 0.001345
v 0.0178766 0.0010414 -0.0023533
v -0.0102562 -0.0278927 0.0022609
v -0.008666 -0.0102325 0.0118048
v -0.0001641 0.0348248 0.0063844
v 0.0060536 -0.0401821 -0.0140685
v -0.0110047 -0.0270629 0.0017487
v -0.0131448 0.0444783 0.0039705
v -0.015268 -0.001048 0.0122818
v 0.0101515 0.0398316 0.0186821
v 0.0100691 0.0392058 0.0198451
v -0.0120257 -0.0131383 -0.0066868
v -0.0041391 0.0101954 -0.0147308
v 0.0131964 -0.0222579 -0.0049373
v 0.0012898 0.0223615 -0.0099483
v 0.0098587 -0.049435 -0.0014353
v 0.0047723 0.0386706 0.0023833
v -0.0043581 0.0285457 -0.005188
v -0.0042398 0.0273013 -0.0032673
v 0.0150073 0.0047073 0.007147
v 0.0135079 -0.0155874 -0.0052709
v -0.0057428 0.0257153 -0.0099503
v 0.0146159 -0.04049 -0.0065176
v -0.0084253 0.029558 -0.0012157
v 0.0133146 0.0085546 -0.0054382
v -0.0103453 -0.0319774 0.0010143
v 0.0017247 -0.0221254 0.0058333
v 0.0050772 -0.049435 -0.0010489
v -0.0077506 -0.0481108 0.0038338
v 0.0112855 -0.0215441 0.0042215
v 0.0139979 -0.0492783 -0.0069014
v -0.0077964 -0.014382 -0.0097467
v -0.0109776 -0.0282283 0.0012739
v 0.0092247 -0.041588 0.0057117
v -0.0116514 -0.0261446 0.0012064
v -0.0017852 0.0404375 0.003587
v 0.0135475 -0.0009684 -0.0065184
v -0.0170934 0.0245577 0.0060305
v 0.0032807 -0.0438883 0.0071884
v 0.0033106 -0.0417191 0.0068632
v 0.0187293 0.0296932 0.0138001
v 0.0004825 -0.0096105 0.0061131
v -0.0100848 -0.0337007 -0.0094467
v 0.0039921 -0.0079079 -0.012159
v 0.0076947 -0.0259387 -0.0113223
v 0.009586 -0.0352442 0.0041428
v -0.0101472 0.0237761 -0.0020773
v -0.0020073 0.0396207 0.0031135
v 0.0164704 -0.0011279 0.0065995
v 0.0024254 -0.028224 0.0053533
v 0.0154313 -0.0475874 -0.0055183
v -0.0024488 0.0275665 -0.0046765
v -0.0105188 -0.0293033 -0.0085126
v -0.0127126 -0.0235518 -0.0029691
v -0.0044135 -0.0106045 0.0101096
v -0.0125135 -0.0264742 -0.0034582
v -0.0058168 -0.0112819 -0.0111667
v -0.0051792 0.0221729 -0.0099326
v -0.001088 0.0374842 0.0083687
v 0.0039468 0.0362533 0.0072469
v -0.0049762 0.0044596 0.0055292
v -0.0114522 -0.0455082 -0.0071025
v 0.0057968 0.03487 0.001601
v -0.0110121 0.0069819 0.009574
v -0.0104685 -0.0374256 -0.0090087
v 0.0002173 0.0205349 -0.0101372
v -0.0045229 0.0078375 0.0012052
v 0.004478 0.0303816 0.0021845
v -0.0118939 0.0226718 0.0071101
v -0.0035987 0.0102686 -0.0003939
v -0.0004665 -0.013876 0.007188
v 0.0038464 0.0283658 -0.0077497
v 0.0110604 -0.049435 -0.0016818
v 0.0200729 0.0235136 0.0137336
v 0.0154952 -0.0480555 -0.0027109
v -0.0106464 -0.0407848 -0.00022
v 0.0140078 0.0280954 0.0003779
v -0.0117544 -0.0458214 -0.0058833
v -0.0046425 0.0156462 -0.0002601
v 0.012178 0.0028378 -0.0071092
v -0.0022342 0.0352463 0.0047335
v -0.0035815 0.0152624 -0.0120346
v 0.0143666 0.0305157 0.006019
v -0.014248 0.0074967 0.0120077
v -0.0018054 0.0215926 -0.0009287
v 0.0096206 0.0295238 0.0105174
v 0.0139888 0.0325358 0.008864
v -0.0051841 -0.0477009 0.0056703
v 0.0159749 0.0166758 -0.000209
v 0.0100509 0.0357068 0.0183164
v 0.0010905 0.034791 0.0067973
v -0.0176436 0.0205435 0.01238
v -0.0077544 0.0206218 -0.0118433
v -0.0018583 0.0333288 -0.0026461
v 0.0116184 0.0199165 -0.0046032
v -0.0099277 -0.0373667 0.0008705
v -0.0119944 -0.0185444 -0.0058024
v 0.0061409 -0.0275273 0.0049455
v 0.0124933 0.0039885 -0.006754
v 0.0031197 -0.0461119 -0.015275
v 0.0193368 0.0117092 0.0007277
v -0.0020647 0.0416864 0.0154304
v 0.0022359 -0.0393153 0.0064722
v 0.0140312 0.0076321 -0.0050171
v -0.0104851 -0.0462164 0.0006974
v 0.0095279 0.0398298 0.0145049
v -0.0130654 0.0115949 0.0116619
v -0.0021272 0.0311939 0.0002307
v 0.0010793 -0.0351145 0.0058702
v -0.0053122 -0.049435 -0.0036675
v 0.0137054 -0.0490965 -0.0081746
v -0.0105622 -0.0449645 0.0004179
v -0.0075465 0.0443423 0.0019842
v -0.0118973 0.0236139 -0.0104886
v 0.0145305 -0.0413378 -0.0073154
v 0.0067835 -0.0443085 -0.0143218
v 0.0126479 0.0106101 -0.0052868
v 0.014779 -0.0425541 -0.0071644
v 0.0084952 -0.0371956 0.0051761
v -0.0008982 0.0383175 0.0001343
v 0.010529 -0.0428799 -0.0124026
v -0.011179 0.0478612 0.006322
v -0.0116023 -0.0273425 0.000657
v -0.0154566 0.0078424 0.0010008
v -0.0081002 0.0282242 -0.0106044
v -0.0061329 0.0403033 -0.0011153
v -0.0057415 0.0100443 -0.0001954
v 0.008323 -0.0269423 -0.0112901
v 0.0021646 -0.049435 -0.0110045
v -0.0128994 -0.0234236 -0.000745
v -0.0132715 0.0222575 0.013596
v -0.0078859 0.0178753 -0.0012322
v -0.00477 -0.0150709 0.0092655
v -0.0059482 0.0368489 0.0009072
v 0.0109208 0.0188777 -0.0051437
v -0.0114756 0.044631 0.0013876
v -0.0071988 -0.049435 -0.008661
v 0.003968 0.0032581 -0.0109833
v 0.0119332 0.0179262 0.0040394
v -0.0053356 0.0092305 0.0003489
v 0.0109189 0.021182 -0.004606
v -0.0075254 0.0055821 0.009115
v 0.0100981 -0.0363634 0.0039353
v 0.0053144 -0.049435 -0.0032407
v -0.0150295 0.017285 0.013466
v 0.0181816 -0.0047382 0.0016724
v 0.0133988 -0.004339 -0.0068449
v -0.0037487 0.0171704 -0.0002224
v -0.0084124 -0.0133405 -0.0094258
v 0.0150366 0.016543 0.0080497
v -0.0058813 0.0373821 -0.0034311
v -0.0127669 0.0213739 -0.0100343
v 0.0062125 0.0234369 -0.0041444
v -0.0136901 0.0308592 -0.0048169
v -0.0021637 0.0249657 -0.0062971
v 0.0047926 0.0344131 0.0048951
v -0.0082835 -0.046431 -0.0117179
v -0.0037502 -0.0054288 -0.0133036
v -0.0117545 -0.0342698 -0.0063104
v 0.0102293 0.0273279 -0.0022668
v 0.0170748 -0.0078048 -0.0015454
v 0.0011586 -0.0480454 -0.0152149
v -0.0102615 0.0392983 0.0041442
v -0.0165122 0.0289908 0.0117034
v -0.0147774 0.0189555 0.0039547
v 0.0182775 0.0266282 0.0089523
v 0.0131126 0.0136028 -0.0027935
v 0.0086988 -0.049435 -0.0093618
v -0.005564 -0.0020027 -0.013516
v 0.0112998 0.019094 0.0043962
v -0.0018756 0.0244825 -0.0071487
v -0.0013215 -0.0064925 -0.0135003
v -0.01214 -0.0262978 -7.75e-05
v -0.0104858 0.0259511 -0.0019742
v 0.0115516 0.0177445 -0.0050376
v 0.0097421 -0.0316062 0.0034843
v 0.0057795 0.0250108 0.0025847
v -0.0024657 0.0199185 -0.0090401
v -0.0203636 0.0020702 0.0029677
v -0.0077826 -0.0195074 -0.0097427
v -0.0058221 0.0381583 0.0008834
v -0.009949 0.0361142 -0.0068565
v -0.0017172 0.0190648 -0.0098932
v 0.0113969 -0.0172376 -0.0071091
v 0.0123401 -0.0474753 0.0042227
v 0.0021513 0.0253806 -0.0093587
v -0.0042562 0.0039677 0.0045953
v 0.0015276 0.026199 -0.0091318
v 0.0118599 0.0104058 -0.006177
v -0.0072775 0.0120628 -0.0146557
v -0.0123217 0.0379092 0.0015408
v -0.0103446 0.0330382 0.0003201
v -0.0152618 0.0228842 0.014082
v 0.0050132 0.0118613 -0.0104472
v -0.0100096 0.0314616 -0.0007891
v 0.0146575 -0.0028864 -0.0057596
v -0.0017145 0.0140075 -0.0125979
v 0.0101353 0.0108517 -0.0072814
v -0.0112485 0.0196888 0.0085218
v -0.0037986 -0.0218725 -0.0120029
v -0.0197417 -0.0019314 0.0017829
v 0.0082298 0.0290619 0.000152
v -0.0004672 -0.0373613 -0.0145327
v -0.0035923 0.0136117 -0.0001381
v -0.0018431 0.0445539 0.0095824
v 0.0204171 0.0261179 0.0157378
v -0.0041244 -0.0154248 -0.0114392
v 0.0094134 0.0178895 0.0044963
v -0.0101567 0.0432497 0.0073101
v 0.0149218 0.0101504 0.0072163
v 0.0056748 -0.0114384 -0.0109946
v 0.0064248 -0.0101222 0.0079147
v -0.0023168 0.0101753 -0.000224
v -0.0030594 -0.0414554 -0.0143304
v 6.35e-05 -0.019998 -0.0127387
v 0.0054842 -0.034051 0.0055937
v -0.0119347 0.0336057 -0.0076722
v 0.0148001 0.0197253 0.0087792
v -0.0154992 -0.0096549 -0.004758
v 0.0054357 -0.0104777 0.0077099
v -0.020276 0.0030256 0.0088369
v 0.0051954 -0.0367732 0.0060427
v 0.0041238 -0.045378 -0.0151006
v 0.0084895 0.0143828 0.0051501
v -0.0011144 -0.0309455 -0.0139238
v -0.0154429 -0.0041892 -0.0066773
v -0.0105123 0.0191617 -0.0121232
v 0.0083203 0.012385 -0.0076676
v -0.0107346 0.0156961 -0.0128211
v 0.0136125 -0.0454521 -0.009815
v -0.0138382 0.0180675 0.0041983
v 0.006996 -0.0008171 0.0050271
v 0.0145104 -0.0460792 0.0015
v 0.0030705 -0.0026095 -0.0125408
v 0.005417 0.02459 -0.0075558
v -0.0125483 0.0242261 0.0125022
v -0.0155196 -0.0033729 -0.0068367
v -0.0117417 -0.0423459 -0.0032813
v -0.0109264 0.0127122 0.006925
v -0.0130376 0.0425523 0.0042939
v 0.0098999 -0.0202796 0.0057193
v 0.0129382 0.014977 -0.0033272
v 0.0172672 0.0167548 -0.0001664
v -0.0152238 0.0009686 -0.0083208
v 0.0144441 0.0250836 0.0026611
v -0.0055286 -0.0342962 0.0043701
v -0.0139307 0.0168683 0.0039021
v 0.019191 0.0261805 0.0085069
v -0.0017932 0.0020906 0.0030901
v 0.0145093 0.0259405 0.0005083
v 0.0120587 -0.0418925 0.0037176
v -0.015123 0.0093367 -0.0081951
v -0.0025812 0.0004122 0.0050335
v 0.0012434 -0.0310342 -0.0136337
v 0.0068493 -0.0306009 -0.0125242
v 0.0056644 0.0181755 -0.0064312
v 0.0061538 0.0248185 0.0044837
v -0.0108567 0.0116245 0.0065723
v 0.0143573 0.0263725 0.0044564
v -0.0150973 0.0275983 0.0129136
v 0.0087416 -0.049435 0.0020021
v -0.0154306 0.0042898 -0.0084115
v -0.0136569 -0.0173684 0.0065658
v 0.0121772 -0.0318834 -0.0097193
v -0.0047533 -0.0403711 -0.0137022
v 0.0067218 -0.0118479 -0.0103134
v -0.0041708 -0.049435 -0.0041291
v -0.0034981 -0.0425245 -0.0142186
v -0.0108342 0.0104603 0.006174
v -0.0176257 -0.0006196 -0.0034262
v -0.0146743 0.0081633 -0.0023483
v 0.0061779 0.0362375 0.0124778
v -0.0123416 -0.0220638 -0.0044965
v 0.0019486 -0.0226285 -0.0127071
v 0.0009881 -0.0470711 0.0074397
v -0.0103523 0.0430695 -0.0009609
v -0.0117912 -0.0218913 -0.0055676
v -0.0113856 0.0433258 0.0068792
v 0.0065019 -0.0456753 -0.0145556
v -0.0122318 0.0068628 -0.0124279
v 0.0006463 0.0061011 -0.0133439
v 0.0050888 0.0364652 0.0047793
v 0.0064298 0.0275241 0.0027736
v -0.005573 -0.0300548 0.004637
v -0.0044719 0.0032915 0.0056795
v 0.0117735 0.0222535 0.0057437
v 0.0145953 0.0292842 0.0043623
v 0.0098052 -0.0168296 -0.0087277
v -0.0038885 -0.0474475 0.0062519
v -0.010552 0.010283 -0.0139371
v -0.0113043 0.0134659 0.0091758
v -0.0071245 -0.0154948 0.0099243
v -0.0126682 0.0259137 0.0094847
v -0.0125029 0.0251604 0.0116554
v -0.0108153 0.0097426 0.0028696
v 0.0148706 -0.048615 -0.0062862
v 0.004233 -0.0160221 -0.0118819
v 0.0101317 -0.014013 0.0074325
v 0.0127824 0.0162915 -0.003775
v 0.0120389 0.0119755 0.0066548
v -0.0003939 -0.0261276 0.0055588
v -0.0016609 -0.0080808 0.0073527
v 0.0059684 -0.0127266 -0.0108089
v 0.0014898 -0.0244817 0.0055768
v 0.0159413 0.0039363 -0.0038827
v 0.0076935 0.0410547 0.0167116
v -0.017753 -0.0031268 -0.0031066
v -0.0163801 -0.008324 0.0093271
v 0.0133882 0.0145119 -0.0009803
v 0.0150973 -0.0473218 -0.0068384
v 0.0111903 -0.0492951 -0.0103037
v -0.0021753 -0.0165327 0.0075804
v 0.0021232 0.0115985 -0.0129032
v -0.0066679 -0.0195845 0.0076376
v 0.0142321 -0.0451423 -0.0088538
v -0.0069821 0.0102964 0.000201
v -0.0071368 -0.0319062 -0.0119918
v -0.0127583 0.0260549 0.010732
v -0.0149928 0.0110219 -0.0083816
v -0.0056715 0.0026618 0.0088779
v 0.0042162 -0.049435 0.0019762
v -0.0110263 -0.0012197 0.0132198
v -0.0020302 -0.0008121 0.0051265
v -0.0196714 0.0006801 0.0094249
v -0.004868 -0.049435 -0.0003516
v 0.0202988 0.0281215 0.0136892
v 0.011405 -0.0430883 -0.0118161
v 0.006423 -0.0429252 0.0068558
v 0.0076117 -0.0399907 0.0060556
v 0.0183642 0.0077407 -0.0014487
v 0.0151417 -0.0419642 -0.0049479
v -0.0151483 0.0154792 0.0034473
v -0.0101451 -0.0044839 0.0128544
v -0.00261 -0.0198779 -0.012107
v -0.0021245 -0.0229381 -0.0127265
v 0.009085 -0.0451023 0.0064264
v 0.0172116 0.0209214 0.0118535
v 0.0039784 -0.0441221 -0.0149868
v 0.0166061 0.0227199 0.0123891
v -0.0111375 -0.0024832 0.0131371
v 0.0095476 -0.0289702 0.0035652
v -0.0065576 -0.049435 -0.0021083
v 0.0063133 -0.0493611 -0.0130753
v -0.0027678 -0.0259607 0.005587
v -0.0163268 0.0230334 0.0137048
v 0.0047208 -0.0240361 0.0054938
v -0.0012366 -0.0271516 0.0055244
v 0.0010958 0.0445294 0.0089315
v -0.003686 -0.0474978 -0.0143052
v 0.0040145 -0.0216465 0.0060355
v -0.0128115 -0.0209995 -0.0036832
v -0.0114895 0.0164262 -0.0122125
v 0.000574 -0.049435 -0.00293
v -0.0150194 0.0232958 0.0048611
v -0.0106019 0.0029998 0.0127372
v 0.0008468 0.0115316 -0.013278
v -0.0153037 0.0278745 0.0076231
v 0.0053847 0.0255874 0.0005624
v -0.0152019 -0.0176453 8.34e-05
v 0.0039227 -0.0451313 0.007375
v 0.0100665 -0.0035401 0.0076702
v -0.0088112 -0.0395451 0.0020532
v 0.004895 0.0199297 -0.0084936
v -0.0116745 -0.0403012 -0.0062244
v 0.0072117 0.0275106 0.0002775
v -0.011153 7.9e-05 0.0132439
v 0.0155504 -0.0145842 0.0022499
v -0.0009424 -0.0077599 0.0064563
v -0.0102131 0.0006666 -0.0122819
v -0.0144954 -0.0164747 0.0064154
v -0.0112406 0.0013338 -0.0118245
v 0.0045093 0.0382591 0.0069426
v -0.0065081 -0.049435 -0.0063234
v 0.013249 0.0034474 0.0067802
v 0.002212 -0.0319272 0.0055652
v 0.005447 -0.0202806 -0.0113505
v 0.0144164 -0.0085144 -0.0054164
v 0.008552 -0.0214096 -0.0100564
v -0.0126965 -0.0147479 0.0092727
v 0.0143517 -0.0063696 -0.0057383
v 0.0190514 0.0064147 0.0041119
v -0.011232 -0.0172375 -0.0068278
v -0.0030411 -0.031405 0.0052429
v 0.005229 -0.0016476 0.0044945
v -0.0074523 -0.0438316 0.0036169
v 0.0008221 0.0136867 -0.012619
v -0.0043389 -0.0174626 0.0081768
v -0.0198246 0.017615 0.0074003
v 0.0035003 -0.049435 -0.0092226
v 0.0006808 -0.049435 -0.0056069
v -0.0107779 -0.0074396 -0.009206
v -0.0069832 0.0201212 -0.0016336
v -0.0127268 -0.0197831 -0.0044047
v 0.0043274 -0.0465456 0.0075141
v 0.0045774 -0.0295295 -0.0128029
v 0.0080154 0.0371046 0.0203006
v 0.0128746 0.0156162 -0.0012313
v 0.0057177 -0.0300887 -0.012681
v -0.0023797 -0.0417386 0.0059147
v -0.0107302 -0.0062501 0.0126957
v 0.0026825 0.0043034 0.0014634
v -0.0183912 -0.0013241 0.0100733
v 0.0188842 0.0019525 0.0031058
v 0.0006682 -0.049435 -0.0003489
v 0.0008957 0.0174276 -0.0110863
v 0.0092816 -0.0398384 -0.0128131
v -0.0110495 0.0357884 -0.0068125
v -0.0041679 0.0278184 -0.0043694
v 0.0141013 -0.0493783 -0.0043525
v -0.0005337 0.0188798 -0.0104407
v 0.0100047 -0.0406281 0.0050482
v 0.0055365 0.0386669 0.019848
v -0.010835 -0.0117998 -0.0078781
v -0.0102565 -0.0267529 0.002747
v -0.0050773 -0.0378898 0.0046091
v -0.0117254 0.0362599 -0.0060358
v 0.0140985 -0.0118286 -0.0054365
v 0.012998 0.0159925 -0.0024508
v -0.0208588 0.0010153 0.0044666
v 0.0090738 0.0357732 0.0189407
v -0.0032903 0.0183634 -0.0002302
v 0.0001767 -0.0447931 0.0069852
v -0.008551 -0.0240218 -0.009611
v -0.0146948 -0.0029634 -0.0079049
v -0.0106003 -0.0189761 0.0074356
v -0.017697 0.017139 0.0125597
v -0.0141169 0.0140495 -0.0098461
v 0.006604 -0.049435 -0.0065954
v 0.0144429 0.0301978 0.0046832
v -0.0126076 -0.0187951 -0.004924
v 0.0035896 -0.0289005 0.0052703
v 0.0179584 0.0293657 0.0187095
v 0.015249 -0.0006498 -0.0051318
v -0.014729 0.0042582 -0.0095742
v 0.0051442 -0.0455988 0.0073854
v -0.0113689 -0.0195212 0.0066134
v -0.0106539 -0.0327613 0.0005028
v 0.0026907 -0.0247167 0.005508
v 0.0140824 -0.0183195 0.0016095
v -0.0148741 0.0088736 -0.0092894
v -0.0130615 0.0443077 0.0028978
v -0.0058735 -0.0369335 0.0041735
v 0.0119196 -0.0307997 -0.0098338
v 0.0143724 0.0003121 0.0075347
v -0.0060533 -0.0474304 -0.0132139
v 0.0068249 0.0319537 0.0061109
v 0.0161939 0.0050782 -0.0035771
v 0.005151 -0.0251309 0.0053058
v -0.0044901 -0.049435 -0.0098765
v -0.0005678 -0.0263135 -0.013473
v -0.0137865 0.0217823 -0.0080441
v 0.0119395 -0.045169 -0.0115697
v -0.0011899 -0.049435 -0.0093432
v -0.005411 -0.0179792 0.0082911
v -0.0002119 0.0133477 2.85e-05
v -0.0108546 -0.0350566 -0.0001971
v 0.0135563 0.0068126 0.0070924
v -0.0002695 0.0166953 8.7e-05
v 0.0054855 -0.0166612 0.0075451
v -0.0190903 0.0113356 0.0105707
v -0.0140302 0.0161614 -0.0054895
v 0.0053307 0.0233169 0.0013432
v -0.017885 -0.0097385 -0.0001581
v -0.0070846 0.0079402 0.0047163
v 0.0056783 -0.0445968 -0.0146813
v -0.015189 0.0031804 -0.0087577
v -0.0146114 0.020404 0.0139224
v -0.0150831 0.0070801 -0.0019545
v 0.0057476 0.0317727 0.001328
v -0.0067053 -0.0037981 -0.0125659
v 0.0080877 -0.03104 -0.0122556
v 0.0010855 -0.0325576 0.0056329
v 0.0098682 -0.0230377 0.0046638
v -0.0176485 -0.0090304 -0.0012627
v 0.0058902 -0.0039297 -0.0109669
v 0.0138458 0.033276 0.0098201
v 0.0131689 -0.016675 -0.0054104
v -0.0002615 0.017721 -0.0109185
v -0.0171565 0.0160227 0.012778
v -0.0144188 0.0094441 -0.0102898
v -0.0182681 -0.0099219 0.0044746
v 0.0169132 0.0281485 0.0114747
v 0.0047117 -0.049435 -0.0096097
v -0.0006975 -0.0003784 0.0033396
v -0.001791 -0.0351947 -0.0142787
v 0.0139034 0.0336392 0.0086578
v -0.0110447 -0.0317601 0.0001473
v -0.0199475 0.0154448 0.0092517
v 0.0110586 -0.020856 -0.0078668
v 0.016044 -0.0135036 0.0017172
v -0.0106092 -0.0427001 -0.008923
v 0.0158152 -0.0032591 0.0068389
v 0.0152847 -0.0156305 0.0014276
v -0.0028233 -0.0046811 -0.0136765
v 0.0007032 0.0339714 0.0058601
v 0.0126343 -0.0157319 -0.0062378
v -0.0072759 0.0301549 -0.009817
v -0.0190907 0.0042872 0.0017317
v -0.0018278 0.0462386 0.0132227
v -0.0123066 -0.0280784 -0.0015435
v 0.0127783 0.0164623 -0.0002879
v 0.0030226 -0.0462875 0.0075005
v -0.0063877 -0.0362283 -0.0127238
v -0.0179439 -0.0116129 0.0033204
v 0.0124711 0.0175562 -0.0042084
v 0.0153746 -0.012676 -0.0031584
v -0.0176455 -0.0111117 -0.0002598
v 0.005682 -0.0153426 0.0077327
v 0.0145816 -0.0484612 0.0008061
v -0.0072173 0.0429807 0.0061098
v -0.0022754 0.043403 0.0079794
v 0.0097424 0.0312982 0.0121263
v -0.0103395 -0.048546 0.0007218
v -0.0108413 -0.0478022 -0.0001293
v 0.0148441 0.0216216 0.0097543
v -0.0022882 -0.0083152 0.0081541
v -0.0008089 0.039779 0.001586
v -0.0051348 0.0308646 -0.0075502
v -0.005467 0.0364148 -0.0028705
v -0.0017108 -0.049435 -0.0047449
v -0.0116016 -0.0488346 -0.0031244
v -0.0021368 0.0390638 0.0106345
v -0.0124939 0.0183994 -0.0038926
v -0.0099146 0.0344363 -0.0081071
v 0.0172486 0.0052867 -0.0028151
v 0.0100984 0.0125467 0.0058501
v -0.0145298 -0.0094806 0.010548
v -0.0039369 -0.0433233 0.005565
v -0.0026427 0.0356792 0.0013032
v 0.0040485 -0.0025878 -0.0121882
v 0.0146207 0.0264184 0.0031381
v -0.0011594 -0.0363291 -0.0144107
v -0.0104725 0.0474457 0.007359
v -0.0025486 0.0341241 -0.0002164
v 0.0154836 0.0206346 0.0029275
v -0.0179322 -0.011126 0.0043735
v 0.0169806 0.0242973 0.0143922
v -0.0148204 0.0128402 -0.007848
v -0.0034854 0.0426577 0.009449
v 0.0114105 -0.016681 0.0061941
v 0.0154714 -0.0434355 -0.0034058
v -0.0082486 -0.0226857 0.0058455
v 0.001852 -0.0131863 0.0069757
v 0.0016098 0.0357098 0.0076191
v -0.0082196 -0.0389526 -0.0115367
v -0.0024443 0.0325303 -0.0017334
v 0.020254 0.0213406 0.0049406
v -0.017894 -0.0118348 0.002098
v 0.0016075 0.0286517 0.0022963
v 0.0083365 -0.0032923 0.0069097
v 0.0012972 0.0283071 -0.0083789
v 0.0004119 0.0122917 0.0001625
v 0.0092881 -0.0278119 0.003826
v 0.0052465 0.0071848 -0.0103263
v 0.007012 -0.0453419 0.0070926
v -0.0113251 0.041323 0.0056067
v -0.0034328 -0.0026484 0.0083843
v -0.0106727 0.0403353 0.0050184
v -0.002522 0.0317929 -0.0007066
v -0.0051952 0.0198912 -0.0105285
v 0.0065016 0.0081755 0.0035239
v 0.0194226 0.0079096 0.0014765
v -0.0132567 0.0277156 -0.0082594
v 0.0191103 0.0037364 0.0005377
v 0.0069173 -0.0466744 0.0072015
v 0.0069707 -0.0224611 -0.0109963
v -0.0054708 -0.0071431 0.0110249
v -0.0153042 0.0074433 -0.0079974
v -0.0132191 0.0132581 -0.0114448
v 0.0131984 0.0226121 -0.0027189
v 0.0147584 -0.0073411 -0.0051571
v -0.0120478 0.0274466 -0.0098447
v -0.0136875 -0.0157903 0.0078715
v -0.0180175 0.022612 0.0109419
v 0.0032044 -0.0352232 0.0059248
v -0.0128362 0.0165486 -0.011029
v -0.0018397 -0.0168919 -0.0120799
v 0.0115097 0.0371421 0.0089707
v 0.0115941 0.0384793 0.0121878
v 0.0030247 -0.0364792 0.0061073
v 0.0088502 -0.0122234 0.0080247
v 0.0056823 0.0307021 -0.005462
v 0.0024741 -0.0310002 -0.0134167
v -0.0114468 0.0372375 -0.0054336
v 0.0140774 -0.0367144 -0.0051013
v -0.0019198 -0.0038734 -0.0138971
v 0.0130074 0.0181539 0.0048253
v 0.0022774 -0.0269647 0.0053848
v 0.014493 0.024651 0.0004651
v -0.0017334 0.0296608 -0.0050268
v 0.0037627 -0.0315634 -0.0132967
v -0.015122 0.0087815 -0.0048767
v 0.003304 -0.0337851 -0.0137315
v 0.0148343 -0.0413194 -0.0019667
v 0.0151942 -0.0425595 -0.0023936
v -0.002722 0.0296193 -0.0010056
v 0.0072174 -0.0157133 -0.0102982
v 0.0002658 0.0372636 -0.0020313
v -0.0017251 0.036117 -0.0007095
v 0.0079755 0.0164429 0.0049292
v 0.0069109 -0.0188625 -0.010655
v 0.0078664 -0.049435 -0.0086816
v -0.0112036 0.0347861 0.0009973
v -0.0148052 0.0087327 0.0015032
v 0.0048342 0.004004 -0.0104272
v 0.0121831 0.0310446 0.0011482
v 0.0013462 0.014624 -0.0121599
v -0.0182145 0.0248017 0.0098434
v 0.013236 0.0204936 0.0038832
v -0.0138075 0.0134542 -0.0106355
v -0.0172404 0.0196764 0.0128879
v -0.0039685 -0.0056714 0.0098173
v 0.0055015 0.0237631 0.0024392
v 0.0024378 0.0405088 0.0016742
v 0.0059568 0.0310118 0.0004535
v 0.0054621 0.0367468 0.0021155
v 0.0129774 0.019039 -0.0030707
v 0.0109944 0.0100284 -0.006978
v -0.0119228 0.0407747 0.0045878
v 0.0087726 0.0285097 -0.0008789
v 0.0031773 -0.0493209 -0.0143197
v -0.0119495 -0.0006796 0.0132398
v 0.003375 -0.0093167 0.0066893
v 0.0051047 -0.0029122 0.0050389
v 0.0150672 0.020415 0.0097683
v 0.0070048 -0.049435 -0.0052913
v 0.0173195 -0.0014496 0.0057112
v -0.0083367 -0.0291459 0.0034036
v 0.0061557 0.0095239 -0.0096619
v 0.0049237 -0.0321044 -0.0131807
v 0.0096013 0.0281013 -0.0016993
v 0.0136746 0.0273961 0.0072685
v -0.0129506 0.028096 -0.0032892
v 0.0168152 0.0106861 0.0067062
v -0.0021159 -0.0461244 -0.0147917
v -0.0107446 0.0235445 -0.0111708
v 0.0137434 -0.0106183 0.0069202
v -0.0120823 -0.0222631 0.0035195
v 0.015111 -0.0083254 -0.0046038
v 0.0012336 0.0446083 0.0101703
v 0.0083576 -0.0190274 0.0067313
v 0.0178406 0.0262612 0.0174195
v -0.0094882 -0.0065228 0.012579
v -0.0073182 0.0430206 1.88e-05
v -0.0123688 0.0076801 0.0109749
v -0.0142734 -0.0059919 -0.0072135
v -0.0181109 0.0236941 0.0102909
v 0.012106 0.0087422 0.0067051
v -0.0098282 0.0080144 0.0067151
v -0.0061172 -0.0226354 0.006167
v -0.014903 -0.0030907 0.0121347
v -0.011182 0.0217156 0.0092774
v 0.0156112 0.0070954 -0.003706
v -0.0191651 -0.001438 0.0092173
v -0.0103005 0.0191038 -0.0028022
v -0.0096732 0.0360608 0.002092
v 0.0020054 -0.0354432 -0.0141837
v 0.0151901 -0.0428508 -0.0058588
v -0.0047244 6.1e-06 -0.0142498
v -0.0148061 0.0019298 -0.0091116
v -0.0026645 -0.0236484 0.0058272
v 0.0064823 0.0194668 0.0036231
v 0.0104143 -0.037972 -0.0120137
v -0.0076295 0.032378 -0.0089998
v -0.0106648 0.0326638 -0.008926
v 0.0064053 -0.0200967 0.0066616
v 0.0070166 -0.0494199 0.0055909
v 0.0032702 -0.049435 -0.0079276
v -0.0004069 -0.0415572 -0.0148561
v -0.0075996 0.0084399 -0.0149559
v -0.0201156 0.015616 0.0078817
v 0.0052508 0.0343787 0.0038068
v -0.0153259 0.0067597 -0.0007734
v -0.0084128 0.0398211 -0.0037488
v -0.0121019 0.0271316 -0.0026655
v 0.0175406 -0.0042351 -0.001586
v 0.0077449 0.0152475 0.0048347
v 0.0078361 -0.0289794 0.0045268
v -0.007527 -0.0314033 0.0035016
v 0.0091423 0.0176889 -0.0056889
v 0.0066619 0.0335724 0.0105734
v 0.0051877 -0.049435 -0.0063145
v -0.0070739 0.0379337 0.0027036
v -0.0076972 -0.0312358 -0.0115055
v -0.014949 0.0075156 -0.0092184
v -0.0141859 0.0093644 0.001962
v 0.013231 0.0089266 0.0071088
v -0.0075836 -0.0493198 -0.0109504
v 0.0147362 0.0275448 0.0029918
v 0.0106332 0.0368221 0.0080925
v 0.0009263 -0.0265074 0.0054778
v 0.0200226 0.0132552 0.0033634
v -0.0152483 0.0196327 0.0138112
v 0.0039953 0.0214657 0.0012876
v 0.0102305 0.012062 -0.0068935
v -0.0119683 0.0285631 -0.0025027
v 0.0132989 0.0282707 -0.0004252
v -0.0030915 -0.0103848 -0.0122506
v 0.0017664 -0.049435 -0.0009898
v -0.0022266 0.0253037 -0.0007213
v 0.0186414 0.0215737 0.0034468
v 0.0099827 -0.0342132 0.003587
v -0.0078305 0.0354353 -0.0070538
v -0.011292 0.0207815 0.0080291
v 0.0017655 0.0181792 -0.0107412
v 0.0141649 0.0269878 0.0001834
v -0.0016908 -0.0110446 0.0076471
v 0.0131889 -0.0078243 -0.0067949
v 0.0127635 0.001808 -0.0065905
v -0.0136409 0.0114683 0.0029443
v 0.0154652 0.0284033 0.0168137
v 3.47e-05 0.0432295 0.0053634
v -0.0111028 0.0138281 0.0071164
v -0.0112266 0.019746 0.0097996
v 0.0054553 -0.0066529 -0.0111001
v -0.0032937 -0.0047357 0.0088951
v 0.0074063 -0.0236889 -0.0109999
v -0.0124048 0.043854 0.001133
v 0.0035546 -0.0147454 0.0074865
v -0.0113377 0.022459 -0.0110507
v 0.0159625 -0.0139125 0.0001867
v 0.015126 -0.0489728 -0.0034926
v -0.0029481 -0.0149357 -0.0117833
v -0.0027988 -0.0400451 0.0056006
v 0.0053805 0.0334585 0.0030903
v -0.0068111 0.0412185 -0.0015395
v -0.0146941 0.0135803 -0.0068342
v -0.0127282 -0.0156835 0.0086607
v -0.0097964 0.0182305 -0.0126245
v -0.0142285 0.0148207 0.0128016
v 0.0068247 -0.049435 0.003465
v 0.0144955 0.0035506 0.0069985
v 0.0153914 0.0255097 0.0125452
v 0.0131205 0.0307953 0.0017941
v 0.015464 -0.0463099 -0.0060116
v -0.000771 -0.0149968 0.0072769
v -0.0186678 -0.0086089 0.0041926
v 0.0051132 0.0211435 -0.0082748
v -0.0059598 0.020504 -0.0110627
v 0.0046646 0.0078615 0.0023861
v 0.0183054 0.0008416 0.0046148
v -0.0145361 -0.0171734 0.0056479
v -0.0023326 -0.019747 0.0066308
v -0.0025126 -0.0472956 -0.0146964
v 0.0153962 -0.0431574 -0.00462
v -0.0110131 0.0107607 0.0085616
v -0.0028074 0.0401069 0.0124363
v -0.0143472 0.0269261 0.0129028
v 0.0060921 0.035799 0.0133816
v 0.0139531 0.0253661 0.0048795
v 0.0093417 -0.0424689 -0.0130493
v 0.0123167 0.03176 0.0022168
v -0.0157896 -0.0140028 -0.0027868
v 0.0021689 -0.0472937 0.0075565
v -0.0145 -0.0186886 -0.0008839
v 0.0089341 0.0408098 0.0168386
v -0.0118594 0.0298486 -0.0023283
v 0.0057215 -0.049435 -0.0088163
v 0.019084 0.003032 0.0024525
v 0.0050333 0.0360958 -0.0016027
v 0.017205 -0.005466 -0.0019905
v 0.0157287 -0.01355 0.0030001
v 0.0010616 0.0249962 -0.0094394
v 0.0072003 -0.0200598 -0.010611
v -0.0136116 0.0181205 -0.0094227
v -0.0177863 0.0086671 0.0113907
v -0.0114496 0.0145075 0.0061466
v 0.000159 -0.0193274 0.0064433
v 0.0143429 0.020189 0.0077026
v 0.0036892 -0.0268545 -0.0125639
v 0.003316 -0.0326394 0.0055942
v -0.0142923 0.019306 0.0137283
v -0.0116199 0.0172427 0.0080251
v 0.0055443 -0.0327593 0.005418
v 0.013345 -0.0310331 -0.0062001
v -0.0014894 0.041399 0.0042053
v 0.0077703 0.0254617 -0.0020035
v 0.0075621 -0.0058003 0.0074801
v -0.0024087 -0.0306784 -0.0138467
v -0.0051358 0.034351 -0.0044521
v 0.0209468 0.0195738 0.0064838
v 0.0026084 0.0283721 -0.0082357
v -0.0201347 0.0131988 0.0065654
v -0.0021121 -0.0085245 -0.0129046
v 0.0172095 0.0267602 0.0094984
v 0.0142923 -0.0037705 0.0076608
v 0.0089626 0.0318818 0.0023882
v -0.0012939 -0.0373127 0.0057767
v 0.0200473 0.0219826 0.0122957
v -0.0145819 0.0282265 0.0098242
v -0.0108721 0.0117839 0.0077454
v -0.0071623 -0.0229967 0.0059244
v 0.0060388 -0.03851 0.006194
v 0.0134558 0.025829 -0.0015435
v 0.0124601 0.0364418 0.0090572
v 0.0030474 -0.007406 -0.0126056
v 0.0158266 0.0224341 0.0116085
v 0.0156313 -0.0019384 0.0071009
v -0.0107915 0.0105353 0.0073464
v 0.0042137 0.032359 -0.0059608
v 0.0128184 0.0361372 0.0138133
v -0.0032019 -0.037075 0.0052988
v 0.0024289 -0.049435 0.0033495
v 0.0133176 -0.0251303 -0.0030295
v -0.0035966 0.040575 0.010532
v -0.0029011 -0.0485466 -0.0144136
v 0.0185844 0.0115664 0.0058613
v 0.0073086 -0.0088015 -0.0099021
v -0.0141154 -0.019421 0.0029996
v -0.0077162 0.0272748 -0.0014648
v -0.0112928 0.0097868 0.0093278
v -0.0114937 0.0110513 0.0097112
v -0.0131028 0.0411329 0.0027738
v 0.0075703 0.0165481 -0.0060831
v -0.011586 0.0109214 0.0042888
v -0.0015554 -0.0242565 0.0057252
v -0.014172 -0.0168755 -0.0034719
v 0.004564 0.033147 -0.0053181
v 0.0156452 -0.0453045 -0.005149
v 0.0068241 -0.021012 0.0062845
v 0.0090292 -0.001177 0.006406
v 0.0013165 0.019957 0.0009535
v 0.0029858 0.0177399 -0.0104002
v -0.0044825 -0.0186343 0.0076852
v -0.0011947 -0.0419017 -0.014767
v 0.013548 0.0318976 0.0040109
v -0.0102823 -0.0304986 -0.0089541
v 0.0052319 0.0136807 -0.0092639
v 0.0156285 0.0193337 0.009664
v 0.0088153 -0.0309014 0.0041392
v -0.0021348 -0.0440277 -0.0146882
v -0.0027608 -0.0450992 -0.0145739
v 0.0090189 0.0351218 0.0179606
v -0.0105456 0.0092918 0.0048687
v 0.0133048 0.0246981 -0.0021582
v 0.0075059 -0.0493699 -0.0126866
v 0.0183649 -0.0008244 0.0040093
v 0.0152341 0.0235259 0.0086461
v -0.0114692 0.009964 -0.0133076
v 0.0186657 3.03e-05 0.0032466
v -0.0057389 0.0364609 -0.0041325
v -0.0103784 0.0030225 -0.0125771
v -0.0013107 -0.0220213 -0.0127697
v 0.0148591 -0.0487815 -0.0005235
v 0.0097185 0.0363663 0.0074822
v 0.0102384 -0.0416387 -0.0124611
v -0.0122486 0.0175847 0.0118742
v 0.0207354 0.0187676 0.0074903
v 0.012909 -0.0292046 -0.0014669
v -0.0016375 -0.0190596 -0.0122981
v 0.0129983 -0.0361486 -0.0001719
v -0.0110234 0.0090017 -0.013601
v 0.0157479 0.0244768 0.0126432
v -0.0077413 -0.0302529 -0.0113433
v 0.0150004 -0.0156025 0.0026783
v -0.0088964 -0.0419347 0.0021158
v 0.0091916 -0.02488 0.0043954
v 0.0121681 -0.0126293 -0.0073931
v 0.0099891 -0.0302879 -0.011316
v 0.000112 0.0400717 0.001175
v 0.0153509 0.0261023 0.0137472
v 0.0042335 -0.0359599 0.0060005
v 0.0104854 0.0341221 0.0159306
v -0.0111562 0.0120727 0.0089286
v -0.0199265 0.0106185 0.0092408
v -0.0139338 -0.0030476 -0.0086265
v 0.0154105 0.0268028 0.0124646
v 0.0034014 -0.0278696 -0.0127717
v -0.0102865 0.033867 0.0008909
v 0.0006978 -0.0211681 0.0060004
v -0.0108815 0.0060111 0.0103575
v 0.0011316 -0.0206427 -0.0127986
v -0.0081164 -0.0416218 -0.0117315
v 0.0039216 -0.0116729 0.0074003
v -0.017829 -0.0050551 -0.0024216
v 0.0092596 -0.0493958 -0.0115824
v 0.0062854 0.0271134 0.0040881
v 0.0036279 -0.0104871 0.0070746
v 0.0150683 -0.0125624 0.0049502
v 0.0181885 0.0136649 0.0072193
v -0.0108727 0.0011682 0.0131693
v 0.01002 -0.0302537 0.003143
v -0.0142818 -0.0083336 0.0111125
v 0.0154616 0.0295103 0.0163505
v 0.0135875 -0.033951 -0.0037087
v 0.0138856 0.0232982 -0.001413
v 0.0087457 0.0274215 -0.0015926
v 0.0125552 0.0373242 0.0136751
v 0.0045805 0.0109461 -0.01128
v -0.0100973 -0.0043697 -0.0106682
v 0.0133745 -0.0240982 -0.0036921
v -0.0018132 -0.0493167 -0.0141029
v 0.0154389 0.0059505 -0.0039973
v 0.003934 -0.0494243 0.0057841
v 0.0138754 0.0064347 -0.005367
v -0.0112713 -0.0037761 0.0129892
v -0.0072123 0.0369469 -0.0056155
v -0.0058322 0.0139471 -0.0004194
v -0.0098058 -0.0076506 -0.0097378
v -0.0029959 0.0415277 0.0145007
v 0.015725 -0.0457074 -0.0025699
v 0.0049582 0.0354243 -0.0027253
v -0.0103491 -0.0083996 -0.0091526
v -0.0069394 0.0087329 0.0025595
v -0.0163335 0.0048127 -0.0056632
v 0.0111967 -0.0460874 0.0052734
v -0.00555 0.0150419 -0.0130958
v 0.0171626 0.0139396 0.0076092
v 0.0016556 -0.0101561 -0.0126296
v -0.0094428 -0.0275557 0.0031158
v 0.0082788 -0.0021336 -0.0095083
v 0.0092673 -0.0148472 -0.0092522
v 0.0058566 0.0361119 0.0142996
v -0.0017251 0.0382226 0.008926
v -0.0147312 0.0013079 0.0127245
v -0.0146788 0.0099851 0.0121419
v -0.0084585 -0.0036534 -0.0117501
v 0.0139354 0.021775 0.0004554
v 0.0006176 0.0185876 -0.0107006
v -0.0134449 0.0212915 -0.0050161
v -0.0036178 -0.0339007 -0.0138239
v -0.0015224 -0.0020462 0.005196
v -0.0126822 -0.0022997 -0.009919
v -0.0103531 -0.0130192 0.010935
v 0.0163156 0.0001471 0.0067931
v -0.0120726 -0.0196749 -0.0054657
v 0.0138246 0.0213191 -0.0003895
v 0.0051408 0.0257019 -0.0077053
v -0.0129091 0.0103045 0.0028792
v 0.00756 0.0342297 0.0144942
v 0.0077565 0.0001225 0.0051922
v 0.0153425 -0.0450237 -0.0064247
v 0.0006029 0.0093771 -0.0136331
v 0.0042447 0.0207665 -0.0091178
v 0.0156956 0.0037441 0.0070083
v 0.0062686 -0.0247651 0.0052294
v 0.0030728 0.0121151 -0.012333
v -0.020531 0.0081249 0.0057653
v 0.0072194 -0.0255972 0.0049104
v 0.0004585 -0.0241301 -0.0131344
v -0.0116076 -0.0132724 0.0105071
v 0.0157083 -0.0114102 0.0046927
v -0.0116566 -0.0144598 0.0099356
v 0.0141626 -0.0493388 -0.005603
v -0.0050036 -0.0493863 -0.0125117
v 0.0106689 -0.043387 0.0052633
v 0.0134028 -0.0361343 -0.0083884
v -0.0018581 0.0089441 -0.0003159
v -0.0131031 0.0024845 0.0130022
v -0.0142762 0.0129199 -0.0099161
v -0.0021116 -0.0490744 0.0064096
v -0.0104767 0.0225565 -0.0024676
v 0.0107507 -0.016502 -0.0078273
v 0.0106626 0.0104143 0.0060093
v 0.0079981 0.0212156 -0.0044353
v -0.0027848 0.0024395 0.0038952
v -0.0104247 -0.0170948 -0.0076198
v -0.0121793 0.0008187 -0.0111476
v -0.0151824 0.0145538 0.0033134
v 0.0053563 0.0363873 0.0034889
v -0.011223 -0.0291807 -0.0075004
v -0.0021584 0.0380822 0.0019625
v -0.0096398 -0.0194275 0.0074642
v 0.0017058 -0.049435 -0.0048509
v 0.0065863 0.0321304 0.0084783
v 0.0102435 -0.0245028 0.0039387
v 0.0150563 -0.0460379 -0.0072587
v 0.0147813 0.006951 0.0073185
v 0.0011224 0.0024506 0.0015722
v -0.0007266 0.0244083 -0.0087235
v -0.0039677 -0.0494347 0.0037788
v -0.0077442 0.0174803 -0.0128848
v 0.0078119 0.0348255 0.0071817
v -0.0081531 0.0373409 -0.0057066
v 0.0206841 0.0229149 0.0070354
v -0.0094808 -0.0222346 0.0056636
v -0.0113415 -0.0239539 -0.0063831
v -0.0110158 -0.0303979 -0.0079544
v -0.0026828 0.0356364 0.0037134
v 0.0152851 0.0133527 0.0071923
v -0.0043049 -0.0373309 -0.0137549
v -0.0142293 0.0019956 0.0128422
v 0.0156575 0.0121211 -0.0022851
v 0.0189372 0.025953 0.0170599
v 0.0045531 0.0369668 0.006626
v 0.0119534 0.0382961 0.0134083
v 0.0101912 0.0270795 0.0082817
v 0.0017795 0.0294187 -0.0079236
v 0.0008867 0.0072686 -0.0134132
v -0.0012256 0.0040709 -0.0142706
v 0.0169752 -0.0045694 -0.0026792
v -0.0102631 0.0125036 -0.0138189
v 0.0063615 0.0024816 -0.0100842
v 0.0162898 0.020793 0.011305
v -0.0065121 -0.0449754 0.0044653
v 0.0056401 0.0372705 0.0143138
v 0.0157183 0.0219991 0.0045473
v -0.0141001 -0.0089587 -0.0062986
v 0.0066768 -0.0321296 0.0051208
v -0.0012185 -0.0410071 0.0061309
v 0.0144878 -0.0409662 -0.0008529
v 0.0157768 0.023565 0.0119998
v 0.0191309 0.009104 5.81e-05
v -0.011064 0.031345 -0.0012231
v 0.00702 -0.0288202 -0.0121354
v 0.0132221 -0.0249671 -0.001854
v 0.0131215 0.0199485 -0.0026477
v -0.0062745 0.0364037 -0.0053012
v 0.0084549 -0.0424658 0.0062254
v -0.0052704 0.0209817 -0.0102674
v 0.0091735 0.0328893 0.0135363
v -0.0123289 0.022405 -0.0103343
v -0.0023353 0.0339145 0.0029346
v -0.0055005 -0.0083305 0.010999
v 0.0152544 0.0275551 0.0159334
v 0.0160939 0.0272164 0.0113181
v 0.01411 -0.0373166 -0.0061617
v 0.0168916 0.0289643 0.0183899
v 0.0022332 -0.024803 -0.0127297
v 0.0108874 -0.0333663 0.0024671
v 0.003289 -0.0339335 0.0057491
v 0.0130836 -0.0281125 -0.0020336
v 0.0166298 0.0299017 0.014483
v 0.0085482 0.00249 -0.009149
v 0.0103654 -0.0336171 -0.011594
v -0.0138072 -0.0195643 -0.0020894
v 0.0073928 0.0209144 0.0046255
v -0.0028058 0.0016254 -0.0147272
v 0.0018214 0.0105779 -0.0131452
v -0.0108491 -0.0238139 -0.0070732
v 0.0080121 0.0223016 -0.0039552
v -0.0119026 0.0310704 -0.001968
v -0.0042659 -0.0085566 -0.0123493
v 0.0041454 -0.0402226 0.0066437
v 0.0014494 0.0126137 -0.0128718
v -0.0106999 -0.0281034 -0.0080729
v 0.0130259 -0.0494055 -0.0002509
v -0.0012823 -0.0129966 0.0074896
v -0.0141308 -0.0179159 -0.0028714
v 0.0048578 -0.0179331 0.0072684
v -0.0023281 -0.0073703 0.0081085
v -0.0052548 -0.012484 -0.0112335
v 0.010643 -0.0071464 -0.0085577
v -0.0056161 0.0245232 -0.0100541
v 0.0064639 0.0107865 0.0035375
v -0.0115116 -0.0422399 -0.0068803
v 0.0099866 -0.0267661 0.0034838
v -0.0181576 -0.0086758 0.0063062
v -0.0027136 0.0299955 -0.0026478
v 0.0103069 -0.0249702 -0.009606
v 0.0190073 0.0240844 0.0060833
v 0.0028302 -0.0376198 0.0062627
v -0.0122252 -0.0208509 -0.0049832
v 0.0117538 -0.0232033 0.0029784
v -0.0061551 -0.049435 -0.0085802
v -0.0206015 0.0051298 0.0044032
v 0.0139583 0.019413 0.0066803
v 0.009025 0.003916 0.004997
v -0.0113069 -0.0299325 0.0002278
v -0.0111336 0.0097978 0.0040967
v 0.0049898 0.0282772 -0.0070732
v 0.0094456 0.0247963 0.0068415
v 0.0140354 -0.0493552 -0.0022337
v 0.0101192 -0.0227307 -0.0091722
v -0.0100294 -0.0316214 -0.0093746
v -0.0043443 -0.0243267 0.0057333
v -0.0011177 0.0072655 -0.0142579
v 0.0068468 0.0301006 0.0076123
v 0.0003203 0.0378215 0.0097386
v -0.0107634 -0.031574 -0.008431
v -0.0039243 -0.0380968 0.0050987
v 0.0135673 0.0195176 0.0050515
v 0.0161809 -0.0106968 -0.0023077
v 0.0043135 0.0118617 0.0023262
v -0.0010252 0.0273223 0.001059
v -0.0043194 -0.0412232 0.0051626
v -0.0196762 0.0063404 0.0032464
v -0.0055629 -0.0095743 0.0109465
v 0.0077702 0.0022679 0.0047842
v 0.0092569 -0.0410782 -0.0129576
v -0.0145024 -0.0106274 0.0101127
v 0.0101318 -0.0204864 -0.0086767
v -0.0066307 0.0436407 0.0038146
v -0.0116061 0.0325912 -0.0084519
v 0.0024301 -0.0296536 -0.0132189
v -0.0023422 0.0462554 0.0141276
v 0.0035693 -0.0302491 -0.0131081
v 0.0125393 0.0164712 0.0057524
v -0.0094906 0.0462026 0.0033209
v 0.0134006 -0.0233069 -0.0026443
v -0.0009928 0.0436914 0.016615
v -0.0068456 0.0181873 -0.0008325
v -0.0109983 -0.0362948 -0.0006355
v -0.0183799 -0.0096977 0.0021951
v -0.0038207 0.0251938 -0.0044443
v 0.0132809 -0.047772 -0.0099479
v 0.0105572 -0.0217346 -0.0085609
v -0.0052033 0.0353462 -0.0022888
v 0.0078227 0.0229518 0.0058367
v -0.0139167 -0.0048563 -0.0079462
v -0.0141996 -0.0041832 0.0122757
v -0.0134825 0.0201814 0.0135872
v 0.0030233 -0.049435 -0.0066377
v 0.0062918 0.0121083 0.0034365
v 0.002052 -0.035789 0.0059984
v 0.0050829 0.0312854 0.0021183
v -0.0026337 0.0254371 -0.0052335
v -0.0029934 0.0254493 -0.0018938
v 0.0070994 0.0338521 0.0072569
v -0.0024147 0.0238361 -0.0064266
v -0.0053937 0.0234198 -0.0100353
v -0.0136548 -0.0020434 -0.0092375
v -0.0107847 -0.0337172 -0.0084688
v 0.0178012 0.0048037 0.0060404
v 0.0066274 0.0141174 -0.0076895
v 0.0106617 -0.0208925 0.0050126
v 0.0023634 -0.0052261 0.0048515
v 0.0039496 0.0195679 -0.0093866
v -0.000795 0.044673 0.0090492
v -0.0117683 -0.032771 -0.0015423
v 0.0013035 -0.0425077 -0.0150292
v 0.0157828 0.0027549 -0.0041502
v -0.0017464 0.0204338 -0.0002788
v 0.016398 0.0062186 -0.0032761
v -0.0040376 -0.0040883 -0.0135293
v -0.0109055 -0.0419484 -0.0006642
v 0.0082277 -0.0416649 -0.0134905
v -0.0015987 0.0045157 0.0015288
v 0.0094455 -0.0375428 -0.0125091
v 0.0043662 -0.0346539 0.0057953
v -0.0018635 0.0096549 -0.0142882
v -0.0030051 0.014229 -0.0126275
v -0.0021161 -0.0494341 0.0045231
v -0.0078352 -0.0206043 -0.0097725
v -0.0032051 0.0451941 0.0125096
v 0.0010694 0.0134771 0.0003741
v 0.0204637 0.0274371 0.0159484
v 0.005718 -0.0191264 -0.0111536
v -0.0134652 0.0156822 -0.0104869
v -0.0186272 0.0218303 0.0075584
v 0.0172027 0.0256224 0.0164401
v 0.0198187 0.0224459 0.0052391
v -0.0177331 0.0288216 0.0112942
v -0.0136969 0.0087991 0.0011655
v 0.0108081 0.0288818 0.0102983
v -0.0182956 0.0277399 0.0114475
v 0.0102362 -0.0166228 0.0067329
v -0.0175221 -0.0118022 0.0051921
v -0.0102239 0.0247552 -0.0111441
v 0.0055912 0.0356241 0.0024424
v 0.0006733 0.0364803 -0.0030314
v 0.0032629 0.0089168 -0.0123993
v 0.0154513 0.0246832 0.0116334
v 0.0006886 0.0155465 -0.011857
v -0.0077524 0.0150804 -0.0137012
v -0.0040081 0.0046791 0.003588
v -0.0109793 -0.0451813 -0.0082835
v 0.016777 0.0272104 0.0178126
v -0.0137117 0.0099873 -0.0112982
v -0.0008814 0.0187696 0.0001274
v 0.01436 0.0156234 0.0074609
v 0.005516 0.0390288 0.015612
v 0.0101814 -0.0143515 -0.0086492
v -0.0161663 0.017884 0.0133822
v -0.0110663 -0.0346449 -0.0079933
v 0.0109198 -0.002559 -0.0083814
v -0.0143577 0.0137662 0.0126733
v 0.0107345 -0.0107647 -0.0085081
v 0.0125569 -0.044407 0.0038472
v 0.0093253 -0.0488973 -0.0128667
v -0.0121995 0.0332629 -0.0005586
v -0.0109141 0.042331 -0.0014543
v -0.0087826 -0.0100806 -0.0097003
v 0.0063501 0.0324258 -0.0010038
v -0.000294 0.0256293 0.0010128
v 0.002405 -0.0484868 0.0075292
v -0.0008923 0.0324861 -0.0049294
v 0.0118024 -0.0139161 -0.0074684
v -0.01333 -0.0050158 0.0124431
v -0.0039665 0.0437801 0.0121038
v 0.0158442 -0.0123898 0.0037529
v 0.0004877 -0.0494348 0.004544
v -0.0027605 0.0080023 -0.0001285
v -0.0122099 0.0249716 0.0088933
v -0.0061528 0.0124393 -0.0144025
v 0.0162543 -0.0113224 0.0037129
v -0.0023641 0.0236106 -0.0018414
v -0.0116499 0.0237656 0.0105082
v -0.010631 -0.0151997 0.0098891
v 0.0128488 -0.0200836 0.0028453
v 0.0108988 0.0384964 0.0110318
v -0.0131013 0.0089648 -0.0119538
v -0.002627 0.0050229 0.0019967
v 0.0110151 -0.0147834 -0.007919
v 0.0014345 0.0390897 -0.0003357
v 0.0040869 0.0347327 -0.0042777
v -0.0202362 0.0084846 0.0084304
v -0.0035047 0.0194367 -0.0089275
v -0.0087932 0.0446502 0.0075906
v 0.0049233 0.0346915 -0.0036806
v -0.0161926 -0.0151551 0.0047901
v 0.0004491 0.0399662 0.0137145
v 0.0065976 0.0313783 0.0074269
v 0.0161625 -0.0007259 -0.0043901
v -0.0063338 0.0101147 -0.0150204
v -0.0024841 -0.0359458 0.0054351
v 0.0183069 0.0173181 0.009145
v -0.0119788 0.0240768 0.0114452
v 0.0064103 -0.0111847 0.0079886
v 0.0115021 -0.0116869 -0.0080181
v -0.0143382 0.0140933 -0.0057717
v 0.0068408 -0.0078886 -0.0101522
v -0.018546 0.0222758 0.00864
v -0.0109364 0.0436488 -0.0001445
v 0.0167282 0.0030339 -0.0035152
v 0.0158025 0.0215507 0.0112341
v -0.0060989 0.0171004 -0.0123933
v 0.0165451 0.00738 -0.0029839
v -0.0118233 0.0408085 -0.0021587
v -0.0109262 0.0405013 -0.0029613
v -0.0109447 -0.0406921 -0.0082809
v 0.011933 -0.0212887 -0.0070317
v 0.0187044 0.0005589 0.000358
v -0.0017194 -0.0399931 0.0058957
v 0.0068081 -0.014877 0.0077852
v 0.0153378 0.01547 -0.0007366
v -0.0076377 -0.0030756 -0.0123187
v -0.0065123 -0.0468763 0.0048016
v 0.0017795 -0.0260142 -0.0129642
v -0.0198692 -0.000409 0.0087139
v 0.0167144 0.0157108 -0.0006964
v -0.0070663 0.0235627 -0.0018486
v 0.0001163 4.37e-05 -0.0135662
v -0.0029751 0.0243928 -0.0054707
v -0.0022044 0.0012504 0.0040402
v -0.0049306 -0.0113927 0.0103036
v 0.0128992 -0.0089614 -0.0069922
v 0.0163371 0.018335 0.0094187
v -0.0141127 0.0185985 -0.0069165
v 0.0048549 -0.0267687 -0.0122878
v -0.0026917 -0.0186806 0.0071051
v -0.0182597 -0.0059084 0.0080386
v 0.0048906 -0.0181143 -0.0114612
v -0.0134459 0.022675 -0.0087732
v -0.0139491 0.0220215 -0.0068801
v 0.0116864 -0.0070216 -0.008021
v 0.0118288 -0.0033044 -0.0079458
v 0.0205347 0.0230315 0.0126236
v 0.0161764 0.0110545 -0.0024288
v 0.0029602 0.0001755 -0.0120957
v 0.0167338 0.0224411 0.0042217
v 0.0168405 0.0236614 0.0058818
v 0.0066426 0.0334154 0.0083467
v 0.0082524 0.0131535 0.0047617
v -0.0142545 0.0274933 0.0120532
v 0.0192286 0.004221 0.0016405
v 0.0021561 0.0023738 0.0017932
v 0.0180607 0.0210934 0.0027492
v -0.0083313 -0.0262533 0.0043119
v -0.0149467 0.0246052 0.0053331
v -0.0040195 -0.0494139 -0.0124536
v 0.0062753 0.0043761 0.0035192
v -0.0058781 0.0402412 0.0013346
v -0.007454 0.0400312 -0.0031701
v 0.0160432 0.0244704 0.0079773
v -0.0064191 0.0192804 -0.0009143
v 0.0101643 -0.015602 -0.0085229
v -0.0149247 -0.0074178 0.0109759
v -0.0111979 -0.0430882 -0.007763
v -0.0030147 0.011394 -0.0001652
v -0.0116254 0.0138483 -0.012682
v -0.002438 -0.0054605 0.0079606
v -0.0007318 0.0391738 0.0124141
v 0.0170642 0.0288873 0.0124551
v 0.0139705 0.027045 0.0062394
v -0.0049905 0.0325443 -0.0060438
v 0.0135771 -0.0331661 -0.0046933
v -0.000181 -0.049435 0.0034007
v 0.0064312 0.0355827 0.0115204
v -0.0113964 0.0360589 0.0014208
v 0.0068417 -0.0175672 -0.0105768
v -0.0164532 0.0021101 0.0119835
v 0.0103929 0.0039498 -0.0081871
v 0.0125824 0.0219274 -0.0034738
v 0.0038972 0.0005974 0.0030017
v 0.000147 -0.0008203 -0.0135724
v 0.0164335 -0.0098887 -0.0021277
v -0.0074435 -0.0367125 0.0032152
v -0.0034707 0.0444872 0.0117539
v 0.0091096 0.0296422 -0.0002525
v 0.0069565 0.0160571 0.0044539
v -0.0150653 0.0215632 0.0140534
v 0.0130264 0.0171272 -0.0025927
v 0.0069598 0.0416063 0.019992
v -0.0116419 0.0124239 0.0100897
v -0.0095467 -0.0361206 0.0013914
v -0.0062235 0.0413079 -0.0003722
v 0.007121 -0.0278094 0.004727
v -0.001014 -0.049156 0.0066905
v 0.0134123 -0.0227941 -0.0037613
v -0.0100641 0.0093778 0.0038128
v 0.0082387 -0.0289486 -0.0118019
v 0.0134904 -0.0221075 -0.0026526
v 0.0024886 -0.0189578 -0.0124974
v 0.0070945 0.0355678 0.0093218
v -0.0148469 0.0258746 0.0059913
v -0.0114787 0.0306183 -0.0093519
v 0.0092404 0.0116495 -0.0075032
v 0.0187983 0.0042507 0.0042963
v 0.0194741 0.0254589 0.016311
v 0.0048278 0.038705 0.0178029
v -0.0185705 0.0094301 0.0108712
v -0.0128892 0.0331758 -0.0016121
v -0.0109171 0.0290353 -0.001937
v -0.0160322 0.0021029 -0.0070956
v -0.0132076 0.0095144 0.0019778
v -0.0076289 -0.049435 -0.0018994
v -0.0181473 0.0075432 0.0111321
v -0.0135234 0.0168693 -0.0099826
v -0.0138163 0.0229658 -0.0076418
v -0.0113014 0.0236172 -0.0025505
v -0.0068018 0.0388919 0.0030672
v -0.0045983 -0.0197965 0.0071706
v 0.0070727 0.0404455 0.0157977
v 0.0176723 0.004292 -0.0026169
v 0.0158419 0.0071209 0.0072518
v 0.0108977 0.0150464 0.0059517
v -0.0066828 -0.0025644 -0.0129057
v 0.0183425 0.029243 0.0126762
v 0.006773 0.0293395 0.0034833
v -0.0139154 0.0233993 0.0138527
v 0.0171129 -0.0089179 0.0033936
v -0.0072584 0.0158542 -0.0133634
v 0.017188 0.00951 0.0065768
v -0.0121644 -0.0214781 0.004181
v 0.0049479 0.0386702 0.0035989
v -0.0050111 -0.049435 0.0007841
v 0.014346 -0.0112322 0.0063002
v -0.0111574 -0.0463625 -0.0079275
v 0.0018262 -0.049435 -0.0061435
v 0.0058273 -0.0491071 -0.0140654
v 0.0172575 0.0127713 0.0070945
v -0.0067508 -0.0339785 -0.0123854
v -0.0001794 -0.0072526 0.0056539
v -0.0199189 0.010927 0.0053957
v -0.0011065 0.0294913 -0.0061918
v 0.0102353 -0.0325655 0.0030883
v 0.0144953 -0.0012632 -0.0058189
v 0.0050913 0.0374679 0.0176059
v 0.0109322 0.0166205 0.0048888
v 0.0069307 0.0372084 0.0200891
v 0.0046362 0.0378488 0.0003706
v -0.0023014 -0.049435 -0.0111175
v -0.0018082 -0.037488 -0.0144052
v -0.0105718 -0.0460738 -0.0090652
v 0.0003567 0.0048318 0.0007622
v 0.0070935 0.0380661 0.0118324
v 0.0105896 0.017935 0.0041869
v 0.0022854 0.030469 -0.0074103
v -0.0138681 0.0271953 -0.0053701
v -0.0192809 0.0119836 0.0047732
v -0.0035343 -0.0421218 0.0055708
v 0.0157582 -0.0467481 -0.0033218
v 0.0024012 -0.0293917 0.0053796
v -0.0156558 -0.0165976 -0.0004306
v -0.002906 -0.0239857 -0.0127212
v -0.0123462 -0.0286721 -0.0043199
v -0.0046786 0.0026535 0.0068055
v 0.0176464 0.0162844 0.0085475
v 0.0149407 -0.0029018 0.0074392
v 0.0170578 0.0274623 0.0104899
v -0.0112049 0.0208993 0.0103295
v -0.0084355 -0.0074172 0.0122674
v 0.0020751 0.0098746 0.000843
v -0.0124186 -0.0275895 -0.0038893
v 0.0116886 0.0251412 -0.0031599
v -0.0138083 0.02878 -0.0059263
v 0.0161714 -0.0123025 -0.0013213
v -0.0077466 -0.0123103 -0.0099669
v -0.0016429 0.0293579 0.0007417
v -0.0183335 -0.00475 -0.0012171
v 0.0158679 0.0272785 0.0170096
v 0.0081906 0.0414127 0.020247
v -0.0120148 -0.0286884 -0.0007978
v 0.0065902 0.0305441 0.0064436
v 0.0182412 -0.0031723 0.0033026
v 0.0021706 -0.0345174 0.0058389
v 0.0089059 -0.049435 0.000597
v -0.0037147 -0.0191291 -0.0116839
v 0.0068997 0.0308623 0.0086184
v 0.0172204 0.0281972 0.0184455
v 0.0032324 -0.0044811 0.0048826
v 0.0098441 0.0290695 -0.0011105
v -0.0107702 -0.0488122 -0.0006347
v -0.0014857 -0.0435939 0.0064247
v -0.0115 0.0185621 0.0078449
v 0.0103072 -0.0086579 0.0082204
v -0.0026971 -0.0249495 0.005687
v -0.0139271 0.0231959 -0.0064305
v 0.0152613 -0.0148739 -0.001957
v 0.0172766 -0.009254 0.0022484
v 0.0085452 0.0345593 0.0166543
v -0.003005 0.0098639 -0.0145597
v -0.0063703 -0.0327001 -0.0125416
v 0.0111071 -0.0078061 0.0082071
v 0.0079262 0.0275328 -0.0006871
v 0.007312 0.0319712 0.0048575
v -0.0031985 -0.0494297 0.0044855
v -0.0003229 -0.049435 0.0013677
v -0.0068029 -0.0471019 -0.0127893
v -0.0121324 0.0171093 -0.0115603
v 0.0115588 -0.0203458 0.004508
v 0.016041 0.0304443 0.0171937
v 0.0154868 -0.0048931 -0.0046804
v 0.0101775 0.0350012 0.0173698
v -0.0076096 0.038094 -0.0048678
v -0.0177985 0.0237902 0.0067949
v -0.0055564 0.0302984 -0.0085353
v 0.008889 -0.0077083 0.008122
v -0.0132706 0.035361 -0.0013245
v 0.004128 -0.0339442 -0.0136129
v -0.0114366 0.0187292 -0.0032799
v -0.0200229 0.0120669 0.0059067
v -0.0007808 0.0325415 0.0032004
v 0.0088777 -0.0279851 -0.0113307
v 0.0201555 0.0159554 0.0026619
v -0.0025682 0.0087729 -0.0146507
v 0.0094982 0.0199911 0.0050868
v -0.0185135 -0.0066136 0.0002941
v -0.0138082 -0.008028 -0.0068789
v 0.0194074 0.0175918 0.008836
v 0.0048143 -0.0124085 -0.0116095
v -0.007185 0.0221416 -0.002226
v -0.0020594 -0.049435 -0.0035215
v 0.0168972 0.0053816 0.0067589
v 0.0074296 -0.0104591 0.0080919
v 0.0090075 -0.0172244 0.0070022
v -0.0001479 -0.0203573 0.0061786
v -0.0084556 -0.0166885 -0.009249
v -0.0109985 0.0387672 0.0032573
v -0.011181 0.0382625 -0.0047186
v 0.0173233 0.0121955 -0.0015341
v -0.0115528 0.0209002 0.0114734
v 0.0165857 0.0018813 -0.0037817
v -0.0136651 -0.0139267 0.0091117
v 0.01042 0.03754 0.009014
v 0.000847 -0.0062376 -0.0133131
v -0.0113025 -0.0478475 -0.0011755
v -0.003319 -0.049435 -0.0084633
v -0.0145897 0.0030774 -0.0095529
v 0.0093618 -0.013674 -0.0092144
v -0.00635 0.0290932 -0.0016387
v 0.016694 0.008564 -0.0026909
v -0.0114571 0.0372127 0.0018957
v 0.0008888 -0.0186924 0.0066161
v -0.0115032 0.0106211 0.0002043
v 0.0038246 -0.049435 0.0033188
v 0.0032479 -0.0473876 -0.0152573
v -0.0113338 -0.033937 -0.0008553
v -0.0058706 -0.0302213 -0.0126033
v 0.0126857 0.0325149 0.0124349
v 0.0192452 0.0279747 0.0181302
v -0.0120052 0.0353129 -0.0065127
v -0.0131199 0.0120515 -0.0117503
v -0.0025922 -0.02734 -0.0134621
v 0.0078017 0.0186488 -0.0053607
v 0.005556 0.0403828 0.0170024
v 0.0144068 0.0189466 0.0078794
v -0.0041711 -0.0413766 -0.0139684
v -0.0129022 -0.0079855 -0.0075803
v 0.0042628 -0.049435 -0.0070805
v -0.0077594 -0.0342838 -0.0117217
v 0.0183299 0.0042772 0.0052548
v -0.0198167 0.0142581 0.0060463
v 0.0066239 0.034149 0.0094006
v 0.0096568 0.0403094 0.0197298
v 0.0139914 -0.0075869 -0.0059805
v 0.0099167 0.038207 0.0100599
v 0.0164751 -0.0077465 0.0052547
v 0.0162152 -0.0069614 -0.0033733
v -0.0061724 -0.007287 -0.0118537
v -0.0037936 0.000867 -0.0146007
v 0.0020288 -0.0122002 0.006865
v -0.0119045 0.0101586 0.0033637
v -0.0117093 -0.0362216 -0.0063488
v 0.0098172 -0.049435 0.001231
v 0.0102382 -0.0393423 -0.0122338
v 0.0043769 -0.0308031 0.0053221
v -0.011484 -0.036668 -0.0017538
v 0.0039773 -0.049435 -0.0058958
v -0.0112702 -0.0084616 -0.0085366
v 0.0137468 0.0323831 0.0051627
v 0.0064791 0.0349223 0.0127667
v -0.011792 0.0136611 0.0103875
v 0.0044985 0.0395438 0.0067284
v -0.0070631 0.0049834 -0.0145983
v 0.0013849 0.0226119 7.39e-05
v -0.0029577 0.0445341 0.0109061
v -0.0115364 0.0077982 -0.0130888
v 0.0090328 -0.0201542 -0.0095325
v 0.0087011 -0.0220366 0.0055185
v -0.0119084 0.005647 -0.0123016
v 0.0065841 -0.0490985 0.0068635
v -0.0118167 -0.0370048 -0.003029
v 0.0054864 -0.0353996 0.005799
v 0.008158 -0.0248649 -0.0108898
v 0.0047984 0.0377573 0.0058917
v -0.0140887 -0.0009295 0.0128131
v 0.0087696 0.0263627 -0.0022236
v 0.00629 0.0289745 -0.0019437
v 0.0005863 -0.049435 0.0008337
v 0.0046925 0.0183143 0.0031954
v -0.0005235 -0.049435 0.0002409
v -0.0031597 -0.0262055 -0.0131384
v -0.0046853 -0.049435 -0.0062383
v 0.0026581 0.0099016 -0.0128376
v 0.014227 0.0099208 -0.0040201
v -0.0002868 -0.0311377 0.0055275
v 0.0023706 0.0231118 -0.0097426
v -0.0110661 0.0267843 -0.0021549
v -0.0008261 -0.0494347 0.0045261
v 0.0101674 -0.0455794 0.0059233
v 0.0174029 -0.0065264 -0.001206
v 0.0072135 0.0220666 0.0051458
v -0.0116746 -0.0373146 -0.0063164
v -0.0094494 -0.0170528 -0.0084839
v 0.0033252 -0.0313571 0.0054611
v 0.0112009 -0.0047448 -0.0082706
v -0.0020929 0.0408469 0.0145967
v 0.0022958 -0.049435 -0.0087882
v -0.0062195 -0.0393806 -0.012939
v -0.0186085 -0.00812 0.0054659
v -0.0049789 0.0241119 -0.0091805
v 0.0094589 -0.0270187 -0.0107771
v 0.0024666 0.0206658 0.0012622
v 0.0033047 0.0124471 0.0016728
v 0.0040375 -0.0494337 -0.0123057
v 0.0169635 0.0010396 0.0063717
v -0.0028895 0.0388637 0.0051337
v -0.0028426 -0.0004095 0.006004
v 0.0001983 0.0325616 0.0038864
v 0.0079814 -0.008022 -0.0095795
v 0.0176004 0.0032788 -0.0027933
v -0.0038352 -0.0230817 0.0059793
v 0.0066003 0.0384718 0.0130463
v 0.0002773 0.0050294 -0.0134167
v -0.0024556 0.0369019 0.0016143
v 0.0146609 -0.0473351 0.001122
v -0.0107752 -0.0031549 -0.0107668
v 0.0055614 0.0203125 -0.0073945
v -0.0125965 0.02584 -0.0031418
v 0.0128065 -0.0325959 -0.0009542
v -0.0109235 -0.0356486 -0.0082527
v -0.0129755 0.0124742 0.0034931
v -0.0057303 -0.0060308 0.0111763
v 0.0077704 0.0313008 0.0106251
v -0.0026748 0.0344619 0.0009923
v 0.0002312 0.0388074 -0.0002771
v -0.0124015 0.0141901 0.0043715
v 0.0015734 0.0045649 0.0009892
v -0.0097039 -0.0411874 -0.0101184
v 0.0010077 0.0005307 -0.0130255
v 0.0134616 -0.021513 -0.0038324
v 0.0064724 0.0396508 0.0150296
v -0.0111083 0.0254887 -0.0107277
v -0.0144561 0.0081818 -0.0102523
v 0.005328 0.01258 -0.0096785
v -0.0152668 0.0086546 -0.0061749
v 0.005929 -0.0260183 0.0050975
v 0.0084793 -0.006967 -0.0093435
v 0.0007781 0.0260206 0.0015796
v 0.0119184 0.0019928 0.0067967
v -0.0114212 -0.0097247 -0.0080262
v 0.0008839 0.0181258 0.0006765
v -0.0042943 0.0113146 -0.0144188
v -0.011524 -0.0415138 -0.0022742
v 0.0065529 0.0297587 0.0054895
v -0.0148444 0.0001255 0.0126159
v -0.0150806 0.0266806 0.0135753
v 0.0180737 0.0225137 0.0040799
v 0.0007975 0.0323568 -0.0064501
v 0.0052737 -0.0224935 -0.0116094
v 0.0124233 -0.0195891 0.0038878
v -0.0063985 -0.0269063 0.0048858
v 0.0151899 0.0001763 0.0073292
v 0.0174911 -0.0080682 0.0027158
v -0.0001644 -0.0127897 0.0070065
v 0.0079126 -0.0439654 -0.0138646
v 0.0093494 0.0128993 -0.0070651
v 0.004858 0.0354734 0.0053896
v 0.0175903 -0.0082346 0.0015425
v 0.0174956 -0.0084215 0.0004353
v -0.0114646 -0.0440141 -0.0019145
v -0.0085879 0.0364168 0.0023358
v 0.0177545 -0.0072843 0.0008024
v -0.0024612 -0.0402388 -0.0144354
v 0.0007901 -0.0494347 -0.0125391
v 0.0182774 0.0284104 0.0185555
v 0.0013596 -0.0482465 0.0074895
v -0.0022204 0.0284003 9.85e-05
v -0.0009988 0.0017154 -0.0141235
v 0.004824 0.0161884 0.0031857
v 0.0126011 -0.0009478 0.0077169
v -0.0115686 -0.0207031 -0.0060269
v 0.0132141 -0.0260387 -0.0022535
v -0.0113762 0.02191 0.0081135
v -0.0204188 0.0092729 0.0078964
v -0.0071598 0.0013453 -0.0137607
v -0.0044912 0.0296028 -0.0037282
v -0.0117028 -0.0210919 0.0050443
v -0.0115663 -0.0457646 -0.0020555
v 0.0191857 0.0305418 0.0172577
v -0.0061251 0.0354028 -0.0059108
v -0.0020707 0.0449132 0.0106933
v 0.0128381 -0.0135301 -0.0065892
v -0.0045561 -0.0228443 -0.0118982
v 0.0010101 -0.0218561 -0.0128925
v -0.0060007 -0.0203757 -0.0108793
v -0.0113879 -0.0220995 0.0044828
v 0.0103434 -0.0420566 0.0051759
v 0.0169657 0.0151124 0.0081175
v 0.0037014 -0.0185709 -0.0120372
v 0.0027651 -0.049435 -0.0016861
v -0.0031752 0.0275076 -0.003651
v 0.0113672 -0.0426117 0.0045474
v 0.0039404 -0.0427053 0.0070209
v 0.012973 0.0174307 0.0055858
v -0.0111723 -0.0250193 -0.0067963
v 0.0015286 0.0314612 -0.0070284
v -0.0146358 0.0108358 -0.0040475
v -0.0067348 -0.0012811 -0.0132255
v -0.018779 0.0203331 0.0063333
v 0.0100896 0.008547 0.0056688
v 0.0178399 -0.0012315 -0.0018789
v -0.0112793 0.0220198 0.0103884
v -0.0029699 0.0262464 -0.0044189
v -0.020956 0.0044249 0.006222
v -0.0143884 0.022145 0.0046432
v -0.0137204 0.0233535 -0.0052343
v 0.0053224 0.0235753 -0.0077954
v 0.02084 0.0226438 0.0114612
v 0.0135241 -0.0215875 -0.0015241
v 0.0081132 -0.049435 0.0032833
v -0.0123721 -0.0142454 -0.0061901
v -0.008669 0.0389541 -0.0045318
v 0.0173269 0.0064875 -0.0025783
v -0.011505 -0.0260569 -0.0064299
v -0.018726 0.0189345 0.0112584
v 0.0034569 -0.0197969 -0.0121239
v -0.0077691 -0.0414465 0.0031003
v 0.0110289 -0.0304976 -0.0106577
v 0.00172 0.0412642 0.0024332
v -0.0161445 -0.0004209 -0.0065683
v -0.0129378 0.0246324 -0.0036243
v 0.0060061 0.0377546 0.0134839
v 0.0072499 0.0337648 0.0125955
v 0.0012214 0.0163642 -0.0114801
v 0.0185718 0.0089551 -0.0010727
v 0.0012791 -0.0194225 -0.012719
v 0.0178562 0.0104778 0.0060998
v -0.009729 -0.0494301 -0.0055429
v -0.0113436 -0.0279596 -0.0071061
v 0.017897 0.0100301 -0.0015981
v -0.0029108 0.0187358 -0.0095491
v 0.0056542 0.0337678 -0.0037219
v -0.0066511 -0.0281231 0.0045321
v 0.0058638 -0.0077986 -0.0108088
v 0.0077734 0.0273851 0.0067251
v -0.0189415 0.01767 0.0112315
v 0.0061863 0.0310796 -0.0044677
v -0.018973 0.0168519 0.0052097
v 0.00864 -0.049435 -0.0014204
v -0.0064269 -0.001608 0.0113441
v -0.0181811 0.0160901 0.0121096
v 0.0132283 -0.0189428 0.0030631
v -0.0133337 0.0256423 -0.0040987
v -0.0198756 0.0153708 0.0065988
v -0.0143632 0.0106538 -0.0102655
v -0.0130396 0.0184002 0.0048498
v -0.0129391 0.0382036 -0.0026916
v -0.0141758 0.0119089 0.0123037
v 0.0156493 0.01116 0.0070289
v -0.011896 -0.0323452 -0.0059942
v 0.0021001 0.0430501 0.0144816
v -0.0118721 -0.047268 -0.0042939
v -0.0117837 -0.0411775 -0.0052709
v -0.0048921 -0.0250344 -0.0122247
v 0.0162863 -0.0045717 -0.0037432
v 0.0133104 -0.0417815 -0.0097518
v -0.009356 0.010079 -0.0145694
v -0.0065111 -0.0239111 -0.0111284
v -0.0032762 0.0080588 -0.0149247
v 2.04e-05 0.0060089 0.0003295
v 0.0057364 0.0242229 0.0035603
v -0.0191171 0.0143688 0.0050324
v -0.0031077 0.0062191 0.0015108
v 0.0211033 0.0238566 0.0116296
v -0.0138826 0.0276079 0.0101667
v -0.0134993 0.0289536 -0.00412
v 0.0012429 0.0057177 0.0006324
v -0.0050132 0.0343429 -0.0030816
v 0.0031131 -0.0193196 0.0066973
v -0.0119582 0.0210775 -0.0036378
v 0.016693 0.0191341 0.0103037
v -0.0113407 -0.0336757 -0.0074485
v -0.0107397 -0.0338606 0.0001781
v -0.0182354 0.0123559 0.0039832
v 0.0100057 0.02495 -0.0034714
v 0.003807 -0.0415698 -0.0147363
v 0.000802 -0.0230279 -0.0129798
v -0.0117963 -0.0469911 -0.0055284
v 0.0181301 0.0274536 0.0098784
v 0.0132298 -0.0314302 -0.002805
v 0.012841 -0.0304079 -0.0080301
v 0.0011398 -0.04942 0.0057575
v -0.0114831 -0.0352451 -0.0014773
v 0.016811 0.0299583 0.0182473
v 0.0036439 0.0224251 0.0004041
v 0.0037699 0.011383 -0.0119765
v 0.0082383 -0.049435 -0.0050916
v 0.0015103 0.0423043 0.0152818
v -0.0070741 -0.0274057 -0.0113878
v 0.0046803 0.0295889 0.0016294
v -0.011682 -0.0383471 -0.006288
v -0.0014822 -0.049435 0.0034379
v -0.0032034 0.0121267 -0.0138497
v -0.002952 -0.049435 -0.0044628
v -0.013709 0.0307741 -0.005842
v -0.0027646 -0.049435 0.0034893
v 0.0081819 -0.0045708 0.0073327
v -0.0111179 -0.0388576 -0.007892
v -0.007722 0.0119645 -0.0009849
v 0.0087494 -0.0231897 0.0051193
v -0.004206 -0.0486845 0.0060041
v 0.0007183 0.0036283 0.0011409
v 0.0039049 -0.0428639 -0.0148687
v 0.0130676 -0.0303047 -0.0021409
v 0.0104767 -0.0353153 0.00334
v -0.0115277 -0.0391609 -0.0068173
v -0.013146 0.0394499 0.0010086
v -0.0046341 -0.0076959 0.0104534
v -0.0121826 0.0461274 0.0039656
v -0.012617 0.0192128 0.0053718
v 0.0127125 -0.0303448 -0.0009445
v -0.0113221 -0.03999 -0.0074506
v 0.0117603 -0.0104373 -0.0078782
v -0.0017681 -0.017901 -0.0121573
v -0.0121146 0.0416935 0.0052572
v 0.0037448 0.0323849 0.0040595
v 0.0138077 -0.0184969 -0.0036806
v -0.0121116 -0.0322928 -0.0027231
v -0.0027579 0.0226845 -0.0065969
v 0.0128578 0.0209595 -0.0031757
v 0.009478 -0.047718 0.0062687
v 0.0013021 0.0449095 0.0124589
v 0.0210179 0.0206142 0.0072775
v -0.0137296 0.0297373 -0.0063551
v -0.0116814 0.0215894 0.0071082
v 0.0070336 -0.0347174 0.005377
v 0.0179693 -0.0039305 -0.0004468
v 0.0064929 0.0302402 -0.002639
v -0.0134838 0.0306608 -0.0068484
v 0.0076882 -0.0472095 -0.0141468
v 0.0004026 -0.045934 0.0072136
v 0.0148292 -0.0447525 -0.0077178
v 0.0030653 0.015397 -0.0111868
v 0.0070116 -0.0069654 0.0075821
v -0.0136549 0.0317682 -0.0052432
v -0.0208354 0.0055431 0.0056693
v 0.0060252 0.0337841 -0.0026074
v -0.0047801 0.0156237 -0.0123771
v 0.0050279 0.0382514 0.0165583
v 0.0055345 -0.049435 -0.0075028
v -0.0024352 0.0068001 0.0004733
v -0.0190643 0.0087004 0.0036648
v -0.0116524 0.0382804 0.0023963
v -0.014334 0.0159849 -0.006769
v -0.0117731 0.0220208 0.0118884
v 0.007968 -0.0367622 -0.0130275
v 0.0126634 -0.014654 0.0061269
v -0.0033015 -0.0283864 -0.0134326
v 0.0177642 0.000831 0.0055231
v -0.0021966 -0.0100335 0.008138
v 0.0183894 0.001222 -0.0012679
v 0.0106482 0.0386292 0.0190814
v -0.006017 -0.0405233 -0.013105
v 0.0064914 -0.049435 -0.0011748
v 0.0114127 0.0096306 0.0063962
v 0.0049072 0.0386001 0.0049426
v 0.0162557 -0.0124865 0.0024932
v 0.0108336 0.0314827 0.0124821
v 0.0086149 0.0074175 0.0047079
v 0.0010239 0.0303954 -0.0074616
v 0.005346 -0.0088753 -0.0112482
v 0.0085815 0.0293445 0.0096047
v -0.0120731 -0.0331347 -0.0050044
v 0.0063178 0.0374336 0.0125876
v -0.0053399 0.0164075 -0.0003433
v -0.0147843 -0.0049639 -0.0071203
v 0.0011073 -0.0338379 0.0057412
v -0.0120785 0.028623 -0.0095394
v 0.0097783 0.0315442 0.0014355
v -0.0111 -0.0486541 -0.0072932
v 0.0071416 0.0342656 0.0135321
v -0.0133544 0.0343879 -0.0020082
v 0.0190395 0.0165106 0.0083076
v -0.0078836 -0.0209038 0.0068735
v -0.0059943 0.0326712 -0.0078727
v 0.014165 0.0189525 0.0021659
v 0.0039688 0.0405418 0.0088142
v -0.0110021 0.020038 -0.0033749
v -0.0151354 -0.0125587 -0.0041468
v 0.0010174 -0.0124782 0.0067637
v -0.0148013 0.0158674 0.0131701
v 0.0014532 0.0394392 0.0123067
v -0.0146412 -0.0080147 -0.006174
v -0.003832 0.0223205 -0.006786
v 0.0013185 0.0433174 0.0054398
v -0.0112033 -0.0489734 -0.0019274
v -0.0012784 0.0132606 -6.38e-05
v 0.0079784 0.0081322 -0.0087215
v 0.0018098 -0.0182345 0.0067893
v -0.0119294 0.0239873 0.0081438
v 0.0194898 0.0096447 0.0031889
v -0.0041461 0.0068234 0.0019175
v 0.0056494 0.0229118 0.0034183
v 0.0016606 -0.049435 -0.0035624
v -0.0136251 -0.0180098 -0.0036516
v 0.0061338 0.0325528 0.0003691
v 0.0038281 0.0340717 -0.0050176
v 0.0072429 0.0109739 -0.0086007
v 0.0059758 0.0385486 0.0143289
v -0.0207762 0.0063457 0.006445
v -0.0110773 -0.049061 -0.0059985
v -0.0180596 -0.0012661 -0.0023814
v -0.0028692 0.0377447 0.0053175
v -0.0193127 -0.0020611 0.0006906
v 0.0184773 -0.0022464 0.0025069
v -0.013669 0.0229982 0.005158
v 0.005319 0.0226971 0.0021998
v 0.0022743 -0.049435 0.0006386
v 0.018204 -0.0025463 -0.0001697
v -0.0056393 -0.0391706 0.0043787
v -0.0063872 -0.0076736 0.011502
v 0.0061387 0.0320471 -0.0041512
v -0.013231 -0.0117052 0.0104629
v -0.012383 -0.029382 -0.0035602
v 0.0155377 0.0234339 0.0074321
v 0.0069631 -0.0489772 -0.0138347
v -0.0065736 0.0249716 -0.0106876
v 0.0017247 -0.049435 0.0022607
v -0.0058744 0.0258723 -0.0020248
v -0.0128226 -0.0050248 -0.0087288
v -0.0138854 0.0238362 0.0053426
v -0.0028528 -0.0494196 -0.0124771
v -0.0118942 0.0444755 0.0069399
v 0.0004575 -0.049435 0.0021653
v 0.0039178 -0.049435 -0.0034326
v -0.0031291 -0.0373176 -0.0141273
v 0.0084633 -0.0335713 -0.0124917
v 0.0012001 0.0084076 -0.0134179
v 0.0181602 0.0023676 -0.0020006
v -0.0139061 0.024903 0.0058551
v 0.0006645 0.0080918 0.0002244
v 0.0078864 -0.0181226 -0.0101258
v -0.0056847 -0.028942 -0.0125457
v 0.0087332 0.0054589 -0.0085902
v -0.0061501 0.0032091 -0.0145196
v -0.0041962 -0.0161581 0.0086434
v 0.0056866 -0.0288452 -0.0124576
v 0.0119192 -0.0414083 -0.0111903
v 0.0020448 0.0170143 -0.0110561
v 0.0194178 0.0090467 0.0011926
v -0.0017974 0.0120287 -0.0135915
v -0.0034225 -0.0001508 0.0067938
v -0.0109263 0.01808 -0.01221
v 0.0192902 0.0199085 0.010967
v 0.011244 0.0236368 0.0065349
v -0.0013325 -0.0206877 0.0061921
v -0.0023397 -0.049435 -0.0023677
v -0.0130638 0.0039663 -0.0111231
v 0.0015869 -0.0443359 -0.0152041
v -0.0023625 0.0288495 -0.0042683
v 0.0121767 -0.0386303 -0.0106471
v -0.0068391 -0.0294348 -0.011902
v -0.013677 -0.0148811 0.0084987
v -0.0115192 0.0347713 -0.0072689
v 0.0071362 -0.0191438 0.0069135
v -0.0138891 0.0046783 -0.0106096
v -0.0176525 -0.012683 0.0028876
v 0.0024236 -0.0150404 0.0072097
v -0.012416 0.0105799 -0.0006564
v -0.0127679 0.0376376 -0.003539
v -0.0145319 -0.0157461 0.0070549
v 0.0009871 -0.0233872 0.0056809
v -0.0116779 0.0239482 0.0094397
v 0.0048524 0.006717 0.0024457
v -0.0188582 -0.0055201 0.0007393
v 0.0091154 -0.0037743 0.0073997
v 0.0032685 -0.0209939 -0.0122082
v -0.0023237 0.0265409 -0.0052881
v 0.0015285 0.0095912 -0.0133078
v 0.0109566 -0.0367615 -0.0115449
v -0.0029194 0.0398267 0.0112316
v 0.0174604 0.01459 -0.0008479
v 0.0184283 0.0168239 0.0004359
v 0.0020469 -0.0081054 0.0057682
v -0.0174347 -0.0101509 0.0067792
v -0.0110487 0.0102851 0.0051268
v 0.0132812 0.0171833 0.0065138
v -0.0114787 -0.0229173 -0.0060527
v -0.004302 -0.0129475 0.0096019
v 0.0051519 -0.0201199 0.0066276
v 0.0107568 -0.0388467 0.0040362
v 0.0011868 0.0004185 0.002396
v -0.017671 0.0009651 -0.0026291
v -0.0049318 0.0020525 0.0079593
v -0.0041942 -0.0493875 0.005001
v -0.0109892 0.0323957 -0.000391
v 0.0089783 -0.0134973 0.0077895
v 0.0064924 0.0282499 0.0038069
v -0.0031181 0.0288752 -0.0019146
v -0.0145333 0.0137251 0.0032583
v 0.017645 0.0233841 0.0137904
v 0.0141613 0.012661 -0.0024122
v 0.0065345 0.0350273 0.0141692
v 0.0099481 0.0401158 0.0172448
v 0.0166229 -0.0096008 0.0041464
v -0.0109148 0.0248296 -0.0022309
v -0.0115768 0.0258918 -0.0024425
v -0.0123771 -0.0099694 -0.0072615
v 0.0153456 0.0175431 0.0005751
v 0.0020657 -0.0494339 -0.0122389
v 0.0053518 0.0049047 0.002911
v -0.0124978 0.0436323 0.0059858
v -0.0036615 0.0149656 -0.000189
v 0.0019509 0.0076811 -0.0130024
v -0.0121017 0.031481 -0.0085263
v 0.0184835 -0.001324 0.0004399
v -0.0140077 -0.020134 0.0004674
v -0.0024828 0.038561 0.0031934
v 0.0151287 -0.0061305 -0.0049081
v -0.0190931 -0.0032968 0.0003525
v -0.0068259 -0.0494323 0.0021489
v 0.0124498 -0.0113976 -0.0072622
v 0.0058157 -0.0057017 -0.0108309
v -0.0037126 0.0241999 -0.003386
v -0.0059453 0.0160303 -0.012818
v -0.0011526 -0.0053258 0.0061314
v 0.0198913 0.0293181 0.0155915
v 0.0062702 0.0312561 -0.0006151
v 0.0148614 -0.0102824 -0.004641
v 0.017784 -0.0062791 -1.32e-05
v -0.0111899 0.0244432 -0.0108359
v -0.0064056 -0.0005175 0.0111344
v -0.0048014 0.0050729 0.0044366
v 0.0018153 -0.0370172 0.0061414
v 0.0187593 -0.0001138 0.0021498
v 0.0133303 -0.0222904 -0.0005573
v -0.0044149 0.0226785 -0.007914
v 0.0096973 -0.017989 -0.008794
v -0.0087159 0.0206429 -0.0025244
v 0.0049929 0.0147433 -0.0090769
v -0.018679 -0.0064233 0.0069201
v 0.0039261 0.0406111 0.0034504
v 0.0057375 0.0367153 0.0184466
v 0.0179459 0.0287039 0.0117182
v -0.0119591 0.0031073 0.0128581
v -0.0131786 0.0069233 0.0116872
v 0.0185725 0.0019081 0.0042489
v 0.0189598 0.0041348 -0.0002818
v 0.0109376 0.001364 -0.0082297
v 0.0136176 -0.0341695 -0.0067023
v 0.0087569 -0.0296631 0.0041126
v -0.0092006 -0.0066934 -0.01039
v -0.0131937 0.0234331 -0.0041453
v 0.0183138 0.0071844 0.0055877
v -0.01349 0.0205488 0.0046898
v 0.0139001 -0.03555 -0.0049993
v 0.0023203 -0.0081671 -0.0128336
v 0.0175919 0.0116451 0.0065363
v -0.0129415 0.0229556 0.0056712
v -0.0112222 0.01206 -0.0018375
v -0.0045721 0.005574 0.0035122
v -0.0021437 -0.0110162 -0.0122807
v 0.0064477 0.0313797 -0.0018244
v -0.0034398 0.0266302 -0.0024867
v 0.0137823 -0.0351164 -0.0038926
v -0.0142224 0.0222557 0.0140145
v 0.0058189 0.0274663 -0.000258
v -0.012415 0.0231727 0.0063816
v -0.0132958 -0.0143059 -0.005367
v 0.0115116 0.0281039 0.0095688
v 0.0168689 -0.0067623 -0.0023371
v -0.0029906 0.0401062 0.0064135
v 0.0169245 0.0041684 -0.0032349
v -0.0130387 0.0240216 0.0060657
v -0.0187829 -0.0075509 0.0020828
v 0.0200891 0.0270846 0.0105958
v 0.0095849 -0.0493135 0.0052243
v 0.001777 0.0142482 0.0007478
v 0.0182511 0.0253337 0.0165101
v -0.0140875 0.0260239 0.0133009
v -0.0183917 -0.0076493 0.0066115
v -0.0117219 0.0164357 0.0071063
v 0.0132696 0.0335011 0.0120045
v 0.0086191 -0.0109553 0.0081483
v 6.98e-05 -0.0344455 0.0057347
v 0.0145212 0.005647 -0.0047837
v 0.0129891 0.0168648 -0.0014364
v 0.0128803 0.0110611 0.0069227
v -0.014339 -0.0183903 -0.0018756
v 0.0004859 -0.0488568 -0.0149133
v -0.003258 -0.0462746 -0.0144577
v -0.0013613 0.0246371 -0.0079264
v 0.0106288 -0.0067095 0.0082242
v 0.0139582 -0.0362043 -0.0040466
v -0.0115661 0.0159727 0.0082735
v 0.0189935 0.001912 0.001936
v -0.0114199 0.0110347 -0.0132632
v -0.0040214 -0.0107827 -0.0119333
v -0.0027148 0.0196411 -0.0003056
v 0.0015469 0.0332644 0.0052665
v -0.0047747 0.0135609 -0.013556
v 0.0074429 0.0131457 -0.0077281
v -0.0127 0.0254799 -0.0095104
v -0.0205422 0.0053388 0.0080109
v -0.0144418 0.0092467 -0.0027772
v -0.0027028 0.0384249 0.007337
v -0.0072581 -0.0462229 -0.0125007
v 0.0013944 -0.0099908 0.0062136
v -0.0161981 0.0282162 0.0128445
v 0.0091065 0.0168342 0.0050598
v -0.0050288 0.018735 -0.0107775
v 0.0062871 0.0107343 -0.0092902
v -0.0053019 -0.0159162 -0.0110103
v -0.013528 0.0315894 -0.0041454
v -0.0117587 -0.0358916 -0.0024931
v -0.0118783 0.0097729 0.0019324
v 0.0190837 0.005418 -0.0001826
v -0.001882 0.0151277 -0.000162
v 0.0115566 -0.0296247 -0.0099574
v -0.0038917 -0.0015768 0.0085252
v 0.0204925 0.0275151 0.0125701
v 0.0161034 -0.0092331 -0.0029946
v -0.0037027 0.0028162 0.0047466
v 0.0114266 0.0386703 0.0155794
v 0.0034508 0.0225818 -0.009448
v 0.0036854 0.0386271 0.0001372
v -0.007666 -0.0081436 -0.0108371
v -0.0116848 0.0068163 0.0105587
v -0.0044062 -0.049435 -0.0028578
v 0.0072548 0.0331162 0.0115845
v 0.0205264 0.0193384 0.0041365
v 0.0100907 -0.0006505 -0.0087324
v 0.004343 -0.0127846 0.0076378
v 0.0039649 -0.0328213 -0.0134695
v -0.011636 0.0145631 0.0098654
v -0.0113894 0.0147425 0.0086805
v -0.012174 0.0032775 -0.0115645
v -0.0198482 -0.0013883 0.0082315
v 0.0022798 0.0034416 -0.0120377
v -0.0196018 0.0028426 0.0097808
v 0.0108104 -0.018415 0.0059168
v 0.0087583 0.0379598 0.0099621
v -0.0039027 -0.0401282 0.0052333
v 0.0027599 -0.0177268 -0.0124624
v -0.0127521 0.0292781 -0.008663
v 0.0190422 0.0218065 0.0126415
v 0.0027745 -0.0114224 0.0069403
v -0.0052774 0.0354095 -0.0036178
v -0.0057264 -0.0312219 0.0044546
v 0.0106966 0.0001683 0.0068953
v 0.001932 0.0398301 0.0006152
v -0.0140215 0.0111275 -0.0029514
v -0.0204082 -0.0004066 0.0076303
v -0.0111691 1.1e-05 -0.0116152
v 0.000399 -0.0490112 0.0069375
v -0.003145 0.0016292 0.0049021
v 0.018412 0.0126115 0.0065686
v 0.0020679 0.0066083 0.0008168
v -0.020636 0.0063722 0.0074337
v -0.0075518 -0.0120704 0.0111789
v -0.0054706 0.00842 0.0014077
v 0.0064735 -0.0105658 -0.0104177
v -0.0028899 0.0160373 -0.00021
v -0.0089383 -0.0228991 -0.0091074
v -0.0201594 0.0085824 0.0050543
v 0.0186978 0.0014107 -0.0002003
v -0.0129953 0.0222808 -0.0095988
v -0.0023969 0.0131475 -0.0131674
v 0.0080203 -0.0225358 -0.010517
v -0.0017377 0.0392193 0.0022359
v -0.006586 -0.049435 4.5e-06
v 0.0037164 -0.0373235 -0.0141982
v -0.0030346 -0.0034282 -0.0138882
v -0.0199031 0.0074912 0.0090917
v 0.0019289 -0.0006167 0.0029438
v 0.0098223 0.0033274 0.0055203
v -0.0056176 -0.0485915 -0.013265
v -0.0028188 -0.0064417 0.0086081
v -0.0004803 -0.049435 -0.0051069
v 0.0161081 0.0303355 0.0158194
v -0.0021335 0.0414175 0.0053561
v 0.0078262 0.0356908 0.0081472
v -0.0115438 0.0453785 0.0023976
v 0.0103381 0.00635 0.005589
v 0.0088111 0.0366104 0.008285
v -0.0067244 -0.0392867 0.003727
v -0.0194147 0.0075165 0.0034785
v -0.0032253 0.0416502 0.0079285
v 0.015945 0.0249691 0.0137619
v -0.0064982 0.0303393 -0.0013723
v 0.0040111 -0.0371912 0.0061957
v -0.0002106 -0.0494128 0.0056967
v 0.01171 0.0107688 0.0065564
v -0.0129669 0.0397176 -0.0013739
v -0.0122633 0.0456304 0.0067627
v 0.0118239 -0.0151379 -0.0071321
v -0.0066064 0.0014285 0.0108176
v 0.0191864 0.0046949 0.0005822
v 0.0087175 -0.028637 0.0041252
v 0.0191237 0.0053833 0.0036218
v -0.012656 0.030702 -0.0028463
v 0.0182177 0.0124886 -0.0007705
v -0.0117282 0.0049736 0.0118008
v -0.0196467 0.0086426 0.0095526
v -0.001585 -0.0230283 0.0058336
v -0.0033085 -0.0079232 -0.0128175
v -0.0073368 -0.0424263 -0.0123633
v 0.0017421 0.0443081 0.0144866
v 0.0081214 0.0067411 -0.0087452
v 0.0068351 0.030111 0.0042035
v 0.0145477 0.0214708 0.0074727
v 0.0063441 -0.0091112 -0.0104926
v 0.0098061 0.0112039 0.0055284
v -0.0032524 -0.0299476 0.0052474
v -0.0112613 0.0025586 -0.0119926
v -0.0078346 0.0101838 0.0009339
v -0.0015339 -0.0494065 0.0056003
v 0.0022835 -0.0091514 0.0061969
v -0.0074372 0.009636 -0.01503
v -0.0139258 0.0150215 -0.0049715
v -0.0124195 -0.0030257 0.0129923
v -0.0123613 -0.0053438 0.0126393
v 0.020777 0.0270768 0.0138218
v 0.0068801 -0.049435 -0.0094074
v -0.0105915 -0.0092814 0.0120722
v -0.0061029 0.0020657 0.0099277
v -0.0071226 0.0004816 0.0115337
v -0.0032398 -0.049435 -0.0032347
v 0.018403 0.0307642 0.0154966
v -0.0049732 -0.0052058 0.0106449
v 0.0058624 -0.0017749 -0.0112325
v -0.0056829 -0.0494284 0.0028581
v -0.0055946 -0.0452097 -0.0134477
v -0.0051253 0.0074462 0.0022016
v 0.0040137 0.0362997 -0.0024811
v -0.0131313 0.0413574 0.0002307
v -0.0190289 0.0023136 0.0009954
v -0.0049246 -0.029482 -0.0129818
v -0.0126467 0.0416644 0.0044958
v -0.0131263 0.0419364 0.0035374
v -0.0116077 -0.0109155 -0.0075366
v 0.0130977 -0.0205264 0.0019648
v -0.0130876 0.0435674 0.0020773
v 0.0040214 0.0395189 0.0085215
v -0.0024506 0.0374829 0.0067399
v 0.0109065 0.0116498 0.006223
v -0.012255 -0.0079082 0.0121476
v -0.018181 0.0250169 0.0089337
v 0.0135482 0.0199863 0.0026328
v -0.0110681 -0.0129586 -0.0074821
v 0.0070894 -0.0018878 0.0055638
v 0.0063851 0.0094637 0.003528
v 0.0080496 0.0279235 0.0075118
v 0.0025455 -0.049435 -0.010029
v -0.0113666 -0.0142117 -0.0070545
v -0.0140879 0.0248272 0.0137305
v 0.0032088 0.0174759 0.0021737
v 0.005842 0.0274203 -0.006395
v 0.0151915 -0.0434121 -0.0013187
v -0.0029733 0.0244146 -0.0024878
v 0.0152087 -0.010731 0.0056883
v 0.0063777 0.0264626 0.0006774
v 0.0023444 0.0349084 0.0069561
v -0.0135252 -0.0213347 0.0003218
v -0.0062705 -0.0462414 -0.0131094
v -0.0130128 0.0446411 0.0052028
v -0.010648 -0.0181325 -0.0073335
v 0.0112883 0.0129548 0.0063858
v 0.0190147 0.0128025 0.0002336
v -0.0129959 -0.0226303 -0.0020007
v 0.0049504 -0.0445456 0.0072599
v 0.0040634 0.0383541 0.0080994
v 0.0173566 -0.0015763 -0.0027864
v -0.0041528 -0.0292868 0.0051093
v -0.0008322 0.0410472 0.0030475
v 0.015988 -0.0133648 -0.000919
v 0.0055776 -0.049435 0.0002418
v -0.0130487 -0.0225666 0.0003389
v -0.0127446 -0.0223478 -0.0033195
v 0.0038535 -0.0397156 -0.0145012
v -0.012884 0.0455623 0.0044514
v -0.0124629 -0.0166015 -0.0056472
v 0.0049589 0.0399844 0.0179138
v 0.0027215 -0.03445 -0.013933
v -0.0049559 -0.0136108 -0.0112504
v -0.0176552 0.0250135 0.0070938
v 0.018172 0.0202517 0.0021379
v 0.0058336 0.0360365 0.0164739
v 0.0148355 0.0036145 -0.0046276
v -0.0003643 -0.0112328 -0.0124133
v 0.0027728 0.0318158 0.0037001
v 0.0021396 0.0419294 0.003518
v -0.0032486 -0.0020751 -0.0141059
v 0.012639 -0.0420052 -0.0105727
v -0.0023433 -0.034047 -0.0141244
v -0.0175483 0.0064546 0.0115236
v -0.0057169 -0.0202961 0.0071635
v 0.018951 0.0185577 0.0016481
v -0.0192608 -0.006212 0.0048512
v 0.0110772 -0.0345984 -0.0112436
v -0.0128502 0.0211579 0.013274
v -0.0024615 -0.0362652 -0.014231
v -0.0125264 0.0465295 0.0049289
v 0.0178081 0.0035852 0.0059045
v -0.0189113 -0.0069299 0.0057625
v 0.0165281 0.0237555 0.0131865
v 0.0188203 0.0231918 0.0050591
v -0.0002926 -0.049435 -0.0063881
v -0.0139274 -0.01241 -0.0053194
v -0.003747 -0.0358811 0.0050753
v 0.0106364 -0.0375637 0.0037743
v 0.0028055 -0.0072558 0.0057712
v -0.0028958 0.0160978 -0.011322
v -0.0137718 0.0188681 -0.0056446
v -0.0124409 0.0446159 0.0021007
v 0.0051426 -0.0219521 0.0059847
v -0.0113925 -0.0195094 -0.0064061
v -0.0120211 -0.0347863 -0.0037614
v 0.0035561 -0.0181364 0.0070614
v 0.0049058 -0.0380692 0.0062667
v 0.0188259 0.0246337 0.0156567
v 0.0012292 0.0236364 -0.0097727
v -0.006443 -0.0062799 -0.0120042
v -0.0191918 -0.0043209 0.0011607
v -0.0130294 -0.0193958 0.0052122
v 0.0165774 0.0177304 0.0002593
v 0.0052773 0.0370694 0.0164308
v -0.0045698 -0.0031514 0.009976
v 0.0035795 0.0145109 -0.0111755
v 0.0005479 0.0418963 0.0157994
v 0.0059894 -0.0469316 -0.0147691
v 0.021101 0.0247265 0.010584
v -0.004492 -0.0013526 0.0092943
v -0.0073199 -0.014567 0.0103352
v 0.0067066 0.0067555 0.0034595
v 0.0136405 0.0053187 -0.0056227
v 0.0132771 -0.0019529 0.0078693
v 0.0082805 0.0195528 -0.0051198
v -0.0030189 -0.0392747 -0.0142429
v -0.0110242 -0.0259483 0.0022847
v -0.0126501 -0.0245454 -0.0027388
v -0.003588 -0.0403627 -0.0141344
v -0.0119183 -0.0335012 -0.0058169
v 0.018846 0.0145507 0.0072822
v 0.0053477 -0.0338297 -0.0133531
v -0.0134971 0.0270183 0.011126
v -0.0188835 0.0062114 0.0023464
v -0.0148453 0.0281385 0.0086461
v 0.0147303 0.0067838 -0.0045074
v -0.019015 0.0206732 0.0073993
v -0.013719 0.0205893 -0.0084661
v 0.0079487 0.0320873 0.0115257
v -0.0085758 -0.0128675 0.01109
v 0.0120047 -0.049435 -0.0019297
v -0.0018893 -0.0047571 0.0070121
v -0.0052045 -0.049435 -0.0050241
v -0.0039021 -0.0452451 -0.0141885
v 0.0146449 0.0274367 0.0040026
v 0.0195469 0.0099723 0.0019997
v 0.0033827 -0.049435 0.0009382
v 0.001248 0.0407005 0.0141036
v 0.012032 -0.0057907 -0.0078328
v -0.007442 0.0184104 -0.0124268
v 0.0009647 -0.0312028 0.0055394
v -0.0029131 -0.0493394 -0.0134269
v 0.0031113 0.0349506 -0.0044779
v -0.0040906 -0.0326886 -0.0136021
v 0.0194358 0.0106404 0.0040707
v 0.0031807 0.0324283 -0.006347
v 0.0060586 -0.0415708 -0.0142352
v -0.0141301 0.0031384 0.0126978
v 0.0101007 0.0052689 -0.0081237
v -0.0117398 -0.0290803 -0.0064762
v -0.0112286 -0.0327569 -0.0003568
v 0.0040707 0.0134374 -0.0111141
v -0.0195307 0.0173119 0.0062341
v 0.0132907 -0.0291442 -0.0037919
v -0.0037148 -0.049435 -0.0007751
v 0.0157516 0.008252 -0.0033999
v -0.0120197 -0.0300474 -0.0056974
v 0.0031351 0.0251279 -0.0091776
v -0.0125844 0.0323312 -0.0076753
v -0.0161578 0.0033644 0.012074
v 0.0055141 -0.0281416 0.0050466
v -0.0119598 -0.0341724 -0.0029525
v -0.0115214 -0.0380127 -0.0020941
v 0.002323 0.0193716 0.0015806
v 0.0138817 0.0008203 -0.0057648
v -0.0082883 0.021715 -0.011692
v 0.0195867 0.0125756 0.0013746
v -0.0073536 0.0335293 0.0006453
v 0.0008577 0.0271616 -0.0087021
v -0.003136 0.0408478 0.0072138
v -0.0024227 -0.049435 -0.0010603
v 0.0158837 -0.0057489 0.0064352
v 0.0133091 -0.0022267 -0.0068819
v 0.0183373 0.0153363 0.0079901
v -0.0033074 0.0436478 0.0101432
v -0.0055879 -0.0426737 -0.0134044
v -0.0123126 0.0114305 -0.0015333
v 0.0034194 0.005011 -0.0113984
v 0.0152245 -0.0066121 0.0068414
v -0.0204358 0.0074077 0.0078898
v 0.0134641 -0.0363231 -0.0012761
v -0.0045192 -0.026209 0.005414
v -0.0041309 0.0425377 0.0128604
v -0.0131058 0.0107593 -0.0014941
v 0.0064164 0.0271818 -0.0039102
v 0.0141749 -0.0387772 -0.0017371
v 0.0098334 0.0184992 -0.0054505
v 0.0191342 0.0292086 0.0184087
v -0.0005756 -0.0490818 -0.0145467
v 0.0135158 -0.0211979 -0.0004906
v -0.0194837 0.0153516 0.0104332
v 0.0186907 -0.0002583 0.000967
v 0.0174181 0.0133555 -0.0011909
v 0.0102513 0.0224532 -0.0044527
v -0.0062468 0.0423467 0.0027708
v 0.0168193 0.0208097 0.0024378
v 0.014252 0.0239899 -0.0005654
v -0.01609 0.026424 0.0061991
v 0.0156444 -0.04685 -0.0020379
v -0.0119924 -0.0311592 -0.0057681
v -0.0125042 0.0129778 -0.0029652
v -0.011391 -0.0380235 -0.0072116
v -0.0038195 -0.0083034 0.0097882
v 0.0075788 0.0196266 0.0041933
v 0.0135319 -0.0193796 0.0019752
v 0.0197755 0.0296424 0.0167667
v -0.0042096 -0.0371031 0.0049467
v -0.0018013 0.0376647 0.0008049
v -0.0031705 0.0091718 -0.0003947
v 0.0016962 0.0433559 0.0153775
v -0.0026662 0.0412667 0.0063102
v 0.0149883 0.0229299 0.0098401
v 0.0027506 0.0314786 -0.0068951
v -0.0069336 0.0329579 -0.0084038
v 0.019846 0.0122608 0.0025096
v 0.0080343 -0.0412084 0.0061476
v 0.0135012 0.0346931 0.0083456
v -0.006652 -0.0374771 -0.0126161
v -0.0114776 -0.0349517 -0.0071028
v 0.0037138 0.0411183 0.0097252
v 0.0049733 -0.0269352 0.0051553
v -0.0195961 0.0131736 0.0054216
v 0.008892 -0.0187059 -0.0095122
v -0.0107961 -0.0472319 -0.0086766
v -0.0136747 0.0250578 -0.0078781
v 0.0105082 -0.0323612 -0.0113616
v -0.0075424 0.0453206 0.0066297
v -0.0116928 -0.0184693 0.0072634
v 0.0167283 -0.0020445 -0.0036602
v 0.0164708 0.0009085 -0.0040314
v 0.0141771 -0.0425997 0.0009774
v 0.0033156 0.0238199 -0.0093352
v 0.0020408 0.0324803 -0.0065577
v 0.0174475 0.002083 -0.0030475
v 0.0106564 0.0298963 0.0111537
v 0.0043547 -0.0228259 0.0057468
v 0.0022897 -0.020188 -0.0125421
v -0.012633 -0.0237818 0.0005068
v 0.0152784 0.0191737 0.001803
v 0.0152433 0.0185698 0.0087525
v -0.0195437 0.0133926 0.0102122
v 0.0130412 0.006071 -0.006211
v -0.0048477 -0.0202027 -0.0113927
v -0.0037332 0.0090564 -0.0148887
v 0.0053666 -0.0212781 -0.0114682
v 0.0027337 -0.0043392 -0.0127377
v -0.0113427 -0.0402919 -0.0017261
v -0.0069978 0.0397289 0.0038603
v -0.0118248 -0.0430601 -0.0043107
v -0.0011078 0.0129115 -0.0131193
v 0.0036375 -0.0036729 -0.0123963
v 0.0057905 0.0227817 -0.006878
v 0.0088224 -0.0321769 0.0042308
v -0.0113344 -0.0366635 -0.0074063
v 0.0061799 0.0355619 0.0153732
v -0.0118858 0.0155566 0.010325
v 0.0143768 0.0291798 0.0022329
v 0.0116494 -0.0439034 0.00461
v 0.0039608 0.0042832 -0.0109346
v -0.0074289 -0.0330648 -0.0118823
v 0.0040958 -0.0025482 0.0044225
v -0.0153846 -0.0140921 0.0072894
v -0.0149521 0.0123669 -0.006748
v -0.0073832 0.0454411 0.0052606
v 0.0076534 -0.0433296 0.00665
v -0.0085028 -0.0274909 -0.010249
v -0.0002448 -0.0478681 -0.0151206
v 0.0062381 -0.0364492 0.0058137
v 0.0112106 -0.0490192 0.0045224
v 0.0008211 0.0365392 0.0082197
v 0.0159468 0.0200529 0.0105555
v 0.0185865 -0.0010697 0.0029109
v 0.0064332 0.0118806 -0.0087962
v 0.015505 -0.0447016 -0.0016975
v -0.0124201 -0.0189598 0.0063099
v 0.0039311 -0.0173176 -0.0119753
v 0.0190847 0.0278112 0.0105272
v -0.0054062 -0.0080226 -0.0120222
v -0.0181331 -0.0037359 -0.0020782
v -0.0052243 -0.003938 0.0107291
v 0.0137503 -0.0432354 0.0019914
v 0.0142949 0.0057754 0.007175
v 0.004388 0.021933 -0.0089574
v -0.0117904 -0.0384478 -0.0032748
v -0.0149497 0.0127932 0.0030648
v -0.003658 0.0071139 -0.015078
v 0.0085883 0.0303227 0.0105876
v -0.0074251 -0.0217643 -0.0101775
v 0.0031826 0.0371437 -0.0020207
v -0.0127125 0.0153714 -0.0114538
v -0.0074789 -0.0326405 0.0033931
v -0.0125455 0.0249359 0.0076678
v 0.0151129 -0.0146084 0.0034013
v -0.012507 0.0142527 0.0115124
v 0.0113108 0.0383809 0.0169102
v 0.0042215 0.0404481 0.007685
v 0.0201957 0.0285396 0.0164343
v 0.0079872 -0.0059572 -0.009504
v -0.0118437 -0.0380391 -0.0051925
v -0.0118912 0.0121707 0.0042659
v 0.0148607 0.0197412 0.0025445
v -0.0035791 0.0406004 0.0093137
v 0.0021522 0.0441047 0.0094431
v 0.0097947 0.0332821 0.0145784
v -0.001933 0.0063369 -0.0146045
v 0.0040477 0.0310964 0.0028273
v -0.0120975 -0.033744 -0.0038919
v -0.0193046 0.0017511 0.0100396
v 0.0171265 -0.0027718 -0.0028751
v 0.0028293 -0.049435 -0.0053873
v 0.0198367 0.0138969 0.0054407
v -0.0034719 0.0007919 0.0060701
v 0.0020157 -0.049435 -0.0074477
v -0.0134886 -0.0091171 0.0113207
v -0.011771 -0.0391956 -0.0056535
v 0.0132448 -0.0235038 -0.0048484
v -0.0048127 0.0230438 -0.0090517
v -0.0045417 0.0293451 -0.006018
v -0.0121679 0.0113185 0.0107712
v -0.0127743 0.0294181 -0.003098
v 0.0203754 0.0154299 0.0039173
v 0.0072901 -0.0368866 0.005608
v -0.0117943 -0.0397121 -0.003652
v -0.01422 0.0273041 0.007903
v -0.0126978 -0.0221524 0.0024715
v 0.0080089 -0.001104 0.0057494
v -0.0042646 -0.0489168 -0.013767
v 0.0082235 0.0396792 0.013574
v 0.0031207 -0.0259273 0.005392
v -0.0125041 0.0303586 -0.0085887
v 0.0125373 -0.0175639 0.0050306
v 0.0168704 0.0040268 0.0066781
v -0.0033652 -0.049435 -0.0104667
v -0.0126768 -0.0136442 0.0098707
v -0.0046237 -0.0339264 0.004747
v -0.0116504 -0.0405201 -0.0028631
v 0.01904 0.0268156 0.0176383
v -0.0129206 0.0342831 -0.0009354
v -0.0115475 -0.0466781 -0.006752
v -0.0116339 -0.0468778 -0.0021857
v -0.0060373 0.0081073 0.0023813
v 0.0028423 -0.0323542 -0.0135811
v 0.0067436 0.0274928 0.0014229
v -0.0130339 0.0357024 -0.0045814
v -0.0026738 0.0406171 0.013636
v -0.0004623 0.0340374 0.0053428
v 0.0028406 0.0406501 0.0119593
v -0.0115764 -0.0393394 -0.002426
v -0.0031735 -0.0160994 -0.0117148
v 0.0078794 -0.049435 -0.0097694
v -0.0026255 -0.0430459 0.0060076
v -0.00217 -0.049435 -0.0077906
v -0.02043 0.0042211 0.0084729
v -0.0051386 0.0038344 0.0066371
v 0.020637 0.0170329 0.0048635
v 0.0073985 -0.0351794 -0.01303
v 0.0105451 -0.0184812 -0.0079868
v 0.0082169 -0.0092288 -0.0095157
v -0.012625 -0.0070995 -0.0080969
v 0.0155019 -0.0071419 -0.004308
v -0.019487 -0.0030715 0.0014411
v 0.0008261 -0.049435 -0.0068966
v -0.0181668 -0.0023795 -0.0021848
v 0.0102407 -0.0280721 0.0030486
v 0.002596 0.0232567 0.0004094
v 0.0021794 0.0272285 -0.0087829
v -0.0132751 -0.0211354 0.002378
v 0.0057072 0.0215514 -0.007135
v -0.0118313 -0.0400973 -0.0049031
v 0.0061509 0.0328352 -0.003398
v 0.0088773 -0.049435 -0.0070425
v -0.0123529 -0.0040958 -0.009438
v -0.0115021 -0.0427841 -0.0021538
v 0.0140364 -0.0049814 0.0076915
v -0.0101261 -0.0472869 0.0013113
v 0.0128753 -0.0455955 0.0037176
v -0.0190034 -0.0073027 0.004582
v 0.0038663 0.0337218 0.0053081
v -0.0189796 -0.0051393 0.0072379
v -0.0025277 -0.0211356 0.0062517
v 0.0081477 0.0329119 0.0046544
v -0.0194541 -0.0038075 0.0072396
v -0.0041232 -0.0270283 0.0053621
v -0.0132736 -0.001936 0.0129487
v 0.0165714 0.0078127 0.0070581
v 0.0167817 0.009881 -0.0023829
v 0.0165059 -0.0032616 -0.0037313
v -0.0056696 0.0071741 0.0032777
v 0.0016556 -0.0041177 -0.0130894
v 0.0045489 0.0156315 -0.0094329
v 0.0075228 -0.0494347 0.0044642
v -0.0118572 -0.0353555 -0.0057668
v -0.0118137 -0.0418796 -0.0043726
v -0.0111014 -0.0446014 -0.0007388
v -0.0025244 0.0336233 0.0017948
v 0.0113709 -0.0189168 -0.0071699
v 0.0086431 0.038944 0.0117071
v 0.0072626 0.0282704 0.0067435
v -0.0117102 -0.0435472 -0.0031022
v -0.0195453 -0.0052179 0.0050289
v 0.0175882 -0.0069234 0.0032959
v -0.0194561 -0.0051149 0.0029175
v 0.0030846 -0.0082466 0.0062272
v 0.0008983 -0.0393993 -0.0147363
v 0.0003113 0.0312697 -0.0067778
v 0.0131753 -0.0325869 -0.0021732
v 0.0044149 -0.0320515 0.0054499
v 0.0137682 -0.015798 0.0046655
v -0.0103751 -0.041777 0.0002881
v 0.0030411 -0.0126746 0.0072283
v 0.0044803 0.0357917 0.0063528
v 0.005558 0.0365738 0.0153505
v 0.0207316 0.0200735 0.005144
v -0.0195179 -0.0009151 0.001119
v 0.001764 0.0321173 0.0039139
v 0.0208525 0.0209329 0.0061098
v -0.0065138 -0.0184523 0.0082695
v -0.0120127 0.0471155 0.0061569
v -0.0115983 -0.0434543 -0.0065424
v -0.014081 0.0178893 -0.0081374
v -0.0126605 -0.0229728 0.0014979
v -0.0026797 -0.0382941 -0.0142774
v 0.0047088 -0.0110427 -0.0116893
v -0.0026548 -0.0111746 0.0085722
v 0.0133587 -0.0136486 0.0060616
v -0.0067141 0.0430196 0.0009038
v 0.0022259 -0.0015889 0.0034284
v 0.0181734 0.0239816 0.0147763
v 0.0210596 0.0223562 0.0095437
v 0.0205076 0.0221528 0.0060144
v -0.005249 0.0117903 -0.0144362
v -0.012728 -0.020496 0.0044139
v -0.0053509 -0.0239054 -0.0117623
v 0.0145764 0.0251827 0.0014296
v -0.0052656 0.0193556 -0.0006305
v 0.0080616 0.0101217 -0.0084113
v 0.0027093 -0.0202546 0.0063639
v 0.0005674 -0.049435 -0.0042797
v -0.0037019 -0.0216918 0.0062879
v 0.0141247 -0.0397032 -0.0007206
v 0.0208935 0.0242429 0.0129442
v 0.0038337 0.0100562 -0.0120815
v -0.0048924 -0.0364503 0.0046448
v -0.0199279 0.0165587 0.0088747
v -0.0010014 -0.0150631 -0.0121828
v 0.0151356 0.021131 0.0039331
v -0.0128944 0.006102 -0.0117596
v 0.020802 0.026073 0.0108929
v -0.0116775 -0.0446625 -0.0062253
v -0.0126961 -0.0179564 0.0069686
v -0.0030979 0.0396605 0.0099777
v -0.0126715 -0.0154356 -0.0056743
v 0.0046045 0.033278 0.004268
v -0.0035288 -0.019241 0.0071269
v -0.0055958 0.0079924 -0.0151613
v 0.0207206 0.0270065 0.014858
v -0.0045896 0.0182279 -0.0003043
v -0.0123574 -0.0256342 -0.0043118
v 0.0087194 0.0356924 0.0072169
v 0.0207749 0.0258276 0.0145349
v -0.0064335 0.0119591 -0.0007518
v 0.0192541 0.0065791 0.0003448
v 0.0009262 0.0429759 0.0161549
v 0.0181843 0.0203343 0.0116518
v 0.0119587 0.0374108 0.0159726
v -0.0013617 0.0356908 -0.0018786
v 0.0042423 -0.0466522 -0.0151498
v -0.019208 -0.0065624 0.0038533
v 0.0132114 0.0072995 -0.0058945
v 0.00658 0.0365575 0.0192205
v 0.0049682 0.0393166 0.0189126
v -0.001668 -0.0185555 0.0068827
v 0.0067744 0.0246525 -0.0023697
v 0.0004016 0.0260208 -0.0089372
v 0.0122877 0.0277056 -0.0015377
v -0.0126103 -0.0126173 0.010387
v -0.0131349 -0.009007 -0.0070349
v -0.0049276 0.0069005 -0.0151797
v -0.012251 0.0115823 -0.0125592
v -0.0081537 -0.0069189 -0.0109105
v 0.0053097 -0.0136481 -0.0112649
v -0.0029579 -0.0007732 -0.0143485
v -0.0123819 -0.0268518 -0.0013152
v 0.0017009 -0.0494011 -0.0135252
v 0.0005474 0.029248 -0.0078176
v 0.014493 0.0281308 0.0014248
v -0.0092786 -0.0310887 0.0022614
v -0.0058381 0.0204086 -0.0013284
v -0.011876 -0.046115 -0.004635
v 0.0064051 0.0416105 0.018871
v 0.0033289 0.0374904 0.0084954
v 0.0040431 -0.0240617 -0.0121303
v -0.0040727 0.0163392 -0.0115243
v -0.0063845 -0.0494112 -0.0112248
v -0.0045657 -0.0480056 -0.0138552
v -0.0013679 -0.0470654 0.0070288
v 0.0070599 0.0098606 -0.0089576
v 0.0050146 0.0083662 -0.0107288
v 0.0053337 0.037795 0.0153731
v 0.0138763 -0.0415009 0.0010349
v 0.0109675 -0.0447235 0.0053013
v 0.0019223 0.0273919 0.0021126
v -0.0062971 0.0113159 -0.0147627
v -0.01228 -0.0267993 -0.0047021
v -0.0045483 -0.049435 -0.007902
v -0.0060771 0.0038521 0.008641
v -0.0142558 0.0169812 -0.0074508
v 0.00325 0.0416093 0.004066
v -0.0118044 -0.0476245 -0.0031271
v -0.0185012 -0.0015105 -0.0012926
v 0.0047702 0.0209735 0.0021332
v 0.0091201 0.0104281 -0.0078919
v -0.0128085 0.0456644 0.0056523
v -0.0124076 -0.0287056 -0.0025812
v 0.0131558 -0.0208599 -0.0050435
v 0.013144 0.0230878 0.0047624
v -0.0122229 0.0344117 7.18e-05
v -0.0055534 0.0339754 -0.000652
v 0.0048586 0.0339161 -0.0045439
v 0.001007 0.0418805 0.0032049
v -0.0123299 0.0065559 0.0112843
v 0.0052402 -0.0458717 -0.0149193
v 0.003888 0.0314471 -0.006529
v 0.0071281 0.0116748 0.0038797
v -0.0188424 -0.0065223 0.0014052
v 0.0135264 -0.0203069 -0.0038928
v 0.0105149 -0.0356491 -0.0117372
v -0.0032481 -0.0494344 -0.0116097
v 0.0182135 0.0224122 0.0131326
v -0.0048724 0.0334415 -0.0037534
v 0.0150011 -0.0489478 -0.0019742
v 0.0137887 0.0036185 -0.0054383
v 0.0078476 -0.037982 0.0055806
v 0.012362 -0.0081675 0.0079973
v 0.0026212 0.0006309 0.0025865
v -0.0019784 -0.0460081 0.0067024
v 0.0135559 0.0242619 0.0048088
v -0.0122072 -0.0311769 -0.0027558
v -0.0025027 0.0113739 -0.0139857
v -0.0097145 -0.0096692 0.0120075
v 0.0045723 -0.049435 -0.002217
v 0.0084106 0.0016235 0.005285
v 0.0025425 -0.0450432 0.0073181
v 0.002705 0.0415614 0.0128002
v -0.0070773 0.0442566 0.0058406
v -0.0068217 0.0109284 -0.0006271
v 0.0012388 0.044313 0.0157614
v 0.0055079 -0.0405546 0.0066126
v -0.0045971 0.0218294 -0.008884
v 0.0114438 0.0246247 0.0068514
v -0.0125496 0.0141758 -0.0119079
v -0.0067809 0.0320554 -0.0088038
v 0.0017161 -0.0403136 0.0065542
v 0.0170404 0.0173492 0.0090075
v -0.0011621 -0.0012264 0.0042439
v -0.0072524 -0.0218719 0.0064311
v -0.006517 -0.0123918 -0.0106698
v -0.0138636 -0.0074312 0.0116396
v 0.0136206 0.0340237 0.0107927
v -0.0086913 -0.0164475 0.0095138
v -0.0127026 0.0158944 -0.0035571
v 0.0029524 0.0434229 0.0086782
v 0.0025002 0.0147012 -0.0117981
v -0.0183129 0.0080202 0.0027775
v -0.0018482 -0.00907 0.007677
v 0.0129155 -0.0370009 0.0004699
v 0.0050913 0.002863 -0.0105213
v 0.0137946 0.0137472 -0.0016883
v 0.0154662 -0.0095544 0.0058556
v 0.0110789 -0.0300352 0.0020009
v -0.0128142 0.0103322 0.011328
v 0.0087676 -0.0494305 0.0043245
v 0.0083074 0.023614 0.0062091
v 0.0051476 0.017801 -0.0079436
v 0.0060481 0.0036384 -0.0099196
v -0.0131775 -0.0218346 0.0014015
v -0.0013914 -0.049435 -0.0026804
v 0.0134847 -0.0405284 -0.0092714
v -0.0120562 0.0321656 -0.0012927
v 0.0085104 -0.0116954 -0.0095065
v 0.0137398 -0.0443016 -0.0095452
v -0.0040411 0.0418906 0.0117057
v -0.0139368 0.0035187 -0.0103167
v 0.0173247 0.0259955 0.0085356
v -0.0202358 0.0121894 0.0084586
v -0.0135835 0.0193332 0.0045432
v -0.0048334 0.0131481 -0.0002635
v 0.0141715 -0.0373078 -0.0040478
v -0.0111196 0.0392773 -0.0038535
v -0.0032316 -0.0410253 0.0055528
v -0.007866 0.0146347 -0.0009972
v 0.0148211 0.0213573 0.0050603
v -0.0060735 0.0329412 -0.0005181
v 0.0035579 -0.049435 -0.0023073
v 0.0136048 0.0191723 0.0056506
v -0.0150444 -0.0048207 0.0116641
v -0.0012901 0.0304242 -0.0053906
v 0.0035967 0.0079623 -0.0119845
v 0.0028506 0.0078779 -0.0125004
v -0.0040355 0.0213121 -0.001522
v 0.0068539 -0.0181323 0.0071971
v 0.0109804 0.0274601 0.0089085
v -0.02011 0.003034 0.0026935
v 0.0026475 0.0105117 0.0012195
v -0.0120119 -0.0332966 -0.0027536
v -0.0117382 -0.0340294 -0.0019718
v 0.0153977 0.0144031 -0.0012651
v 0.0072133 -0.0362301 -0.013208
v 0.0072551 -0.0372778 -0.0133293
v -0.0033277 -0.046273 0.0063036
v 0.0137844 -0.0365997 -0.002315
v -0.0009815 0.0148141 -0.0121624
v -0.0166495 -0.009793 0.0082681
v 0.0075921 -0.0026957 -0.0098751
v 0.0055861 0.0174198 -0.0069138
v -0.0082557 0.0068078 0.0082145
v -0.0103692 0.04782 0.0055854
v -0.0107681 0.0474347 0.0047393
v -0.0115365 0.0474475 0.0053191
v -0.0010859 0.0456028 0.0160942
v 0.0138348 0.0147047 0.006974
v 0.020946 0.0205739 0.0084261
v -0.0097619 0.0044512 0.0115682
v -0.0188692 0.0028154 0.0104947
v 0.0134839 -0.0482044 0.0026877
v 0.0127679 -0.0491231 0.0028081
v 0.0033459 -0.0485382 -0.0148803
v 0.0165232 0.0290657 0.0133544
v 0.0140835 0.0317903 0.008151
v -0.020953 0.0034169 0.0067355
v -0.0021472 -0.049435 0.0013716
v 0.0088915 0.0394785 0.0127957
v 0.0204845 0.0166764 0.005692
v 0.0063129 0.026685 0.002018
v -0.0019782 -0.0330341 0.005419
v -0.0192417 0.0105505 0.0045182
v 0.0098776 0.0213124 -0.0047381
v -0.0138673 0.0271731 -0.0063132
v 0.0072198 0.0057713 0.003781
v 0.0079964 0.0381627 0.0109674
v 0.0124553 -0.0350552 -0.0099153
v 0.007689 -0.0237628 0.0052257
v 0.0070932 -0.0244686 0.005145
v -0.019635 0.0163438 0.0100155
v 0.0099801 -0.0385172 0.0045392
v -0.0124254 0.0400662 -0.0020025
v -0.0125773 0.0391521 -0.0024228
v 0.0137518 -0.0195131 -0.0031383
v 0.0060831 -0.0048908 -0.0106989
v -0.0115148 0.0468743 0.0042579
v 0.0175321 0.0074058 0.0064136
v -0.0086392 0.0257203 -0.0110765
v 0.0043252 0.038768 0.0011881
v 0.0097174 0.028675 0.0097296
v 0.0148164 0.0122185 -0.0024887
v 0.002893 0.036431 -0.002904
v -0.0106645 -0.0009783 -0.0115856
v 0.0044841 0.0263286 0.0010258
v 0.0129764 0.0130981 -0.0039131
v 0.0127498 0.0141116 -0.0040654
v 0.0017691 0.0305058 0.0026866
v 0.0179001 0.0311183 0.0173786
v 0.0167801 0.0310224 0.0166206
v -0.0125209 0.0210824 0.0056877
v -0.0035405 0.0416081 0.0136091
v -0.0063472 0.0282652 -0.0098322
v 0.003955 0.0244844 -0.0088704
v 0.0049605 0.0276239 0.0008473
v -0.0016313 0.0317957 -0.0040512
v 0.0165449 -0.005788 0.0057047
v 0.0182875 0.0136611 -0.0004544
v 0.0074207 0.0283439 0.0007586
v 0.0050564 -0.0471143 -0.0149789
v -0.0113036 -0.0116414 0.011241
v -0.0058495 0.0394675 -0.0005986
v 0.0007214 -0.0066155 0.0051936
v -0.0209184 0.0005331 0.0062783
v -0.0057374 -0.049435 -0.0080601
v -0.0146436 0.0007888 -0.0090053
v -0.0142021 3.53e-05 -0.0093359
v -0.01492 -9.48e-05 -0.0084818
v 0.0022908 -0.049435 0.0014168
v -6.3e-05 0.0406998 0.002009
v 0.0182725 -0.0019887 0.0036861
v -0.0155755 0.0056505 0.0121069
v -0.0188845 0.0097075 0.003864
v -0.0209735 0.0010851 0.0054105
v -0.0106829 0.0070124 -0.0133663
v 0.0071255 -0.005077 0.0070557
v 0.0145208 -0.0146655 -0.003967
v 0.0119208 0.0047127 -0.0071873
v -0.0145101 -0.0130576 0.0088807
v -0.0004107 -0.0058458 -0.0135368
v 0.0163669 -0.0105823 0.0039997
v 0.0005697 -0.0319883 -0.0138753
v -0.0030689 -0.0275457 0.0054256
v 0.0114965 -0.001375 0.007578
v -0.0144063 -0.018554 0.0037835
v 0.0020619 -0.0162085 0.0071022
v 0.0030341 -0.0354968 -0.0140346
v -0.0131544 0.0255775 0.0073045
v -0.0075348 -0.0026827 0.0121025
v -0.0002092 0.0058324 -0.0137653
v -0.0030126 0.0215096 -0.0012978
v 0.0028084 0.0308645 0.0029931
v -0.0156465 -0.0076093 -0.0052808
v 0.0009561 -0.0165533 0.0069575
v -0.0119546 -0.0365948 -0.0041061
v -0.0172379 0.0250128 0.0129746
v -0.0047169 0.0304174 -0.0031535
v -0.0004777 0.0382629 0.0102308
v 0.0034351 0.0401194 0.0103625
v 0.0004554 -0.018902 -0.0126602
v 0.0164414 -0.0115054 0.0029693
v -0.0186811 0.0213634 0.0094919
v -0.0194338 0.0032256 0.0017958
v 0.0138794 -0.0195549 -0.0021031
v 0.0187138 0.0190009 0.0104088
v -0.007601 -0.0437483 -0.012198
v 0.0145859 -0.039745 -0.00581
v -0.0157769 -0.006312 -0.0055692
v 0.0063674 0.0326259 -0.0022444
v -0.0111189 0.02676 -0.0104866
v -0.0101312 0.0019326 0.0129019
v -0.0189479 0.0195808 0.0103672
v -0.0154271 0.0221934 0.0045936
v -0.0167507 -0.0077055 -0.003754
v -0.0008761 -0.0407056 -0.0147378
v -0.0133504 -0.0206401 -0.0024677
v 0.0110708 0.0046072 -0.0077713
v -0.002013 0.0358665 0.0057515
v -0.0031118 0.0424665 0.0150909
v 0.0088154 0.0384519 0.0107104
v -0.0027587 0.0419952 0.0071606
v -0.0022335 0.0429015 0.0071937
v 0.0121568 0.0362998 0.0155909
v -0.0125885 -0.0244364 -0.0002077
v 0.0076901 -0.0351514 0.0051855
v -0.0138613 -0.0185915 0.0049107
v -0.0071357 -0.0153412 -0.010114
v -0.0140741 0.0011404 -0.0097279
v -0.0097498 0.0474748 0.0048168
v 0.0126883 -0.0482184 0.0035947
v 0.0117525 -0.0482727 0.0044398
v 0.0118591 -0.0490759 0.0038402
v 0.0145351 -0.0391358 -0.0050067
v -0.0064182 -0.049435 -0.0052537
v -0.0056698 0.0378092 -0.0015153
v -0.0167766 0.0037904 -0.0034982
v 0.0204783 0.0270045 0.0115749
v -0.0117678 0.017561 0.0107187
v 0.0196636 0.0252195 0.0079973
v 0.0188407 0.0254597 0.0075932
v 0.0111005 -0.015652 -0.0076643
v 0.0171911 -0.0087032 -0.0006861
v 0.0028788 -0.0107315 -0.0124196
v -0.0033979 0.0247933 -0.0049575
v 0.0059442 -0.0177569 0.0073216
v -0.0075068 0.0403702 0.0047124
v 0.0004243 -0.0054733 0.0048403
v -0.0095951 -0.0036095 -0.0111984
v -0.0053144 -0.0394131 -0.0134044
v -0.0088791 0.0312629 -0.009738
v 0.0132425 -0.0218251 0.0003741
v 0.0015957 0.0164243 0.0008282
v 0.0007593 0.0170715 0.0004998
v -0.0023858 -0.0441354 0.0062452
v -0.0029405 0.0126513 -0.0001089
v -0.0060441 0.0401009 0.0022173
v 0.0119115 -0.0341923 -0.0104041
v -0.007566 0.015694 -0.0009503
v -0.0012501 -0.049435 -0.0071647
v -0.0088697 0.0036691 0.0116747
v 0.015132 -0.0118115 -0.0038972
v -0.0138803 0.0062504 0.0120419
v -0.0137578 -0.0188196 -0.0029144
v 0.0040412 -0.0389457 0.0064437
v -0.000173 -0.049435 -0.0088803
v 0.0005317 -0.049435 -0.0094714
v 0.0135912 0.0207517 0.0020483
v -0.0118317 0.0397547 -0.0028923
v 0.000766 0.04115 0.0023732
v 8.48e-05 0.0415071 0.0029498
v -0.0022436 -0.0064414 0.0078774
v 0.0191986 0.0165018 0.0011186
v 0.0062486 -0.0346236 0.0055325
v -0.0078323 -0.0279925 -0.0109143
v -0.0021235 -0.0026899 -0.0140548
v -0.0005634 0.0453992 0.0114434
v 0.0115719 0.0067058 -0.0072641
v 0.0181259 0.0049029 -0.0020395
v 0.0158262 0.0281718 0.0131196
v 0.0021809 0.0384234 -0.0009632
v -0.0051143 -0.0139707 0.0097846
v -0.0164043 0.0047519 -0.0034094
v -0.0142658 -0.0142675 -0.004455
v 0.0094107 -0.0084936 0.0081938
v -0.0169214 -0.0088437 0.0084013
v -0.0130466 0.0260444 0.0117493
v 0.0197457 0.0168941 0.0019169
v 0.0043493 0.0266327 -0.0080798
v -0.0128539 0.0257583 0.0082587
v -0.0131872 0.0012584 0.0131159
v 0.0013793 0.0372628 -0.0022917
v 0.0017999 0.0364562 -0.0030961
v 0.0005194 0.0452461 0.0118319
v -0.0055781 0.0354907 -0.004852
v 0.0149217 0.0023514 -0.004735
v -0.0175849 -0.004316 -0.0032149
v 0.0083934 -0.009804 0.0081488
v 0.0053761 0.0218898 0.0025994
v 0.005058 -0.0022574 -0.0116736
v 0.0140449 0.0307441 0.0081436
v -0.0013305 -0.0390557 0.0058991
v -0.0107829 -0.0388685 -0.0005061
v -0.0060606 0.0231721 -0.0022632
v 0.0100763 0.0230794 0.0065329
v -0.0084534 -0.049435 -0.0058518
v -0.0121836 0.0161259 -0.0117374
v -0.012224 -0.0317186 -0.0037395
v -0.007323 0.0231535 -0.0112313
v 0.0133063 -0.0039766 0.0079351
v -0.0012962 0.0245653 -0.0002378
v 0.0119872 -0.0021872 0.0078304
v 0.01353 -0.0355377 -0.0020478
v 0.0063236 0.0259752 -0.0037912
v -0.0191761 -0.0031972 0.0081957
v -0.0072906 0.0411463 0.0051376
v -0.017423 0.0235925 0.0124161
v -0.0130785 -0.0216142 -0.0026171
v 0.0207183 0.0176967 0.0055047
v 0.0030195 -0.0063559 -0.0126224
v 0.0006156 -0.0469283 -0.0152536
v -0.0075356 0.0223385 -0.0114065
v 0.0131565 -0.0308663 -0.0071708
v 0.0188818 0.0139152 0.0002967
v -0.0129335 -0.000839 0.0131102
v 0.0097772 0.0369819 0.0083543
v 0.017916 0.0145029 0.0077181
v -0.0073669 -0.049435 -0.0029799
v -0.0114572 0.0066383 -0.0128289
v -0.0022138 0.0451075 0.0159766
v -0.0132108 0.0388807 0.0002284
v -0.0118595 -0.0161819 -0.0063189
v 0.014052 -0.0409214 -0.0082939
v 0.0024046 -0.0492065 -0.0145067
v 0.0083539 -0.0032627 -0.0094053
v 0.0153218 -0.0076624 0.0065239
v -0.0053761 -0.0194151 -0.0110834
v 0.0070818 -0.0421219 -0.0139725
v -0.0152503 0.0096324 -0.0069209
v -0.0053532 0.0236725 -0.0025819
v -0.0052049 0.0229097 -0.0027376
v 0.0054663 0.0092403 -0.0103214
v -0.0083341 -0.0187225 -0.0093366
v 0.0061661 -0.036714 -0.0135694
v 0.005669 -0.0378398 -0.01385
v -0.0133805 0.017938 -0.0047152
v 0.0095335 -0.0103498 0.0081644
v -0.0054996 0.0346929 -0.0055315
v -0.0005273 -0.0190581 -0.0125587
v 0.0047683 -0.049435 -0.0053939
v 0.0054663 0.0183875 -0.0070679
v 0.013477 -0.0321275 -0.0046418
v -0.0150892 0.0114141 -0.006446
v -0.0151485 0.0104618 -0.0060876
v -0.0060004 0.0043 -0.0147714
v -0.005887 0.0052596 -0.014958
v 0.0195621 0.0157854 0.0014893
v -0.0115502 -0.024297 0.0025609
v 0.0144353 -0.0173796 -0.002179
v -0.0004906 0.0434459 0.0060829
v 0.000503 0.043781 0.0063251
v -0.005783 0.0281381 -0.0019542
v -0.0100481 0.0101378 0.0021498
v -0.0109634 0.0101337 0.0017383
v -0.0135955 0.0263242 0.0075561
v -0.019168 -0.0023571 0.0087314
v -0.002168 0.0437542 0.0162458
v 0.0132511 -0.0244922 -0.0048347
v 0.0080013 -0.0247315 0.0048807
v -0.0079608 -0.0037462 0.0123048
v 0.0120652 -0.0260044 -0.0081587
v 0.0077901 0.0320223 0.0040461
v 0.0158908 0.0139097 -0.0015548
v -0.0102996 -0.0260209 -0.0081597
v -0.0056342 0.0312029 -0.0017232
v -0.0185548 0.0212955 0.0067216
v -0.0117014 -0.0250194 -0.0058682
v -0.0121224 -0.0249168 -0.0049156
v -0.01263 -0.0111384 -0.0067085
v -0.0062565 -0.019205 -0.0106393
v 0.0178028 0.0311269 0.0162073
v 0.0152902 0.0286123 0.0158209
v -0.0028948 0.0282143 -0.0037115
v 0.0034871 0.0303315 0.0025134
v 0.0133938 -0.0312029 -0.0051203
v -0.0060669 -0.04595 0.004931
v -0.0164358 0.0215926 0.004553
v -0.007027 0.0327124 -2.6e-06
v -0.0179376 0.0280297 0.0090291
v -0.0175152 0.0280864 0.0082942
v -0.0179779 0.0270092 0.0083525
v -0.0151565 0.0107111 -0.0072093
v -0.0151117 0.0101737 -0.0079444
v -0.0102367 0.0272484 -0.0106939
v -0.0063043 0.0004115 0.0108185
v 0.0198506 0.0173214 0.0080995
v -0.005162 0.0036717 -0.0148399
v -0.0148687 0.0063124 -0.0094323
v -0.0022656 -0.0132767 0.008077
v -0.0116979 0.0090692 0.0100422
v -0.0125375 0.03891 0.0018942
v -0.0128828 0.0385639 0.0010894
v -0.0151416 -0.006297 -0.0062949
v -0.0054444 -0.0184881 -0.0109803
v -0.0047749 -0.0179409 -0.0112345
v -0.0064566 0.0425554 0.0040116
v -0.0044525 -0.046608 -0.0139884
v -0.0037477 0.0445731 0.014292
v 0.0010397 -0.0282448 -0.0133416
v -0.0018721 0.0364952 0.0065562
v -0.0176653 0.024678 0.0122202
v 0.0046593 -0.0249135 -0.0120688
v 0.0203813 0.0245877 0.0081932
v 0.0161285 0.0098895 0.0070284
v -0.0130588 -0.0014552 -0.0099263
v 0.004786 0.00036 0.0034909
v 0.0148203 -0.0164498 -0.0016116
v -0.0030563 -0.0327963 0.0052198
v -0.0148182 0.0121245 -0.0056931
v -0.0162697 0.0126123 0.0124268
v 0.0091715 0.0397368 0.0137791
v 0.010579 0.0281878 0.0095031
v 0.0129765 0.0175119 -0.0004012
v 0.0030865 0.0383443 -0.0006447
v 0.0030023 0.0378026 -0.001353
v -0.0144944 0.0118925 -0.0046226
v -0.0166237 0.0289263 0.0093499
v -0.0145559 -0.0178272 0.0047229
v -0.0034819 0.0205192 -0.0007881
v 0.0075696 -0.0168527 -0.01021
v 0.0141836 -0.0184473 -0.0016674
v 0.0090874 -0.0342309 0.0043477
v -0.0102879 -0.0403983 -0.0093362
v -0.0151292 -0.0175692 0.0035763
v 0.0142238 0.0018885 -0.005276
v -0.0092762 0.0264812 -0.0109983
v 0.0095072 -0.0334644 0.0038854
v -0.0168681 0.0171734 0.0130051
v -0.0143329 0.0209452 0.0044412
v -0.013838 0.0041371 0.0125302
v -0.0147535 0.0048516 0.0122535
v -0.0018996 -0.0209451 -0.012455
v -0.0131471 0.0314396 -0.0033308
v -0.0128812 0.0214849 -0.0042133
v -0.0111965 0.0140126 0.0080758
v 0.0084959 -0.0087802 0.0081217
v -0.0007012 0.0199171 -0.0100313
v -0.0049628 -0.0271559 -0.0126014
v -0.0036355 0.0411966 0.0127207
v 0.0036459 -0.0096954 -0.0122414
v -0.0099553 -0.0365859 -0.009689
v -0.0072298 -0.0292753 0.0040063
v -0.0109097 -0.0399255 -0.0007362
v -0.0111927 -0.0390185 -0.0013612
v 0.0084337 -0.0043585 -0.0093129
v 0.0142294 -0.0401726 -0.007553
v -0.0013191 -0.0019189 -0.0140589
v -0.014354 -0.0056011 0.011844
v 0.0064792 -0.0278606 -0.0120815
v -0.0043507 0.0288533 -0.0042614
v -0.0092705 -0.0494115 -0.0009244
v -0.0016598 -0.0450518 -0.0148464
v -0.0061319 0.0069317 -0.0150895
v 0.0024299 0.0297116 0.0024889
v -0.00548 -0.049435 -0.0095341
v -0.0086466 -0.0429926 0.0024626
v -0.008285 -0.0439413 0.0029385
v 0.0173551 -0.0025885 0.0054184
v 0.0017452 0.0444466 0.0132205
v -0.0087898 -0.0494134 3.26e-05
v -0.0097928 -0.0490714 -3.51e-05
v -0.003637 -0.0306688 0.0051378
v -0.0114551 0.0198394 0.0108808
v -0.0082307 -0.049435 -0.0026849
v -0.0007485 0.0379106 0.0093924
v -0.005491 0.0331764 -0.0067791
v -0.0076685 0.0453628 0.003943
v -0.0085663 0.0461095 0.0038106
v -0.006653 0.0321686 -0.0005748
v 0.0021126 0.0377699 -0.0017075
v -0.0122838 -0.0305861 -0.0037232
v 0.0147659 -0.016545 0.0020315
v -0.0059592 0.0064274 0.0052177
v 0.0098829 0.0044208 0.0052904
v 0.0128727 -0.0050642 0.0080264
v -0.0064824 0.0431377 0.0030777
v -0.0136364 0.0264495 -0.0046941
v 0.0124161 0.00696 -0.006625
v -0.0004956 0.0438957 0.0068996
v 0.0061138 0.0395423 0.0205635
v 0.0086925 0.0399101 0.0209999
v 0.0145266 -0.0174486 0.0012678
v -0.00141 0.0432484 0.0064934
v 0.0136812 -0.008742 -0.0062213
v -0.0138783 0.012712 -0.0041104
v -0.0118353 -0.0240093 -0.00548
v 0.00387 0.0180208 0.0026888
v 0.0173435 -0.0035496 -0.002233
v 0.0094667 -0.0466399 -0.0132825
v -0.0114992 0.0178515 0.0087769
v -0.0120825 -0.0120414 0.0108298
v 0.0164923 0.025092 0.0149437
v -0.0076517 0.0448523 0.0029019
v 0.0186629 0.0309588 0.0164444
v -0.0136585 -0.0204376 -0.0014684
v 0.0057648 -0.049435 0.0035226
v -0.0037066 0.0434885 0.0147431
v 0.0087333 0.033704 0.0146668
v 0.0045362 -0.0108074 0.0074666
v -0.0160856 0.0075761 0.0120137
v -0.0066318 0.031357 -0.0009484
v -0.0143386 -0.0010431 -0.0089037
v 0.0042909 0.0392339 0.0076037
v 0.0062327 -0.034579 -0.0132619
v -0.0007149 -0.039725 0.0060999
v 0.0024396 0.0357362 -0.0038126
v 0.0020709 0.0350033 -0.0046231
v -0.0030041 -0.0011872 0.0068578
v -0.0169307 0.0277638 0.0076425
v -0.0031427 0.0443806 0.0154459
v 0.0035845 -0.0047806 -0.0124199
v 0.0039675 -0.0057472 -0.012159
v 0.0101965 -0.0395193 0.0046275
v 0.009444 -0.0394541 0.0051144
v -0.0047207 0.022046 -0.0022514
v -0.0133041 -0.0214205 -0.001645
v 0.0150636 -0.0489603 -0.0027334
v -0.0111321 -0.0411216 -0.0011849
v 0.0147969 0.0221677 0.0086523
v 0.0129351 0.0031404 -0.0063233
v -0.01302 0.0096799 -0.0001614
v 0.0117455 -0.0366205 -0.0108558
v 0.0103743 0.0241791 0.006844
v 0.0010094 -0.049435 -0.0082275
v -0.0001326 -0.049435 -0.0076201
v -0.0168964 0.024016 0.0131544
v -0.0003789 -0.046727 -0.015135
v -0.0010062 -0.0459318 -0.0150206
v 8.52e-05 -0.0459085 -0.0151827
v 0.0101264 -0.0099818 -0.0087845
v 0.0138449 -0.0399701 -0.00841
v 0.0123925 -0.0362632 -0.0101293
v -0.0161797 -0.0093584 0.0090844
v 0.0113765 -0.0461691 -0.0120199
v -0.0057905 0.000916 0.010069
v 0.0058083 -0.049435 -0.0054005
v 0.0048534 -0.0291408 0.0051667
v -0.004896 0.0057345 -0.0151152
v -0.0049793 0.0046835 -0.0149978
v -0.0057902 -0.0032852 -0.0131005
v 0.0129878 0.023765 -0.002731
v -0.0063079 0.0415394 0.0035903
v -0.0050537 -0.0456665 0.0054459
v 0.0101908 -0.0346864 -0.0118093
v -0.0025708 0.0207977 -0.000676
v -0.0015398 0.0453147 0.0113117
v 0.0099126 0.0278557 0.0089533
v 0.010978 -0.0251397 0.0031014
v -0.0045075 -0.031444 -0.0133454
v -0.0085578 0.0156362 -0.0013176
v 0.0005745 -0.0385347 0.006189
v 0.0006564 -0.0375565 0.006103
v -0.000924 -0.0182701 -0.0123893
v -0.0056869 0.0385 -0.0005237
v -0.0109561 -0.0457261 -0.0002689
v 0.0080887 0.0183483 0.0043847
v 0.0134506 -0.0353852 -0.0079253
v 0.0084904 -0.0052269 -0.0092957
v 0.0208569 0.019694 0.0078085
v -0.0194927 -0.0041393 0.0021458
v 0.0016824 0.0152669 0.0007785
v -0.0069428 0.0439404 0.0028485
v -0.0070837 0.0444361 0.0035757
v 0.0206553 0.0254581 0.0096981
v -0.007793 -0.029157 -0.0111481
v -0.0110793 0.0124964 0.0059922
v -0.0129854 -0.0031464 -0.0093626
v -0.0060693 0.0412446 0.0023246
v 0.0102457 0.0156774 -0.0058964
v 0.0052812 -0.0277066 -0.0123408
v 0.0032043 0.0393157 0.0101121
v 0.0075798 -0.0038647 -0.0097604
v -0.0015024 0.0202183 -0.0095303
v -0.0101336 0.006236 -0.0134331
v -0.0121351 0.0200574 0.0060866
v 0.0097057 -0.0477576 -0.0130796
v 0.0171122 -0.0069905 0.0044647
v 0.0122022 0.0057669 -0.0069165
v -0.0144959 0.0268494 0.0070397
v -0.0197536 -0.003921 0.0031304
v 0.0116436 -0.0322181 0.0013052
v -0.0138125 0.0257889 0.0065986
v 0.0140472 0.02286 0.0018012
v -0.0136797 0.0001181 0.0130133
v -0.0056272 -0.0001709 0.0103087
v -0.0043075 0.0227239 -0.002646
v -0.0038982 -0.0346601 0.004998
v 0.0060007 -0.0268667 -0.0120263
v -0.0049769 0.0172487 -0.0003223
v 0.0063577 -0.0336148 -0.0131046
v 0.0086792 0.0061342 0.0045813
v -0.0046996 -0.0309315 0.0048463
v 0.0011092 0.0146181 0.0004793
v -0.0074708 -0.049435 -0.0055881
v -0.0129096 -0.0006589 -0.0102889
v -0.0030981 -0.0036253 0.0083067
v 0.0012683 -0.0154341 0.0070169
v 0.0034133 0.0111483 0.0017274
v -0.017693 -0.0021997 0.0103368
v -0.002219 0.0217386 -0.0081264
v -0.0114339 0.044013 0.0005568
v 0.0082802 0.0405069 0.0157602
v -0.0037481 -0.0179438 -0.0115882
v 0.0017619 -0.0173208 0.0069546
v 0.0038125 0.0415698 0.0055427
v 0.0125856 -0.0311266 -0.0088807
v 0.003784 0.0355199 -0.0035303
v -0.0111478 0.0115914 0.0053304
v 0.010588 -0.0493332 0.0036382
v -0.005981 0.0381847 -0.0027035
v -0.0056233 0.0372565 -0.0023761
v -0.012283 0.010109 0.0002327
v -0.0123981 -0.0252507 -0.0003567
v -0.0125727 -0.0122846 -0.0064509
v -0.0133219 -0.0118413 -0.0059564
v -0.0015327 0.0457579 0.0121898
v -0.0094279 0.025396 -0.0111589
v 0.0138964 -0.0194763 7.9e-05
v -0.0067289 0.0266103 -0.0016519
v -0.0124955 0.0001771 0.0132237
v 0.0134025 0.019989 -0.0015966
v -0.0018292 0.0273748 0.0004393
v -0.006649 0.0278128 -0.0016041
v -0.001422 0.04463 0.0164438
v -0.0020342 0.0423439 0.0061607
v 0.0117041 0.0294605 -0.0007466
v 0.0141846 0.002848 -0.005186
v -0.0100928 0.0402271 -0.0034159
v -0.0067147 0.041622 0.0044785
v 0.0186217 0.0045258 -0.0011632
v 0.0036667 0.0039986 0.0020555
v -0.0167984 0.0050841 -0.0006455
v -0.0164425 0.0050084 -0.0014168
v -0.0200603 -0.0027954 0.0034294
v -0.013667 0.0289554 -0.0068646
v -0.0155186 -0.0054983 0.011127
v -0.0133553 0.0078763 -0.0116475
v -0.0196128 0.0175784 0.0096886
v -0.0125067 -0.0257317 -0.0011666
v -0.0061788 0.0338398 -0.0072739
v -0.0136471 0.0051261 0.0122597
v -0.0129669 0.0400664 0.0021121
v -0.0058152 0.0270967 -0.0020032
v -0.0137731 -0.0134533 -0.0051519
v 0.0034211 -0.0475058 0.0075541
v 0.013332 -0.0301287 -0.0055746
v -0.013936 0.0076708 -0.0109439
v -0.0098464 -0.0250432 -0.0084968
v -0.0011395 -0.049435 -0.0082493
v 0.0060188 -0.0006214 0.0044194
v 0.0037555 -0.0380875 0.0063311
v -0.0114831 0.0461262 0.0033584
v -0.011509 -0.030761 -0.0003895
v 0.0178845 -0.0028438 0.0044097
v 0.0010757 -0.046066 -0.0152787
v 0.0133697 0.0156735 -0.000405
v -0.0093655 -0.0382025 -0.0104148
v -0.0206036 0.0020762 0.0081089
v 0.0149248 -0.0148589 -0.002958
v -0.0209145 0.0023841 0.007078
v -0.0028098 -0.0124758 0.008585
v -0.0084552 -0.0286886 -0.0105045
v -0.0059657 -0.0292334 0.0045825
v 0.0172758 0.0228382 0.013004
v 0.0056372 -0.0241734 0.0053983
v 0.0135926 -0.0370683 -0.0081169
v 0.0143318 -0.0427973 -0.0082874
v 0.015571 0.0284292 0.0141708
v 0.005979 -0.0494257 0.0056327
v -0.0142258 0.0147752 0.003467
v -0.0183045 0.0140915 0.0042606
v 0.0194222 0.0075761 0.0025471
v 0.0193572 0.0084756 0.0033203
v 0.0192537 0.0074059 0.0035624
v 0.0142431 -0.0174272 0.002357
v 0.0099632 -0.007636 0.0082111
v -0.0086314 -0.045013 0.0027666
v -0.0008891 -0.0007008 -0.0140568
v -0.0161883 0.0052663 -0.0024068
v 0.0091977 2.53e-05 -0.0091443
v 0.020255 0.0150686 0.0051058
v 0.0192115 0.0147741 0.000829
v 0.0073214 0.030345 0.0029908
v 0.0070027 0.0268823 -0.0005158
v 0.0135133 -0.0200647 0.0010986
v -0.0119362 -0.0174489 -0.0060593
v -0.0033933 -0.0263481 0.0055007
v 0.0058273 -0.0248926 -0.0117407
v 0.0010619 0.0103886 0.0004049
v 0.0184843 0.0147288 -3.07e-05
v 0.0202369 0.0263691 0.0098855
v 0.0129075 -0.0404189 0.0021248
v 0.0038062 -0.0137109 0.007537
v -0.0153458 0.008146 0.0121289
v 0.0003532 -0.028925 -0.0135341
v -0.0112553 -0.0050995 0.0128071
v 0.003328 0.0070171 -0.0119802
v 0.0135006 0.0115833 -0.0037577
v 0.0054875 -0.0355983 -0.0135728
v -0.0004613 -0.0448445 -0.0150612
v 0.0081535 -0.0162029 -0.0098865
v 0.0207822 0.0183432 0.0064556
v -0.0111097 0.0167455 -0.0026394
v 0.0166527 -0.0067087 0.0052981
v 0.0017803 0.0313952 0.0031649
v 0.0115276 0.0285217 -0.0014378
v 0.0050696 -0.0005075 0.0039276
v 0.0054255 0.0019692 -0.0106198
v 0.0061364 -0.0425124 -0.0143125
v 0.0204128 0.0178381 0.0074163
v 0.0204909 0.0172624 0.0065701
v -0.0121596 -0.0327448 -0.0038322
v -0.0052454 0.0253219 -0.0025691
v -0.0067102 0.0177954 -0.0124356
v 0.0024829 0.006893 -0.012516
v -0.0053351 -0.0213103 -0.0113032
v 0.0093722 -0.0259071 0.0040677
v -0.0180725 0.0029223 0.0110971
v 0.0194406 0.0289912 0.0132367
v -0.0061064 0.0172947 -0.0005476
v 0.0181995 0.0258043 0.0080348
v 0.0054934 0.0398241 0.0197579
v 0.0203957 0.0251638 0.0087957
v -0.0139232 0.0149669 -0.0098751
v -0.0038569 -0.0433215 -0.0141342
v 0.0114708 -0.0331921 0.0016936
v 0.0045835 -0.0099037 -0.0117738
v -0.0134269 0.0324028 -0.0034181
v 0.0181841 0.0251193 0.0072716
v 0.0032394 -0.039467 0.0065269
v -0.0032265 -0.0019055 0.007669
v -0.0060307 0.0245121 -0.0021144
v -0.0005505 0.0463158 0.0148288
v 0.0015527 -0.005934 0.0049329
v -0.0122068 -0.0240075 -0.0046731
v -0.0102077 -0.0491564 -0.0010379
v 0.0032293 0.0421276 0.0052888
v 0.0141341 0.011791 -0.0031025
v 0.0166329 0.013923 -0.0013402
v 0.0016564 -0.049435 0.0001494
v 0.0199361 0.0259455 0.0090499
v -0.0107731 0.0179166 -0.002715
v -0.0129184 0.0070992 -0.011916
v 0.0040822 0.0275396 0.001487
v 0.0053769 -0.025888 -0.0120251
v 0.0056407 0.031553 -0.0051421
v 0.0022853 0.0371038 -0.0023602
v -0.014729 -0.0040326 -0.0075009
v 0.0078665 0.0340612 0.0062897
v 0.0108899 -0.017552 0.0061718
v -0.0150084 0.0117152 -0.0076317
v 0.0064675 -0.0355739 -0.0133412
v -0.0029767 0.0455456 0.0149268
v 0.0175569 -0.0058314 0.0039865
v -0.0035829 -0.0487317 -0.0140903
v -0.0046853 0.0318928 -0.0041372
v 0.0089139 0.0405969 0.0203619
v -0.0141113 0.0118234 -0.0037013
v 0.0139433 -0.0146023 -0.0049771
v -0.0089997 0.0055945 0.010066
v 0.0210595 0.0213613 0.0080215
v -0.008063 0.0364486 -0.0063535
v 0.0133205 0.0043613 -0.005934
v 0.0079861 0.0054619 0.0042117
v -0.0193851 0.0172071 0.0104439
v -0.0010588 0.0319223 0.0022479
v 0.0133666 -0.0313156 -0.0039918
v 0.0016865 -0.0382382 0.0062841
v -0.0118927 0.0198554 0.0119269
v 0.0164243 0.0088271 0.007016
v 0.005038 -0.0494307 0.0051357
v -0.0114606 0.0187274 0.0102342
v 0.0130346 -0.0229141 0.0003986
v -0.0029897 0.0433377 0.0155423
v -0.0024047 0.0427216 0.0157998
v 0.0158453 0.025826 0.0148376
v 0.0128945 0.0239655 0.0056201
v -0.0117783 0.0187051 0.0113391
v -0.0117886 0.0165792 0.0100357
v -0.018746 0.0205259 0.0102685
v -0.0190503 0.020247 0.0093329
v 0.0036356 -0.0484259 0.0073088
v 0.0148673 -0.0166671 0.0010449
v 0.0181059 0.0080893 0.0058522
v -0.0112328 0.013447 0.0060952
v 0.007352 0.0173299 0.004451
v -0.0005106 -0.0383282 0.0060104
v -0.0184678 0.0105844 0.0110825
v -0.010424 0.041139 0.0058307
v -0.0113256 -0.04651 -0.0011424
v -0.0203528 -0.0015997 0.0037607
v 0.0071734 0.0099406 0.0039443
v 0.017938 -0.0021526 -0.0012647
v 0.0006579 0.015704 0.0003258
v 0.008659 0.0401024 0.0148564
v 0.0117352 -0.0176452 0.0056225
v 0.0106388 0.0051433 0.0056249
v -0.0067846 0.040791 0.0042336
v 0.0169029 -0.0010159 -0.0035575
v 0.0126196 -0.000175 -0.0071029
v 0.0065376 -0.0259219 -0.0117124
v 0.0126671 0.0369793 0.0114301
v 0.0039138 -0.0106567 -0.0120833
v -0.01219 -0.0309402 -0.0047532
v 0.0146825 -0.017307 2.4e-05
v 0.0044789 -0.0355709 -0.0137828
v 0.0037896 -0.0349152 -0.0138229
v 0.0126219 -0.0383735 0.0016825
v 0.0074232 0.0327381 0.0054598
v -0.0019879 -0.0121191 0.0079019
v -0.0038326 -0.0317695 0.0050612
v 0.0135868 -0.0193517 -0.0039924
v 0.0140483 -0.0184932 -0.0026394
v 0.0128015 0.0050178 -0.0064558
v 0.0016854 -0.0113847 -0.0125038
v 0.0045732 0.025384 0.00074
v -0.0117211 0.0101688 0.0010265
v 0.0037202 -0.0361559 -0.0140228
v 0.0094101 -0.0093491 0.0081844
v -0.0091307 -0.0388299 -0.0106739
v 0.0174058 0.0084594 0.0064769
v -0.0182907 0.0150408 0.0043759
v -0.0105928 0.0356583 0.0016436
v -0.0072332 -0.0284764 -0.0114564
v -0.0062796 -0.0257479 0.0052005
v 0.0069804 -0.0431411 -0.0141193
v 0.0106774 -0.0261408 0.0030672
v -0.0020761 0.0039208 0.0022474
v -0.0124008 0.0402321 0.0033938
v 0.0003086 0.0450411 0.0108231
v -0.0046205 -0.0422955 -0.0138091
v -0.002229 -0.0319799 0.0053703
v -0.0145475 -0.01402 0.0082778
v 0.0078736 0.0407915 0.0207021
v 0.0037827 -0.0385619 -0.0143602
v -0.0072665 -0.049435 -0.004312
v -0.0062229 -0.049435 -0.0042657
v 0.0149288 -0.016578 -0.0006226
v 0.020243 0.0180949 0.0082694
v -0.0109121 -0.025926 -0.0073351
v 0.0151608 0.0111814 -0.002855
v -0.0110233 -0.0491609 -0.0052251
v -0.0006706 0.0309599 0.0018561
v -0.0121793 0.0162729 0.0112185
v -0.0112563 -0.0238401 0.003336
v -0.0172301 -0.0134776 0.0005326
v -0.0198233 0.0041566 0.0025871
v 0.0063402 0.0171841 0.004154
v 0.0063291 0.0264284 -0.0047408
v -0.0099385 0.0035982 0.0121972
v 0.0050827 -0.0152499 -0.0114033
v -0.0082614 -0.049435 -0.0037711
v -0.0100915 0.017222 -0.0022041
v -0.0159189 0.0045599 0.0120722
v 0.0208707 0.0263764 0.0123043
v 0.0053183 -0.0302112 0.0051627
v 0.0013007 0.0401096 0.0132297
v -0.0036086 -0.0008288 0.0076263
v -0.0105457 -0.0249826 -0.007681
v 0.0087775 -0.0332566 0.0043988
v 0.0140671 -0.0493668 -0.0032807
v -0.0124093 -0.0087768 0.0118503
v 0.0001689 0.0459068 0.0152431
v -0.0053683 -0.031076 -0.0129283
v -0.0011966 -0.0314915 0.0054913
v 0.0134777 -0.0098242 -0.0063588
v -0.0210285 0.0016864 0.0062216
v 0.014581 -0.0121359 -0.0046965
v -0.0005241 0.0448298 0.0164593
v -0.0012487 0.0312453 -0.0050228
v 0.0065664 -0.0037662 0.0062254
v 0.0141266 -0.0154982 -0.0043379
v -0.0189037 0.0210609 0.0084445
v -0.0014209 0.0384874 0.010006
v -0.0045323 -0.0465243 0.0058364
v 0.0029144 -0.0385878 0.0063932
v 0.0095767 0.0392454 0.0121353
v -0.0143046 0.0200367 0.0043052
v 0.0024629 0.0145554 0.0012052
v 0.0013689 -0.0292173 -0.0133806
v 0.0105484 -0.0174728 -0.0079723
v 0.0103977 -0.0491664 0.0048734
v 0.0065223 -0.0378044 -0.0136173
v 0.0092314 -0.0048236 -0.0090058
v 0.0155651 -0.0459102 -0.0015548
v 0.016935 -0.0097414 -0.0008783
v -0.0137582 0.0262037 -0.0072507
v -0.001109 -0.002935 -0.0139163
v -0.0038641 0.041399 0.010897
v 0.0147239 -0.011227 -0.0046567
v -0.0167601 0.0134104 0.0124877
v -0.0202832 -0.0009191 0.0030986
v 0.0189806 0.0248136 0.0069818
v -0.0101692 -0.0238407 -0.0079295
v -0.0208216 0.0012411 0.007245
v -0.0068191 -0.0373615 0.0036235
v -0.0005844 -0.0441829 0.006735
v 0.0013193 -0.0048492 0.0045364
v 0.0098034 0.0261264 -0.0027782
v -0.0007396 0.0311095 -0.0058804
v -0.0039374 -0.0453796 0.0059006
v -0.0024203 0.0367083 0.0057931
v 0.0071642 -0.0269132 -0.0117099
v -0.0055454 -0.0466635 0.0053495
v 0.0119623 -0.0472952 -0.011451
v 0.0142082 0.0314166 0.0071069
v -0.0198067 -0.0029207 0.0024966
v 0.0143755 -0.0137149 -0.0046215
v -0.011278 -0.0455355 -0.0011105
v 0.0088436 0.0050424 0.0047132
v 0.0158277 0.0103013 -0.0028436
v 0.0044278 0.0274935 -0.0077122
v -0.012693 0.0243365 -0.0096427
v -0.0002574 0.0456401 0.0159548
v -0.0167306 -0.0148708 0.0032089
v 0.0162114 0.0147346 -0.001184
v -0.0116407 0.0168099 0.0090206
v 0.0003349 -0.0045209 0.0045428
v 0.0072634 0.0331468 0.0063548
v 0.0127926 -0.0225228 0.0013288
v -0.0027813 -0.0451368 0.0062929
v -0.0168463 0.0285594 0.0083786
v -0.0118665 -0.0349659 -0.0026488
v 0.0075557 -0.049435 -0.0011685
v 0.0149149 -0.013794 -0.0036253
v -0.0114055 0.0173501 -0.0120697
v -0.0152844 0.0211894 0.0043074
v 0.002933 -0.005348 -0.0126601
v -0.0049789 0.0243702 -0.0028296
v -0.0028304 -0.0381377 0.0054623
v -0.0145484 0.0057162 0.0122171
v 0.0178221 -0.003127 -0.0012194
v 0.0079922 0.0373724 0.0099594
v 0.0093299 -0.0487493 0.0059262
v -0.0017731 -0.0381768 0.0057394
v 0.0109302 -0.0482431 0.0051409
v -0.0004602 -0.0048803 -0.0136634
v 0.0049062 -0.0436535 -0.0147489
v -0.0075853 0.0318362 -0.0004474
v 0.0057083 0.0005925 0.0038701
v -0.0169081 -0.0146571 0.002295
v -0.010555 0.0366638 0.0020803
v 0.0046362 0.0397816 0.0055091
v 0.004917 -0.0494345 -0.0119264
v -0.000267 -0.049435 -0.0116589
v -0.0190532 0.0088415 0.0103177
v -0.0055753 -0.0025783 0.0108311
v -0.0044291 -0.0020097 -0.0138784
v -0.0006853 0.0335816 -0.0044569
v 0.011238 -0.0389826 -0.0115255
v -0.0009565 0.0351205 -0.0029613
v 0.0125341 0.0246141 -0.0028669
v -0.0186135 0.0003777 -0.0004118
v 0.0141091 -0.0491803 -8.45e-05
v -0.0025826 -0.0042396 0.0078162
v 0.0179524 -0.0004065 0.0050347
v -0.0019328 0.0161468 -0.0113083
v -0.0017266 -0.0240766 -0.0130453
v 0.0041646 -0.049435 -0.01137
v 0.0089529 -0.0436826 -0.0133761
v 0.0017719 0.0014589 0.0020467
v -0.0183716 0.0266166 0.0112246
v 0.0143254 0.0234841 0.0005922
v 0.0098706 0.0342271 0.0048441
v -0.00071 0.0275905 -0.0076229
v -0.0182703 -0.0092224 0.0053694
v -0.0046538 -0.0253369 0.005543
v 0.0132014 0.0123027 0.0068378
v 0.0162748 0.0282482 0.0124533
v 0.0145411 0.0270384 0.0009855
v 0.0072205 0.0150197 -0.0068828
v 0.0166584 -0.0036091 0.006038
v -0.0181084 -0.0067939 -0.000877
v -0.0158796 -0.0124202 0.0077734
v -0.0132446 0.0400045 -0.000143
v -0.0032921 0.0169937 -0.0107211
v 0.0132515 0.0189317 -0.0018635
v 0.0130307 0.0346748 0.0070848
v -0.0082356 0.0405633 -0.0030499
v 0.0021674 0.0199178 -0.0101847
v -0.0048847 -0.0011074 -0.0139417
v -0.0073082 0.0247975 -0.0016361
v -0.0208608 0.0032763 0.0046504
v 0.0133716 0.028996 0.0088861
v -0.0099679 -0.0004732 -0.0120941
v 0.0204636 0.0216187 0.0112808
v -0.0166447 0.0116372 0.0030913
v -0.0154933 0.0118355 0.0028752
v 0.0063961 0.0382519 0.0204986
v -0.0088697 -0.0011616 0.0126722
v 0.0125439 0.0252685 0.006785
v -0.0027523 0.0347561 0.0021571
v -0.0093384 -0.0384961 0.0014884
v 0.0057754 0.0212134 0.0032143
v 0.0165905 -0.0116045 -0.0004941
v -0.0059003 -0.0323604 0.0042779
v 0.0090557 -0.0025028 -0.0090835
v 0.0067266 -0.0028126 0.005837
v -0.0103729 0.0160182 -0.0021569
v 0.0124508 -0.0061056 0.0081008
v 0.0142198 0.0113791 0.0070763
v 0.005424 -0.0390282 -0.014076
v 0.008764 0.0184423 -0.0054802
v -0.0107007 0.0115293 -0.0137093
v 0.006738 0.0285974 0.0028787
v 0.0025259 0.033413 -0.0059481
v 0.007617 -0.0226849 0.0055527
v 0.0155642 -0.0150613 0.0002593
v 0.0014508 0.0192952 -0.0104695
v -0.0084297 -0.0488145 -0.0111597
v -0.0056182 0.0050017 0.0064828
v 0.0097781 -0.0494318 -0.009876
v -0.016126 0.0056719 -0.0056417
v -0.0180882 0.0069882 0.0021077
v -0.0093216 0.04428 0.0006086
v -0.0126229 -0.0250975 -0.0020477
v 0.008552 0.0256007 0.0066437
v 0.0210788 0.0223958 0.0082299
v 0.0179204 0.0057946 -0.0021102
v -0.0151893 -0.0111508 0.0092795
v 0.0060474 -0.0294162 0.0049868
v -0.0020072 0.023605 -0.007375
v 0.014668 0.0281406 0.0024094
v -0.0173523 0.0028996 -0.0019675
v -0.0028183 0.0384624 0.0043509
v -0.0106122 -0.0161855 0.0093279
v -0.0116161 -0.0152531 -0.0066869
v -0.0112953 -0.0183934 -0.0066287
v -0.0024069 0.0105185 -0.0142335
v 0.0123023 -0.0431603 0.0038193
v -0.0093494 0.0476493 0.0057018
v 0.0173583 -0.009202 0.0011891
v 0.0137857 -0.0358116 -0.0030437
v 0.0209597 0.0223046 0.010554
v 0.0211174 0.0233792 0.0102668
v 0.0104487 0.0328134 0.0139563
v 0.0051743 -0.042665 0.0069687
v -0.0134381 0.0239189 -0.008551
v 0.0133053 -0.028166 -0.004257
v 0.0100636 0.032128 0.0129883
v -0.0061756 -0.034975 -0.012771
v 0.0113761 -0.0372903 0.0029273
v 0.0075359 0.0380603 0.0208199
v 0.0098619 0.0348626 0.0056128
v 0.0012819 -0.0449351 0.0071828
v -0.0075364 -0.0056911 0.0121028
v 0.0121297 0.015364 0.0060827
v -0.0141538 -0.0195389 -0.0007747
v -0.0035202 0.0416647 0.0088161
v 0.0038892 0.0259365 0.0011355
v -0.0078896 -0.001574 0.0122359
v 0.0172005 0.0186148 0.0008539
v -0.0117456 -0.041417 -0.0033755
v -0.0117962 -0.0408156 -0.0040587
v -0.0143593 0.0101844 -0.0031007
v 0.0047235 0.024536 -0.0083159
v 0.0129825 -0.0165412 0.0050689
v -0.0025129 0.039463 0.0041862
v 0.0027034 -0.0493987 -0.0133996
v -0.0119926 -0.0316991 -0.0018902
v 0.0062141 0.0257084 -0.005688
v -0.0063614 0.0089425 0.001598
v 0.0003813 0.0394006 0.0128561
v 0.0040684 -0.0405785 -0.014571
v -0.0065219 0.0212936 -0.0021016
v -0.0012984 -0.049435 -0.0006631
v -0.0011552 0.0264666 0.0007727
v 0.0113556 0.0344343 0.0157082
v 0.0048591 -0.0399435 -0.0143322
v 0.0021737 0.0403668 0.0126798
v 0.0055267 0.034537 -0.0029198
v -0.0027254 0.043681 0.0090858
v -0.0109699 -0.029248 0.0008863
v -0.0096269 -0.0108943 0.011677
v -0.0055126 -0.0279316 -0.0124704
v 0.0078765 -0.0142334 0.0077973
v 0.01373 0.0299138 0.0016072
v 0.0033476 -0.0301277 0.0053508
v -0.0056234 -0.0358833 -0.0131087
v -0.0132637 0.0366963 -0.0029177
v 0.0103537 -0.0236629 0.0041528
v -0.0181933 -0.009627 0.0010133
v -0.0100625 -0.0453541 0.0012008
v 0.0144856 -0.0438736 0.0009209
v 0.0129125 -0.0494327 -0.0014619
v -0.0159651 0.0239182 0.0138591
v 0.014196 0.0316212 0.0059177
v -0.0160168 -0.0030492 0.0114345
v 0.0122096 -0.049435 -0.0036546
v 0.0131289 -0.0298814 -0.0069147
v 0.0147537 -0.0401319 -0.0048599
v -0.01619 0.0031975 -0.0067506
v -0.0122421 -0.0298052 -0.0046077
v -0.0165711 0.0034304 -0.0055807
v -0.0137037 -0.0207038 0.0014779
v -0.0072628 0.0037395 0.0103896
v -0.0162213 0.0114146 0.0122618
v -0.0047058 0.0247126 -0.0083193
v -0.0039278 -0.0029286 -0.0137985
v -0.010967 0.0343487 -0.0078571
v -0.012687 0.0348459 -0.0060542
v 0.0193386 0.0074398 0.0007175
v 0.019308 0.0082687 0.0006182
v 0.0022554 0.0396927 0.0118623
v -0.0125349 0.0149978 0.0045265
v 0.0078468 0.030219 0.0018055
v -0.0151964 0.0097771 0.0022023
v 0.0136313 0.0301519 0.0090736
v 0.0198171 0.0279085 0.0115418
v 0.0014131 0.0030505 -0.0126047
v 0.0004548 -0.0493774 -0.0137987
v -0.0114831 -0.0106966 0.0115081
v -0.0018465 -0.0127773 -0.0121016
v -0.0031677 -0.020904 -0.012066
v 0.0117129 -0.0252825 0.0021458
v -0.0104719 0.0351717 -0.0074172
v 0.0044175 -0.0437797 0.0071712
v -0.0199779 -0.0009364 0.002185
v 0.0136652 -0.0422753 0.0017514
v 0.0121942 -0.0269881 0.0007917
v -0.0137462 0.0088089 -0.0004641
v -0.014969 0.0165029 0.0035741
v -0.0113447 0.0124574 -0.0131294
v -0.0154439 -0.002273 -0.0072541
v 0.0070504 0.0391464 0.0210605
v -0.0165983 -0.0141462 -0.0010331
v 0.012465 0.0001837 0.0074806
v 0.0124483 0.0009678 -0.0070578
v -0.0029635 -0.0347982 0.005269
v -0.0169048 -0.0130231 -0.001199
v 0.0210483 0.0232201 0.0090265
v 0.0140084 0.024556 0.0038315
v 0.0162886 0.0163347 0.0084322
v -0.0206779 0.0068309 0.0057316
v 0.0072258 -0.0479201 0.0070622
v -0.0104889 0.0128564 -0.001917
v -0.0128611 0.0096043 0.0008564
v 0.0145934 -0.045857 -0.0082306
v -0.0082142 0.0098382 0.0019452
v 0.0048595 0.0012695 0.0032142
v 0.0021118 -0.0049628 -0.0129618
v -0.0131819 -0.0039498 0.012674
v 0.0162848 0.0030419 0.0067949
v 0.0073409 -0.049435 0.002212
v 0.005605 -0.0437131 0.0070899
v 0.0131406 -0.0252404 -0.0055577
v 0.0043464 0.0092213 0.0023058
v 0.0150133 -0.0041673 0.0072856
v 0.0055416 -0.0061398 0.0067145
v -0.012536 0.0356303 -0.0056279
v 0.0125442 -0.0257287 -0.0072771
v -0.0171001 -0.0002328 0.0113504
v 0.0135752 -0.0347688 -0.0028823
v 0.0130439 0.0300338 0.0007282
v -0.0099121 -0.0386515 0.0008135
v -0.0130993 0.0159685 0.0042599
v 0.0025146 0.0208094 -0.0099226
v 0.0062988 -0.0014541 0.0049291
v 0.0141026 0.0225359 0.0007817
v -0.0091897 -0.005301 0.0126436
v 0.0094121 -0.0027375 0.007191
v -0.0026193 0.0443536 0.0100446
v 0.0077644 0.0140648 -0.0072049
v 0.0031506 0.0062605 0.0014424
v 0.0014839 0.0187514 0.0010377
v -0.0105673 -0.0103046 0.0117896
v 0.0063684 -0.0199484 -0.0109692
v -0.014516 0.01201 0.0028901
v 0.0132223 -0.0261844 -0.0053019
v -0.0169076 0.0030662 -0.0042439
v -0.0001523 -0.0169657 0.0069693
v 0.0047485 -0.013716 0.0077427
v -0.000141 0.0268628 -0.008313
v -0.011537 0.0131699 -0.0025287
v -0.0144868 -0.0129988 -0.0046441
v -0.0096076 0.0034543 -0.0130775
v 0.0115545 -0.0052483 0.0081675
v -0.0162946 0.0095767 0.0023886
v -0.0036573 -0.0148898 0.0087196
v 0.0139728 -0.0194365 -0.0011
v 0.0055002 -0.013138 0.0079012
v 0.0127226 0.0183508 -0.0036945
v 0.0174479 -0.0048219 0.0046407
v -0.0111082 0.0048765 -0.0125553
v 0.0189154 0.0072818 0.0045808
v -0.0070646 -0.0384095 0.0034648
v 0.0035142 0.0330063 0.004772
v 0.0158425 0.0013102 0.0069987
v -0.0064033 0.033703 0.0001385
v 0.0136762 -0.0137081 -0.0056085
v 0.0034335 0.0205415 -0.0095875
v -0.0069801 -0.0442788 -0.0126514
v 0.0051874 0.0353634 0.0043471
v -0.0203175 0.0102284 0.0061009
v 0.0101764 -0.0089678 -0.008759
v 0.012016 -0.0331568 0.0007953
v 0.0088341 -0.0301209 -0.0118312
v 0.0039061 0.0070289 0.001875
v 0.003436 -0.0248638 -0.0123911
v -0.0116909 -0.0448 -0.0028374
v -0.0043392 0.0183727 -0.0103162
v -0.0077265 0.0071458 0.0071482
v -0.0114715 0.0128688 0.0051666
v -0.0135843 0.0201501 -0.0053591
v -0.006546 -0.0082422 -0.0114171
v -0.0022493 0.0337606 -0.0014332
v -0.0097961 0.0295169 -0.001467
v -0.0042051 0.0124875 -0.0139249
v 0.01118 -0.0180147 -0.0073145
v 0.0134118 -0.040263 0.0012509
v -0.0204388 0.0092418 0.0060073
v 0.0122105 -0.0270141 -0.0082793
v 0.0133195 -0.0271956 -0.003784
v -0.0179359 -0.0086202 -0.0005409
v 0.0113008 -0.0471211 -0.0120275
v -0.0162059 0.0290411 0.0105646
v -0.0201758 0.0143598 0.0071939
v 0.0094563 -0.0494349 -0.0088856
v 0.0081811 -0.0003832 -0.0096773
v 0.0104093 -0.049435 -0.0059521
v 0.0108411 -0.0036197 -0.0084001
v -0.0086412 -0.0177148 -0.0090994
v 0.0067375 0.0255785 0.0052275
v 0.0131611 -0.0437705 0.0029936
v -0.0139282 0.0127102 0.0031835
v 0.0130851 0.0181556 -0.0025957
v -0.0027603 0.0030065 -0.014807
v -0.0137131 0.0253694 -0.0050421
v -0.004757 -0.0219125 -0.0116543
v 0.0147228 0.0271738 0.0020761
v 0.0095607 0.0267319 0.0076638
v -0.0134879 0.0089778 0.000334
v -0.0182103 -0.008629 0.0004147
v 0.009503 -0.0239024 0.0045536
v -0.0194175 -0.0057031 0.0038503
v 0.0125568 -0.0024893 -0.0074619
v -0.0022561 -0.0408108 0.0058367
v -0.0121115 0.0386076 -0.0036377
v -9.78e-05 0.0341509 -0.0046969
v -0.0177709 0.0114971 0.0035598
v 0.0016268 0.0176075 0.0009908
v 0.0052252 -0.049275 0.0063193
v -0.0011977 0.0035515 0.0017565
v 0.0007925 0.0041683 -0.013026
v 0.0142805 -0.0063441 0.0074799
v 0.0127769 -0.0394566 0.0019235
v 0.0084824 0.0363381 0.0195784
v 0.0065692 -0.0296069 -0.0124031
v 0.0143323 -0.0385794 -0.0060569
v 0.0118008 -0.040526 -0.0111946
v 0.020175 0.02004 0.0101875
v -0.0026306 0.0405815 0.0056501
v -0.0181587 -0.0106249 0.0037104
v 0.0008957 0.02365 0.0004109
v 0.0048118 -0.04473 -0.0148977
v 0.0132884 -0.0197914 -0.0046184
v -0.0136566 0.027393 -0.0073601
v -0.0040261 0.0032611 -0.0149282
v 0.008595 -0.0240823 0.0048542
v 0.0063039 -0.0049306 0.0066282
v 0.0088571 -0.0482397 -0.013393
v -0.0133021 -0.0183898 0.0059557
v -0.0006636 0.0050066 -0.0139676
v 0.017592 -0.0023345 -0.0020488
v 0.0019289 0.0417806 0.014399
v -0.0015831 0.0051722 -0.0144664
v 0.010021 0.0393734 0.0129307
v 0.0193168 0.005518 0.001118
v 0.0082101 0.0390611 0.021108
v 0.0041383 0.0394451 0.0019414
v -0.0122151 -0.0278506 -0.0050272
v 0.004196 -0.0056575 0.0058151
v 0.0179363 0.0193324 0.0108064
v -0.0119009 0.0180638 -0.0115576
v 0.0106999 -0.00439 0.0080066
v 0.012962 -0.025977 -0.0063986
v 0.0044565 0.0395986 0.002959
v 0.0046512 -0.0145747 0.0077097
v 0.0008365 -0.0400991 0.006419
v -0.0151634 0.0095449 -0.0057688
v -0.0048615 -0.0432066 -0.0137372
v -0.018739 0.0150552 0.0114368
v 0.0132471 -0.0290545 -0.0060143
v -0.0030402 -0.0078169 0.008992
v -0.0115306 -0.0010701 -0.0110812
v -0.008269 -0.0420772 0.0027219
v 0.0208524 0.0215 0.0101578
v 0.0178821 -0.0016818 0.0047433
v 0.0093223 0.0066142 0.0050374
v -0.0027944 0.0397311 0.0053954
v -0.0090808 0.030068 -0.0101462
v -0.0186031 0.0053506 0.0016621
v -0.0012439 -0.0441072 -0.014885
v 0.0074446 0.0363191 0.0194481
v -0.0155967 0.0104481 0.0122235
v 0.0178261 -0.0049876 0.0037121
v -0.0119226 -0.0357988 -0.0034439
v 0.0040186 0.0191099 0.0025932
v -0.0035696 -0.0337953 0.0050945
v -0.0181884 -0.0076842 -0.0001548
v 0.0067895 -0.0356063 0.0055738
v -0.0009611 0.0061276 -0.0141621
v -0.0173087 -0.0136692 0.0024328
v 0.0067445 -0.0170952 0.0074298
v -0.020602 -0.0002732 0.0039258
v -0.0186513 0.011403 0.0041305
v 0.0048436 -0.0367097 -0.013883
v 0.0074298 0.0366356 0.0099038
v 0.0078694 0.0365374 0.0090838
v -0.0012144 0.0402282 0.0025188
v -0.0033497 -0.0442176 0.0059233
v -0.0054442 0.0300466 -0.0021278
v 0.0063061 0.0267315 -0.0031357
v -0.0132184 0.0002679 -0.0102746
v -0.0121132 -0.0079604 -0.0081452
v -0.0082347 0.0305078 -0.0099152
v 0.0125167 -0.0340554 -0.0095904
v -0.0040267 0.006194 -0.0151204
v -0.0049396 -0.0319384 0.0046965
v 0.0080269 -0.0204973 -0.0102534
v -0.010209 0.0259668 -0.0109022
v 0.0096788 0.0168057 -0.0057902
v 0.0205334 0.018932 0.0083569
v 0.0113283 -0.0060638 0.0081947
v -0.0107159 -0.0365997 -0.0085988
v -0.0067812 -0.0142209 -0.0103727
v 0.0050017 -0.049435 0.0028125
v 0.003726 0.0125174 -0.0117411
v 0.0107691 0.0293321 -0.0009953
v -0.0030485 0.0062268 -0.014982
v -0.0038181 0.0051792 -0.0150859
v 0.0091085 0.028426 0.0090043
v 0.0092255 0.0009189 -0.0090766
v 0.0100654 0.0005991 -0.0087095
v -0.0096594 0.0082044 -0.0141885
v 0.0034338 0.0424525 0.006591
v -0.0160855 0.0106136 0.0026807
v -0.0119851 -0.035582 -0.004581
v -0.0147811 -0.0184465 0.0026244
v -0.0008425 0.0209453 -0.0096887
v -0.0101612 -0.0357083 -0.0094035
v -0.013353 0.0122604 -0.0030832
v 0.0050274 -0.049394 -0.0132111
v -0.0100433 -0.0391669 -0.0096327
v -0.0183202 0.0105473 0.0037399
v 0.0049521 -0.0056213 -0.0115192
v -0.0103043 -0.0493429 -0.0045163
v -0.0112173 -0.0083624 0.0122343
v 0.0058345 -0.0042804 0.0060857
v 0.0051508 0.0269672 -0.0072922
v -0.0057727 0.0392522 0.0004382
v 0.0085876 0.0372063 0.0092689
v -0.018861 0.0038763 0.0105086
v 0.0029218 -0.039315 -0.0145767
v 0.0133478 -0.030206 -0.0044487
v -0.0036638 -0.0001129 -0.0144267
v -0.0199743 0.0168121 0.0079574
v 0.0110562 -0.0281879 0.0022004
v -0.0186879 0.0033642 0.0009446
v 0.0141885 0.0045998 -0.0050804
v 0.0158443 0.0093619 -0.0030725
v -0.0130276 -0.0131049 -0.0058843
v -0.0133607 -0.0099483 -0.0065256
v -0.0035902 0.0221827 -0.0021583
v -0.0022105 0.0345096 0.0038791
v 0.0135463 0.0331563 0.0059279
v 0.0181233 0.0193073 0.0015268
v 0.0120181 -0.0092097 -0.0077275
v -0.0040739 -0.0127008 -0.0116244
v -0.0026142 0.0332778 0.0006965
v -0.0041496 -0.0393516 -0.0138892
v 0.0079502 0.0282624 -0.0001432
v -0.0109363 0.0302304 -0.0017373
v 0.018617 0.0032714 -0.0011331
v -0.0197175 0.0120838 0.0097936
v -0.0137467 -0.0162114 -0.0043257
v 0.0172414 -0.0001715 0.006042
v 0.0123361 0.0132862 0.006586
v -0.0038164 -0.0200853 -0.0117491
v -0.0164262 0.0021787 -0.0062049
v 0.0097221 0.0388671 0.0111564
v 0.0124723 -0.0146096 -0.0066792
v 0.015796 0.0015719 -0.0043724
v -0.0151748 -0.0169926 0.0046341
v 0.0073553 -0.0213375 -0.0106971
v -0.011541 0.0197933 0.0072881
v 0.0113504 0.0325398 0.0026935
v -0.0077098 -0.0258321 -0.0106097
v -0.0070854 -0.0093787 -0.0108665
v -0.0090353 -0.029405 -0.0101016
v 0.0061723 -0.0009323 -0.0110372
v 0.0070984 0.0261306 -0.0012138
v 0.0125119 -0.0261475 0.0003966
v -0.0131248 -0.0163567 -0.004978
v -0.0134341 -0.0172151 -0.0043179
v -0.0017964 0.0033088 -0.014544
v -0.019318 0.0143945 0.0106121
v -0.0055472 -0.0261041 -0.0121177
v -0.0110316 0.0317103 -0.009177
v 0.0158518 0.023153 0.0063462
v 0.0152241 0.0220785 0.0106726
v -0.0014874 0.042117 0.0051091
v 0.0076999 -0.0079373 0.0079423
v 0.0135222 -0.0206839 0.0003171
v -0.0095666 0.0413861 0.0061876
v -0.0173311 0.0105814 0.0031265
v 0.0106475 0.0219991 0.006089
v -0.0179401 -0.0105525 0.0005864
v 0.0048807 0.0057378 0.0025184
v 0.0074725 0.0239823 0.0058068
v 0.0081587 -0.049435 -0.0002292
v -0.0051476 0.0127463 -0.0140546
v 0.0123714 0.0172388 0.0048098
v 0.0062967 0.0226473 0.0044518
v 0.006118 -0.049435 0.0024899
v -0.0173742 0.0208381 0.0047822
v -0.0194951 0.0151836 0.0057289
v 0.0103256 -0.0447257 -0.0127127
v 0.0168875 -0.0047113 0.0055275
v 0.0103815 0.0130133 -0.0065282
v 0.0154186 0.0210197 0.0105905
v 0.0072299 0.0039609 0.0041126
v 0.0080385 0.0044983 0.0043791
v 0.009833 -0.011517 0.0080129
v -0.0072476 -0.0448549 0.0039287
v 0.0032588 0.0213844 0.0010445
v 0.00367 0.020725 0.0016954
v -0.0061344 -0.0151049 -0.0106391
v -0.000121 -0.0234269 -0.0130698
v -0.0081946 -0.0494296 -0.0009461
v 0.01232 -0.0494157 -0.0082141
v 0.0094442 -0.0045852 0.0077449
v 0.0053923 0.0165459 -0.0075962
v 0.0059147 0.0135754 -0.0084932
v 0.00572 0.029797 0.0003037
v -0.0123511 0.0463838 0.0062293
v -0.014055 0.0089935 -0.0016038
v -0.0131315 0.0361801 -0.0007584
v 0.0107273 -0.0259627 -0.0095599
v -0.0088571 0.0144961 -0.0013557
v 0.0136971 0.0339101 0.0076478
v -0.0050416 -0.0147641 -0.0111398
v -0.0156884 -0.0168589 0.0029066
v -0.0047856 -0.0455325 -0.0138251
v -0.0022815 0.0326461 0.0014334
v -0.0072622 0.0337635 -0.0080728
v 0.0004626 0.0428727 0.0046725
v -0.0125749 0.0080137 -0.0123663
v 0.0048399 0.036571 0.0057118
v 0.0185815 0.0063215 0.0051349
v 0.0031463 0.0094051 0.0014922
v 0.0060476 0.0302724 -0.0003793
v -0.0131489 0.0387405 -0.0016531
v 0.00729 0.0030136 0.004348
v -0.002612 0.0349001 0.003088
v 0.0007735 0.0348582 -0.0046272
v 0.0117853 -0.0148331 0.0065436
v -0.001913 -0.0001077 -0.0143398
v -0.0100514 0.0090746 -0.0141665
v -0.0180967 0.024795 0.0110215
v 0.0106956 0.0266182 -0.0026484
v -0.0132875 0.0113565 -0.0021829
v 0.0012074 -0.0392768 0.0063608
v 0.00587 0.0183513 0.0037174
v 0.0141926 0.0301184 0.0073142
v 0.0138011 -0.0365271 -0.0072544
v -0.0008738 0.0300047 0.0013547
v 0.0160278 0.0190269 0.0012654
v 0.0138277 0.0217247 0.0014077
v -0.0189354 0.0070343 0.0027963
v 0.0116641 -0.0494153 -0.0091936
v -5.85e-05 -0.0320629 0.0055784
v 0.0135135 -0.0125958 -0.006015
v -0.0111569 0.0205154 0.0091867
v -0.0105864 0.0148025 -0.0021585
v 0.008781 -0.049435 -0.0081699
v 0.0064682 0.0283368 -0.0039311
v -0.0185412 0.0084282 0.0108192
v -0.0195355 0.0092959 0.0044006
v -0.012444 -0.0283492 -0.0033813
v 0.0032586 0.0188556 -0.0099206
v 0.0032762 -0.0277052 0.0053008
v 0.009336 0.0306133 0.0005667
v 0.0035873 -0.0268774 0.0053063
v -0.0106003 -0.0472804 0.0005094
v 0.0030916 -0.0010197 0.0034154
v -0.0108425 -0.0309149 0.00061
v 0.0027552 -0.0129427 -0.0124903
v 0.0057445 0.0018018 0.0036347
v 0.0048086 -0.0169378 -0.0115118
v -0.0024364 -0.049435 -0.0068405
v -0.0122924 0.0019893 0.0131547
v -0.0068825 0.0038681 -0.0144312
v -0.0026432 0.0373213 0.0027469
v -0.011047 -0.0377024 -0.0008871
v -0.0114442 -0.0449498 -0.0017239
v 0.0043087 -0.0298377 0.0052444
v -0.0032263 0.0201448 -0.0084936
v -0.008056 0.0355379 0.0018503
v -0.0044885 -0.0445017 0.0055066
v -0.0112502 -0.0420992 -0.0014684
v -0.0198317 -0.0041782 0.0051405
v 3.3e-06 0.0011369 -0.0135811
v -0.0099726 -0.0178576 -0.0079982
v 0.0013287 0.0212208 -0.0100695
v 0.0174104 0.0018912 0.0060153
v 0.0116649 -0.0104079 0.007838
v 0.0122945 -0.0280619 0.0003228
v -0.0130222 0.0035171 0.0127443
v -0.000849 -0.0493653 -0.0134936
v -0.0139946 0.0157805 0.0036811
v 0.0137128 -0.0202591 -0.0005219
v -0.0123187 0.013147 0.0041623
v -0.0012239 0.0339788 -0.0033811
v 0.0016407 -0.030172 -0.0134381
v 0.006448 0.003301 0.0038227
v -0.0087301 0.0077689 0.0067989
v -0.0012294 -0.0200673 -0.0125191
v 0.0012985 -0.0028628 0.0037362
v -0.0100307 -0.0379016 -0.009645
v 0.0115057 -0.0089715 0.0080952
v 0.0044085 -0.0284099 -0.0126467
v 0.0121846 -0.0138389 0.0066924
v -0.0174463 0.0076228 0.0019912
v 0.0090214 -0.0382934 0.0050824
v 0.0131835 0.0217061 -0.0026535
v 0.0122043 0.0371922 0.01016
v -0.0178403 0.0007889 0.0110952
v -0.0132391 -0.0189298 -0.0038402
v 0.0159328 0.0290509 0.0139659
v -0.0114203 0.014363 -0.0025907
v -0.0175649 0.013571 0.012136
v -0.0162047 0.0148173 0.0034755
v 0.0052751 0.0285318 0.0005836
v 0.0059417 0.02825 -0.0009621
v 0.0078607 0.0202745 -0.0047611
v 0.0104496 0.0262227 0.0076287
v 0.0188628 0.0008212 0.001465
v -0.0037042 -0.0383608 -0.0139956
v 0.0133111 -0.0263519 -0.0043448
v -0.0045588 0.0175341 -0.0109994
v 0.006132 0.0278888 -0.0018542
v 0.0053466 -0.049435 0.001636
v -0.0135509 0.0156166 0.0126733
v 0.0202898 0.0157685 0.0056825
v -0.0057121 -0.049435 0.0001503
v 0.0099429 -0.049435 -0.003854
v 0.0051753 -0.0012162 -0.0115572
v 0.0129183 -0.0104762 0.0073722
v 0.0144896 -0.0075474 0.0071937
v -0.0050548 -0.0493867 0.0040539
v 0.0154502 0.0248644 0.0105135
v 0.0077517 -0.0129713 0.0079938
v 0.0086679 0.0015305 -0.0092677
v 0.0134432 0.0197642 0.0002851
v 0.0204882 0.0161066 0.0048682
v 0.0037836 -0.0494042 -0.013386
v 0.014578 -0.0156446 -0.0033402
v 0.0177816 0.0026547 0.0057749
v -0.0029579 0.0426103 0.0082197
v 0.0190972 0.0174444 0.0013196
v -0.0133346 0.0333041 -0.0026757
v 0.0017635 -0.0124485 -0.0125052
v -0.0065693 0.0096253 0.0008023
v -0.0113398 0.018812 0.0091296
v 0.0049361 -0.049435 0.0039749
v 0.0043738 -0.0046523 -0.0119518
v -0.0172499 0.0123213 0.0121001
v -0.0071598 -0.0008491 0.0117507
v -0.0176538 0.0256365 0.0124709
v 0.0043646 0.0200753 0.0024232
v 0.007335 -0.0040979 0.0067719
v -0.0180984 0.0257461 0.0116989
v 0.0171054 -0.005793 0.0049263
v 0.0057999 -0.01464 -0.0109639
v -0.011458 -0.0095473 0.0118665
v -0.0072351 -0.0047264 0.0119997
v -0.0131752 0.0391786 -0.0007072
v 0.0053662 -0.0161825 -0.0112122
v -0.0122149 -0.0003425 -0.0108661
v 0.0007491 -0.0300915 -0.0135971
v 0.0134002 -0.005974 0.0078542
v 0.0066993 0.0139697 0.0039427
v 0.006205 -0.0154372 -0.0107839
v -0.0063164 -0.0067253 0.011497
v 0.0117693 0.000848 0.0071169
v -0.0065716 -0.0026591 0.0115576
v -0.0137446 -0.0202639 0.0023741
v 0.0104216 -0.049435 -0.004857
v 0.0125712 -0.0212461 0.0025958
v -0.007116 -0.0018468 0.0118211
v -0.0151577 0.0146159 0.0129336
v 0.010068 0.001885 0.0061042
v -0.0200518 0.0132878 0.0091046
v -0.0154773 0.0287329 0.0095682
v 0.0023252 0.008737 -0.0129284
v 0.0187259 0.0053698 0.0046721
v -0.0115601 0.0465714 0.0072603
v 0.0016169 0.0154567 -0.0117722
v -0.0032605 -0.0089982 0.0092574
v -0.0201239 0.0112655 0.0087781
v -0.016715 -0.0044745 -0.0048544
v -0.016964 -0.0059584 0.0096604
v 0.0150606 0.0100839 -0.0033376
v 0.0121224 -0.0207944 0.0035805
v -0.0026024 -0.0219035 -0.0124022
v -0.0002351 -0.0102162 -0.012603
v -0.0092815 0.008905 -0.0144957
v -0.0035988 -0.0107433 0.009474
v 0.0021057 -0.0439612 0.0071178
v -5.32e-05 -0.0425428 -0.0149709
v 0.0096982 0.0364716 0.0192868
v -0.0014058 -0.0116703 -0.0122798
v -0.0134973 0.033647 -0.0048799
v 0.0083359 0.0220498 0.0058068
v -0.0128779 0.0098297 -0.0121697
v 0.0113521 0.0309357 0.000655
v 1.09e-05 -0.0272688 0.0054851
v -0.0010964 -0.0137532 -0.0121653
v 0.0124141 -0.0223628 0.0022861
v -0.0059458 0.0392441 0.0015879
v 0.0090236 -0.0078059 -0.0091791
v -0.008576 -0.0057638 -0.0110293
v 0.0184917 0.0004876 -0.0006015
v 0.0105618 0.039021 0.0119973
v -0.0144418 0.0151514 -0.0076073
v -0.0093489 0.0339896 0.0011607
v 0.0114086 0.0308469 0.011883
v -0.0023961 0.0292457 -0.0001812
v 0.0030275 -0.0033049 0.0043423
v -0.0151721 0.027016 0.0066866
v -0.0114208 0.0217503 0.0110724
v -0.0021788 -0.0371082 0.0055673
v -0.006692 0.0349525 -0.0068299
v 0.0062581 0.030007 -0.0046299
v 0.0011049 -0.0250082 -0.0130533
v 0.0142694 0.012768 0.0069355
v 0.0138795 -0.0417581 -0.0088518
v -0.015746 0.0286935 0.0116052
v 0.0184714 -0.0003663 -0.0002562
v 0.0064671 -0.049435 0.0012118
v 0.0077419 -0.012217 -0.0098363
v -0.0032493 0.0455723 0.0136346
v 0.0053333 0.0304252 0.0013435
v 0.0068823 -0.0468132 -0.0144735
v 0.0119557 0.0186566 -0.0045845
v 0.0029895 0.0109825 -0.0125812
v -0.002978 -0.0099173 0.0089632
v -0.005626 -0.049435 -0.0060511
v 0.0155634 -0.0007355 0.007188
v -0.0031914 -0.0170135 -0.0117316
v 0.011252 -0.0358135 -0.0112098
v -0.0058525 -0.049435 -0.0010651
v -0.0048859 0.0294931 -0.0028795
v -0.0034753 -0.0242463 0.0057683
v 0.007375 -0.0494346 -0.0106205
v 0.0041382 -0.0147438 -0.0119798
v -0.0096203 -0.0482348 -0.0100771
v 0.0091275 0.0085766 0.0051013
v 0.0059471 0.0144866 0.0035817
v 0.0183094 0.005317 0.0054103
v -0.0111061 -0.0251026 0.0026828
v -0.01083 0.0297174 -0.0099767
v 0.0137157 0.0274162 -0.000327
v -0.0103784 -0.0073427 0.0125007
v -0.0023193 -0.001618 0.0060856
v 0.0074817 -0.0461312 -0.0142318
v -0.0148444 -0.0184389 0.0005965
v 0.0067773 0.0359327 0.018538
v -0.0092229 -0.0479231 -0.0107202
v 0.0018736 0.0340342 0.0061764
v -0.0001063 0.0111419 7.43e-05
v -0.0095399 -0.0205299 -0.0083419
v 0.0094265 -0.0224068 0.0051084
v -0.0092923 0.009806 0.0027797
v 0.0101662 0.0344973 0.0165924
v 0.0092171 0.0371847 0.0200746
v 0.0027647 -0.0009561 -0.0123961
v 0.0031236 -0.0001443 0.0030557
v -0.0091923 -0.0254987 0.0041485
v 0.0166478 0.0117302 0.0068473
v 0.0010882 -0.0130526 -0.012467
v -0.00977 0.0054241 0.0105932
v -0.0026893 -0.0176272 -0.0118947
v 0.0068078 0.0149674 0.004219
v 0.012263 0.0242583 0.0063315
v -0.0050305 0.0321339 -0.0022852
v -0.0114856 -0.0071637 0.0124683
v 0.0043499 -0.0136327 -0.0118807
v 0.0017841 0.0110405 0.0007063
v 0.0029449 0.001879 0.0021946
v -0.0200194 -0.0029363 0.006423
v -0.0198336 -0.0037054 0.0061556
v 0.0149891 0.0225643 0.0077366
v -0.0174276 0.0020685 -0.0027048
v 0.0153427 -0.0106846 -0.0038529
v -0.0178275 -0.0034771 0.0097246
v 0.0085825 -0.0494347 -0.0104906
v -0.0062826 -0.049356 0.0034051
v -0.0023761 0.0074654 -0.0147333
v 0.0100726 -0.0494336 0.0024442
v 0.0125743 0.0228938 0.0053875
v -0.0087433 0.027751 -0.0014466
v -0.0117633 -0.0424759 -0.0055723
v 0.0098265 -0.049435 -4.68e-05
v -0.0100954 -0.0309464 0.0014743
v 0.0165645 -0.0023442 0.0063292
v -0.0165017 -0.0120061 0.0071369
v -0.0118928 -0.0366277 -0.0052601
v -0.0060241 -0.0090184 -0.0114963
v -0.0137981 0.028416 -0.0051392
v 0.0186065 0.0021817 -0.0009315
v -0.0047776 -0.0030514 -0.0135237
v 0.012684 0.029292 -0.000279
v 0.0153081 -0.0139126 -0.0026334
v 0.008879 0.0229507 0.0062876
v -0.0052885 -0.0349121 -0.0132168
v 0.0144233 -0.016526 0.0029716
v 0.0196319 0.0181099 0.0021356
v 0.0046105 0.0038825 0.0026214
v 0.0002649 -0.0393993 0.0062443
v 0.0119728 0.0303124 7.93e-05
v -0.0037322 -0.0252547 0.0056147
v -0.0118144 0.0139026 0.00506
v 0.0199927 0.0167829 0.0074675
v 0.0062019 -0.0494348 0.0045437
v -0.0104462 0.0080071 -0.0137344
v 0.0043462 0.0122411 -0.0111949
v 0.0147665 -0.0128385 -0.0042419
v 0.0141743 -0.0164562 -0.0037765
v -0.0067082 0.0188603 -0.0120143
v -0.0170713 -0.0141446 0.0031881
v 0.0089773 -0.001229 -0.0092106
v 0.0173317 0.0219492 0.0124047
v 0.007169 0.0293878 0.0023692
v 0.0158441 0.0200067 0.0021049
v -0.0123712 -0.0043865 0.0127947
v -0.0096903 0.040634 0.0055841
v 0.0068643 0.0232523 0.0052153
v -0.0116567 -0.0414454 -0.0062169
v -0.0093831 -0.0076879 0.0123834
v 0.0194738 0.0297367 0.017697
v 0.0020693 -0.0134846 -0.012535
v 0.0027688 -0.0120424 -0.0124002
v 0.015242 0.0239675 0.0097493
v 0.0118664 -0.0220423 0.0033159
v -0.0046958 0.0103769 -0.0003804
v 0.0108025 -0.0494337 0.0016766
v 2.84e-05 -0.0158692 -0.0124289
v -0.0128385 -0.0164258 0.0080625
v 0.0014229 -0.049435 0.001262
v -0.0158075 0.0285295 0.0085081
v -0.0201247 -0.0031435 0.0052851
v -0.0039871 0.0441949 0.0129991
v -0.0014366 -0.049435 -0.0116259
v -0.0118146 0.0207988 0.006742
v -0.0141101 -0.003837 -0.0081425
v 0.004974 0.0374005 0.0051508
v -0.0176689 -0.0070416 -0.0020199
v -0.0134607 0.0159857 -0.0043574
v -0.0128631 0.0284438 -0.0087475
v -0.0116352 -0.0154762 0.0093709
v -0.0052898 -0.015852 0.0092253
v 0.0117677 0.0167018 0.0049864
v -0.002152 -0.0494344 -0.0120589
v -0.0068008 -0.0440436 0.0041208
v -0.0039246 0.0003453 0.0073201
v -0.0047985 0.0208372 -0.0096488
v 0.0062679 0.0290525 -0.0049486
v -0.007928 -0.0048401 -0.0116578
v 0.0143346 0.0137986 0.0070438
v 0.0174211 0.0231663 0.0049139
v -0.0080693 -0.0115945 -0.0098563
v 0.0158017 0.0264549 0.0159647
v 0.0047115 -0.0415373 0.0068303
v 0.0003927 0.0196422 -0.0103889
v -0.0046865 0.0272471 -0.0076178
v -0.0070268 0.0068295 -0.0148922
v -0.0145838 0.0128724 0.0125563
v 0.0012128 -0.0405467 -0.0148361
v 0.0137853 -0.0183514 0.0024443
v -0.0143228 0.0129498 -0.0050793
v 0.0079022 -0.049435 -0.0030554
v -0.0117639 -0.0459669 -0.0030739
v 0.0064735 0.0215622 0.0041899
v -0.0117384 -0.002161 -0.0105986
v 0.0140902 -0.0461908 -0.0090612
v -0.017586 0.009753 0.0115496
v -0.0126529 0.0134743 0.0115652
v 0.0079818 -0.0469013 0.0069077
v -0.0104127 0.0170373 -0.012681
v 0.0187742 0.0283605 0.0112891
v 0.0120212 -0.0397613 -0.0109362
v 0.0016505 -0.0320974 -0.0137275
v -0.0172893 0.0188587 0.0043179
v 0.0002794 -0.0288981 0.0054623
v -0.0171372 -0.0047035 -0.0040229
v -0.0113483 0.0228717 0.0099793
v -0.0136753 -0.0165474 0.0072618
v -0.0103367 -0.021113 -0.0075316
v 0.0001764 0.0097413 0.0001173
v -0.0076042 0.0061338 -0.0146093
v 0.0126325 -0.0129185 0.006782
v -0.0050081 -0.0103919 -0.0116706
v 0.0079802 0.0097713 0.0044031
v -0.0121294 -0.0319988 -0.0048534
v 0.0028385 0.0074559 0.0012197
v -0.0045745 -0.0115486 -0.0116269
v 0.012349 -0.024546 0.0014162
v -0.009911 0.0270758 -0.0017281
v -0.0003637 0.0456384 0.0122195
v 0.0067689 0.0244077 0.0052778
v 0.0064356 0.0315931 -0.0030052
v 0.0166524 -0.0106842 -0.0011654
v 0.0009786 -0.0440094 0.0069998
v 0.0066894 -0.0494339 -0.0118774
v 0.0126598 -0.023489 0.0011839
v -0.0039368 0.0083954 0.0001608
v 0.0109922 0.0243934 -0.0036619
v 0.0106288 -0.0097922 0.0081208
v 0.0002723 -0.0211865 -0.0128619
v 0.0013655 -0.0181348 -0.0127048
v 0.0160526 -0.0069377 0.0060296
v -0.013701 -0.0030332 0.0126842
v -0.0076173 -0.0469542 0.0039856
v 0.0113467 -0.0032736 0.0079291
v -0.0090121 -0.0485436 0.0023722
v 0.0093784 -0.0494294 0.0032901
v 0.0092165 0.0238765 0.0065772
v 0.0155917 -0.0139076 -0.0017443
v -0.0082538 -0.0486434 0.0030152
v 0.008681 -0.0474626 -0.013669
v -0.0049602 -0.0007405 0.0096861
v -0.0031623 -0.0137304 0.0086594
v 0.0136341 0.0207188 0.0007531
v -0.0085492 -0.0467163 0.0031172
v -0.0115395 0.0177687 0.0096221
v -0.0088481 0.0047452 0.0108364
v -0.0107712 -0.0018844 -0.0112417
v -0.019959 0.0098709 0.005159
v -0.0020292 -0.0279588 0.0054598
v 0.0069928 -0.0295354 0.0047899
v -0.0081079 0.0140795 -0.0140538
v 0.0116722 -0.049435 -0.0027944
v -0.0044749 0.0281951 -0.0061612
v 0.007586 -0.0298169 -0.0121881
v 0.0117683 0.0315806 0.0124139
v 0.0138765 0.0245734 -0.0013883
v 0.0070314 0.0348131 0.0154183
v 0.0071834 0.0263026 0.0057678
v -0.0002733 0.0072945 9.2e-06
v -0.0051035 -0.009233 -0.0118673
v 0.0113315 0.0172765 0.0044196
v 0.0126548 0.0210585 0.0045479
v 0.0133638 0.0210313 0.0033223
v 0.0014922 -0.0382484 -0.0145881
v 0.0010019 -0.0005519 -0.0131276
v -0.0055871 0.0143128 -0.0134651
v -0.0184819 -0.0026727 -0.0013667
v -0.0072715 -0.0404237 0.0034071
v -0.0173782 -0.0124558 -0.0001621
v 0.0056882 -0.0172288 -0.0110763
v 0.0025366 -0.0424145 -0.0149813
v 0.0168683 -0.0099199 0.0032154
v -0.0064732 -0.0088661 0.011443
v 0.0115258 -0.0270936 0.0018062
v 0.0166119 -0.0107278 0.0032631
v 0.0168733 -0.0037636 -0.003052
v 0.0128734 0.002343 0.0069651
v 0.0020021 0.0010268 -0.0124096
v -0.0175163 -0.0048691 0.0095044
v 0.008907 0.0029551 0.0051976
v 0.0079401 -0.0165286 0.0073902
v 0.0153632 0.0229945 0.011014
v 0.0105115 0.0329824 0.0031053
v 0.0108479 -0.0196705 0.0053903
v 0.0189091 0.0017376 0.0007898
v -0.0104124 -0.0220711 -0.0074613
v -0.0113713 -0.0269115 -0.00685
v 0.0126464 -0.0431901 -0.0107084
v -0.007065 0.0137019 -0.0007571
v -0.0048718 -0.0019599 0.0099941
v 0.0113233 0.0056442 0.0060201
v 0.007821 -0.048212 -0.0138705
v 0.0024108 0.0126563 -0.0125295
v -0.0121459 0.0152572 -0.0030881
v 0.0131161 -0.0426503 -0.010125
v 0.0167464 -0.0088859 -0.0018657
v 0.000934 -0.0198982 0.0063158
v -0.014199 -0.0120622 0.009672
v 0.011775 -0.0279772 0.0012625
v 0.006957 -0.0148406 -0.0103678
v -0.0069777 -0.0116161 -0.0105144
v -0.0057456 -0.0117391 0.0106596
v -0.0149899 -0.0083961 0.0105916
v 0.0019462 -0.0033542 0.0040384
v -0.0138065 0.0057881 -0.0109425
v 0.0184485 0.0001424 0.0041134
v -0.0054594 -0.0464774 -0.0135233
v 0.0116601 0.0046254 0.0060919
v -0.0166643 0.0136694 0.0034453
v -0.0106279 -0.0300222 0.0011244
v 0.0005364 0.0405629 0.0144677
v -0.0047647 -0.0303091 -0.0131495
v -0.002787 -0.0030543 0.0076204
v 0.0058146 0.0127927 -0.0089951
v 0.0085576 -0.044692 -0.0136637
v 0.0106776 -0.0022777 0.0075581
v 0.0159069 -0.0118314 -0.0023744
v -0.0117856 -0.0170115 0.0082997
v 0.0019586 -0.006907 -0.0129729
v -0.0005979 -0.0292742 0.0054694
v -0.0011566 -0.0301722 0.0054716
v 0.0145739 -0.0174168 -0.001203
v -0.0058141 0.034372 -0.0063756
v 0.0091024 0.015853 -0.0061446
v 0.0152577 -0.0155798 -0.0008904
v -0.004691 -0.0298988 0.0049219
v 0.0133893 0.0109024 -0.0042544
v 0.0094586 -0.0326985 0.0038111
v -0.0095734 0.0071669 -0.0139773
v -0.0133903 0.0268883 -0.0082102
v -0.0144832 -0.0191366 0.0004072
v 0.0091644 0.033447 0.0043171
v 0.0108814 0.0013959 0.0066229
v -0.0076986 0.0313581 -0.0094826
v 0.0020431 0.0022252 -0.0122539
v -0.0136359 -0.0194643 0.0041495
v -0.0044917 0.0261957 -0.0070479
v -0.0047623 0.0314207 -0.0033559
v 0.0135653 0.0203254 -0.0004224
v -0.0053145 -0.0474814 -0.0135858
v 0.0145594 -0.0165263 -0.0026408
v -0.0007704 -0.0281413 0.0054775
v 0.0063942 0.0309073 -0.0037922
v -0.0150678 0.0282022 0.0119784
v -0.0112381 0.0290053 -0.0099844
v 0.0156805 -0.0112998 -0.003094
v 0.0083421 -0.0130348 -0.0096392
v 0.0157698 -0.0130064 -0.0020351
v -0.0075029 -0.0041098 -0.0120879
v 0.0067302 0.0002221 0.0045402
v -0.0172731 0.0197276 0.0044436
v -0.0050067 0.0283883 -0.0081879
v -0.0084732 -0.017222 0.0090947
v 0.0039472 0.0166666 0.0026335
v 0.0067771 0.0309296 0.0051316
v -0.0118183 -0.016252 0.0088022
v -0.0081938 0.0165358 -0.0132318
v -0.0131932 -0.0080598 0.0117604
v 0.0071599 0.0353865 0.0177142
v 0.0059542 0.0255102 0.0035832
v -0.0071007 0.0345156 -0.0074487
v 0.0020585 -0.0435726 -0.0151236
v 0.0147434 -0.0094208 -0.0049187
v -0.020249 0.0111553 0.0062861
v 0.0161444 0.0215083 0.0034235
v 0.0133437 -0.0449861 0.0030433
v 0.0145871 0.0284242 0.0046274
v 0.0080458 0.0343189 0.0155659
v 0.0066466 -0.049435 -0.0030941
v -0.0057925 -0.0336881 -0.012921
v 0.0024988 0.0260906 -0.0090893
v -0.0124506 0.0113604 0.0035366
v -0.0108497 -0.0204139 -0.0069727
v -0.014992 0.0037907 0.0124199
v -0.0120003 -0.0343861 -0.0049403
v 0.009202 0.0011138 0.0058617
v -0.0104548 -0.03468 -0.0089876
v -0.0118088 -0.0279198 -0.0061879
v -0.020583 0.006215 0.0048172
v 0.0098988 0.0382135 0.0200908
v 0.0131489 -0.0354101 -0.0009216
v -0.0168127 -0.0143343 0.0042236
v 0.0189 0.0027393 -4.64e-05
v -0.0016351 -0.0264668 0.0055643
v -0.0022659 -0.0306722 0.0053728
v -0.0056954 -0.0106283 0.010857
v 0.0064272 0.0289802 -0.0029592
v -0.0004351 -0.049435 -0.0098028
v -0.0082684 0.0117077 -0.0146596
v 0.0125295 0.0338734 0.0138516
v -0.0067511 -0.0171288 -0.0103233
v -0.0118863 -0.0376664 -0.0040542
v 0.0139089 -0.0462622 0.0024769
v -0.0095219 -0.0148067 0.0102969
v -0.0096336 -0.032095 0.001754
v 0.0127743 0.0267372 0.0078723
v -0.0146928 -0.0019988 -0.0082557
v 0.0082034 0.0318451 0.0031925
v -0.0007658 -0.046253 0.0070422
v -0.0194844 0.0189296 0.0091941
v 0.0061422 0.0265309 0.0033594
v -0.0007308 0.0256437 -0.0083013
v 0.0093471 0.0346732 0.0170829
v -0.0021628 0.0301281 3.88e-05
v 0.012026 -0.0183961 0.0050705
v 0.0032925 -0.0017455 -0.0123665
v 0.01251 0.0283943 -0.0009775
v 0.001729 -0.0413706 -0.0149071
v 0.0075333 0.0348437 0.0165532
v -0.0196833 -0.0021699 0.0080083
v 0.0138648 0.0292136 0.0010042
v -0.0084359 -0.0412814 0.0025084
v -0.0121513 0.0432558 0.0002233
v 0.0058036 -0.0374775 0.006055
v 0.0066244 -0.0375722 0.0058974
v 0.0013895 0.0426078 0.0042905
v -0.010708 0.0425997 0.0067995
v -0.0147319 -0.0066051 0.0113721
v 0.0037949 0.0316599 0.0033406
v -0.0023177 -0.0270133 0.0055098
v 0.0044524 0.0286018 0.0015123
v -0.0054328 -0.0330786 0.0044469
v -0.017845 0.0285912 0.0095246
v 0.0052622 0.0323153 -0.0052583
v 0.0109693 0.0040064 0.0057916
v -0.0044426 0.0270314 -0.0064541
v 0.0143407 -0.0448102 0.0015366
v 0.0078441 -0.001475 -0.0098269
v -0.0152453 0.0024674 0.0124598
v 0.0119305 -0.0494347 -0.0007758
v 0.0062995 -0.0208621 -0.0110881
v 0.0111044 -0.0400039 -0.0117119
v -0.0110848 -0.0325628 -0.0079526
v 0.0097497 0.0337603 0.0154515
v -0.0100789 -0.0026406 -0.0113055
v 0.0093686 0.0342547 0.0163586
v 0.015843 -0.0101906 -0.0031407
v -0.0022471 -0.0292972 0.0054033
v 0.0108956 -0.049435 0.0007476
v -0.0178003 -0.009382 0.0065542
v 0.0087906 0.034124 0.0157596
v -0.0204069 -0.0018227 0.0062647
v 0.0114033 -0.0131485 0.0072627
v -0.0075189 0.0127744 -0.0009083
v 0.0090983 -0.0184847 0.006673
v 0.0185547 0.0056815 -0.0013149
v -0.0081677 0.0451538 0.007215
v 0.0121733 0.015467 -0.0047713
v 0.0125843 0.0150672 -0.0042106
v 0.01593 0.0294109 0.0176332
v -0.0099793 -0.0176865 0.0085532
v -0.0160002 -0.01431 0.0061694
v 0.0078589 -0.0023323 0.0062186
v 0.0140821 0.0265024 0.0054597
v -0.0020354 -0.0412367 -0.0145769
v -0.014928 0.025753 0.0137754
v -0.0090655 -0.0218402 -0.0088534
v 0.0136298 0.0013799 0.0073575
v 0.0192001 0.0095542 0.0041597
v -0.0110279 0.0110459 -0.0003971
v -0.0002686 0.0243989 0.0003833
v -0.0050351 0.0295636 -0.0078194
v -0.0047605 0.0265889 -0.0081044
v 0.0149502 -0.0157532 -0.002091
v -0.0187654 -0.0042392 0.008225
v 0.0113163 -0.0333549 -0.0108992
v -0.0095652 -0.0214999 -0.008371
v 0.0133603 0.0097782 -0.004877
v -0.0028427 0.0146719 -0.0001581
v -0.0040825 0.016225 -0.0002218
v -0.0141906 0.0177352 -0.0072352
v 0.0049678 -0.0331343 -0.0133298
v -0.0054879 -0.0319126 -0.0129489
v -0.0124526 0.0417936 -0.0006828
v -0.0111278 0.0087307 0.0088904
v -0.0083326 -0.0153311 0.0100998
v -0.0116059 0.0082193 0.009949
v 0.0119499 0.0016783 -0.007432
v -0.0081162 -0.0321854 0.0029998
v 0.0025172 0.0422656 0.0043917
v 0.014054 -0.0472317 0.0022255
v 0.009449 0.027122 -0.0021591
v 0.0113534 0.0324303 0.0133364
v -0.0105983 -0.0237886 0.0040119
v 0.0135929 0.0259025 0.0060961
v 0.0084692 -0.0493321 -0.012401
v -0.0036357 0.0437101 0.011015
v -0.0094627 -0.013592 0.0108122
v 0.0011656 0.0325535 0.0042852
v -0.0174463 0.0005225 -0.0037387
v 0.0056801 0.0328588 -0.0045279
v -0.0116016 -0.0478629 -0.0021346
v 0.0081841 -0.0455572 -0.013897
v 0.0172879 0.0217394 0.0032714
v 0.001542 0.0043735 -0.0125948
v -0.0207215 0.0002672 0.0071814
v -0.0027085 -0.0432571 -0.0144965
v -0.0185827 -0.0034689 0.0088843
v 0.0135366 0.0231808 -0.0021233
v 0.0063097 -0.0240791 -0.0114747
v 0.0016306 -0.049435 -0.0093641
v 0.0163809 -0.011169 -0.0015917
v 0.0136196 0.0239304 -0.001909
v -0.0171488 0.0143332 0.0125133
v 0.0125158 -0.0492916 0.0019763
v -0.0077924 -0.0426469 0.003193
v 0.0165663 0.0256105 0.0158193
v -0.0097342 0.012912 -0.0017268
v -0.0189311 0.0125043 0.0108908
v -0.0068327 -0.032808 0.0037658
v -0.0178101 -0.0115159 0.0008251
v -0.0089435 0.0329829 -0.0089468
v -0.0025137 0.0458987 0.0129959
v -0.0182658 0.0172185 0.0046251
v 0.0119225 -0.029138 0.0008294
v -0.004457 0.0247409 -0.007322
v 0.0079199 -0.0178544 0.0071259
v -0.015094 -0.0009245 -0.0080497
v -0.0061598 0.0129456 -0.000562
v -0.0177029 -0.0055839 0.008982
v -0.0173641 0.0289955 0.0104644
v -0.0056195 0.0373427 -0.000263
v 0.000967 0.010462 -0.013429
v -0.0131976 0.0373484 -0.0025285
v 0.0011804 0.00545 -0.0129492
v -0.0165343 -0.0142827 0.0050764
v -0.0195571 0.0095795 0.0097583
v -0.0159099 -0.0047013 0.0110782
v -0.0201364 0.0057867 0.0036739
v 0.0132229 -0.044744 -0.0102414
v 0.0160419 -0.0014466 -0.0045051
v -0.0075463 0.0241081 -0.0111724
v 0.0077388 0.0388549 0.012166
v -0.0078138 -0.0099938 -0.0103236
v 0.0099779 -0.0489676 -0.012392
v -0.0043499 -0.0118567 0.0098604
v -0.0063246 -0.0417795 0.004163
v 0.0025703 -0.018397 0.006858
v 0.0094323 0.0328028 0.0032993
v 0.0204561 0.0279708 0.0146562
v -0.0141033 0.0009754 0.0129143
v -0.0115796 -0.0326083 -0.0069254
v 0.0142825 -0.0020367 -0.0060569
v 0.0100877 -0.0465798 0.0059934
v 0.0186383 0.008298 0.0051694
v 0.0131023 0.0177436 -0.0015175
v -0.0001596 0.031862 0.0028384
v -0.0153407 -0.01487 0.0067269
v 0.0045805 0.0317404 0.0028801
v -0.0161995 -0.0038543 -0.0058228
v -0.0060902 -0.0474907 0.0051155
v -0.0109591 -0.0123912 0.0110556
v -0.0100273 -0.0352345 0.0009184
v 0.0162326 0.0281787 0.0178251
v -0.0048722 -0.0494149 -0.0117904
v -0.0166341 0.0154087 0.0128639
v -0.001099 0.0096881 -0.0001202
v 0.0141098 0.0283009 0.0067121
v 0.0100826 -0.0493046 0.0042659
v -0.0183551 -0.0005257 -0.0013816
v -0.0001442 0.0087008 3.5e-06
v 0.0016463 0.0078213 0.0006051
v 0.0039309 -0.0248569 0.0054371
v 0.0121269 0.0141172 -0.0049844
v -0.0072925 -0.0169223 0.0092334
v -0.0101398 -0.0116462 0.0114235
v 0.0048682 0.0030732 0.0028942
v -0.0057705 -0.049435 -0.0069864
v -0.0116871 -0.033206 -0.0065892
v -0.0162768 -0.0066097 -0.0048583
v -0.0136885 0.0168934 -0.0049874
v 0.0106708 0.0148337 -0.0059438
v 0.0019828 0.0057202 -0.0125423
v -0.0110309 -0.0469476 -0.0003529
v -0.017142 0.0023881 -0.0037799
v -0.0183696 0.025996 0.0105604
v 0.0128726 0.0175287 -0.0033354
v -0.0022563 0.0310425 -0.0031973
v 0.0056865 0.0286753 -9.01e-05
v 0.0065616 -0.049435 -0.010653
v 0.0012234 -0.0275314 0.0054269
v -0.0138621 0.0279147 -0.0058913
v -0.0027389 0.0300569 -0.0017759
v 0.0002775 -0.0437219 0.0068386
v -0.0182173 -0.004402 0.0088852
v -0.0086149 -0.0329864 0.0025337
v 0.0134318 -0.0459115 0.0030784
v 0.0115315 -0.0325736 -0.010569
v 0.0054256 0.0325396 0.0023616
v -0.0064558 0.015031 -0.0134569
v -0.0177165 0.0054721 0.0113913
v 0.0158019 0.0275855 0.0124374
v 0.0086935 0.0112295 0.0048121
v 0.0133471 -0.0494013 -0.0060615
v -0.0020051 0.0111056 -0.0001018
v -0.0162636 -0.0094753 -0.0039185
v -0.0088849 0.0339634 -0.0083884
v -0.0139944 0.0186749 -0.0082119
v 0.0067685 -0.0286364 0.0048229
v 0.0130718 0.0325038 0.0117493
v 0.0105966 -0.0310012 0.0025969
v -0.0032838 -0.049435 -0.0094774
v -0.0032631 -0.0066423 0.0091386
v 0.0161071 -0.0134726 0.0008239
v -0.0177563 0.0042478 0.0113136
v -0.0075161 -0.0347844 0.0032228
v -0.004436 -0.0192568 -0.011453
v 0.0060754 -0.0325817 -0.0130268
v -0.0192384 0.0183887 0.0103983
v 0.0143557 -0.0002872 -0.0057088
v -0.0109902 -0.0227607 -0.0067515
v -0.0018562 -0.049435 0.0025443
v -0.014296 -0.0195355 0.0011798
v -0.0050257 -0.0290233 0.0049279
v -0.0077554 -0.0359239 0.0029955
v -0.0047655 -0.0099764 0.0104271
v 0.0082953 0.0349599 0.0174571
v -0.0169108 0.0022844 -0.0049243
v -0.0054464 -0.049435 0.0019536
v -0.0130155 0.0205075 0.0051314
v -0.0151431 -0.0178541 0.0022872
v -0.0087379 -0.0199652 -0.0090457
v -0.0039273 0.0248615 -0.0051084
v -0.0031375 -0.0055639 0.0088582
v -0.0069317 0.0064722 0.0072405
v -0.0069865 0.0069594 0.0065817
v 0.0159485 0.0183472 0.0008366
v -0.0127943 0.0044712 0.012374
v -0.0183564 0.0259655 0.0095565
v 0.0060669 0.0153754 0.0038381
v 0.0148809 -0.0009759 0.0074815
v -0.0042094 0.0243415 -0.0064495
v -0.0118195 -0.0466792 -0.0034316
v -0.014262 -0.0112513 0.0100064
v 0.0095908 0.0194478 -0.0052724
v 0.0202199 0.0285845 0.0154101
v -0.0017468 0.030753 -0.0044185
v -0.0139422 0.0178061 -0.0058426
v 0.0086633 0.0324782 0.003536
v 0.017989 0.0306458 0.0182576
f 3339 2298 5799
f 7119 5234 3189
f 4521 7438 4741
f 3328 479 4297
f 2573 1960 3806
f 6923 3341 1552
f 4722 10 5520
f 1374 374 3961
f 5122 3948 5221
f 3336 2194 1865
f 2721 2888 3778
f 4976 3073 3411
f 5103 13 2550
f 4264 2826 1485
f 5882 2918 4213
f 2229 2112 640
f 4398 3082 4110
f 4350 4577 3353
f 1743 53 2053
f 1534 272 1879
f 2095 2900 5120
f 2795 7957 931
f 6956 624 1675
f 3638 346 1206
f 5869 1974 89
f 5128 4249 663
f 2064 1529 3971
f 2597 2922 5424
f 1405 2657 3283
f 2608 4633 3967
f 1872 3160 3549
f 3186 4647 186
f 5100 2310 1286
f 153 7689 2160
f 549 2675 2124
f 7924 3497 4170
f 2134 4002 2876
f 5886 5885 6506
f 5223 578 5467
f 555 484 2335
f 4312 5625 4454
f 4594 55 2136
f 7528 1273 54
f 3323 3548 409
f 4903 2158 1786
f 4322 4083 4020
f 1444 2244 822
f 5833 4873 495
f 2461 5549 2685
f 1045 5728 2562
f 4853 3307 3926
f 5377 971 3223
f 1353 2501 314
f 1805 4363 589
f 5232 4273 3338
f 3870 822 1840
f 558 999 2108
f 5503 4150 3175
f 1671 4425 4894
f 2753 2011 620
f 1047 913 919
f 4091 3751 171
f 42 2433 7246
f 5282 2734 5172
f 23 5227 5182
f 4410 623 839
f 741 3635 666
f 546 1158 48
f 4386 2827 2700
f 3908 948 2914
f 4748 593 1523
f 1602 5221 1603
f 904 744 3906
f 7166 3812 5731
f 2223 467 5208
f 4455 3898 3837
f 4401 2817 4447
f 3256 3164 1277
f 5449 5893 5892
f 2211 4104 2457
f 5413 1390 3794
f 3043 2069 1013
f 5132 5138 1134
f 812 3906 4460
f 5154 3303 224
f 3067 7168 1608
f 2621 2245 4693
f 119 1240 2097
f 2688 6836 5319
f 4699 4336 2449
f 1519 2881 1170
f 4120 570 1438
f 1884 7666 1288
f 4902 5127 2604
f 4410 4187 626
f 3628 6462 554
f 94 4595 3332
f 4279 3517 2153
f 1540 3945 4746
f 5895 5896 6143
f 5897 3430 326
f 3370 2722 955
f 5532 4723 1655
f 1664 2140 4178
f 474 5759 2629
f 2426 562 4702
f 3751 3568 517
f 711 1912 1245
f 4036 5413 5150
f 3154 2206 4716
f 620 3204 2753
f 3286 4955 2131
f 2912 249 5193
f 7169 5819 6572
f 296 706 1956
f 581 5834 5272
f 4489 7944 3178
f 2623 3031 5275
f 3588 4265 3666
f 5645 1928 544
f 6701 291 6927
f 4912 5780 3223
f 1759 2888 1908
f 1082 7558 2961
f 2871 3137 2753
f 4782 4389 3930
f 3202 5641 3426
f 381 23 414
f 5899 98 1312
f 5345 3149 5330
f 4085 3437 3078
f 3809 4671 3530
f 659 908 3241
f 4293 7405 4657
f 313 3150 1183
f 1521 795 3385
f 7402 66 7734
f 4122 2605 757
f 139 5194 4797
f 1803 4174 5270
f 4903 1301 2158
f 5014 1916 3703
f 2296 361 366
f 2484 1281 3198
f 3623 1631 4512
f 1868 5643 1586
f 4696 7394 3708
f 5709 7348 5000
f 1136 5465 5546
f 4266 5237 3635
f 3588 4034 4265
f 1857 7445 4370
f 1934 5106 2038
f 7437 193 1425
f 298 5055 1666
f 276 3453 545
f 1155 5431 490
f 4810 2577 4789
f 4906 6947 3456
f 5804 2613 3744
f 1764 1625 5091
f 55 5673 4804
f 1858 6396 5622
f 3212 470 1943
f 878 4725 2666
f 3273 4233 1504
f 5014 4144 873
f 622 3027 632
f 6601 4186 5316
f 5764 4611 1351
f 537 3170 1463
f 6763 3650 1664
f 5243 2345 5372
f 170 4819 363
f 5700 3688 5703
f 4554 7851 4858
f 1921 7682 4578
f 5256 4662 4323
f 3924 4615 5509
f 4185 104 4674
f 4051 1604 1238
f 2562 5747 1045
f 3637 3162 3618
f 2741 2229 3916
f 829 3805 394
f 834 2963 7791
f 5905 5906 5904
f 5416 4697 627
f 5802 1805 1180
f 7258 4648 4126
f 500 1495 2452
f 4997 5259 1133
f 597 2080 5320
f 2057 4425 1380
f 5870 2667 4591
f 5500 4500 4770
f 5399 592 2027
f 4227 1462 1909
f 3306 3372 622
f 1888 210 1572
f 7509 4568 540
f 1491 7403 480
f 5422 2880 3400
f 550 2322 4000
f 4481 5600 4244
f 6889 7925 5034
f 2199 3231 4556
f 198 1300 4506
f 5385 1409 1406
f 87 778 2042
f 7642 1280 1143
f 4967 1520 4835
f 3440 7849 1820
f 2843 1466 1200
f 757 5505 3644
f 41 3682 1173
f 4522 1368 1017
f 4521 4741 5
f 98 6766 1066
f 3411 7891 1542
f 2206 5790 5718
f 1837 4230 2520
f 2902 5097 2218
f 338 4079 2903
f 1450 3273 1661
f 3168 2998 828
f 4678 6768 2980
f 1101 4281 1126
f 5824 6941 3891
f 4712 2797 1756
f 3567 4815 3620
f 6264 2820 1042
f 1717 2417 722
f 3134 1270 3681
f 2048 1329 1772
f 5155 3885 3490
f 356 5270 4174
f 1090 4050 2620
f 1867 7834 4211
f 2418 5831 5634
f 4316 2797 4712
f 5041 5524 4790
f 3306 632 2383
f 5171 4551 920
f 1562 5914 2655
f 4994 843 5659
f 4317 4740 2467
f 1071 5604 4674
f 3060 5916 3228
f 1649 7550 2330
f 1603 5598 1602
f 894 4921 1882
f 5092 5127 4315
f 7755 4743 2761
f 2984 1757 6377
f 4912 3223 1938
f 2383 1731 277
f 1853 2574 5693
f 2033 784 3463
f 4153 5231 337
f 1331 2012 5537
f 934 5084 4978
f 1320 2317 1945
f 4778 1376 1179
f 1710 1328 3528
f 2147 1219 2837
f 2383 632 2371
f 1285 4720 1265
f 276 1098 3453
f 1372 506 3294
f 479 101 4297
f 3876 3192 3451
f 5924 5481 3282
f 5412 7404 3931
f 2632 1881 7480
f 2214 93 2356
f 5925 7066 6696
f 1937 6190 2155
f 46 4907 5850
f 1591 1923 3849
f 2725 5783 326
f 2842 6961 245
f 4991 278 553
f 389 6985 2645
f 2749 522 3931
f 4558 1101 1126
f 3426 4509 2601
f 2155 621 1937
f 1427 676 346
f 4209 4344 4526
f 4068 3032 1332
f 3012 1095 4289
f 4570 6782 7109
f 3598 5569 4109
f 891 5953 1565
f 1188 2792 2368
f 2218 5097 5125
f 1381 3783 5624
f 525 5688 1597
f 6750 2583 2590
f 2360 3739 2654
f 3313 2063 2593
f 2732 4456 795
f 1027 5701 392
f 2019 86 867
f 1599 1819 1665
f 2089 1834 2726
f 1425 1585 233
f 4245 2559 2978
f 1302 3736 3735
f 1579 4186 4245
f 226 1435 1314
f 3369 4730 4449
f 5664 4673 5369
f 3481 4037 1641
f 2556 2276 1571
f 5414 819 2615
f 5625 4561 4946
f 3873 2929 3515
f 742 1309 433
f 5753 6760 987
f 5733 2389 1933
f 1699 2835 4702
f 5929 5930 6168
f 4414 950 1956
f 3233 3752 2617
f 2562 5287 5747
f 7264 7174 4120
f 1688 2482 2769
f 4608 2255 2628
f 542 2859 3670
f 5393 5850 4907
f 7487 1288 4391
f 7594 6803 857
f 5250 7669 2883
f 2838 208 3570
f 4367 44 3230
f 3769 2747 1708
f 35 2432 3821
f 1593 3005 3642
f 4684 2424 5003
f 5932 5375 189
f 5307 5379 3859
f 730 2351 4511
f 360 794 4812
f 1460 2643 5772
f 1563 3434 1613
f 550 4566 2675
f 1083 1921 37
f 5934 5933 6068
f 691 6793 2062
f 1099 6247 7207
f 2239 5283 3811
f 5664 5363 5755
f 3925 1803 5270
f 1820 2246 1146
f 1485 2173 11
f 5200 5159 117
f 4089 4324 2650
f 1245 7936 6385
f 5183 4792 2322
f 2178 762 1106
f 1544 396 2469
f 985 1260 38
f 5257 5310 4095
f 643 83 1556
f 4351 2514 2398
f 5760 1567 506
f 7974 7926 1981
f 365 1510 1233
f 693 4709 1181
f 5011 3539 3536
f 5166 1587 3369
f 5351 7176 1611
f 262 1963 510
f 858 4685 5726
f 4082 5763 5621
f 3786 5808 5192
f 770 2447 1052
f 4853 5564 2856
f 1347 3116 1689
f 7763 5023 408
f 2909 3387 2219
f 4233 4407 1504
f 5527 3970 3359
f 3373 5315 5613
f 2308 1355 2306
f 5207 3865 221
f 3889 4396 3401
f 334 812 1627
f 3752 1237 1899
f 969 3985 5818
f 4698 6801 3670
f 2679 7177 1992
f 517 4280 5577
f 1612 5557 720
f 7665 2863 2099
f 909 1794 1971
f 482 1860 7860
f 5601 3668 2167
f 886 3126 3988
f 1193 242 4260
f 5710 1632 3352
f 7634 3170 2466
f 14 826 2627
f 5859 7960 5141
f 286 5703 5717
f 5545 4087 5788
f 1142 3532 2468
f 2423 2983 3867
f 7736 6919 5203
f 788 5149 301
f 4029 219 3942
f 4098 5331 3523
f 5043 4170 4657
f 2631 5945 3499
f 1573 1338 5094
f 1709 5947 5946
f 2573 3806 1307
f 3970 4379 4845
f 4699 2360 3261
f 3454 4170 3497
f 1579 4215 2800
f 384 4040 2324
f 5480 6548 5046
f 1145 1361 5139
f 5559 2387 5099
f 275 348 2427
f 5950 993 5949
f 5284 4352 2522
f 4950 240 1517
f 2073 3935 3052
f 5281 804 4274
f 2774 233 1585
f 807 4819 698
f 6780 4256 158
f 7389 4099 5218
f 3102 6228 1315
f 5457 1815 5252
f 4152 1828 740
f 5689 440 1550
f 3169 2922 1595
f 3368 5017 3121
f 1566 2609 1796
f 1467 2312 4780
f 5195 1228 1564
f 2577 1237 4789
f 580 6890 883
f 1515 5793 1690
f 2220 3024 2503
f 2685 6783 2461
f 691 5134 200
f 367 1097 6822
f 635 1370 2942
f 4354 1126 4281
f 2499 5662 1420
f 3764 4019 2186
f 3889 5144 747
f 3920 3366 772
f 4219 952 4155
f 3412 5169 95
f 2889 3158 536
f 3313 2593 741
f 1290 2183 279
f 1350 1721 2375
f 2539 3842 4721
f 4578 7846 2393
f 3381 2964 5304
f 2590 2825 1379
f 971 3338 4273
f 3876 3960 1191
f 4246 5098 3721
f 3006 5785 2814
f 2880 2794 4416
f 384 2282 4044
f 4558 1126 1474
f 2021 3651 2271
f 3901 2460 4043
f 346 5953 1206
f 2662 5770 2585
f 2453 4872 2782
f 2363 5720 4828
f 2663 3668 2882
f 1693 1692 73
f 5491 857 3803
f 5528 994 7403
f 3418 3414 4194
f 1898 1058 2785
f 1713 846 3107
f 4738 5074 1705
f 137 4260 1932
f 4438 2769 1610
f 2514 2738 1049
f 7016 3165 2194
f 4996 7574 5815
f 1333 4336 5215
f 3625 2226 5842
f 3828 3789 331
f 5772 4129 3692
f 955 5838 5577
f 3074 2716 1570
f 3696 386 2036
f 4441 4032 5603
f 5413 4034 5150
f 333 5677 1672
f 2571 389 2506
f 7451 2209 5867
f 475 485 2999
f 2082 2215 1717
f 6774 1291 1673
f 4176 3497 1331
f 1911 1333 5215
f 6786 7947 7035
f 4596 1732 4963
f 2158 5446 5079
f 2560 2900 5114
f 4055 719 2094
f 5554 1614 2148
f 956 4149 4038
f 3779 5612 2944
f 5648 4978 5084
f 162 1493 41
f 5479 5080 7449
f 5843 2897 4948
f 1091 5170 5309
f 864 1661 13
f 944 1630 2054
f 387 2349 2737
f 417 4360 1085
f 5178 4909 3295
f 4138 5733 5879
f 1476 1395 1682
f 1918 3940 3887
f 5465 179 214
f 1983 1719 4270
f 7181 5959 3343
f 4239 4842 5212
f 513 7424 1039
f 2857 401 2956
f 6415 572 434
f 5308 5583 4951
f 4459 5360 986
f 567 4139 471
f 1650 3616 2891
f 2462 4239 3660
f 4799 3471 55
f 5351 1611 5483
f 3904 3327 2687
f 2612 4087 4761
f 4015 4019 5211
f 2315 3511 5035
f 2703 1156 5691
f 2348 685 4771
f 1354 2482 1356
f 4139 567 4957
f 455 1334 678
f 6902 4988 4508
f 4101 4291 3757
f 309 5440 794
f 872 859 1653
f 4243 3608 3913
f 3136 5712 894
f 4510 5461 4947
f 22 7790 1970
f 1479 3917 7211
f 4571 4957 504
f 4735 477 2234
f 367 3041 1097
f 1140 4505 696
f 3996 3508 5580
f 4620 267 3139
f 5178 3295 247
f 772 490 3920
f 6391 1357 5004
f 4503 5877 4217
f 5967 5968 5966
f 7783 7927 1095
f 2956 356 2845
f 4903 4898 4869
f 252 2561 3593
f 4053 4408 473
f 1993 974 4926
f 7691 2928 6756
f 1398 4406 382
f 2374 2132 114
f 1846 2710 3111
f 1361 4235 1919
f 1466 7759 5311
f 5276 4808 4353
f 7386 6855 2477
f 7572 2051 119
f 5809 3420 5395
f 7421 3561 3231
f 5369 5105 677
f 4469 2469 4772
f 5494 3556 4212
f 3778 4479 2721
f 583 943 1763
f 4368 543 2469
f 1000 5697 3684
f 529 4423 1900
f 7154 5973 5923
f 5584 5091 5493
f 5654 6904 5863
f 2770 3700 2847
f 4093 4462 1287
f 4121 2141 2320
f 5361 2567 4464
f 1108 1124 1014
f 980 2036 6954
f 4452 5758 5347
f 5540 1529 2280
f 908 5023 2678
f 3940 1918 830
f 4806 5806 4341
f 7069 5976 7381
f 5698 4126 3201
f 841 5522 2680
f 879 3377 866
f 4053 2999 4592
f 6796 6797 7146
f 2371 7604 2383
f 1355 2308 2993
f 3363 5255 5384
f 2689 3519 1194
f 4394 4616 1480
f 7857 1285 597
f 7443 7762 3844
f 4053 4592 4304
f 5063 4190 2420
f 5840 2471 1400
f 139 3822 5194
f 3949 2478 5276
f 446 6531 2016
f 7994 1122 2318
f 1168 452 74
f 4961 59 3596
f 2868 7929 2913
f 238 496 5459
f 2696 2688 355
f 4451 4125 5143
f 4736 1597 4732
f 1370 635 4786
f 966 3508 3634
f 4383 5666 5105
f 7868 7858 1617
f 896 4859 3835
f 5982 7603 1978
f 1920 2471 3064
f 2920 1546 2061
f 2081 1059 3539
f 4054 2523 3890
f 2299 1163 3039
f 3199 4252 5604
f 804 4092 803
f 2216 2657 1515
f 5386 3904 2687
f 2044 1899 4305
f 5241 5782 5614
f 4327 5981 4083
f 518 1217 3975
f 555 8 484
f 1120 4349 4329
f 3631 3508 966
f 1159 5948 6514
f 5391 5699 5352
f 2862 2654 3739
f 4871 7241 5040
f 107 5560 5176
f 5540 3317 3971
f 1237 2577 1899
f 7658 2733 5542
f 4673 5664 3878
f 336 2007 5023
f 574 2610 1279
f 6391 5988 1357
f 7625 2373 7465
f 3181 1400 2471
f 5674 5516 5596
f 2462 2775 1548
f 4276 4321 7563
f 184 3810 2703
f 3884 5741 1580
f 207 873 3242
f 5717 5703 3688
f 5520 4770 4722
f 3866 2898 7990
f 452 3155 74
f 226 2975 5085
f 7480 5164 2632
f 4455 3837 2972
f 1681 750 3366
f 4736 284 1597
f 7072 5990 4687
f 1545 556 4994
f 4879 1901 3843
f 890 2357 3458
f 3739 2449 6091
f 1537 3789 4929
f 347 7416 2987
f 3635 5237 3727
f 4275 3321 1940
f 7173 5887 5991
f 4910 4197 1376
f 5436 1945 2317
f 3345 7870 5077
f 5090 2636 350
f 2748 1634 4895
f 2982 2346 3049
f 4119 3194 3968
f 2763 5300 1304
f 499 1342 4380
f 3328 5187 479
f 6136 8008 5530
f 290 3800 2260
f 3996 3634 3508
f 7417 7144 7268
f 7495 6800 5837
f 4584 4919 1447
f 768 748 2778
f 3793 4513 7283
f 7560 4998 4652
f 4831 3431 18
f 3608 1854 3834
f 426 5767 7432
f 7063 777 4638
f 3379 6862 5680
f 7555 7414 3171
f 2164 5012 5358
f 1718 4581 2266
f 2013 1994 2967
f 3864 1749 5636
f 2610 549 2454
f 2083 204 5235
f 4953 3076 1236
f 1163 2299 5583
f 2131 668 3286
f 2407 2969 3237
f 2207 3866 2871
f 1233 1437 2622
f 4977 855 4680
f 1952 1908 2888
f 3289 5227 381
f 1334 455 12
f 2183 1290 1980
f 653 2817 4401
f 1007 3233 721
f 2093 169 6767
f 290 2954 3800
f 2147 2837 3919
f 1973 3195 5343
f 619 2468 1545
f 1187 4536 210
f 5771 4738 6920
f 5392 1887 2366
f 6411 80 4465
f 4910 1376 4778
f 2546 1016 1811
f 4367 3230 4372
f 4833 5531 4568
f 501 2897 3455
f 1293 248 1742
f 4675 3269 186
f 3455 800 5704
f 104 3163 1244
f 3384 5047 2151
f 5073 5390 3230
f 833 5139 1919
f 642 3168 5036
f 956 3982 4149
f 2067 4349 1441
f 4284 2150 4287
f 1812 4205 155
f 3783 1381 4299
f 1123 5850 5393
f 2403 1517 240
f 6033 6900 6007
f 1706 2404 3194
f 3950 7397 758
f 5513 4166 546
f 5485 4447 2817
f 503 1248 1927
f 580 2926 3614
f 978 5584 5493
f 3785 1693 73
f 3212 4179 3004
f 826 28 4111
f 2072 89 3680
f 1032 5999 5507
f 1700 4313 3417
f 1981 7926 3422
f 5809 3606 3420
f 3651 5832 961
f 524 3605 742
f 4656 639 5420
f 3054 4235 6891
f 2069 4922 4606
f 5667 1580 5726
f 5805 5880 1130
f 2215 2435 2437
f 4765 5128 2949
f 2300 4032 3945
f 2589 3814 388
f 5086 3999 4351
f 5650 7668 5797
f 2070 3553 5758
f 3585 7859 704
f 3582 5379 5307
f 1480 4114 4250
f 5328 1999 5342
f 4271 4646 3357
f 48 4000 2979
f 788 2165 5922
f 185 2639 2055
f 2047 495 2243
f 3608 4243 942
f 1818 7338 3534
f 2283 1442 941
f 1680 2021 2271
f 3931 4839 1753
f 4559 2648 2412
f 3780 7764 3518
f 2298 3759 802
f 1554 1560 1892
f 4693 2553 5693
f 335 2927 873
f 6415 3584 574
f 1300 3500 4506
f 4559 346 2648
f 115 2218 5675
f 1795 1500 1192
f 2566 2826 4301
f 4068 1332 4059
f 4235 411 916
f 5812 1145 5139
f 5062 3424 4018
f 5325 4479 3017
f 3873 3161 2929
f 4040 4044 3532
f 3064 1031 1888
f 5978 6017 662
f 6857 5081 7732
f 4594 4359 5443
f 3262 3987 1877
f 1888 1572 3064
f 4613 1639 882
f 727 5001 483
f 5510 5102 1831
f 2577 700 3567
f 5433 5500 5520
f 4375 4251 1651
f 4063 7475 2580
f 1326 4010 3333
f 3101 4188 5651
f 6416 5299 4043
f 886 2638 1667
f 1741 5485 621
f 1159 47 7948
f 149 7761 3398
f 4717 3379 5660
f 5158 1687 5875
f 5853 1824 1623
f 4830 5358 588
f 365 358 1510
f 2925 1691 3296
f 4433 657 1854
f 4684 5137 4466
f 8033 1651 163
f 4447 5004 4401
f 2364 4561 2195
f 2630 894 5695
f 1187 210 1888
f 2740 3138 4896
f 898 3261 2254
f 1181 367 693
f 2382 1604 4051
f 4962 1804 1366
f 5576 997 5299
f 517 5577 5838
f 544 1885 5867
f 248 1293 4750
f 6021 6022 6434
f 2049 4639 4430
f 138 2259 2579
f 5873 4884 4820
f 4931 3631 824
f 2005 3249 7805
f 3133 287 3028
f 56 5653 3923
f 1012 2427 348
f 4249 3841 663
f 2398 1049 881
f 827 1560 3173
f 4843 5724 1038
f 1835 509 1787
f 3861 3255 3777
f 2709 5646 4611
f 4124 2305 1178
f 2840 4328 1931
f 3819 5115 5263
f 5562 5515 5737
f 2275 2199 990
f 5674 7677 4829
f 4230 1837 1683
f 6878 6811 3147
f 5685 5317 1910
f 3026 201 2423
f 1573 4664 3902
f 7414 7399 4331
f 6025 1915 4900
f 4369 7634 2466
f 4147 3945 565
f 5696 3063 1760
f 3403 1022 3575
f 2700 4061 2555
f 2088 5738 5589
f 3106 3149 2964
f 4336 1088 5215
f 1762 6998 2976
f 687 7941 3467
f 4034 3588 2087
f 521 5504 2483
f 2592 3599 23
f 1412 742 3605
f 4057 2516 2545
f 7946 6593 5118
f 3624 268 1751
f 3892 3262 1880
f 5703 4897 3922
f 7879 3221 3850
f 5709 1897 5403
f 2759 1648 5777
f 2739 1392 4468
f 1656 5417 976
f 807 363 4819
f 3973 5155 5421
f 3251 3408 5193
f 5207 2552 1737
f 3786 332 5110
f 1150 4952 4844
f 4943 3928 1264
f 3569 157 2455
f 173 1028 245
f 1339 2269 863
f 3359 3970 3766
f 2937 4786 635
f 5367 5345 5800
f 3774 4840 1526
f 1006 250 1326
f 3878 6775 4673
f 6029 2091 1683
f 7091 924 5478
f 3829 1116 1677
f 3401 4720 3889
f 6031 6032 6030
f 5470 4321 1974
f 5914 4599 2655
f 1005 5547 882
f 4982 2597 5424
f 4799 97 3471
f 995 3577 1347
f 1093 4997 2531
f 3012 3645 5031
f 965 1813 4191
f 3368 3121 3028
f 382 5871 1398
f 7931 223 2160
f 2034 2796 3111
f 108 3699 3760
f 7497 1466 5311
f 3530 5318 1477
f 4376 2414 3390
f 1387 5481 2162
f 3645 411 3689
f 5725 1132 5243
f 3328 3202 3426
f 6035 2462 6420
f 2834 6036 6979
f 4192 1966 71
f 2224 5186 1735
f 3556 2552 4212
f 3438 467 3090
f 740 1029 4152
f 482 7860 3093
f 4514 786 2104
f 2829 38 1866
f 4264 1485 3226
f 6037 5185 6664
f 2769 2482 3785
f 5125 4297 43
f 1889 2457 1689
f 5057 7504 2098
f 3700 2161 3687
f 7767 4310 5663
f 5429 4033 236
f 2101 2670 5536
f 4086 1080 5241
f 3077 1883 5434
f 656 2279 7998
f 1092 5442 3092
f 5685 2037 3066
f 4070 4457 2388
f 4277 3596 3693
f 493 7010 5175
f 1317 5676 944
f 5688 4727 1597
f 2486 2787 579
f 2425 7423 1957
f 6813 3431 5161
f 3470 283 3080
f 2986 2566 3963
f 4991 7933 278
f 476 2342 2711
f 3896 7477 3500
f 5247 5379 1284
f 5536 2670 5686
f 3845 7565 4899
f 5757 7103 4492
f 1455 928 2735
f 2291 3720 4127
f 4576 5619 4255
f 462 2281 4971
f 668 1667 3913
f 1357 5579 1134
f 2802 2634 5058
f 1090 6043 4050
f 2763 1304 1663
f 3152 4926 3151
f 956 4038 4557
f 868 2987 2063
f 5079 5446 4225
f 3817 3902 4132
f 5341 7352 1991
f 7197 1800 514
f 4764 2597 3840
f 7935 7198 2484
f 334 5794 812
f 1251 2159 270
f 161 5608 1272
f 3990 4163 1549
f 584 3290 1560
f 3864 1081 1996
f 2029 2858 3448
f 5116 2324 4040
f 6046 6607 6115
f 5874 4039 7920
f 1079 2805 2140
f 878 1609 4807
f 5155 3973 3776
f 3262 3892 3987
f 4081 4851 2923
f 5175 2784 3701
f 1831 4641 5510
f 4335 2738 4319
f 2484 7198 1281
f 2064 3971 5115
f 3468 2561 3262
f 3630 582 4238
f 88 2192 4743
f 5166 6972 1587
f 2795 4955 2043
f 1411 1830 2645
f 2859 1886 3675
f 3917 1479 5339
f 4179 3212 4728
f 124 1216 4121
f 3430 803 326
f 3294 1192 1372
f 3203 4480 5626
f 3908 2208 948
f 2294 1987 312
f 866 5320 4472
f 3960 4073 2660
f 3070 5050 3410
f 1504 13 1661
f 6789 246 6818
f 7425 61 4333
f 7084 7635 3502
f 3566 897 5515
f 6051 6729 6582
f 3117 3644 3120
f 4461 4385 3592
f 1180 1805 605
f 5784 1804 1458
f 7050 6053 6052
f 1930 2062 193
f 3555 1238 3119
f 261 2129 932
f 4677 1426 1808
f 185 3069 3894
f 492 5663 4310
f 3636 3146 5633
f 174 3772 4534
f 5331 7313 1728
f 1999 5334 3271
f 3715 2065 1703
f 652 4307 2515
f 5641 1515 1690
f 3195 5334 5343
f 809 5224 445
f 1239 849 7863
f 1515 6820 2216
f 5535 1798 2078
f 2841 1710 4382
f 1668 4664 5094
f 5846 579 2787
f 4221 3892 4268
f 100 791 5505
f 5030 3575 316
f 2207 2871 3204
f 2406 4861 1198
f 4677 4215 1426
f 1808 6688 911
f 4764 3840 636
f 4953 703 1701
f 2889 3757 2584
f 5551 5514 5832
f 5754 3364 5809
f 2818 3036 3193
f 3228 3627 3617
f 1054 1745 3187
f 5368 4614 4255
f 3225 6062 5110
f 5153 6063 4167
f 5090 5419 2636
f 5478 3629 994
f 808 2498 5640
f 4906 3456 2839
f 6011 1118 4022
f 5395 1512 202
f 517 3710 3751
f 1448 3225 6503
f 5295 7200 2936
f 1755 1586 232
f 213 1399 957
f 4636 3513 1679
f 468 3659 1637
f 7862 2797 4316
f 3245 1390 5413
f 1596 3157 1951
f 3535 3576 3501
f 3581 698 3621
f 5030 5870 3575
f 4051 3555 3144
f 3740 2859 542
f 6144 6811 935
f 5004 5138 4995
f 7201 3918 114
f 7644 1517 7364
f 2869 703 1226
f 5292 3048 5193
f 2092 3820 2257
f 3685 317 3232
f 902 436 6077
f 2024 1719 4920
f 3375 531 1153
f 3477 958 386
f 3342 4978 5648
f 64 4707 3621
f 7851 4159 4858
f 5859 1184 5678
f 139 2110 3822
f 6307 7769 4071
f 1328 3453 486
f 4704 4444 4441
f 6557 7566 4241
f 5970 6070 6069
f 6826 1434 2941
f 2918 3031 2623
f 3139 5856 2962
f 7542 5196 2515
f 385 6071 4182
f 6417 5050 3956
f 3091 7247 4561
f 3022 5394 2811
f 3827 4285 3745
f 1165 946 1961
f 2000 4346 3002
f 3638 2648 346
f 2997 1670 4712
f 792 6073 4900
f 1715 714 2974
f 3637 3618 1568
f 6827 3 6940
f 4155 7674 4219
f 855 5309 5170
f 362 4289 2263
f 2139 5851 4916
f 4252 1598 4185
f 7062 3622 916
f 3746 5854 3279
f 3478 2563 5751
f 2389 5733 3676
f 5219 4740 1100
f 1732 7698 828
f 3702 194 5316
f 3309 7507 6821
f 2581 5297 5329
f 4237 435 1750
f 4745 3418 4194
f 1911 5190 1333
f 3574 7932 1638
f 4619 2222 4587
f 1853 2553 548
f 4440 2725 4092
f 7210 5499 3656
f 864 13 5103
f 4686 7934 4498
f 1684 6081 1222
f 3582 2964 3149
f 7719 1008 921
f 2349 5557 1612
f 733 5797 934
f 2547 2852 1509
f 2950 3261 2360
f 5793 954 3461
f 6819 3829 1677
f 4016 1469 4522
f 3974 2831 8018
f 4252 4674 5604
f 1018 3512 4099
f 473 3429 2465
f 2260 4772 1189
f 131 3118 5465
f 3096 4091 363
f 3906 812 5707
f 5434 3147 1295
f 5094 4736 1668
f 3888 1449 5045
f 4298 4496 4480
f 5715 5385 1893
f 2365 494 3382
f 2011 1201 1697
f 6001 7676 4327
f 5866 5060 4312
f 2558 3318 7761
f 137 2791 1193
f 3583 5730 2909
f 364 1428 1506
f 2033 2952 6799
f 2402 1242 3900
f 5465 1136 179
f 4930 1679 4648
f 5210 3930 1863
f 6529 4233 2527
f 1155 4062 5431
f 3362 393 5204
f 927 1124 151
f 3287 1338 1713
f 6831 28 176
f 1813 186 4647
f 4891 2342 476
f 5244 4025 4554
f 5200 117 5199
f 1075 4838 5396
f 5706 839 5736
f 6556 6092 6091
f 4930 601 4477
f 5067 4945 4071
f 2514 1049 2398
f 908 336 5023
f 1725 1385 3184
f 4073 3876 4108
f 1582 3346 4755
f 5732 7428 1117
f 1943 1559 3684
f 2910 6093 4896
f 3921 6094 5212
f 4507 1383 1068
f 4153 3293 5231
f 3830 6832 2370
f 5530 1552 6525
f 2229 640 572
f 1 2345 3661
f 2763 1663 5307
f 647 1524 2671
f 5588 7545 5526
f 2769 3867 1688
f 291 303 390
f 2505 2249 94
f 2536 2102 1827
f 3352 4573 5710
f 4387 2679 4184
f 5436 1682 5008
f 1869 6925 3323
f 4995 3495 4401
f 120 7206 5528
f 1789 7588 2313
f 4714 4632 2282
f 244 3090 467
f 1924 1190 4852
f 1312 4295 3058
f 4723 1895 1543
f 3671 6099 2646
f 3271 5342 1999
f 4835 1520 3398
f 3404 5737 1008
f 5735 6037 6664
f 4790 4763 2153
f 413 6933 2920
f 4573 7498 49
f 906 2245 140
f 3625 1334 3086
f 744 4460 3906
f 965 186 1813
f 4908 126 1167
f 655 4456 2421
f 5439 2274 134
f 1012 348 1273
f 7026 4818 4615
f 1952 2888 2721
f 3014 10 2618
f 5724 1732 828
f 961 4340 2123
f 1370 4115 1131
f 3529 7166 651
f 1136 3279 1904
f 4773 1506 819
f 5634 551 1032
f 3503 1110 2538
f 2979 4792 2121
f 1472 7362 3722
f 740 5416 1029
f 5833 3457 3268
f 4789 1237 1007
f 518 830 3790
f 31 1698 998
f 6869 554 1927
f 2708 2995 4555
f 3966 6015 3810
f 4622 2845 5565
f 859 872 578
f 5177 2293 1902
f 3864 1605 1081
f 6049 4927 4672
f 6105 6403 739
f 265 1986 5698
f 5577 6106 955
f 1817 1003 2269
f 1193 4260 137
f 4122 7348 2605
f 3942 372 4029
f 5433 3941 5810
f 5292 5021 3048
f 4742 2572 2854
f 300 7431 1806
f 7208 3806 1960
f 1863 3930 4389
f 2131 886 668
f 5087 5936 1127
f 3860 560 1135
f 2714 5496 3211
f 4866 930 4419
f 2163 6997 4679
f 881 1049 4592
f 2349 3200 2737
f 3124 476 3618
f 5199 5543 2755
f 2852 2916 2221
f 4901 1713 1338
f 819 1659 2463
f 2042 1543 5779
f 6108 1598 1442
f 4315 4970 5092
f 1088 4336 4699
f 3927 6109 5661
f 4630 5179 4645
f 5722 5744 3102
f 1671 2111 3236
f 638 2521 3369
f 3440 3559 3383
f 2417 5507 722
f 265 5327 1881
f 2221 2258 2852
f 711 816 1912
f 6842 6112 5898
f 1533 7665 2181
f 870 2454 2124
f 6932 2915 4412
f 4563 3664 1841
f 355 4667 4098
f 4062 1155 5359
f 4091 3568 3751
f 108 2861 4581
f 7209 4989 2109
f 5804 782 3091
f 2804 4922 3009
f 1482 3895 3643
f 147 2284 2195
f 6116 1724 6335
f 1935 3926 1336
f 6054 2844 4536
f 4163 3990 2684
f 331 45 3828
f 5653 56 1221
f 5116 7432 5767
f 1341 32 203
f 494 2365 2169
f 1167 7212 4908
f 5230 7433 4925
f 584 1560 1554
f 839 623 4298
f 2798 2829 1866
f 3742 2438 4422
f 2440 43 4966
f 4408 4053 4304
f 1702 7489 1963
f 3337 1446 2708
f 3243 4670 923
f 330 4011 154
f 3679 731 613
f 2985 128 1569
f 2721 5325 5856
f 3829 181 2378
f 4812 794 5440
f 1967 5060 3336
f 2739 641 3667
f 2658 2513 6990
f 1442 6121 6108
f 749 3590 8003
f 1390 3245 925
f 2091 6840 1172
f 3247 3098 2924
f 1380 3282 5481
f 5511 2971 1087
f 2208 2932 948
f 2531 3419 3350
f 3752 2044 2617
f 3555 3119 5404
f 5014 873 5423
f 2532 4808 3856
f 3157 1596 3214
f 3812 7026 480
f 1754 667 644
f 4470 2235 5108
f 7216 3427 2241
f 5537 2285 1331
f 437 1062 1256
f 6125 4587 3831
f 2787 5147 5846
f 4762 6126 5461
f 2580 667 4063
f 6843 6844 4782
f 2781 2243 1969
f 3500 814 4506
f 1736 1418 560
f 3544 1242 5111
f 2290 5264 112
f 4104 995 2457
f 1232 5539 5655
f 2305 4583 1178
f 1945 682 1320
f 2539 4721 5371
f 3970 5527 4379
f 2274 5104 3969
f 4719 4056 529
f 452 1805 5802
f 2747 4051 3144
f 3570 3428 1774
f 2907 1206 3266
f 3587 4526 4344
f 5354 2172 1388
f 3904 5761 3329
f 4300 4819 170
f 3243 1873 2396
f 3066 3075 1522
f 6130 6201 4881
f 412 2857 5387
f 190 2788 180
f 1566 1177 2607
f 4741 889 512
f 724 4467 877
f 2087 5150 4034
f 5607 3898 5265
f 3822 1055 2213
f 1311 1447 4919
f 792 3915 3357
f 3277 3859 5379
f 6018 6209 6711
f 4859 5652 1771
f 4585 7192 4263
f 7788 937 7286
f 3364 5754 3241
f 3304 1715 3699
f 2827 4386 3592
f 6132 6340 6255
f 7678 166 4713
f 6133 5914 3762
f 1384 3068 595
f 2434 5853 3992
f 2988 448 1674
f 3816 4661 2972
f 796 7818 2917
f 3356 7630 520
f 2490 5608 4567
f 2328 7592 7770
f 2617 657 2187
f 5370 4143 3480
f 4025 3852 7851
f 836 6757 6790
f 6136 6179 6203
f 2425 1957 4909
f 5088 6738 1942
f 2706 4841 5222
f 2238 1314 1435
f 154 1852 1011
f 907 5314 3153
f 978 5475 4603
f 4145 7182 2966
f 4545 7771 4484
f 1508 1655 5041
f 3624 1694 3530
f 1308 3476 4507
f 2707 3472 1340
f 6848 5441 3011
f 1622 5038 375
f 3320 306 314
f 1739 1212 4172
f 4273 1292 1938
f 5145 1367 5105
f 2203 1043 2220
f 3653 6849 1029
f 3694 5263 3482
f 2044 3834 1854
f 4130 1981 3422
f 4385 6847 337
f 1279 4855 574
f 3613 4941 1346
f 2595 2612 958
f 1703 3788 3715
f 1315 5722 3102
f 1304 3954 1663
f 4875 3430 3229
f 295 3210 4964
f 6 2004 720
f 5273 2829 2798
f 909 384 4314
f 972 1983 3547
f 5692 4770 4934
f 2275 990 1993
f 1113 3086 5056
f 5752 219 1457
f 2092 7880 3820
f 140 2245 1539
f 90 3360 471
f 2188 1283 1285
f 3913 302 668
f 434 769 854
f 4099 2450 1018
f 3804 5044 2723
f 2722 4412 955
f 4477 536 3158
f 1567 1212 1739
f 5361 2897 2028
f 2071 7435 731
f 7878 3786 5192
f 5044 3804 1770
f 7698 4011 828
f 2432 1792 1196
f 899 1295 1766
f 4751 1084 5719
f 5158 5120 5129
f 1790 2341 3370
f 6103 6140 6139
f 6141 2717 3770
f 331 1898 2050
f 791 100 4672
f 2367 4117 2295
f 4490 5107 2070
f 4417 1628 1470
f 456 1762 1569
f 346 4559 1427
f 2996 361 357
f 1466 2843 3038
f 3185 410 3087
f 7481 1208 3693
f 7753 7863 849
f 4686 4938 4796
f 3321 6142 746
f 1812 2270 2689
f 2205 5473 3042
f 6143 6144 7116
f 792 1915 2280
f 2141 4762 78
f 7570 4942 2850
f 2867 1570 2716
f 1069 1212 975
f 3913 3834 302
f 107 4708 7715
f 1096 3824 2114
f 2011 2753 1201
f 5176 5784 3770
f 2066 1778 5631
f 2593 5270 590
f 2498 3362 5640
f 1261 4423 2321
f 4563 1150 3664
f 7933 1298 278
f 1980 1699 4702
f 507 3003 5855
f 5137 4356 3446
f 95 685 3733
f 6795 7096 6843
f 2597 1595 2922
f 6854 4905 1482
f 6766 971 5377
f 4326 5718 5790
f 1221 7772 5653
f 193 7437 5522
f 672 1094 4697
f 5761 5456 3329
f 3921 6147 6094
f 3919 1009 4908
f 5643 483 1586
f 1468 6086 747
f 3719 7336 3936
f 58 170 4605
f 2225 2735 928
f 1987 5525 312
f 7996 1319 2875
f 409 3548 3557
f 6835 7571 7757
f 1992 7004 2679
f 970 4446 2110
f 4999 1473 352
f 1863 1297 5816
f 2854 4131 2262
f 3521 577 5083
f 400 2683 1022
f 234 562 2196
f 3292 3660 3982
f 7572 5010 3274
f 6331 2723 5044
f 5369 677 5363
f 300 4184 2679
f 4947 4572 4348
f 5015 5537 2012
f 3696 541 386
f 18 4133 1970
f 5864 1132 1571
f 682 5273 4962
f 603 1551 1100
f 890 5026 4601
f 4121 7446 124
f 856 5114 2900
f 341 6276 5551
f 3500 1403 814
f 4490 2070 4452
f 3836 4449 4730
f 3680 6858 2072
f 421 2004 2793
f 1524 4205 4238
f 3094 2686 5787
f 4533 7439 612
f 2581 5171 160
f 2142 3833 1272
f 4298 3203 839
f 5413 4036 3245
f 1977 7935 4314
f 6087 6156 6072
f 3451 4108 3876
f 183 818 3397
f 4245 85 1579
f 6969 282 36
f 5256 4856 5219
f 1537 164 4774
f 542 3670 4688
f 2374 114 5760
f 5500 2503 4500
f 3017 4020 4083
f 5483 4399 5351
f 1272 5598 2142
f 2324 5116 5767
f 5294 3753 1887
f 2104 282 4514
f 505 910 2242
f 1777 4436 4635
f 5803 2982 5824
f 802 660 2298
f 3124 3618 3162
f 4822 3248 2413
f 2755 5581 4635
f 5162 3839 1658
f 742 1412 4045
f 1539 4885 441
f 853 4660 5189
f 1342 7999 4380
f 4798 7408 4295
f 2169 5029 3807
f 2613 5060 3333
f 7996 539 6055
f 4772 396 1189
f 5573 3112 4833
f 1804 5784 5723
f 3746 5862 5854
f 4325 5037 4964
f 4815 76 3620
f 1803 1788 4174
f 7222 7573 4229
f 7574 4996 236
f 3956 4201 4625
f 2359 2190 3088
f 1836 1130 5880
f 686 4277 3693
f 4209 1910 2289
f 1240 5704 3595
f 5489 4880 4865
f 5547 1005 3458
f 879 3272 1311
f 311 3185 307
f 3317 4023 3971
f 4147 558 4746
f 1177 690 2607
f 1232 4781 5539
f 1055 4106 672
f 5402 6812 4607
f 2398 4309 4351
f 895 4848 4502
f 5559 5099 3981
f 1686 653 378
f 4341 4337 6416
f 982 3509 1769
f 2276 2556 3545
f 6903 4046 2742
f 2950 542 5495
f 3334 6895 3486
f 2729 4249 5324
f 4523 2894 4299
f 1792 2432 3955
f 449 2489 399
f 4890 2898 5740
f 5849 722 3039
f 1524 155 4205
f 4032 6167 5603
f 2627 5386 14
f 7436 1727 4010
f 2122 1093 2531
f 2893 784 1518
f 1849 484 1829
f 7853 7927 2315
f 6562 1462 4227
f 4198 3031 2918
f 1526 1072 3774
f 5088 1942 2497
f 2158 5617 1786
f 5046 6499 5958
f 5725 3531 4105
f 5866 4454 1925
f 5415 3592 1060
f 3362 735 5640
f 4435 4524 2759
f 4272 540 4568
f 3319 3324 4805
f 1610 2769 3785
f 3642 3538 5151
f 1004 223 435
f 1027 6762 733
f 5503 1833 4150
f 4564 717 3924
f 5417 323 989
f 4513 7441 4584
f 793 7526 7771
f 5711 4924 7457
f 8040 6171 5668
f 1565 3163 553
f 1734 5451 2340
f 3695 1654 1866
f 6172 5894 6725
f 2790 5217 2002
f 3920 1166 1255
f 5724 828 2998
f 981 4405 201
f 761 3491 5380
f 4878 4854 1809
f 7898 299 3972
f 1440 1760 3063
f 7998 3665 656
f 5187 5220 4097
f 2507 2500 3229
f 2306 1355 3028
f 586 2951 4621
f 704 1525 3585
f 532 5578 121
f 719 3663 5738
f 941 977 3199
f 5704 1421 3455
f 2446 970 2828
f 4775 1274 457
f 272 1528 1035
f 4651 4902 2604
f 6173 1259 6649
f 2838 2690 3967
f 6905 754 671
f 4349 1120 3435
f 1160 1368 4522
f 5356 4793 5807
f 1894 5086 4887
f 1629 7194 3707
f 5256 5281 4662
f 3174 2347 3144
f 2681 3407 7451
f 250 1006 5455
f 5431 4062 793
f 764 4012 2227
f 3906 7999 963
f 1542 2726 1176
f 2005 1995 3249
f 4591 3801 3607
f 675 1865 2194
f 6176 6177 6295
f 6901 1152 2421
f 1142 217 5116
f 7825 319 3941
f 3721 5255 4003
f 1705 6754 4738
f 4154 585 2428
f 3081 7145 831
f 1673 1291 1691
f 2534 5057 3073
f 5664 833 3878
f 5048 5376 1278
f 4795 5117 2096
f 746 6179 1940
f 1075 5735 6664
f 5950 6180 654
f 2767 4206 1976
f 4156 6181 2006
f 1161 1178 4583
f 2505 147 2249
f 4831 339 2239
f 5625 4312 5804
f 1565 1244 3163
f 4971 3959 462
f 5519 5189 4660
f 3811 2000 2537
f 5760 975 1567
f 781 6042 4733
f 5603 3155 4441
f 57 2506 2645
f 6151 6184 6576
f 1200 5286 2843
f 977 1442 1598
f 1346 3516 3613
f 1301 4909 1957
f 1970 4133 3044
f 5239 5056 3086
f 512 663 2801
f 2552 221 4212
f 5593 3209 4247
f 1625 1764 5293
f 5663 492 465
f 2571 5009 466
f 4511 3939 730
f 4054 5067 5542
f 3489 5590 3123
f 706 296 1299
f 63 790 213
f 1177 5103 2550
f 2258 1509 2852
f 3740 5753 1886
f 1260 3695 1866
f 5174 3741 1386
f 2836 4497 4834
f 3755 4793 1934
f 4242 7633 3792
f 7431 4683 4711
f 3949 4353 4683
f 3909 4579 7698
f 4193 3721 5098
f 641 3365 4395
f 7636 1420 2238
f 6187 6748 6278
f 4892 6869 5825
f 2437 2418 2215
f 481 6959 5631
f 6189 6190 6188
f 138 7227 252
f 535 390 738
f 3566 5515 3577
f 2399 3265 422
f 7958 3354 4089
f 7679 658 4391
f 247 6242 5178
f 6777 3441 5152
f 5497 5272 5834
f 3459 1120 3434
f 5292 3408 4868
f 94 3332 2505
f 5906 5905 5937
f 5482 1757 1711
f 5655 261 4691
f 4875 5059 804
f 1396 986 5360
f 649 1726 292
f 7985 2392 1572
f 6549 4652 3545
f 6194 6394 6344
f 6181 4025 1119
f 5685 1910 2037
f 2049 4755 4639
f 1826 1802 3662
f 273 690 4373
f 436 6287 6077
f 4313 1700 2135
f 5446 2158 1301
f 1068 1308 4507
f 3873 3515 3065
f 4609 67 395
f 3204 620 607
f 4573 3352 3444
f 5084 1017 1368
f 3781 3489 1932
f 4690 1433 376
f 24 382 4406
f 5558 7230 3766
f 799 566 4057
f 1 639 143
f 6154 6196 5009
f 4588 1630 489
f 5038 1622 3881
f 6400 7098 4933
f 5269 3957 2664
f 1022 6197 316
f 2368 3027 1188
f 5003 7521 4925
f 4030 1151 5729
f 536 601 4101
f 70 5291 5261
f 2679 4387 1591
f 3891 3400 7855
f 7822 6553 5955
f 3954 5304 1663
f 2762 5844 4183
f 1122 694 5811
f 2306 3028 1850
f 5822 6770 5056
f 2002 5964 1195
f 5089 7991 4474
f 5744 3289 3562
f 5057 2534 1847
f 640 2301 769
f 1387 2057 1380
f 4832 5720 2363
f 5553 2137 1721
f 4324 4089 5496
f 3432 4005 1294
f 458 1001 4164
f 2336 1056 4192
f 2718 4650 3918
f 1188 6931 3473
f 2705 7442 3929
f 1784 6824 1693
f 3325 1568 1076
f 1135 1418 3600
f 2161 3700 1775
f 2227 5267 764
f 4669 437 1588
f 3884 4382 5741
f 1098 3004 2231
f 320 7132 1445
f 2379 648 824
f 5575 867 2419
f 2249 3091 782
f 5834 1626 5750
f 4745 4194 4067
f 1513 1099 4655
f 4096 2052 4172
f 11 1931 3226
f 706 6872 4414
f 892 3861 3777
f 1336 1856 1935
f 504 6202 3787
f 5775 6874 3533
f 6203 8008 6136
f 477 128 2114
f 4238 4223 3630
f 2416 5624 810
f 137 1932 3489
f 5562 5389 1084
f 1899 2044 3752
f 4754 4149 6094
f 2691 4716 4867
f 981 4557 4786
f 7664 6067 133
f 5197 6981 6990
f 5220 2601 5599
f 4999 2587 1473
f 2139 32 5851
f 125 3689 310
f 6876 1670 4216
f 1649 167 786
f 1651 2957 4375
f 2920 2061 413
f 897 921 5515
f 2992 3311 180
f 1505 6851 298
f 356 5565 2845
f 3748 3058 4295
f 70 671 754
f 3682 41 1493
f 353 3934 1601
f 846 1713 4983
f 5309 6209 2737
f 6873 6878 1883
f 2289 4531 4209
f 4567 130 2490
f 2463 651 7801
f 5083 3712 3521
f 3717 5577 4280
f 4919 2067 1441
f 3236 3276 3053
f 2934 2814 3695
f 579 2212 2486
f 5895 1868 4920
f 4966 3208 5298
f 3520 5621 4586
f 1850 287 3293
f 6955 6167 2300
f 5226 5276 2478
f 6879 5831 75
f 128 477 1569
f 4598 136 649
f 1543 6211 5779
f 4549 804 5059
f 2126 2297 3504
f 1056 2336 4116
f 7586 7864 498
f 3139 177 4620
f 4911 6880 2460
f 5255 3721 4193
f 920 181 1310
f 4739 4603 5475
f 2167 4987 729
f 1225 1998 5426
f 1222 552 1684
f 1694 3899 4914
f 802 438 436
f 4971 5806 3959
f 2124 7248 870
f 1429 933 4039
f 2002 1195 1229
f 1353 6792 1376
f 1491 5872 7403
f 7726 7865 4541
f 7168 3639 8
f 1130 7496 563
f 2592 2777 915
f 2923 3415 87
f 7731 2850 2084
f 490 1166 3920
f 4361 6068 4360
f 4240 7548 4665
f 1696 991 2437
f 1347 1084 4751
f 864 5103 1796
f 6454 3895 4317
f 5026 216 5007
f 4856 1726 2467
f 4614 5368 1358
f 3399 3410 6417
f 366 3609 2296
f 4613 3117 1489
f 2766 5408 1602
f 4844 1823 1150
f 4303 4973 5786
f 2280 4140 792
f 1715 2974 3035
f 4801 3093 3948
f 5889 6221 6356
f 5085 1463 1435
f 3021 892 3777
f 7851 4554 4025
f 4362 2130 4886
f 1340 3472 1227
f 5756 3166 3245
f 2250 406 5751
f 3734 5348 702
f 2026 209 1657
f 7598 1465 2413
f 3879 4075 5570
f 4992 96 3944
f 244 2223 1082
f 7813 2538 3997
f 6080 6223 6224
f 387 3146 317
f 349 3267 4438
f 2069 1255 4922
f 2771 424 2001
f 5695 894 1882
f 973 5174 1386
f 4036 5400 5529
f 5683 605 589
f 3024 2220 1043
f 714 1718 2783
f 708 6 3685
f 6226 7922 7025
f 2016 5777 446
f 2012 3497 415
f 3869 7571 3520
f 4081 2905 169
f 4878 4885 2621
f 2847 7979 4190
f 5353 5819 7169
f 3957 1419 259
f 475 2999 4053
f 504 4957 2694
f 1060 3592 4385
f 5052 3418 1581
f 4313 2135 417
f 1020 1833 508
f 6073 7110 4900
f 2392 7419 2443
f 108 3304 3699
f 4125 3783 5143
f 5379 3582 1284
f 100 5505 757
f 1172 156 2091
f 1437 1642 2622
f 1395 5008 1682
f 5350 1474 3071
f 2511 3237 4437
f 2164 1877 5012
f 1680 3035 2021
f 4662 4274 4866
f 5076 3106 2248
f 4787 3666 4265
f 6877 770 4004
f 2988 3376 4069
f 5188 1457 779
f 227 4237 1958
f 1076 605 5683
f 3445 3579 642
f 2320 7580 4121
f 4057 424 799
f 915 3596 4277
f 882 5547 4613
f 4721 7581 5371
f 810 4278 2416
f 3414 3418 1343
f 3501 3643 3535
f 2939 6897 3792
f 4043 5299 3901
f 3881 1643 7007
f 6232 4702 2835
f 5143 3783 4282
f 2666 4400 878
f 3983 1139 5279
f 5584 978 2416
f 5814 5044 1770
f 3644 6888 757
f 6235 5939 6426
f 4087 2595 5788
f 1877 2164 3468
f 3826 2683 3709
f 3147 2331 1766
f 556 1545 2468
f 4819 4300 3621
f 628 4340 2122
f 2069 3043 1255
f 3387 1858 5622
f 6 720 5557
f 3290 2906 3173
f 4315 6009 1697
f 1377 3904 2627
f 5174 3349 534
f 1627 4460 4280
f 7235 7236 3835
f 288 2464 872
f 7447 2653 4830
f 5208 7631 2223
f 79 3962 1577
f 6240 7775 6239
f 726 3750 190
f 158 885 2860
f 4713 166 429
f 2117 383 1481
f 3153 5319 4785
f 3015 737 1767
f 3143 457 1274
f 5843 3933 3791
f 5545 492 4310
f 6993 1313 4643
f 5246 5746 4114
f 4239 2261 4842
f 5082 5234 4103
f 2188 2182 264
f 1773 7265 1620
f 590 741 2593
f 1150 212 3664
f 2818 5024 3731
f 3066 4718 1303
f 2389 5313 3750
f 1925 5265 4173
f 2135 4361 4360
f 4733 1668 4736
f 7989 5513 2121
f 2471 1920 2443
f 4988 304 5801
f 1823 6243 4061
f 2185 1727 1397
f 262 3683 2367
f 1102 4927 2010
f 3926 3307 5871
f 6244 2914 5200
f 984 760 1251
f 7135 7237 6027
f 5694 3110 3915
f 4110 4876 1914
f 5050 6417 3410
f 1399 7196 957
f 5354 1388 1845
f 5465 214 131
f 2976 2775 2985
f 5316 1675 624
f 2879 2945 2181
f 5013 4798 3546
f 4886 2130 3505
f 5226 1632 5276
f 6892 1768 3253
f 7294 3246 7975
f 3293 287 736
f 3896 3500 1300
f 677 5105 5666
f 5041 4790 1508
f 5269 3802 3957
f 4153 1850 3293
f 2227 5192 5808
f 4456 655 795
f 5532 1508 3517
f 6884 6247 2804
f 4412 5838 955
f 5058 3461 2802
f 1623 2205 5468
f 6124 2699 3763
f 3542 631 4701
f 7449 7433 4364
f 6779 5773 7039
f 334 1627 50
f 7314 3207 780
f 6111 4744 5984
f 2691 4544 3154
f 63 213 1669
f 1524 4238 582
f 6248 1449 3888
f 1317 1153 531
f 115 1412 3605
f 2053 53 1317
f 6293 4378 3849
f 2825 814 962
f 1604 4400 1238
f 4739 3573 4532
f 3791 2028 5843
f 2689 2270 5233
f 3265 3745 422
f 1898 331 3789
f 778 5041 1655
f 1868 1586 1755
f 2677 3849 1923
f 3867 4438 3267
f 5387 2895 426
f 83 643 5025
f 6249 3087 410
f 2716 4134 2068
f 4533 4258 748
f 1614 3947 3885
f 5620 5815 4494
f 5659 1545 4994
f 673 227 816
f 639 3408 5420
f 2104 6855 282
f 1350 7197 514
f 1621 5502 5454
f 167 3145 809
f 1277 3472 3799
f 5728 1075 2562
f 5879 3062 4138
f 697 158 2750
f 3698 2337 2366
f 14 449 826
f 4551 5329 3586
f 4853 4512 1631
f 7452 7914 4276
f 4938 3413 2523
f 779 4127 776
f 3564 5228 867
f 3554 1971 1660
f 2204 2178 1106
f 7996 6055 4411
f 3002 5531 3112
f 611 7731 2084
f 1892 4580 4667
f 1760 1768 1461
f 6149 352 4631
f 803 4092 2725
f 3619 1048 3551
f 3884 5759 4382
f 5008 1395 2166
f 5176 3770 2717
f 1096 2114 3322
f 6254 6381 6134
f 404 4944 1599
f 848 4366 6885
f 2427 3688 275
f 5293 1764 458
f 975 2273 1069
f 2786 4602 5147
f 613 731 50
f 5835 353 1601
f 1743 6697 6256
f 1838 7238 2093
f 1120 4329 5037
f 7665 5691 1105
f 302 4305 3286
f 3048 5442 2912
f 5824 3891 2754
f 230 5633 3146
f 2973 3923 4129
f 4252 3199 977
f 3673 943 2879
f 5070 1534 3315
f 2092 2257 1708
f 3568 4091 613
f 2309 1544 543
f 3917 3177 1950
f 2663 6829 4222
f 11 777 359
f 981 3815 4405
f 4623 4169 2524
f 7758 1790 1840
f 5349 7178 1605
f 5251 4916 5851
f 1010 5160 3544
f 1293 5997 4750
f 5827 1649 2330
f 631 3542 325
f 4997 1133 5076
f 3773 1276 4416
f 3454 3497 4176
f 5848 7569 2338
f 6261 3776 3973
f 5992 6263 6183
f 2329 855 5170
f 2021 258 3651
f 7392 7494 7469
f 3986 5746 5249
f 2392 2443 1920
f 1692 3254 73
f 5352 5699 5542
f 4458 7239 2085
f 2205 2533 5473
f 1717 5590 2082
f 4639 6971 5462
f 1639 1645 1385
f 1903 1936 1371
f 6898 7653 712
f 5076 1133 5330
f 4362 626 2130
f 1421 835 2211
f 3603 896 4981
f 3242 2927 5333
f 3127 5721 3391
f 1010 2264 3981
f 6265 6266 7907
f 2437 2435 1696
f 1358 5111 1242
f 7964 3579 5616
f 168 564 2590
f 167 1649 3145
f 3505 5602 4880
f 4248 4777 5042
f 5330 1133 5800
f 2153 3517 1508
f 3587 7756 4526
f 4575 5292 4868
f 4813 1951 3157
f 5838 2915 3710
f 3069 198 271
f 878 4807 4725
f 4654 2240 2286
f 4783 1286 4444
f 5450 4645 5571
f 2912 3466 7462
f 5150 2087 7169
f 2355 2736 92
f 464 940 4977
f 6269 6270 6260
f 5338 7727 5278
f 1267 4593 15
f 2925 3296 4248
f 5741 4382 1710
f 3544 5160 3900
f 2178 4158 7058
f 5647 1735 3780
f 203 3265 1341
f 1084 1347 3577
f 5855 3450 507
f 992 5297 1695
f 5583 2039 1163
f 7454 7476 4904
f 886 3988 2638
f 2680 3653 841
f 526 6273 2085
f 6905 2509 2789
f 3111 2710 4820
f 3964 5013 3846
f 3701 3880 4151
f 3055 3527 3748
f 646 2719 420
f 4299 7955 4523
f 4234 7304 2407
f 195 2409 765
f 2841 4382 5759
f 2797 7063 206
f 5368 4255 5619
f 4415 5108 3623
f 3550 4085 3078
f 3527 3055 4176
f 452 5802 3155
f 2776 7669 4791
f 3295 2307 247
f 2911 6788 243
f 4961 3596 2777
f 1598 4991 4185
f 1357 1134 5138
f 332 799 3225
f 2316 6875 5458
f 4529 3402 2184
f 2306 3861 892
f 3381 2248 3106
f 2856 3389 3307
f 4749 466 290
f 4823 1216 124
f 5678 1184 3808
f 5246 1480 4446
f 726 3311 3280
f 2090 661 1592
f 4729 6635 1644
f 3504 2297 4259
f 5301 1061 535
f 1616 1408 5167
f 5317 2504 2931
f 3125 3132 4527
f 359 2840 1931
f 1130 563 2261
f 5438 3628 554
f 5880 6278 1836
f 457 2023 4775
f 7280 7240 1835
f 1900 1261 7337
f 573 3263 3674
f 3661 5243 1132
f 961 2123 2271
f 4531 672 4106
f 2634 1143 1280
f 5303 3760 4889
f 2830 936 938
f 4221 4268 899
f 2954 290 466
f 1959 6055 539
f 5100 6051 6582
f 1847 103 4
f 4967 4835 3754
f 1243 689 29
f 1233 2622 1756
f 1688 3867 2983
f 392 535 1027
f 2444 235 4016
f 1036 5582 5188
f 5353 2087 3446
f 4390 4124 1178
f 4721 4392 7581
f 3472 2707 3886
f 4968 4105 1473
f 2180 4540 2312
f 278 1530 553
f 4558 3179 1686
f 4137 4796 2523
f 2460 919 2011
f 2061 1176 413
f 3432 6244 5200
f 4547 4028 2718
f 5003 4925 3143
f 2982 3049 2100
f 4966 5298 2440
f 2902 6282 2217
f 7370 6087 6072
f 2494 5924 3053
f 2073 3730 5484
f 3376 1674 4781
f 3628 5438 3578
f 4594 2136 4359
f 55 4594 5673
f 6892 3246 2495
f 5084 934 1017
f 4472 3334 5130
f 1380 5481 1387
f 5661 6109 6284
f 1623 1824 2533
f 4092 804 5281
f 6591 4317 875
f 5359 431 4062
f 1871 221 3865
f 3177 5339 7119
f 690 273 2149
f 148 4058 7579
f 545 3453 2841
f 2402 4450 1242
f 4224 6205 6285
f 3084 2508 922
f 3546 862 3619
f 5211 1555 3068
f 3953 5606 443
f 3188 1534 5070
f 339 84 7790
f 5711 7457 7418
f 2984 349 4438
f 1397 7436 250
f 4974 5223 2903
f 6264 749 4196
f 1590 3192 1191
f 5070 1859 4462
f 287 1850 3028
f 3248 5606 1777
f 3009 5302 2804
f 3815 981 4786
f 2671 582 1168
f 3914 5159 5146
f 5869 5470 1974
f 1862 2016 6289
f 460 4379 5841
f 5853 2434 713
f 2603 5585 4711
f 395 67 1203
f 264 2182 2015
f 5719 7737 758
f 483 5643 6313
f 1138 437 4669
f 3296 1691 3312
f 5594 7776 5382
f 747 5410 4396
f 725 5505 791
f 5826 6838 2691
f 5652 4859 358
f 677 684 5687
f 4452 5347 197
f 3534 4067 4194
f 3940 3932 3887
f 703 90 1701
f 704 4744 1525
f 1985 3617 5846
f 5304 5303 3381
f 7770 263 3285
f 6927 5701 3342
f 28 5156 4111
f 767 6 708
f 4944 404 4975
f 1181 4709 2103
f 3535 2041 3576
f 2207 903 3813
f 807 698 3460
f 2252 3075 4018
f 2395 659 4599
f 4370 734 1857
f 5760 506 2374
f 6225 6294 7591
f 2838 3570 1774
f 891 1565 553
f 1648 2759 2214
f 4915 2650 4324
f 6834 4977 4680
f 2325 166 3515
f 178 7218 5038
f 218 2397 5517
f 3012 1955 1095
f 2214 2759 93
f 5600 3809 4244
f 3231 3561 3974
f 407 414 3599
f 66 7777 79
f 4654 4550 2240
f 3548 4604 3557
f 2971 1599 4944
f 4871 3919 2837
f 4406 1398 2109
f 4412 2915 5838
f 3358 4225 5446
f 2285 5537 3338
f 6850 3117 4484
f 886 2131 3126
f 5625 3091 4561
f 6911 6912 3703
f 4555 5083 577
f 111 2445 1645
f 1115 7461 5364
f 2341 3044 1365
f 6913 1299 551
f 6965 6914 344
f 1660 584 1327
f 6385 7641 6298
f 5601 4024 3668
f 4359 2136 4787
f 8016 257 4429
f 1919 916 3878
f 7462 204 3483
f 2095 856 2900
f 3542 3082 798
f 3774 1072 3816
f 3446 3588 5137
f 378 653 3495
f 270 1807 984
f 1132 5864 4575
f 7175 790 2473
f 6915 3050 1335
f 1810 465 4047
f 4304 1049 2738
f 7093 8004 2674
f 3144 2347 2747
f 2910 3781 6639
f 3594 2362 3122
f 5350 3071 1937
f 5001 232 1586
f 3494 1571 1132
f 368 3208 4966
f 3839 1788 1803
f 2549 2321 5447
f 399 826 449
f 3251 5420 3408
f 3732 3724 4228
f 4066 7186 4679
f 1060 736 5415
f 4261 4600 5438
f 2126 3504 4691
f 7179 4698 3675
f 4683 4353 2603
f 5073 3018 1432
f 509 7027 1787
f 1318 7781 1207
f 1858 3387 2909
f 1455 2735 4749
f 3540 1187 4141
f 215 1510 358
f 1641 4037 3474
f 7756 5274 4718
f 5370 3994 4143
f 3856 5087 2532
f 1841 2512 6512
f 5285 2699 5671
f 1483 3725 481
f 2727 523 3032
f 1400 3244 5840
f 5337 1274 4775
f 4609 4198 67
f 3219 4852 5776
f 1096 4463 3824
f 2153 4384 4279
f 161 4567 5608
f 626 4187 2130
f 3466 5442 1092
f 6928 5568 5518
f 1769 633 982
f 3443 3657 5852
f 5650 5797 4976
f 1028 3465 4371
f 5429 236 4996
f 7928 6755 266
f 5744 3562 3102
f 5699 5391 5786
f 127 86 4832
f 5606 3248 5858
f 2530 1037 1901
f 4383 5105 1367
f 5424 2922 1991
f 200 7797 1962
f 4309 1992 4887
f 6793 6917 2062
f 3690 2997 5789
f 2255 5777 1648
f 5234 7119 3658
f 2657 1405 5793
f 4072 79 7777
f 6857 6304 2031
f 3934 5384 1601
f 2774 1585 3060
f 2988 4069 2989
f 1184 239 106
f 1313 5022 884
f 862 3546 4798
f 2704 788 2701
f 5486 4504 4042
f 3036 1673 2925
f 619 1142 2468
f 4473 4542 4727
f 6659 2887 3496
f 576 1439 3392
f 6306 6019 6583
f 4990 2676 3977
f 4067 3238 5381
f 103 1847 2534
f 2310 1855 615
f 5934 7047 4821
f 2037 4526 4718
f 1662 3824 4463
f 975 5760 3918
f 3609 388 3814
f 4832 2363 127
f 30 2232 1103
f 4483 4021 4049
f 5835 508 353
f 1911 5215 3755
f 2469 4469 4368
f 3021 3777 4290
f 790 2608 213
f 3266 1530 2048
f 2719 646 4326
f 4528 1346 4941
f 609 818 932
f 4871 5040 3691
f 2912 5193 3048
f 2700 2555 4386
f 2129 1500 1795
f 5269 132 3802
f 2015 2182 5173
f 536 4477 601
f 750 1021 2697
f 7591 4352 3023
f 5231 1060 4385
f 891 3266 1206
f 6865 3376 4781
f 5410 6086 3459
f 6941 3386 1199
f 2145 1914 4876
f 2981 5452 3850
f 4029 372 2291
f 2496 3201 4126
f 4162 3912 1346
f 5405 3195 2009
f 4424 391 1459
f 628 2123 4340
f 223 1750 435
f 2231 486 1098
f 4117 1889 1689
f 4277 686 911
f 262 510 2380
f 5020 154 4579
f 5767 426 2895
f 877 610 4576
f 5485 2817 608
f 7939 1736 6413
f 4509 3426 5641
f 6314 7530 6596
f 2702 1964 3449
f 106 4644 3808
f 2576 1395 1464
f 527 3285 4999
f 693 3733 4709
f 2734 3183 5172
f 3611 159 412
f 4023 3317 8002
f 1745 3260 189
f 2580 2599 667
f 5626 1087 1924
f 371 540 1316
f 3407 2681 3444
f 2325 3515 2929
f 1450 1922 1452
f 4353 3949 5276
f 304 6280 5825
f 99 5836 1073
f 692 7151 5488
f 7031 4667 4580
f 3623 5108 1631
f 2253 88 2170
f 3001 981 201
f 2360 2654 2950
f 3733 693 357
f 4655 4606 1513
f 6138 7089 6153
f 7221 7017 5718
f 5703 286 4897
f 3564 867 86
f 4419 2873 4323
f 4209 4531 4344
f 925 4658 1002
f 1159 6652 1456
f 3348 3864 5636
f 5612 3779 2074
f 2421 3403 3607
f 3603 2935 896
f 3672 3830 5422
f 750 772 3366
f 3257 4729 1780
f 3984 1838 2093
f 1609 878 1604
f 5361 2028 2567
f 1574 2211 835
f 2358 2891 3616
f 7186 4066 3190
f 2260 3310 4772
f 4013 3356 4800
f 79 5613 3962
f 7274 1907 3224
f 402 2995 1446
f 1464 5862 2576
f 398 6229 4422
f 2707 3682 3886
f 2103 3393 3016
f 244 467 2223
f 2419 4275 5575
f 381 377 3562
f 7940 7733 598
f 958 5552 386
f 4819 3621 698
f 1630 4588 2054
f 2373 7625 3977
f 5310 5257 3441
f 5697 6502 5197
f 3572 3191 4505
f 5523 5380 3491
f 4455 2972 1157
f 2751 821 5086
f 3287 1713 3107
f 284 5094 1338
f 404 1599 1330
f 4103 5234 2254
f 6925 6909 5028
f 3033 3114 6324
f 5331 1728 2459
f 3373 7751 6459
f 4893 1651 4251
f 438 3330 865
f 1017 7668 5566
f 2004 1282 720
f 4883 5345 5367
f 2777 1959 4961
f 3393 698 3581
f 5700 5195 275
f 2970 3337 2960
f 3507 784 2893
f 7247 147 2195
f 5592 7139 7509
f 6701 6927 497
f 2792 1230 2368
f 2067 7441 4776
f 3908 2914 3854
f 272 1534 2149
f 6016 6117 6325
f 92 5618 2355
f 3273 1504 1661
f 1734 7107 145
f 3227 4286 5522
f 5818 3216 969
f 3037 2106 2476
f 2538 2458 939
f 226 5235 2975
f 822 3870 1444
f 625 1716 2170
f 237 2338 692
f 6048 7836 1744
f 6928 5787 1496
f 4704 4441 3155
f 4351 4887 5086
f 1385 7778 3184
f 4417 468 1637
f 967 5322 4202
f 5629 3732 5198
f 3476 6767 4507
f 127 2363 1800
f 969 851 3985
f 3695 2814 5785
f 2178 7058 762
f 5386 2627 3904
f 3417 4313 1213
f 370 920 4551
f 7151 869 5488
f 4044 4040 384
f 831 1917 3081
f 1065 2947 5481
f 2610 5183 549
f 1060 3293 736
f 2525 1226 1236
f 4844 1287 2390
f 6006 5271 2475
f 1097 3041 400
f 7964 1842 3589
f 1500 261 5655
f 3406 2010 4927
f 3024 4202 3213
f 70 5261 671
f 3248 2516 5858
f 4290 3777 5095
f 875 4317 2467
f 208 2838 3967
f 3107 4527 3132
f 2458 1733 3217
f 4962 1458 1804
f 3879 4691 3504
f 3581 3621 4707
f 369 2844 5823
f 300 1806 4184
f 2728 4915 4837
f 1155 490 772
f 2043 3286 4305
f 1998 3288 3097
f 2931 1910 5317
f 333 3964 789
f 4879 3187 3284
f 1877 3468 3262
f 5628 4045 1412
f 3440 1820 3646
f 5722 5775 4407
f 4323 292 4856
f 274 289 3021
f 4504 5486 3216
f 2899 5993 567
f 5725 3494 1132
f 3486 6335 1724
f 1033 2262 1121
f 2050 3598 331
f 2771 2001 7597
f 3154 4716 2691
f 3789 1537 1898
f 5587 7773 4695
f 3366 614 1681
f 1839 1845 1388
f 4497 4876 4701
f 1694 3624 3899
f 1819 1599 2971
f 106 3808 1184
f 1420 7636 2499
f 7594 7223 2116
f 6337 6338 6336
f 444 2819 432
f 1461 939 1760
f 3378 6933 3565
f 5826 2691 4867
f 5720 4757 1068
f 4622 2895 5387
f 3384 4372 3230
f 5174 1785 3349
f 4410 5706 4187
f 1306 2952 1641
f 4403 7325 7231
f 2415 1801 1535
f 3348 5636 2293
f 1371 3968 2404
f 31 2422 509
f 5805 1548 2976
f 454 3856 311
f 4406 2109 4989
f 3468 2164 153
f 2217 6820 2902
f 2240 4550 930
f 4746 3945 4147
f 2663 6342 1589
f 1583 900 257
f 372 3942 2821
f 3214 7653 5418
f 1879 3315 1534
f 4283 3688 2539
f 1621 1531 255
f 201 6419 3001
f 3273 1450 1452
f 4762 4510 6942
f 5864 2316 5021
f 3559 5151 3538
f 5692 4722 4770
f 115 5675 1412
f 2095 3726 4158
f 2349 317 5557
f 753 2660 4073
f 4031 6048 148
f 2553 4693 1519
f 3834 3913 3608
f 1086 1460 5772
f 4494 3122 2362
f 1059 3771 3732
f 4389 3215 1863
f 6867 3189 5082
f 3912 3110 5694
f 5713 73 1711
f 4384 4763 5563
f 1681 7390 3395
f 4022 3507 2893
f 3275 2114 128
f 2845 2857 2956
f 3218 211 7812
f 2274 1672 5677
f 1450 1661 1089
f 4226 2228 4228
f 5257 4929 1640
f 5463 2475 1102
f 3482 5263 5115
f 220 725 3686
f 1458 3770 5784
f 1772 1329 1015
f 4323 4856 5256
f 4204 6894 2343
f 1533 2945 3030
f 4950 5526 1432
f 6852 6798 4492
f 2983 2911 1688
f 6348 6155 6347
f 2206 3002 4346
f 1978 583 1021
f 5489 4865 4666
f 688 6349 7522
f 3593 2561 153
f 3740 542 2950
f 5188 2924 1036
f 4462 2096 1287
f 5400 5150 7169
f 3528 3965 1710
f 3789 3828 1640
f 5271 559 1102
f 2299 722 5507
f 754 2789 6060
f 248 5605 1742
f 3146 3232 317
f 1521 2732 795
f 7890 5164 2369
f 3926 4512 4853
f 4438 3867 2769
f 4843 1038 680
f 321 1323 2150
f 2482 1688 1356
f 5719 758 2074
f 335 439 2927
f 1690 5058 4509
f 1872 6259 4750
f 2077 2525 1236
f 3774 3816 3837
f 7467 1819 2547
f 6934 6289 6798
f 304 1248 5801
f 2628 3447 4465
f 6377 6351 2078
f 1092 4478 3466
f 3828 281 1640
f 1791 7080 5791
f 3694 4188 1767
f 1069 2162 2947
f 3298 1310 1509
f 1590 1191 4504
f 910 505 2823
f 8023 6142 3321
f 2301 5114 856
f 3816 4692 5071
f 3973 1752 3972
f 1755 6353 5814
f 5266 2927 439
f 1366 1804 5723
f 2675 4566 4675
f 1 4868 639
f 5520 6815 5433
f 3736 1173 3682
f 4761 3175 2612
f 4719 529 1183
f 7595 376 4064
f 4326 3331 2719
f 5406 4737 3355
f 4950 1517 5313
f 4641 1194 3519
f 1971 1527 909
f 2689 1194 4205
f 130 1564 2490
f 6927 392 5701
f 3861 4153 3255
f 5941 7141 6356
f 6785 116 820
f 4927 559 142
f 5575 4275 1234
f 1157 2972 7619
f 7574 7564 4494
f 4398 798 3082
f 254 5352 3025
f 4944 4975 1924
f 5933 1085 4360
f 796 1680 2271
f 5609 5820 3260
f 3544 3900 1242
f 231 2667 5870
f 2209 2478 544
f 5159 5200 2914
f 2106 7556 3211
f 4012 3205 5192
f 2609 1287 4844
f 1662 2234 3824
f 4728 1943 4954
f 6827 6940 5716
f 3002 5742 2000
f 1322 6358 5431
f 2100 6941 2982
f 2384 1116 3278
f 4420 3413 2828
f 3767 4861 2328
f 3491 1038 2998
f 3689 411 3054
f 6270 6545 6260
f 4934 4129 5772
f 4302 2320 78
f 690 1177 4574
f 4766 2144 4761
f 2381 2106 4411
f 1052 2447 6023
f 272 2149 273
f 255 161 1621
f 734 4370 2815
f 1482 3416 3895
f 4448 7208 2191
f 638 5723 4972
f 1452 6058 2527
f 861 140 1539
f 3010 7123 6404
f 5806 4971 4337
f 2548 74 5603
f 3082 4701 4876
f 1737 4217 5207
f 2609 4952 1796
f 151 1124 652
f 1602 5598 2766
f 2340 7050 842
f 5554 5154 5476
f 2041 728 280
f 2574 4026 4418
f 5491 3803 1077
f 3725 2942 409
f 558 2108 4746
f 5220 5187 2601
f 4762 6942 78
f 3885 3776 2148
f 4028 3761 3772
f 1139 3512 5279
f 4111 2627 826
f 2226 3625 2414
f 7468 205 2921
f 644 667 2599
f 6361 6596 6360
f 3396 949 2081
f 4231 4441 4444
f 1352 716 1875
f 849 1478 7753
f 6251 4807 1609
f 2956 590 356
f 7319 236 4033
f 3018 3005 1593
f 992 1752 5421
f 5743 7941 4278
f 2967 1618 2415
f 4528 4941 3250
f 1118 6011 3496
f 4221 3987 3892
f 82 6362 122
f 2899 567 3360
f 5834 5750 5497
f 4663 5788 2595
f 2153 1508 4790
f 3577 995 3566
f 4806 6880 4911
f 3216 1590 4504
f 7923 3322 3275
f 1859 4692 4795
f 2469 543 1544
f 2233 4169 2572
f 697 5677 2874
f 2448 3910 3359
f 2731 3705 4397
f 7780 7930 4197
f 3626 1763 943
f 3687 2847 3700
f 5316 624 3702
f 7975 6364 6599
f 4386 2555 4540
f 3149 3106 5330
f 4957 567 5993
f 3496 5109 1118
f 2978 7469 1289
f 5070 4462 3188
f 1436 6365 3349
f 2120 1851 2117
f 7826 429 166
f 2966 7182 7016
f 2341 2722 3370
f 3551 4060 3619
f 4841 2706 4834
f 566 2516 4057
f 4125 5624 3783
f 5740 6996 4890
f 7254 585 5682
f 1573 3817 4901
f 2909 1162 3583
f 4133 6813 6932
f 3306 2383 277
f 2500 2507 2492
f 3819 5263 737
f 4685 132 5726
f 2947 4172 1212
f 1285 1265 2182
f 6367 5585 1197
f 925 1002 1390
f 5909 6368 4897
f 1427 4559 7863
f 3798 3030 2945
f 7186 6765 4923
f 2086 4730 1587
f 941 3199 4151
f 2555 774 4780
f 2619 837 4318
f 7 1157 7512
f 5366 4495 5000
f 2808 2919 1352
f 1716 1808 2253
f 3365 1386 3818
f 350 3509 4485
f 4817 4692 1072
f 3815 4786 2937
f 73 5713 3785
f 4877 7672 1063
f 1410 6940 3
f 5785 1654 3695
f 4764 1595 2597
f 3271 5525 5342
f 4021 4483 5221
f 3133 744 904
f 4095 5310 5277
f 7760 2733 7810
f 4283 2539 5371
f 1771 165 4676
f 5700 275 3688
f 3006 1151 5785
f 467 3438 5563
f 7783 1095 1955
f 5122 3775 4801
f 2799 5548 3525
f 5039 4570 5812
f 1764 5091 687
f 5398 3433 2051
f 2311 3779 2944
f 1026 2836 4834
f 3145 323 809
f 382 1336 5871
f 2823 5690 910
f 5332 2739 3667
f 6377 4404 2984
f 1253 5749 5181
f 1984 1725 2767
f 842 625 5321
f 5415 1342 2827
f 7131 6378 7725
f 7516 6781 6267
f 5361 3455 2897
f 673 4237 227
f 5999 6380 1324
f 986 2771 3907
f 786 4514 1649
f 1626 1209 5750
f 697 2750 5104
f 11 3226 1485
f 4685 858 69
f 5077 7870 5227
f 468 4417 329
f 859 735 1653
f 2334 5341 4928
f 3612 7655 7006
f 761 5380 1374
f 5266 439 4583
f 1343 1973 3414
f 3036 2818 2870
f 2188 1285 2182
f 4772 3310 4469
f 7405 5002 5043
f 4984 1737 2552
f 2641 7421 2275
f 3036 5042 3193
f 4047 492 5788
f 3077 4877 4850
f 4287 2150 1323
f 373 2070 5107
f 4665 7424 4240
f 2319 5523 3487
f 2145 4876 4497
f 1562 7366 3762
f 3694 3482 5651
f 5951 6384 8021
f 5722 1315 5775
f 6952 5619 4076
f 194 3702 2027
f 4334 43 101
f 1215 3602 4918
f 3796 864 1796
f 2505 2582 147
f 6000 6148 82
f 4997 1093 5259
f 4849 1069 2273
f 5172 595 3068
f 6387 6077 6287
f 3901 5299 997
f 1671 1380 4425
f 1692 2120 1481
f 4774 1058 1537
f 4356 4263 3446
f 4051 2747 2382
f 3104 4572 320
f 6391 6388 6164
f 1622 624 3881
f 1401 3883 3511
f 797 2204 83
f 1812 2689 4205
f 4711 1256 1806
f 2630 964 3136
f 1095 2263 4289
f 4682 2369 318
f 1390 5443 3794
f 1384 595 591
f 2526 798 7500
f 3505 4827 5656
f 787 5818 3985
f 530 1939 4725
f 721 175 1007
f 1547 3167 3578
f 171 4605 170
f 501 4948 2897
f 2228 3536 4228
f 5761 3904 1377
f 3388 622 3372
f 1946 3442 3832
f 2854 7205 4131
f 581 3019 5834
f 1656 5398 1684
f 5341 2922 3169
f 87 2042 5779
f 3983 2225 1139
f 1103 1518 30
f 4704 3155 5802
f 2798 1654 1458
f 943 2288 2879
f 1076 2711 1211
f 126 4908 1009
f 3528 2097 3595
f 1541 3925 2987
f 4210 5998 6274
f 7325 472 7263
f 5322 967 1776
f 2190 2665 1494
f 6223 1333 5190
f 4613 1489 1639
f 3153 6423 907
f 5224 809 323
f 4749 290 1189
f 45 195 765
f 7621 3398 1520
f 1028 4371 3795
f 2503 3024 2973
f 3459 3435 1120
f 5570 1232 3879
f 2900 2560 2901
f 4530 2756 3475
f 4255 7470 3108
f 1194 4238 4205
f 564 168 271
f 6927 291 392
f 2100 6392 1475
f 4279 2438 3742
f 4032 565 3945
f 5374 5730 5494
f 95 357 2296
f 4212 3943 5494
f 2860 1792 3955
f 3342 5701 4978
f 3509 3443 1769
f 5343 3414 1973
f 3033 6324 6140
f 2618 10 2619
f 3836 2757 3339
f 4861 2406 65
f 3386 5721 3127
f 5805 1130 2261
f 6712 6258 6397
f 5841 4348 460
f 5724 2998 1038
f 2128 1608 555
f 5134 691 1930
f 1461 1768 478
f 7648 4690 7595
f 259 571 2664
f 1740 7260 4515
f 4097 3390 1249
f 4263 4356 4585
f 7226 4836 4615
f 6399 727 483
f 3795 3543 1028
f 506 1372 2179
f 5318 1615 3270
f 6700 7377 6219
f 5078 4130 5002
f 2548 6955 2546
f 916 1919 4235
f 2649 3094 5518
f 4974 4910 1252
f 3489 3123 2791
f 1261 1900 4423
f 3598 2050 912
f 6620 6401 7128
f 7005 6390 6535
f 2547 5511 4496
f 4574 4373 690
f 1817 2269 1339
f 5610 5623 5635
f 1146 3316 1820
f 1001 458 3182
f 2675 4675 2124
f 3088 3790 2359
f 3084 7575 2508
f 791 4672 142
f 3544 2264 1010
f 5730 3556 5494
f 1829 7101 5411
f 4014 562 234
f 2519 5054 3807
f 1674 5539 4781
f 1383 4507 1114
f 5783 7800 5823
f 2264 3544 5111
f 717 7765 354
f 6370 6402 5142
f 1923 1591 4387
f 4266 3635 3299
f 2557 4879 3284
f 3238 6837 5381
f 4948 2457 1889
f 3952 3887 3953
f 2069 4606 2669
f 5773 7812 5544
f 4685 7464 3802
f 6323 7334 283
f 5095 1408 4706
f 4042 41 5561
f 4301 2933 377
f 5861 2297 2126
f 5187 4097 479
f 3694 5651 4188
f 4036 5529 5756
f 543 1744 2309
f 4564 5509 4502
f 4459 986 3907
f 6829 2663 1589
f 5350 608 3179
f 1727 3744 4010
f 4215 6407 2800
f 5366 431 3626
f 375 5075 1364
f 1030 845 2530
f 4732 4727 4542
f 3999 4756 4319
f 6408 1584 2842
f 2826 4264 2933
f 5163 377 2933
f 5628 1412 5675
f 3625 5842 1334
f 7265 2618 7048
f 3717 4280 4460
f 1605 1816 1081
f 537 2466 3170
f 883 6357 1722
f 1947 4777 4236
f 1399 2608 3967
f 7786 7839 5278
f 3816 1072 4692
f 730 1525 5401
f 1513 4606 4922
f 1443 1857 734
f 5596 5516 5337
f 6726 117 5159
f 2404 1706 2137
f 186 965 4675
f 4221 3547 52
f 7338 3571 3534
f 3128 3792 6897
f 4684 5521 4356
f 3184 2767 1725
f 1078 2926 4257
f 3051 4943 1264
f 5194 740 4797
f 5404 2294 3176
f 744 7083 4552
f 2244 1444 2993
f 7599 2748 541
f 4732 6841 4733
f 634 5373 1701
f 1689 2457 995
f 7915 2368 1230
f 5163 3562 377
f 636 2556 3494
f 2113 4946 2364
f 7939 6413 4963
f 1586 483 5001
f 6938 6396 5374
f 1721 2807 2375
f 3995 5026 890
f 5500 5810 2503
f 745 611 5167
f 1484 2201 524
f 7002 903 4101
f 1005 882 1984
f 1059 2081 3771
f 2055 3069 185
f 5811 4245 4186
f 5238 872 2464
f 3975 4442 4201
f 3622 3878 916
f 2964 1663 5304
f 2642 4980 5123
f 3766 3656 2448
f 5722 1953 5744
f 3854 1294 3380
f 1555 3764 5282
f 1066 3619 862
f 7564 6754 3122
f 2384 1665 1116
f 792 4140 3915
f 5259 5800 1133
f 200 1962 691
f 2032 396 1544
f 4121 16 2141
f 5852 1769 3443
f 2149 3188 2607
f 1205 6893 1765
f 1034 5694 3915
f 4032 4231 565
f 1183 3150 4719
f 4418 4026 2901
f 1621 161 3833
f 4467 724 5672
f 445 7787 2803
f 472 1235 2640
f 5710 4573 3100
f 7968 305 2606
f 2430 647 1016
f 840 3651 258
f 5198 4562 3734
f 1721 1706 2807
f 7871 5077 5227
f 859 578 5168
f 2937 243 3815
f 4329 7607 5037
f 5675 5298 5628
f 1189 1455 4749
f 3740 2950 2654
f 4743 2170 88
f 1192 1500 5539
f 1670 773 4216
f 7586 498 7753
f 4350 3353 3361
f 5209 1786 5617
f 5013 46 4798
f 4414 1956 706
f 1751 5288 3899
f 7359 1908 1952
f 6420 6419 6035
f 942 4243 5365
f 3315 4661 5071
f 57 1830 751
f 2439 1290 2221
f 3921 5212 4842
f 1494 3088 2190
f 1511 3662 5796
f 3344 340 4495
f 3554 1527 1971
f 4230 383 2117
f 7490 4823 3775
f 2710 1846 2932
f 5268 4338 5238
f 6421 6330 6946
f 5173 2182 1265
f 6486 6266 478
f 347 868 2620
f 3736 5323 1173
f 1768 1760 1440
f 1125 7882 5912
f 3149 1284 3582
f 3155 5603 74
f 3654 1420 5662
f 370 1080 2378
f 4609 395 5527
f 653 3179 2817
f 4777 3193 5042
f 6423 6424 6178
f 3654 2238 1420
f 1930 4286 5134
f 6395 2497 1942
f 265 5698 3201
f 231 1018 2450
f 1154 3361 3353
f 3595 5704 800
f 2986 2173 1485
f 5655 3879 1232
f 7601 5108 2235
f 4552 3717 744
f 685 95 5169
f 4651 7788 4902
f 7130 6193 6235
f 2820 3829 5781
f 3299 2956 401
f 5647 4621 1735
f 3912 4668 3516
f 5820 3080 283
f 5073 3230 44
f 1913 3015 4080
f 2586 5972 1396
f 1169 3358 1575
f 5498 5136 5457
f 2035 164 4095
f 892 3021 289
f 3553 6798 6289
f 1324 2793 5308
f 4383 453 5666
f 4496 4298 2916
f 2069 2669 1013
f 2671 1168 1811
f 2617 1854 657
f 2303 5048 1278
f 5067 4634 4945
f 365 1233 1756
f 7336 3719 2222
f 4001 1088 898
f 2798 1866 1654
f 6427 6989 2408
f 973 1386 3059
f 4605 3710 2915
f 3851 2388 3008
f 3193 5024 2818
f 2065 2187 1724
f 894 5712 4921
f 421 551 1299
f 899 4268 1295
f 1219 2147 4560
f 3862 8005 966
f 274 5453 289
f 2916 623 2439
f 2012 1331 3497
f 5095 3255 1408
f 3603 2314 215
f 6801 4154 7264
f 5575 2019 867
f 7267 5769 2524
f 3674 2536 1827
f 3900 2731 4397
f 381 3562 3289
f 3813 3866 2207
f 1059 4228 3536
f 4153 3861 1850
f 1853 4026 2574
f 765 3828 45
f 2470 4757 5720
f 4198 3910 3031
f 643 7602 5025
f 4053 473 475
f 2122 2531 628
f 1301 1957 1575
f 6433 6129 6166
f 1610 3785 5713
f 3986 1251 760
f 2258 2221 279
f 4772 2469 396
f 2345 6059 5372
f 643 5865 588
f 5979 1369 2685
f 4631 4244 4612
f 2690 2773 3875
f 3061 5527 395
f 1454 1447 5365
f 3746 985 5862
f 4830 588 5865
f 1614 4033 3947
f 2716 2068 2867
f 5107 254 3025
f 4787 2136 2236
f 5258 6784 1085
f 358 2935 215
f 2395 224 3303
f 3029 4158 3726
f 3017 3020 4020
f 2068 2930 2867
f 770 6877 2447
f 3346 4260 242
f 1456 1502 2672
f 301 4941 3613
f 7101 1829 484
f 3085 1495 500
f 2758 2589 2335
f 2412 2648 5839
f 3465 2551 4371
f 5208 5563 4763
f 2022 1058 4774
f 4973 4705 594
f 579 5846 2890
f 1274 813 3143
f 5466 496 7054
f 7565 6384 5951
f 1068 4828 5720
f 2173 4638 777
f 535 738 5301
f 96 5424 3462
f 6438 258 6115
f 2951 586 4829
f 880 1113 5056
f 2044 302 3834
f 2607 3188 4093
f 2612 3175 4150
f 521 2890 5504
f 7691 6756 5392
f 6440 7529 763
f 5467 5238 4338
f 645 5790 4346
f 2381 3345 5874
f 1293 1742 329
f 6919 7896 5203
f 5001 727 1158
f 2664 571 5036
f 5246 4114 1480
f 6631 1230 2792
f 2256 6443 6389
f 3716 3721 4003
f 5456 3692 5653
f 1428 2247 380
f 2772 8006 7992
f 4137 5786 4973
f 549 2322 2675
f 1632 4935 5276
f 524 433 1217
f 7184 7910 5528
f 2420 2949 5063
f 6825 6448 1019
f 3925 5270 2593
f 5795 40 5106
f 4583 2305 5480
f 7692 315 2785
f 2624 5714 12
f 3692 3923 5653
f 1595 5881 5828
f 1604 2382 1609
f 3772 3761 4534
f 5960 5809 5395
f 3465 5595 393
f 2282 4632 4044
f 2668 2669 4606
f 4360 417 2135
f 1110 6964 1733
f 1277 3799 3259
f 3116 1347 4751
f 4859 896 2935
f 6428 6452 6432
f 1242 4450 1358
f 3441 5332 5310
f 5133 6083 6453
f 4549 5059 4112
f 2576 2166 1395
f 634 1701 90
f 5062 1303 4471
f 1384 2994 4728
f 7789 3122 2171
f 476 447 4891
f 3116 2295 4117
f 5138 5004 1357
f 5685 4809 5317
f 3782 2169 2365
f 1931 11 359
f 1374 5054 761
f 2383 7752 1731
f 3094 2649 1302
f 4537 2796 2034
f 2697 772 750
f 6255 1106 762
f 2270 4647 3858
f 5152 1640 281
f 1820 7849 2246
f 4906 4073 4108
f 1012 1273 5351
f 4033 1614 5476
f 3757 4291 607
f 5520 5500 4770
f 7476 1746 4904
f 5072 1351 4714
f 118 2559 4395
f 2339 2379 2202
f 6923 6241 7415
f 5341 1991 2922
f 85 2978 1289
f 284 1338 3287
f 4310 6839 5545
f 7312 1223 4742
f 461 6456 6446
f 6789 6966 1407
f 3334 3486 4433
f 815 2526 7500
f 6065 6334 6458
f 3712 5083 5647
f 2403 7364 1517
f 5612 5863 5708
f 2317 1320 902
f 1954 2168 923
f 6442 2589 388
f 6354 5991 6228
f 3492 4194 3414
f 3396 2081 3539
f 91 752 751
f 6096 7606 2444
f 3065 2892 403
f 4357 7230 4135
f 6460 6685 6064
f 2711 2342 1211
f 2836 2145 4497
f 4035 1726 649
f 2470 2019 2177
f 1831 4223 4641
f 1656 1684 552
f 1037 2530 845
f 5620 8003 3590
f 2089 8019 1834
f 3767 2328 1503
f 2519 3807 5029
f 5068 2356 3151
f 5372 3531 5243
f 2156 4593 6161
f 4883 6461 1284
f 4579 154 4011
f 7409 7457 2596
f 1232 2323 4781
f 6942 3061 3291
f 1350 5553 1721
f 3440 4434 3559
f 4726 7459 4066
f 4978 733 934
f 6611 2291 372
f 7607 2067 4776
f 5255 3363 4003
f 5353 7169 2087
f 6593 7946 2614
f 4992 2873 4998
f 33 5088 397
f 5690 3764 910
f 1910 4209 2037
f 3061 5841 4379
f 5746 5246 5249
f 1786 5209 2200
f 2845 5387 2857
f 730 5401 2351
f 1156 6015 2673
f 1096 1798 4463
f 2206 5718 4716
f 1119 5244 4164
f 854 3405 434
f 6263 3690 3034
f 4598 3944 96
f 7123 3010 5967
f 3249 1775 3700
f 3093 5432 430
f 5366 3007 431
f 837 2619 4722
f 2595 4087 2612
f 1326 3333 1967
f 385 350 2636
f 2961 1129 2456
f 2433 7271 5216
f 6085 6342 3449
f 3096 613 4091
f 410 311 4935
f 1105 5691 1156
f 4674 6907 1071
f 3172 3252 2452
f 2499 2495 5662
f 6664 5185 5287
f 2916 2852 4496
f 1945 5008 5273
f 5666 5669 684
f 2084 3713 1616
f 1098 3877 3004
f 3650 3985 851
f 183 4691 261
f 840 258 6205
f 1563 1613 1753
f 5360 4459 288
f 1005 3825 3458
f 6602 4775 2023
f 5708 2944 5612
f 7774 1581 4745
f 5335 980 6954
f 1691 5156 3312
f 5060 2613 4312
f 2210 6465 3005
f 6150 183 3397
f 1217 518 1484
f 7188 8008 4530
f 1775 3249 1995
f 5559 3981 3978
f 2253 1289 88
f 2657 2216 2730
f 680 4181 5383
f 6734 6468 5977
f 7685 5205 2908
f 2296 3412 95
f 2234 637 4735
f 1690 4509 5641
f 544 2478 5645
f 3023 4352 3868
f 3059 1386 3365
f 5877 5207 4217
f 5540 3971 1529
f 2169 3961 2896
f 1838 3984 520
f 3860 5032 560
f 851 4689 3650
f 5780 5377 3223
f 1414 3765 5548
f 7643 6470 1707
f 2583 168 2590
f 7670 2588 6655
f 3500 7477 1403
f 607 913 2584
f 5165 1938 1292
f 4445 5524 4800
f 5782 6206 3490
f 3269 4675 4566
f 5163 2933 4264
f 4403 1364 5075
f 808 5917 2498
f 3045 5921 5326
f 4225 7208 5079
f 2483 2159 3936
f 192 3780 1735
f 8 555 1608
f 1574 4104 2211
f 5399 5926 592
f 5445 1221 1149
f 1853 6962 4026
f 4682 7948 47
f 1061 1027 535
f 912 5569 3598
f 3416 1100 4740
f 5765 3112 5573
f 4747 3845 4899
f 3404 7608 3511
f 4476 2074 3779
f 2423 3267 3026
f 6472 4807 6251
f 4452 197 4913
f 7 1267 3165
f 5257 1640 5152
f 7472 1015 1329
f 5403 4737 5406
f 3839 5162 1788
f 2465 5102 5510
f 2927 3242 873
f 7591 6218 6225
f 559 234 142
f 5906 5937 5367
f 613 50 3568
f 5996 6210 6335
f 4391 3000 2268
f 2857 412 159
f 2414 4376 2226
f 5532 1655 1508
f 5031 7112 1955
f 682 1366 660
f 4145 3336 5060
f 4291 2207 3204
f 1670 2997 773
f 6016 6325 6304
f 2253 1808 1426
f 1171 431 3007
f 4476 3779 4760
f 1373 1263 530
f 2796 1846 3111
f 168 6935 271
f 2119 3090 2456
f 4014 559 5271
f 4319 5260 4335
f 2402 112 5264
f 486 3453 1098
f 3995 890 3825
f 5534 5635 5623
f 7295 5239 5714
f 6783 1369 2977
f 2361 5774 1708
f 4224 6372 341
f 6261 7102 6509
f 3379 5536 5686
f 4279 4384 2438
f 5571 5635 5450
f 5517 4585 813
f 6474 2319 3487
f 1432 3018 240
f 2389 5588 5313
f 1216 4483 16
f 3167 3628 3578
f 2197 6993 2656
f 6961 1183 1900
f 323 5417 5224
f 6467 2551 393
f 2845 4622 5387
f 2647 5089 4474
f 2360 4699 2449
f 6476 3259 1646
f 3354 3211 5496
f 5251 587 4916
f 325 6973 631
f 3554 5305 1527
f 3328 3426 5187
f 4485 982 2303
f 1173 5323 5561
f 3880 3701 2784
f 2407 2511 4234
f 5883 6445 6257
f 4609 3910 4198
f 3186 186 3269
f 1580 2567 5726
f 3124 7539 476
f 2393 4288 4578
f 6266 3526 7907
f 1891 6480 6631
f 7694 3454 4176
f 5626 1924 4852
f 374 1374 5380
f 4728 4954 1384
f 5203 1904 7736
f 6482 6483 6481
f 2169 2896 494
f 387 230 3146
f 474 545 5759
f 965 2124 4675
f 633 1769 616
f 512 1416 663
f 259 3442 1946
f 6255 6340 1106
f 2415 2525 1801
f 6191 6152 6560
f 2138 2135 1700
f 3660 5212 3982
f 5686 4734 5660
f 3358 6909 1307
f 232 546 4166
f 2983 2423 4405
f 4285 3827 4457
f 3306 5873 3372
f 1693 3785 2482
f 1825 177 4473
f 2068 7363 2930
f 2651 3000 3074
f 2390 6243 4844
f 2677 1923 1998
f 1356 1700 1354
f 370 5241 1080
f 69 4207 4685
f 7803 4111 5156
f 5541 4666 4626
f 2307 4869 4898
f 4217 3040 4503
f 2678 3241 908
f 3504 4075 3879
f 3203 5736 839
f 3052 7473 3847
f 5743 5747 5287
f 1615 1705 3270
f 5458 5021 2316
f 5497 4825 5272
f 6484 6291 6281
f 2202 781 2339
f 4997 5076 3419
f 2573 1307 3665
f 5526 7277 8028
f 818 183 932
f 1479 6070 5339
f 332 3786 1423
f 2995 4829 4555
f 5232 3338 5537
f 4351 4309 4887
f 3290 4520 2906
f 4368 4058 543
f 5370 5253 3994
f 771 6486 2059
f 2600 3415 4758
f 3401 1265 4720
f 6883 6975 7967
f 1051 3095 569
f 3559 1720 3383
f 4631 5597 4244
f 388 6488 6442
f 1086 6774 1460
f 2686 5727 1783
f 206 1756 2797
f 4003 4271 3716
f 3659 2412 1637
f 4539 1419 3957
f 4840 3774 5607
f 2161 7015 3687
f 1543 2042 4723
f 2247 2371 2368
f 441 4885 3990
f 2803 4219 7674
f 1729 3715 3788
f 5032 1000 1559
f 3446 2087 3588
f 1872 2156 1182
f 8003 3047 4590
f 4527 3107 4979
f 3584 2121 4792
f 4047 7945 1832
f 1851 3277 5247
f 1724 2187 657
f 5251 7279 4218
f 3842 2539 2427
f 7211 3917 5245
f 2974 714 1662
f 5468 3992 1623
f 6491 255 1531
f 63 2473 790
f 1462 6129 5907
f 580 3171 2926
f 1421 5704 2713
f 3696 3706 541
f 1750 7596 3085
f 3452 7280 1787
f 5732 1749 1996
f 4805 3324 116
f 5839 4949 2412
f 3508 3903 5580
f 5021 4575 5864
f 4316 4712 1670
f 4718 3066 2037
f 3175 1685 5503
f 2758 1849 1341
f 1354 1693 2482
f 802 902 660
f 3051 7426 1040
f 1660 1327 5314
f 3614 7483 4874
f 3299 401 4266
f 5006 2287 3742
f 1828 4797 740
f 53 1743 4427
f 4474 7991 4296
f 923 1873 3243
f 3250 5149 1498
f 209 2026 1050
f 1601 4175 5835
f 4333 64 4300
f 2751 7282 821
f 59 3693 3596
f 1647 2144 3392
f 444 432 7612
f 2356 3897 2214
f 786 4985 2104
f 2402 5264 4450
f 5754 2655 4599
f 3659 7863 4559
f 480 7403 994
f 481 5631 1778
f 2704 2705 1498
f 4896 6268 2435
f 5318 3530 4671
f 741 666 3313
f 3419 2531 4997
f 1328 5010 3528
f 5306 6494 5492
f 2936 2358 5295
f 5328 5342 5863
f 6338 6464 6120
f 5184 5397 2337
f 3161 877 5569
f 1565 498 1244
f 4603 2416 978
f 5089 113 4912
f 3720 776 4127
f 6393 6124 6429
f 5025 72 83
f 171 363 4091
f 1580 5667 3884
f 5325 4083 2962
f 5509 895 4502
f 545 6980 276
f 4845 4379 460
f 931 7957 7905
f 115 3605 2625
f 6381 2891 5901
f 4104 3566 995
f 2777 5182 1959
f 4026 5129 2901
f 3172 2452 3437
f 4074 5043 5002
f 4789 8010 4810
f 1691 2925 1673
f 671 5290 954
f 2858 2029 1948
f 5360 2586 1396
f 5735 6500 5140
f 5117 4780 774
f 1492 1529 2064
f 603 5783 1551
f 651 2463 3529
f 2649 1205 5323
f 1365 2722 2341
f 5378 6145 212
f 7019 6501 1496
f 4419 4662 4866
f 2784 19 3880
f 5727 4142 1262
f 621 6318 1741
f 571 3445 5036
f 3 4116 2336
f 819 5414 4773
f 6835 7757 1268
f 5308 4951 1324
f 4556 3231 3974
f 6793 691 1962
f 5828 263 3169
f 2857 159 401
f 3358 5446 1575
f 2291 4127 4029
f 4304 4335 4408
f 3516 5428 3613
f 1633 5687 7311
f 3449 1964 2278
f 1315 3114 5775
f 1661 864 1089
f 7258 4731 3423
f 4503 3669 5638
f 3074 3000 2020
f 1476 2652 4165
f 1403 962 814
f 2537 752 3811
f 4837 4915 368
f 6774 6982 1291
f 4004 7485 7837
f 4545 7874 1322
f 5223 1252 5168
f 63 1807 2473
f 2480 235 1362
f 6864 4771 685
f 5147 152 2786
f 7110 6025 4900
f 920 3298 5171
f 3693 1208 686
f 3379 5680 5536
f 791 142 3686
f 2027 2921 194
f 6504 6208 6689
f 1199 3672 3400
f 2825 564 814
f 2513 2658 4350
f 1622 3702 624
f 2197 5201 1313
f 5219 4440 5256
f 4291 4101 903
f 6313 6399 483
f 8011 1486 5452
f 2668 4606 4655
f 35 2133 3955
f 7805 3249 2770
f 3313 1678 2063
f 2815 3911 4009
f 2274 5439 5393
f 4652 4654 3545
f 4964 3210 1134
f 776 442 779
f 6505 7546 5286
f 4856 2467 5219
f 3205 2665 2190
f 2924 3098 1036
f 2052 1739 4172
f 3730 3391 5721
f 5546 3746 3279
f 2379 6804 2202
f 3482 2481 5651
f 1327 2688 5319
f 527 1503 3285
f 1901 4879 2530
f 6507 2808 1111
f 608 1937 621
f 1859 5070 5071
f 6631 2792 1891
f 395 1203 3291
f 372 2821 2486
f 672 4697 2213
f 455 678 1754
f 569 3095 516
f 312 3176 2294
f 1297 5065 5816
f 3757 2889 536
f 1785 5174 973
f 733 4978 5701
f 3948 430 1603
f 7587 2537 6262
f 5022 5030 884
f 1167 3141 7212
f 5766 351 58
f 858 5726 2567
f 5314 3554 1660
f 35 3955 2432
f 2508 4136 425
f 1499 1494 2665
f 3141 1154 3353
f 371 876 4208
f 3780 3518 3712
f 6345 6149 3823
f 7443 7724 6449
f 3757 536 4101
f 1840 822 4113
f 1131 409 2942
f 3374 4689 661
f 2986 1485 2826
f 692 5488 237
f 549 2124 2454
f 7950 7820 5593
f 2664 5036 330
f 6455 7164 6184
f 364 1506 4773
f 1934 2038 3755
f 3615 2967 1535
f 198 2055 2535
f 5624 4603 1381
f 2228 3140 4009
f 58 4605 5766
f 3420 3606 3257
f 2544 7683 4143
f 619 217 1142
f 1055 3822 4616
f 1762 2976 2985
f 2419 850 4275
f 4957 4571 4139
f 5688 1825 4727
f 89 7888 5462
f 2964 3582 5307
f 1758 7458 7969
f 6511 1228 3922
f 5220 3394 4376
f 5055 298 5375
f 2670 2101 2764
f 3482 5115 4023
f 3659 1239 7863
f 3298 2258 160
f 5003 5521 4684
f 4526 2037 4209
f 2979 2121 5513
f 1627 812 4460
f 695 430 5432
f 2699 5285 3481
f 2684 1809 5441
f 4054 5542 5699
f 157 3899 5288
f 5359 2697 1763
f 914 6512 2512
f 371 4074 5002
f 3925 1541 1803
f 3667 5310 5332
f 3251 5193 249
f 5715 1409 5385
f 1946 3832 2824
f 5320 1468 5144
f 1278 2778 6543
f 2960 3097 3288
f 335 4799 4804
f 653 1686 3179
f 6949 1109 815
f 4359 4787 4265
f 3151 974 5068
f 4426 7488 3099
f 1070 5807 6070
f 23 5182 2592
f 3735 4142 1302
f 1455 1189 396
f 2298 3339 3759
f 3726 2095 5120
f 5144 3889 4720
f 1131 2942 1370
f 3623 4512 4157
f 4362 6232 2835
f 4270 3804 1983
f 7172 471 4139
f 3469 6954 2036
f 256 253 728
f 4292 1620 2862
f 3802 132 4685
f 4740 5219 2467
f 5389 6026 7737
f 1678 5980 4588
f 2441 1951 4813
f 5189 670 853
f 5370 5065 3678
f 4611 5764 4571
f 5229 7288 587
f 3783 4299 2894
f 985 38 2576
f 2652 1682 4424
f 7978 3440 3646
f 3893 3875 3747
f 629 6745 1832
f 4934 4770 4500
f 761 1038 3491
f 7808 6515 6435
f 4013 5524 2600
f 547 1719 972
f 5725 4105 4968
f 380 1659 1506
f 1501 2030 1666
f 2868 2913 463
f 5385 1406 4451
f 1921 4578 4288
f 2727 4068 7740
f 4649 4719 3150
f 852 4734 5681
f 7256 4959 7817
f 5657 6009 7622
f 3077 6518 2865
f 3846 3546 4060
f 440 5388 5039
f 3567 1899 2577
f 1381 4532 4299
f 5719 2074 4476
f 3965 3595 800
f 5383 4181 1418
f 2764 2436 2670
f 5416 2213 4697
f 4248 5042 2925
f 2682 4022 1118
f 1290 279 2221
f 804 4549 4274
f 5051 129 4768
f 306 3320 303
f 4088 797 1514
f 7912 3689 3054
f 4049 4762 2141
f 834 3942 847
f 1893 3678 5715
f 1818 3534 3492
f 2077 3894 1247
f 3806 4225 1307
f 2323 5570 5189
f 1154 2186 3361
f 6998 5805 2976
f 1652 3062 7209
f 2679 1591 7177
f 6251 1609 3769
f 1624 7669 5250
f 3956 7773 5587
f 3801 3385 655
f 4636 6312 3513
f 2390 2096 5117
f 2972 3837 3816
f 2419 867 5228
f 3581 3016 3393
f 405 30 1518
f 7907 3526 3084
f 3451 2452 1495
f 4824 5487 1064
f 2662 5801 3641
f 7540 6523 5427
f 3187 4879 3843
f 4922 2804 1513
f 4766 3392 2144
f 324 4119 4211
f 2993 3234 2244
f 3557 3725 409
f 374 2896 3961
f 38 2829 2166
f 1821 4080 3015
f 982 3183 2734
f 2940 7854 3691
f 396 2032 1455
f 6984 6453 6083
f 2725 1551 5783
f 2096 1859 4795
f 3183 982 633
f 6486 2846 2059
f 5321 2340 842
f 2451 2601 4509
f 708 5327 265
f 7633 1128 3792
f 5652 4638 1771
f 1656 5224 5417
f 5793 1515 2657
f 6815 5520 10
f 7518 4666 5586
f 7162 6527 8006
f 3954 6451 6638
f 283 3470 1685
f 3649 1135 3600
f 3071 1474 5312
f 6310 1836 6278
f 5113 7879 927
f 2621 5693 4854
f 7019 7055 6501
f 1034 3915 4140
f 4828 1068 1383
f 5617 4448 679
f 2108 999 1549
f 1642 5789 2622
f 1092 3092 3142
f 3630 589 4363
f 5249 6125 3986
f 2134 4008 4002
f 3713 2850 4942
f 4115 4557 4038
f 3138 1053 581
f 318 4565 4682
f 3553 6531 5758
f 2876 2006 2134
f 1301 4869 4909
f 2503 2973 4500
f 20 5548 2799
f 533 1738 1063
f 5838 3710 517
f 1377 7803 5761
f 27 2816 5470
f 6374 6471 6074
f 3649 606 4366
f 7346 4128 7040
f 6950 5676 5533
f 2094 1091 4055
f 2971 5511 1819
f 7612 5712 3020
f 2560 5114 2112
f 4049 4021 6126
f 3078 3437 3192
f 5695 665 2630
f 4454 5866 4312
f 5791 3197 5745
f 2427 1012 3842
f 6534 7090 6640
f 4352 1215 2071
f 41 4042 162
f 1567 1739 3294
f 1382 3667 641
f 3168 828 4011
f 1278 5376 2778
f 7929 2868 1220
f 5302 4601 5007
f 1005 1984 1936
f 2738 4335 4304
f 5458 2286 3092
f 1537 4929 164
f 2028 858 2567
f 3252 3172 2752
f 2096 4462 1859
f 49 3100 4573
f 5279 2197 3983
f 5649 5600 4481
f 4863 2633 216
f 912 2325 2929
f 7281 5428 4659
f 8022 7148 6233
f 2250 5018 1175
f 856 6366 2301
f 6147 4754 6094
f 4248 3296 4375
f 4778 1252 4910
f 3969 134 2274
f 5325 3017 4083
f 4166 6353 232
f 6752 1679 4930
f 1697 2460 2011
f 5567 1636 2991
f 3458 4545 5547
f 5919 6220 7076
f 3938 2948 3480
f 5101 1073 5836
f 4292 2862 3739
f 5985 6227 6233
f 816 711 673
f 4393 71 1966
f 4794 1176 2726
f 6540 6317 6667
f 484 1849 2335
f 4580 1892 827
f 588 5358 5012
f 265 3201 708
f 1699 1980 1290
f 2658 6990 848
f 3354 5496 4089
f 6052 842 7050
f 606 2528 4366
f 1336 24 1856
f 3115 634 471
f 1630 944 5676
f 2025 2346 5803
f 616 4924 3848
f 2712 6542 1462
f 3858 7901 1895
f 531 5533 5676
f 5870 5022 231
f 2677 1998 3097
f 7861 5124 5464
f 789 2297 2851
f 748 1490 4533
f 2546 6960 1016
f 5648 6716 3342
f 6791 1528 272
f 2662 3641 5770
f 2604 1799 4651
f 778 1655 2042
f 652 5196 151
f 1895 3707 3858
f 1541 2987 1144
f 5629 3734 702
f 4893 176 2810
f 5061 3722 7362
f 5069 4473 177
f 14 5386 3156
f 4481 4105 3531
f 5115 3819 2064
f 5686 5660 3379
f 71 4393 2109
f 7696 2653 2157
f 7145 3039 1163
f 1023 69 1147
f 3147 1766 1295
f 5132 1975 5123
f 2774 1985 233
f 1527 4714 2282
f 3278 1050 2026
f 1885 881 5867
f 316 7706 5030
f 2643 1460 4487
f 4950 5588 5526
f 4241 4994 3079
f 1167 2242 1154
f 5020 4579 2629
f 144 6507 6547
f 5300 7875 1085
f 3879 5655 4691
f 6548 6172 6725
f 1299 1282 421
f 5662 7294 3654
f 1444 3368 1355
f 3725 3557 481
f 841 3227 5522
f 1225 5426 4669
f 7408 5850 3748
f 5356 1934 4793
f 4645 7793 5571
f 3611 4368 4469
f 3104 460 4348
f 2179 6113 506
f 2496 767 3201
f 283 1685 6323
f 6532 6039 6550
f 3002 3112 5742
f 2159 3831 3719
f 2142 430 695
f 101 479 1249
f 3636 7480 3232
f 739 1988 4802
f 5250 6995 1624
f 1294 4005 3932
f 2801 663 3841
f 4838 1075 5728
f 2455 1198 3569
f 1330 1657 404
f 2870 1460 6774
f 4551 3586 370
f 1244 1321 104
f 5516 5674 402
f 1989 29 689
f 646 5165 7221
f 3747 3051 3893
f 4912 113 5780
f 3270 5074 2980
f 4459 2464 288
f 2050 2785 315
f 1967 1865 1006
f 5267 2227 1430
f 2598 2599 2580
f 3022 7712 5425
f 4014 5271 2183
f 1923 4387 5426
f 4444 1286 4231
f 5499 7683 2544
f 2998 1107 3491
f 5479 7449 4364
f 1735 4621 2224
f 6154 6348 6196
f 1127 2532 5087
f 466 4749 2571
f 2995 5674 4829
f 3632 626 2835
f 848 838 4366
f 3418 4745 1581
f 6557 4241 4940
f 1328 486 5010
f 3327 3904 3329
f 7296 7711 4200
f 1518 1103 2893
f 1222 7937 4377
f 409 1131 3323
f 5786 4137 5699
f 4621 2951 5135
f 608 621 5485
f 298 1666 2030
f 3018 1593 240
f 2122 4340 2102
f 1001 3182 4470
f 2893 6011 4022
f 3436 4201 4442
f 1194 4641 4223
f 1443 1013 2669
f 685 2348 3733
f 3096 6560 3679
f 7944 3337 2970
f 6561 6508 6313
f 1299 4956 706
f 7475 4063 3464
f 2543 664 1969
f 5531 4544 4568
f 6207 6319 6562
f 3212 3004 3877
f 5625 5804 3091
f 1890 2958 5093
f 4241 3079 3787
f 808 5168 1252
f 1952 2721 5856
f 4961 539 59
f 5082 7303 464
f 4726 6997 2892
f 2741 4418 2560
f 1827 947 1172
f 1281 7613 3198
f 152 5147 2787
f 1852 5667 132
f 482 7946 1860
f 2781 5124 7861
f 3060 3228 2774
f 2379 2339 648
f 4294 4143 3994
f 5641 3202 6820
f 1839 7491 1129
f 1827 1172 573
f 6563 525 7105
f 4740 3895 3416
f 2315 1401 3511
f 7600 5017 3870
f 3086 1113 3625
f 1029 627 3653
f 4780 4540 2555
f 1246 3034 1642
f 294 5177 1902
f 7637 5859 4784
f 1977 4314 384
f 4783 3109 5477
f 5183 2610 574
f 5365 1311 3272
f 1105 3344 2181
f 4575 5021 5292
f 5859 5141 1184
f 6762 2534 7961
f 4186 1122 5811
f 5740 3813 3297
f 259 1419 3442
f 3946 2072 5589
f 954 5290 3461
f 875 2467 1726
f 5495 4688 4103
f 5429 6564 3947
f 4885 4878 3990
f 4840 5607 247
f 4228 1059 3732
f 3330 3759 2757
f 6187 6998 5455
f 4991 553 3163
f 3394 2226 4376
f 3697 4889 3760
f 4023 5115 3971
f 4325 3434 1120
f 1198 5658 2406
f 1551 2725 4440
f 95 3733 357
f 802 436 902
f 3407 3444 3352
f 1150 4563 4952
f 5325 2721 4479
f 7283 4513 3855
f 265 1881 1986
f 2783 1662 714
f 3547 4221 899
f 6290 6566 6643
f 3425 6472 2391
f 3719 4587 2222
f 2288 2154 3798
f 3949 5645 2478
f 4426 6949 815
f 1177 1566 5103
f 5414 6175 4773
f 3888 996 5632
f 4576 610 5619
f 3032 4068 2727
f 6999 6568 2344
f 5124 6983 869
f 150 5047 6072
f 3014 6815 10
f 3036 2870 1673
f 2934 3118 131
f 2551 7897 5217
f 2218 5125 2440
f 5449 5892 5594
f 3520 4586 5027
f 4804 1161 439
f 270 984 1251
f 892 289 2308
f 3755 511 4793
f 5063 889 3737
f 286 6570 4897
f 353 3080 3934
f 680 5383 4843
f 306 303 3560
f 6308 2186 4019
f 3110 3912 4162
f 1770 1755 5814
f 1484 524 1217
f 4661 7619 2972
f 6272 4584 6578
f 3745 4285 422
f 3240 6572 6329
f 5564 5140 2856
f 1338 1573 4901
f 679 5209 5617
f 811 4939 6529
f 3575 5870 4591
f 6527 1261 2321
f 4917 4595 2266
f 5204 735 3362
f 1491 3924 717
f 2094 5170 1091
f 3018 44 3005
f 5217 4371 2551
f 2796 5146 1846
f 2569 2180 2312
f 5550 3868 3679
f 2466 7952 4369
f 6573 6719 6400
f 5502 3833 695
f 1651 4893 4958
f 2025 3427 2788
f 3587 4344 2018
f 1039 2411 4569
f 6897 2913 3128
f 1641 2033 3481
f 753 3259 3799
f 789 4259 2297
f 2481 3482 4023
f 2449 3739 2360
f 3849 2677 4618
f 1788 5162 7613
f 3591 979 2905
f 264 2015 4287
f 4162 4271 3110
f 1265 3401 5173
f 722 5849 1717
f 3455 1421 501
f 3909 7698 4596
f 1123 7694 3055
f 1226 2415 1618
f 4472 2080 3334
f 865 1348 438
f 477 3824 2234
f 1472 4350 2658
f 5724 4843 1732
f 328 5502 695
f 942 3272 5130
f 4613 4484 3117
f 5174 534 3741
f 1158 949 3612
f 2515 4307 3129
f 1770 4270 2024
f 566 1423 5858
f 5849 3123 5590
f 4129 3923 3692
f 4661 3816 5071
f 5071 4692 1859
f 1062 1138 4184
f 1504 4407 3533
f 3814 2745 3609
f 625 842 1600
f 2690 2838 2773
f 2043 4955 3286
f 5728 4389 4838
f 4823 124 6810
f 4079 6943 2903
f 4705 4973 4303
f 817 7346 3046
f 7019 2686 1783
f 6579 6213 2409
f 1171 793 4062
f 7051 6580 6478
f 7646 6581 6038
f 5007 4601 5026
f 687 3182 1764
f 5509 4836 895
f 1983 972 1719
f 7086 2038 5106
f 3864 3348 1605
f 5035 7949 2315
f 570 7303 1438
f 4032 4441 4231
f 5030 5022 5870
f 160 5171 3298
f 1902 7792 294
f 2199 2275 3231
f 4106 4344 4531
f 5391 4490 4913
f 1491 717 5872
f 5078 1981 4130
f 3184 1867 2767
f 1956 950 3663
f 2004 421 1282
f 902 1320 660
f 3910 2448 5275
f 5326 6493 1747
f 6583 6584 6166
f 5599 3394 5220
f 4628 1983 3804
f 5418 7831 3214
f 5497 5750 4862
f 1308 7415 3476
f 3585 4726 2892
f 3311 2992 4499
f 3203 5626 3219
f 443 5606 5858
f 3351 765 2409
f 4303 5786 4913
f 3597 4600 4857
f 904 736 287
f 1482 4905 3416
f 6180 5949 6303
f 5690 2823 5376
f 5336 5308 2793
f 5146 948 1846
f 415 1316 2230
f 112 1619 2290
f 2867 715 1570
f 1416 5128 663
f 5872 7410 7184
f 5054 680 1038
f 2539 3688 2427
f 5764 4139 4571
f 7673 7676 21
f 1167 126 2242
f 2690 1399 3967
f 3039 3081 5849
f 7246 2745 6930
f 2228 4226 3140
f 2693 2980 5074
f 251 6418 7510
f 6002 6590 6589
f 1209 2396 1873
f 862 4798 4295
f 1976 1936 1984
f 5244 654 4164
f 2227 5808 1430
f 2559 4245 5811
f 1710 3965 5741
f 3143 5521 5003
f 4002 4008 3874
f 7688 6649 1259
f 599 7033 7767
f 5080 2387 846
f 3591 2905 1857
f 7008 2724 4160
f 6586 7511 5803
f 3463 3763 2699
f 728 6591 256
f 4766 4761 4087
f 5270 356 590
f 14 780 449
f 7997 2899 3360
f 2276 3545 4654
f 5374 1858 5730
f 7283 3340 3845
f 4958 163 1651
f 2609 4844 4952
f 5192 2227 4012
f 4981 3754 3603
f 4170 5043 7924
f 17 5461 5408
f 1161 4804 5673
f 5461 4510 4762
f 7123 2450 4099
f 5172 1555 5282
f 3479 146 4877
f 2309 5944 6794
f 2167 3668 4222
f 1392 6856 4468
f 3987 2848 1877
f 2393 7846 2908
f 14 3156 780
f 4403 5075 2606
f 1425 2062 1585
f 3094 1302 4142
f 6780 2133 1337
f 5753 2654 2862
f 5480 5266 4583
f 5852 616 1769
f 1236 3894 2077
f 1919 3878 833
f 4163 2684 2265
f 3006 4293 5729
f 3178 5460 1014
f 1424 7309 3669
f 5759 3884 2629
f 2566 407 4715
f 4148 4894 523
f 1082 2353 7558
f 5832 341 5551
f 2563 4135 5558
f 5424 1991 3462
f 2213 5416 5194
f 4989 7209 293
f 4970 4315 1201
f 1197 5585 1127
f 5210 1863 5816
f 5073 44 3018
f 566 799 332
f 29 7954 4437
f 4041 4670 3243
f 3079 4994 556
f 2272 4746 2108
f 1043 2203 967
f 2757 3836 716
f 3941 462 3959
f 5862 1464 4134
f 3228 2003 3627
f 4442 3975 1217
f 302 3286 668
f 5072 5764 1351
f 7263 7231 7325
f 2418 2437 5831
f 3952 3953 443
f 982 2734 2303
f 4094 3429 4408
f 2556 3840 3545
f 3464 2226 3394
f 2711 3618 476
f 7203 7204 7185
f 2531 3350 628
f 3546 3846 5013
f 2434 3992 1170
f 1982 362 7517
f 4084 4082 5621
f 3036 2925 5042
f 4171 8012 2431
f 1549 4163 2108
f 3518 2958 6293
f 5082 3189 5234
f 1987 5708 5525
f 5505 725 3120
f 57 2645 1830
f 834 2821 3942
f 7126 5928 6057
f 5828 5881 4999
f 4673 5145 5369
f 4826 5776 4852
f 3786 5110 5808
f 2273 975 3918
f 4213 726 3728
f 3716 4246 3721
f 525 3287 3132
f 3788 1453 1729
f 1655 4723 2042
f 3463 784 3507
f 5621 3520 4084
f 1487 5317 4809
f 827 2410 4580
f 7015 3235 3687
f 3726 5875 3029
f 3714 5027 2884
f 3571 917 3238
f 3157 926 4813
f 509 1835 31
f 381 5227 23
f 1226 1618 2869
f 5099 2387 5479
f 7855 7886 3891
f 7172 5072 6178
f 1367 2938 4383
f 1382 5277 3667
f 2043 6237 3620
f 6451 1304 2698
f 5002 4130 371
f 5732 7558 3013
f 4398 7500 798
f 3493 6106 4552
f 4067 3571 3238
f 4451 810 4125
f 795 655 3385
f 4185 4674 4252
f 2677 3097 3521
f 6231 6236 6669
f 2122 2102 2536
f 4794 2726 2732
f 5821 1759 1908
f 4932 3653 2680
f 1123 3055 5850
f 2815 3140 734
f 3812 480 3629
f 4540 2180 4461
f 5923 7115 7154
f 2592 6603 3599
f 911 4677 1808
f 576 1496 1439
f 627 5574 841
f 3954 988 5304
f 2828 4498 2446
f 4961 1959 539
f 1720 5855 3308
f 2289 1094 4531
f 3252 7240 1305
f 1894 7177 4378
f 4001 511 1088
f 3265 203 3745
f 3127 6779 7039
f 5831 2437 991
f 5305 3554 907
f 25 4474 4296
f 2266 637 1718
f 5694 4668 3912
f 1180 605 1211
f 6605 901 3681
f 2741 2112 2229
f 2831 3974 3561
f 2599 2598 5419
f 982 4485 3509
f 2897 5843 2028
f 581 5272 3138
f 3873 4076 3161
f 2771 7597 3907
f 4129 4500 2973
f 753 1646 3259
f 5189 5570 670
f 4230 6277 383
f 7774 4745 5381
f 5041 778 2600
f 4949 1637 2412
f 1689 3116 4117
f 7451 3407 2209
f 6292 6288 6159
f 5114 2301 2112
f 552 445 5224
f 7221 5718 4326
f 2666 2380 510
f 5113 1990 1459
f 37 4288 1270
f 106 2105 4644
f 7313 618 1728
f 5371 1966 4192
f 5801 7289 4988
f 3806 7208 4225
f 7772 5445 3327
f 4562 7873 5409
f 2214 3897 3447
f 1458 4962 2798
f 5121 3937 3087
f 1982 5049 362
f 6607 6351 6438
f 4581 3304 108
f 4463 5535 1662
f 580 883 4195
f 2252 1522 3075
f 2079 1794 4314
f 4968 1473 2587
f 959 3195 5405
f 3707 5233 3858
f 7310 852 4267
f 2633 1800 7207
f 6608 4345 218
f 891 553 1530
f 3412 2296 3609
f 2120 6824 2540
f 4277 911 5142
f 1087 5626 4480
f 1393 2644 3935
f 3960 1493 162
f 331 3598 45
f 6547 5942 6650
f 2294 6157 1987
f 5521 4585 4356
f 4555 586 5083
f 4816 4724 4331
f 1933 4213 2918
f 2263 1095 2056
f 4110 3082 4876
f 778 87 3415
f 4565 2428 585
f 4609 3359 3910
f 2686 7019 5787
f 4742 2233 2572
f 3357 3110 4271
f 5696 4267 3063
f 4408 6041 4094
f 3499 215 2314
f 505 126 6958
f 7652 22 3044
f 901 1882 3134
f 5282 5048 2734
f 2724 2815 4370
f 1180 1211 2342
f 531 5676 1317
f 1048 116 3324
f 6610 6554 6497
f 4440 5219 1551
f 1354 3417 1784
f 515 1949 3564
f 3255 4153 337
f 5665 1881 2632
f 5690 5282 3764
f 5089 4358 113
f 6536 6612 6249
f 5211 3068 4624
f 1277 3164 1227
f 1946 2824 3445
f 1961 7797 1165
f 1078 3382 494
f 5062 6814 3424
f 1658 1861 1816
f 3465 1028 173
f 2327 917 3571
f 3148 3144 3555
f 6528 4470 3182
f 2697 5359 1155
f 3116 4760 2295
f 2076 7796 1547
f 4540 4461 4386
f 4475 4801 3775
f 87 7008 4160
f 7499 1067 686
f 3027 2368 2371
f 2306 1850 3861
f 3162 3637 2344
f 3755 5215 511
f 1843 3877 276
f 5859 5678 4784
f 4927 1102 559
f 1076 1211 605
f 1945 5436 5008
f 1346 3912 3516
f 3294 506 1567
f 1243 29 4437
f 2158 5079 5617
f 3097 2960 577
f 2560 2112 2741
f 2995 2708 1446
f 4824 7615 5487
f 2716 6517 4134
f 7191 4319 4756
f 1811 1016 647
f 5640 859 5168
f 7481 3693 59
f 4948 1889 5843
f 2961 1117 1129
f 1374 3807 5054
f 4614 1358 4450
f 1886 2859 3740
f 3355 3409 4610
f 7771 4545 1322
f 6627 5987 6615
f 1505 6617 713
f 414 407 4301
f 1853 5693 2553
f 3600 606 3649
f 2391 5213 3425
f 2413 7588 4822
f 6198 6619 6470
f 2569 2312 1782
f 721 2187 2065
f 4805 4339 3319
f 7128 487 6620
f 6621 4891 5935
f 2058 6803 5798
f 6869 4892 4261
f 5505 3120 3644
f 4343 2168 701
f 3197 2585 806
f 7300 2345 1
f 1282 4210 720
f 3354 4411 3211
f 5706 7513 4187
f 4493 2584 1047
f 3250 4246 4528
f 4017 1912 225
f 231 5201 1018
f 673 435 4237
f 3410 830 3070
f 5198 3734 5629
f 301 5149 4941
f 4521 7276 2005
f 7020 7003 7649
f 3331 5790 645
f 2996 357 693
f 3604 7023 3615
f 2110 4420 970
f 3570 208 3224
f 4500 4129 4934
f 7730 6383 5975
f 7798 3565 6933
f 5978 6387 6623
f 1936 3825 1005
f 5411 6823 1829
f 454 311 307
f 1087 4944 1924
f 5506 5541 4626
f 1434 4809 1522
f 3436 5180 4625
f 2724 81 3911
f 6841 21 2339
f 3778 7358 444
f 6447 5931 6574
f 7468 4774 2035
f 1003 7021 6170
f 6625 5945 6859
f 5775 3533 4407
f 1310 3298 920
f 1725 882 1639
f 2008 4569 180
f 3108 4576 4255
f 1030 713 2434
f 1822 3226 1931
f 4130 3422 876
f 7786 6641 6674
f 844 92 2736
f 947 1827 2102
f 701 2168 1954
f 2272 2108 4163
f 322 5918 8013
f 4944 1087 2971
f 1352 2919 716
f 2418 2417 2215
f 2903 5223 5467
f 6626 6421 6946
f 2381 2476 2106
f 1062 437 1138
f 4145 5060 5866
f 5359 1763 3626
f 1253 3471 97
f 5222 4841 631
f 2500 4875 3229
f 4085 3550 1723
f 4432 7494 3818
f 5363 7044 5755
f 5219 1100 1551
f 515 1350 1949
f 2036 386 5552
f 3688 4283 5717
f 5881 2587 4999
f 6756 1636 5567
f 3947 3490 3885
f 547 5896 1719
f 118 4395 3365
f 3893 2690 3875
f 3608 942 4433
f 4315 1697 1201
f 7907 7095 6265
f 4851 4758 3415
f 1900 1183 529
f 1102 2475 5271
f 63 1266 1807
f 1564 5642 2490
f 4266 6908 5237
f 5095 3777 3255
f 2490 7365 5608
f 3696 980 1748
f 5665 3297 1986
f 2483 270 2159
f 6397 6554 6610
f 6146 6628 6097
f 1647 1439 1501
f 426 7579 412
f 3042 1051 5875
f 925 3245 3166
f 3186 2479 4647
f 2873 292 4323
f 868 2063 1678
f 4735 7308 477
f 923 2811 1873
f 5303 4889 2248
f 2375 6457 1949
f 5423 207 328
f 5673 4390 1161
f 1657 1330 2026
f 2106 3211 4411
f 7618 3083 2602
f 327 4488 4161
f 2792 7342 1891
f 1282 296 4210
f 7009 4734 5686
f 2673 4737 1897
f 4610 5406 3355
f 3469 2036 5552
f 2865 3257 3606
f 3464 5842 2226
f 1101 1686 1714
f 3975 4201 5050
f 6411 4465 3447
f 6886 6963 3875
f 1340 1112 2707
f 5353 3446 4263
f 2785 2050 1898
f 111 1489 3120
f 4738 5771 5074
f 5190 4493 2472
f 4336 1333 6080
f 6192 6138 6191
f 755 1393 1391
f 5327 708 3685
f 538 3444 2681
f 1284 5345 4883
f 7179 7254 5682
f 1137 4491 973
f 389 2645 2506
f 1507 2198 1498
f 2733 3025 5352
f 7315 4923 650
f 684 677 5666
f 2499 2059 2495
f 525 1597 284
f 7330 7316 1759
f 7791 2786 152
f 5519 4660 2687
f 4816 4331 5492
f 2682 3507 4022
f 5736 2764 2101
f 3050 7292 4431
f 3370 7600 1790
f 292 3944 649
f 741 3299 3635
f 1247 3894 3069
f 260 361 2996
f 6518 6137 6635
f 913 607 620
f 1918 3887 3952
f 3275 2985 2775
f 3372 4820 2710
f 2169 3807 3961
f 6571 3844 2493
f 3365 3818 118
f 7825 6555 319
f 641 3059 3365
f 157 5288 3743
f 5088 2497 5324
f 2604 7261 1799
f 4472 5320 2080
f 5154 6920 5476
f 948 2932 1846
f 3464 4063 5842
f 4028 4547 3761
f 2764 5736 3219
f 4608 2125 197
f 4418 2901 2560
f 4126 4648 3513
f 353 3470 3080
f 1527 5305 4714
f 4098 3523 2696
f 3228 3617 2774
f 1262 5473 5727
f 2890 5846 3617
f 737 4439 3819
f 4903 1786 4898
f 1620 4292 1773
f 4122 3007 5000
f 120 5528 7910
f 2086 1587 6972
f 3596 915 2777
f 2974 1662 5535
f 6637 7052 4269
f 1225 3288 1998
f 3885 5155 3776
f 6638 6451 2861
f 898 4699 3261
f 1148 7357 6099
f 3437 3451 3192
f 1580 4464 2567
f 5906 5367 5705
f 5122 4801 3948
f 874 8014 6904
f 5419 4413 2636
f 3138 2740 1053
f 3396 7057 7655
f 4532 1381 4739
f 1793 4289 362
f 4445 4790 5524
f 7997 2869 1618
f 5902 6150 3397
f 4476 4760 4751
f 4951 5583 2299
f 2986 3963 165
f 5394 4862 5750
f 964 3903 4322
f 7078 6934 6852
f 3460 3096 807
f 837 4722 5692
f 772 2697 1155
f 7799 3928 2809
f 2497 1822 4328
f 198 3069 2055
f 3386 3127 3672
f 3569 1198 3767
f 3200 2349 1612
f 100 757 2605
f 5337 6608 1274
f 5290 671 5261
f 5272 4825 1696
f 7709 2325 315
f 1260 985 3118
f 1324 6380 2793
f 5633 2369 3636
f 1240 3595 2097
f 1436 4569 2411
f 3998 6526 2946
f 2297 5861 2851
f 2647 4358 5089
f 5582 1993 990
f 4930 4477 2943
f 6640 4610 3409
f 15 5254 675
f 1170 845 2434
f 1673 2870 6774
f 3040 3669 4503
f 1086 5772 3692
f 4047 1832 1810
f 3872 6953 4784
f 5652 358 365
f 5074 3270 1705
f 5197 4015 5697
f 5501 7255 6449
f 909 4314 1794
f 5326 5630 3506
f 491 4788 1791
f 3682 2707 3736
f 4605 171 3710
f 5597 4105 4481
f 1287 2609 4093
f 4608 2628 2125
f 424 6503 799
f 1730 7877 7795
f 4869 3295 4909
f 6868 6133 3762
f 7658 4071 7769
f 373 3553 2070
f 4815 700 924
f 1 3661 4868
f 1366 5799 2298
f 6217 5922 6641
f 3188 2149 1534
f 1536 1660 1971
f 4198 129 67
f 2270 3858 5233
f 2757 2919 3330
f 1301 4903 4869
f 4464 1580 5741
f 243 2138 2911
f 3666 4466 5137
f 1930 193 4286
f 3434 6089 1613
f 2873 4992 3944
f 2982 5803 2346
f 5717 4116 286
f 4438 1610 2984
f 2454 2866 2610
f 3143 813 5521
f 3696 2036 980
f 766 7884 2786
f 3744 782 5804
f 4502 4486 4564
f 616 591 633
f 2187 3233 2617
f 3276 3316 2570
f 5199 3432 5200
f 1273 348 54
f 1303 5274 4471
f 2675 2322 550
f 5445 2687 3327
f 2062 1425 193
f 2603 4711 4683
f 2329 2094 2088
f 1107 3168 642
f 1361 6891 4235
f 1827 573 3674
f 1359 5762 1393
f 6645 6646 1202
f 1468 747 5144
f 1504 3533 13
f 1401 2315 4342
f 2244 5427 822
f 6760 2862 1620
f 3859 7814 2763
f 5579 4325 4964
f 1030 2434 845
f 4972 5560 2521
f 3790 830 2359
f 3989 6648 6519
f 3368 3870 5017
f 5495 3261 2950
f 1407 6966 7000
f 4747 3793 7283
f 5124 869 5464
f 4464 800 5361
f 1416 512 889
f 4797 4634 139
f 1303 3075 3066
f 6392 6772 1475
f 3292 956 3001
f 3674 7407 2536
f 963 5415 736
f 5454 5333 1531
f 2773 1774 5544
f 5742 6262 2537
f 1365 3044 4133
f 3451 1495 4108
f 4481 4244 5597
f 4839 5410 1563
f 4927 142 4672
f 6838 2230 4272
f 1147 2380 1023
f 1056 4283 5371
f 2483 3936 521
f 3712 5647 3780
f 5143 4282 1893
f 4268 3892 1644
f 3533 2550 13
f 4243 1667 1454
f 3463 2699 3481
f 786 167 7674
f 1559 1943 470
f 4244 3809 4612
f 4273 5232 1292
f 155 4191 1812
f 4964 5037 295
f 1583 4437 3237
f 6649 4788 4769
f 6547 6650 144
f 4652 4998 4550
f 5180 4070 4625
f 5559 4979 2387
f 5057 2098 7891
f 2759 5777 4435
f 2608 790 4633
f 7033 6839 4310
f 5135 3902 4664
f 3008 6797 6977
f 1352 1709 2808
f 4007 6376 843
f 3727 666 3635
f 7502 7501 7562
f 3591 2668 979
f 6931 7320 3473
f 1872 1182 3160
f 1918 2359 830
f 5323 3736 1302
f 1560 827 1892
f 645 7790 3331
f 1437 6553 1642
f 2605 6049 100
f 3436 4625 4201
f 1813 1812 4191
f 535 392 390
f 5171 5329 4551
f 5396 6844 1410
f 1266 984 1807
f 4748 338 4338
f 3576 1748 980
f 1276 7797 1961
f 4465 2125 2628
f 2463 7801 2615
f 1373 8015 1263
f 393 2551 3465
f 1734 145 5451
f 1098 276 3877
f 2416 4603 5624
f 7034 6977 5572
f 5804 4312 2613
f 4749 2735 2571
f 1239 5605 849
f 1882 6866 5695
f 5443 1390 1002
f 3494 2556 1571
f 5415 963 1342
f 1010 3981 5099
f 5618 7806 2355
f 5633 230 2292
f 1694 4612 3809
f 6398 6529 4939
f 2559 5811 694
f 4 3067 1608
f 3529 1659 5440
f 4810 924 700
f 4409 2822 2702
f 1675 4186 1579
f 7502 684 5669
f 1872 7463 2156
f 103 1061 3067
f 7002 4731 3297
f 6678 1626 3019
f 4304 4592 1049
f 1162 2909 2219
f 6308 2513 3361
f 533 5691 2099
f 1874 4659 5428
f 5111 3882 2264
f 7889 4065 707
f 1277 1227 3472
f 5706 5736 2101
f 5278 7839 1979
f 2402 3900 4397
f 4552 6735 3493
f 4553 7414 4724
f 298 2030 1505
f 3136 4020 3020
f 2060 7187 6777
f 2780 4847 7954
f 4907 46 1561
f 5855 1720 3450
f 4037 3481 5285
f 4950 1432 240
f 3570 945 3428
f 5282 5690 5048
f 1355 2993 1444
f 6867 3177 3189
f 2194 3165 675
f 1426 4215 85
f 2097 3528 5010
f 500 1958 4237
f 5090 644 2599
f 3566 1574 897
f 5048 2303 2734
f 3737 7984 5063
f 1727 6632 3744
f 6198 4179 6619
f 5211 4019 1555
f 4750 6259 248
f 6959 6910 557
f 295 4747 3210
f 7859 3065 7678
f 52 3547 4628
f 5483 7895 4399
f 3468 153 2561
f 4308 2413 1465
f 4998 930 4550
f 4537 7195 3340
f 6074 6633 6374
f 4687 7053 2262
f 1060 5231 3293
f 4445 5208 4763
f 4273 1938 3223
f 1802 7156 1988
f 4162 1346 4528
f 3951 7512 1035
f 1795 1192 3294
f 5039 1368 1160
f 5754 4599 3241
f 3756 5092 4970
f 3742 4422 5006
f 5633 2292 318
f 5921 7802 3424
f 6164 6089 5988
f 4030 2717 1151
f 1393 5762 2644
f 1954 5632 996
f 1198 4861 3767
f 694 1382 4395
f 6656 123 26
f 3616 1431 2646
f 22 1970 3044
f 1471 5047 3384
f 678 5842 4063
f 5342 5708 5863
f 2731 3900 5160
f 2521 638 4972
f 7919 5968 6311
f 4696 3708 1185
f 462 5433 6815
f 1161 4583 439
f 2659 6060 6659
f 4013 4800 5524
f 4469 6349 3611
f 1897 4495 340
f 4549 4112 4870
f 2507 2466 537
f 6328 5275 2448
f 2316 1571 2276
f 2421 3607 655
f 4232 1209 1626
f 4924 5711 3848
f 3162 2344 6568
f 912 2929 5569
f 2197 5279 5201
f 1629 4723 5532
f 636 4968 2587
f 417 1213 4313
f 5852 4924 616
f 2963 6877 1254
f 1493 3960 2660
f 1577 951 423
f 4610 2010 3406
f 183 2126 4691
f 71 2109 1398
f 7149 6246 6382
f 5150 5400 4036
f 1423 6199 443
f 1566 1796 5103
f 1948 1542 1176
f 5796 4826 1511
f 3213 2973 3024
f 4436 1777 5606
f 2745 7246 3412
f 5223 5168 578
f 1239 1742 5605
f 1797 7625 710
f 5442 3048 5458
f 4732 1597 4727
f 1923 5426 1998
f 4297 5125 5097
f 1579 85 4215
f 3920 3043 3366
f 2475 5463 1695
f 1105 2181 7665
f 8020 4478 905
f 5623 6862 4717
f 4387 4184 1138
f 1436 2411 5491
f 1486 6609 6937
f 6058 5878 2565
f 1553 4296 7652
f 6557 3378 3565
f 3752 3233 1237
f 157 4914 3899
f 87 4160 2923
f 5065 5715 3678
f 5441 2265 2684
f 3060 1585 6917
f 1763 2697 1021
f 401 159 688
f 7026 4615 3924
f 1404 6128 5975
f 163 4958 5101
f 2826 2566 2986
f 5537 5015 5232
f 1488 932 2129
f 3738 7701 475
f 593 7928 4006
f 4964 1134 5579
f 171 3751 3710
f 1675 5316 4186
f 2456 1129 7552
f 1138 4669 5426
f 5101 4958 1073
f 2830 1401 4342
f 6495 6837 3238
f 175 721 3715
f 133 3049 2346
f 503 4525 1248
f 2717 4030 3335
f 422 7041 6930
f 2515 6806 7542
f 1970 84 18
f 5158 5875 3726
f 4981 4967 3754
f 5767 5191 2324
f 2996 693 367
f 4616 3822 2110
f 1621 3833 5502
f 747 4396 3889
f 2562 6664 5287
f 3604 6891 7042
f 7043 6890 3614
f 5531 4833 3112
f 3090 244 2456
f 5336 2496 3513
f 6094 4149 3982
f 2762 4183 5349
f 232 5001 546
f 5191 1977 2324
f 2786 7791 766
f 5110 332 3225
f 4851 1838 4758
f 5625 4946 4454
f 1954 4670 5632
f 5130 4433 942
f 5386 2687 4660
f 5207 5877 3865
f 5460 2970 1929
f 7702 3198 5844
f 5187 3426 2601
f 2232 70 754
f 3539 1059 3536
f 6903 1422 4046
f 1303 5062 3075
f 963 736 904
f 2388 4457 3827
f 461 6446 6552
f 4031 1433 4690
f 4768 4229 5051
f 3764 1555 4019
f 77 2348 4771
f 97 5749 1253
f 3791 1147 69
f 2993 5453 3234
f 4693 906 1519
f 1170 893 1519
f 7326 2201 1484
f 615 4231 1286
f 2656 3983 2197
f 1943 4728 3212
f 3104 320 109
f 521 2212 579
f 659 3241 4599
f 2465 5510 5006
f 3298 1509 2258
f 3370 955 3493
f 2894 4523 7583
f 1607 5448 5508
f 6867 7099 1950
f 1317 53 1884
f 7013 4061 2700
f 1371 1976 4206
f 3611 6349 159
f 528 746 1848
f 6668 6703 6457
f 2894 4282 3783
f 3737 7805 2770
f 3769 1708 2257
f 4485 2959 350
f 4627 3402 4529
f 1512 7693 4990
f 900 1624 2175
f 1154 3141 1167
f 1039 4569 2008
f 6451 2698 4881
f 1723 3550 2806
f 987 7323 3235
f 4573 3444 5768
f 4347 2705 2701
f 7673 4542 4473
f 2784 5175 2304
f 834 152 2821
f 4179 4728 2994
f 234 2196 3686
f 4054 4137 2523
f 2712 6672 6542
f 6864 685 5169
f 6533 50 1627
f 26 7101 3639
f 5194 5416 740
f 2494 4096 1065
f 4288 37 1921
f 6419 3026 6035
f 3505 4880 4886
f 6929 7202 1044
f 906 4693 2245
f 5454 5502 207
f 1433 5659 376
f 787 4204 5818
f 7044 1550 5755
f 3863 1590 3216
f 4414 701 996
f 3394 5599 4681
f 6671 7157 5311
f 4931 3903 3631
f 7595 4690 376
f 4792 2979 4000
f 1909 1053 1576
f 2745 3814 2399
f 2968 4730 2086
f 4839 522 5410
f 5492 6494 450
f 3315 5071 5070
f 3839 1803 1541
f 385 4182 3443
f 683 6796 2326
f 5301 3067 1061
f 7597 2152 6597
f 2375 1949 1350
f 5080 5479 2387
f 1108 652 1124
f 3395 7324 3724
f 5595 5911 5204
f 2261 4239 1548
f 3418 5052 1343
f 4539 3485 1419
f 3508 3631 3903
f 3798 2945 2288
f 113 7350 5780
f 4555 577 2708
f 3716 4162 4528
f 3993 4640 61
f 4522 5566 4016
f 2992 180 4569
f 192 1735 5186
f 864 3796 1089
f 3684 4624 4954
f 853 3156 4660
f 436 438 1348
f 7510 7637 3402
f 3029 5875 1051
f 4917 6200 3332
f 6245 6628 6084
f 5489 4666 5541
f 6810 5152 281
f 3393 6192 698
f 3696 1748 3706
f 1989 2780 29
f 2225 389 2735
f 959 3271 5334
f 3174 6882 2347
f 3624 1751 3899
f 4497 4701 4841
f 2958 6675 6293
f 2810 176 6409
f 6676 5974 5964
f 5708 5342 5525
f 1105 1156 340
f 591 3848 2994
f 2581 1695 5297
f 3715 1729 175
f 3123 5849 3081
f 4479 444 3020
f 6066 7902 6333
f 510 4400 2666
f 5222 631 6973
f 5597 4631 352
f 5350 3179 4558
f 176 28 399
f 5152 3441 5257
f 5349 7251 2744
f 3527 1331 2285
f 614 3366 3043
f 2783 637 2234
f 1925 4173 5866
f 769 434 640
f 1595 4764 5881
f 4047 5788 4663
f 2094 2329 5170
f 1672 5393 4907
f 3431 3980 5161
f 1365 4412 2722
f 5789 2997 2622
f 3096 3679 613
f 4694 5506 4306
f 5558 3766 3970
f 2248 3381 5303
f 255 4567 161
f 78 2320 2141
f 2606 7325 4403
f 1990 4165 2652
f 4480 5511 1087
f 1854 2617 2044
f 773 2672 1502
f 1754 68 455
f 5436 4424 1682
f 2435 2910 4896
f 7619 4661 3315
f 689 8016 8007
f 5101 5836 5604
f 4921 3134 1882
f 6171 7799 196
f 2656 1411 2645
f 6818 1046 6789
f 4646 4003 3363
f 1737 2965 4217
f 4602 1164 8001
f 4423 5447 2321
f 3715 721 2065
f 6275 4949 6449
f 517 6533 4280
f 7489 3119 1238
f 2154 702 5348
f 1812 1813 2270
f 4990 3977 3484
f 1954 923 4670
f 6796 7049 2326
f 2291 1186 3720
f 5620 3590 2692
f 643 1556 5865
f 7466 7498 2372
f 1852 154 5020
f 1277 3259 3256
f 5274 7756 196
f 3002 3154 5531
f 6359 1922 1578
f 5747 5743 3347
f 1814 1107 642
f 74 1811 1168
f 3829 2820 1116
f 4929 4095 164
f 7050 6974 4715
f 7207 1800 2363
f 2995 402 5674
f 7051 4644 253
f 112 2402 4397
f 4452 4913 4490
f 2272 1540 4746
f 4998 2873 4419
f 788 2704 5149
f 6866 5618 92
f 2253 2170 1716
f 3641 5801 1248
f 3223 971 4273
f 79 4072 5613
f 1811 647 2671
f 4740 4317 3895
f 149 2252 4018
f 1802 526 519
f 2399 2758 3265
f 3969 5104 2750
f 5598 1603 2142
f 7246 2433 5169
f 2491 5133 5739
f 176 4893 6831
f 7708 7253 6206
f 5020 2629 3884
f 6545 4960 519
f 4246 2198 5098
f 1521 419 4794
f 6524 5886 6506
f 5830 1482 3643
f 3946 5045 1449
f 6683 4055 6274
f 1953 4407 4233
f 2901 5120 2900
f 4499 3280 3311
f 1985 2774 3617
f 2347 2361 2747
f 2428 318 2292
f 6214 4253 3010
f 5700 1228 5195
f 2918 2623 5879
f 3118 5546 5465
f 997 1047 3901
f 2816 7563 5470
f 3567 6237 1899
f 2242 2186 1154
f 3626 943 3673
f 4913 197 4303
f 1034 4140 1492
f 5597 1473 4105
f 7782 1170 3992
f 1731 7225 6186
f 1328 2841 3453
f 5776 2764 3219
f 7883 3772 3301
f 7113 7682 606
f 2704 1498 5149
f 6713 6684 6352
f 7887 2676 4311
f 3888 5045 950
f 1875 7973 718
f 2787 2486 2821
f 5068 3897 2356
f 518 3790 1484
f 5062 4018 3075
f 3694 1767 737
f 1868 2024 4920
f 4536 1187 5638
f 2911 1356 1688
f 3579 3445 2824
f 961 5832 5514
f 3455 5361 800
f 717 354 451
f 3203 3219 5736
f 4948 501 2457
f 5571 2302 5610
f 2985 1569 1762
f 3058 3748 3527
f 1185 3753 5294
f 1984 2767 1976
f 2217 2216 6820
f 3377 1441 4349
f 4014 234 559
f 4822 2516 3248
f 919 2460 3901
f 5107 5757 373
f 3401 7745 5173
f 3466 2912 5442
f 962 1379 2825
f 3435 1468 3377
f 912 315 2325
f 876 371 4130
f 4392 7766 4138
f 1041 7681 4199
f 5599 7576 5016
f 4173 5265 3898
f 5317 1487 2504
f 4630 4645 5450
f 5451 145 4676
f 3660 4239 5212
f 2206 3154 3002
f 1039 2008 513
f 2901 5129 5120
f 2266 4581 4917
f 4657 7456 5729
f 341 840 4224
f 2604 5127 5092
f 999 7317 1549
f 2460 1697 4911
f 2704 2701 2705
f 362 5049 1793
f 5029 2169 3782
f 3306 6687 5873
f 4041 5952 5632
f 5428 3516 2487
f 54 348 5195
f 595 633 591
f 4106 1055 4394
f 7803 1691 1291
f 7940 7684 1264
f 397 5324 4249
f 5135 2224 4621
f 3131 7706 316
f 988 3760 5303
f 6285 6371 4224
f 5094 284 4736
f 101 43 4297
f 5056 5239 5822
f 1719 2024 4270
f 2715 3862 5340
f 2964 5307 1663
f 6122 572 4855
f 4287 2015 4284
f 5749 6911 1619
f 2875 59 539
f 577 3521 3097
f 250 456 1397
f 6634 1023 2380
f 1954 996 701
f 3477 4663 2595
f 939 5696 1760
f 3302 5135 4664
f 3272 879 4472
f 3399 3932 3940
f 1976 1371 1936
f 6065 6066 6333
f 7189 1834 8019
f 4462 4093 3188
f 4161 1901 1037
f 767 708 3201
f 4979 846 2387
f 8007 2219 532
f 5694 1034 4629
f 1047 2584 913
f 4656 143 639
f 1350 514 5553
f 527 4999 352
f 15 3165 1267
f 5805 2261 1548
f 577 2960 2708
f 7332 4921 5712
f 2992 4569 1436
f 1658 7617 5162
f 3292 3001 6419
f 3071 5312 2517
f 6654 6157 1516
f 385 2636 6071
f 3736 2707 1112
f 2771 6309 6503
f 3489 3781 5590
f 5507 1324 4951
f 3411 1542 1948
f 642 5036 3445
f 1536 1971 1794
f 7119 3189 3177
f 4235 3054 411
f 4742 2854 1033
f 3791 3933 1147
f 5795 5106 1934
f 1610 5713 1757
f 5424 5969 4982
f 6708 4849 2273
f 19 2283 3880
f 4350 3361 2513
f 4427 7666 53
f 5303 5304 988
f 5391 4913 5786
f 5462 7888 4639
f 52 7833 2848
f 261 932 183
f 1181 2103 3709
f 5756 1348 3166
f 775 666 3727
f 7057 5011 4146
f 6999 7282 2768
f 3999 5086 821
f 1383 4655 1099
f 4947 5461 17
f 490 6358 1166
f 243 6788 3815
f 375 1364 5399
f 7030 3129 4307
f 6829 2977 1369
f 223 3371 1750
f 1468 866 3377
f 4162 3716 4271
f 2265 6848 7022
f 468 329 1742
f 2254 3658 898
f 2918 5879 1933
f 7059 5012 2848
f 6760 5753 2862
f 1101 4558 1686
f 4635 7598 1777
f 5595 5204 393
f 1454 5365 4243
f 1344 3498 1741
f 4667 355 1892
f 5154 5554 3303
f 1389 1169 1575
f 958 3477 2595
f 2072 6858 5589
f 3055 3748 5850
f 1123 5393 5439
f 4094 6690 3429
f 4621 5647 586
f 627 1029 5416
f 3177 3917 5339
f 2465 6510 473
f 2783 2234 1662
f 991 1696 4825
f 5562 3577 5515
f 5333 5454 3242
f 2581 5329 5171
f 5523 1814 3487
f 5823 326 5783
f 5583 6312 4636
f 384 2324 1977
f 2370 1774 3428
f 7949 2884 5549
f 4919 1441 1311
f 1377 4111 7803
f 6127 6273 6661
f 759 5746 760
f 5918 2286 2240
f 5738 5045 3946
f 3732 3771 5198
f 981 3001 4557
f 1000 5032 3860
f 6286 1072 1526
f 6692 547 2331
f 5782 6564 5614
f 1441 879 1311
f 3437 2452 3451
f 1453 5312 1474
f 4557 3001 956
f 5887 1315 6228
f 2961 244 1082
f 1857 1443 3591
f 5199 117 5543
f 2757 716 2919
f 1083 3439 5061
f 3166 1348 865
f 4298 4480 3203
f 6739 4212 221
f 6485 4546 5157
f 433 524 742
f 488 3637 1568
f 6503 3225 799
f 1588 6693 1275
f 2380 1147 262
f 3111 4820 4884
f 1932 6639 3781
f 1048 3619 1066
f 1127 1650 1197
f 4931 6001 4322
f 1382 7994 5277
f 6272 6587 6581
f 2684 4878 1809
f 3390 1941 2040
f 7050 4715 6053
f 571 259 1946
f 635 4582 5876
f 19 3234 2283
f 1330 2384 2026
f 2622 4712 1756
f 2830 4342 936
f 109 7060 5018
f 6416 4337 5430
f 1696 6268 5272
f 2307 3295 4869
f 4921 7332 7266
f 1717 5849 5590
f 1950 5245 3917
f 2620 4050 347
f 5693 2621 4693
f 4877 1063 4850
f 4472 5130 3272
f 4531 1094 672
f 872 5238 578
f 2569 6696 5512
f 1939 6634 4725
f 4956 6913 6879
f 2151 5046 4372
f 2784 7540 19
f 3740 2654 5753
f 1176 4794 413
f 3330 438 3759
f 162 1191 3960
f 1911 3755 2038
f 1341 7333 32
f 405 7378 5291
f 188 242 1193
f 4041 5632 4670
f 2616 4783 4444
f 5372 5649 3531
f 7013 1823 4061
f 5828 4999 3285
f 2710 3388 3372
f 1080 5781 2378
f 832 7192 2397
f 4581 2861 4917
f 3078 3192 1590
f 2584 4493 2889
f 311 3856 4808
f 2998 3168 1107
f 328 695 5432
f 245 7337 173
f 3627 5504 2890
f 2813 3532 4632
f 972 1766 547
f 980 5335 3576
f 156 947 5514
f 672 2213 1055
f 1204 182 1723
f 4662 4419 4323
f 3608 4433 1854
f 2496 5336 5778
f 1635 4633 7175
f 1950 7061 5245
f 4665 4168 1761
f 1917 2791 3123
f 3320 390 303
f 3670 1438 4688
f 4973 594 4686
f 6698 2072 3946
f 2672 773 2997
f 1286 2310 615
f 1209 4232 2396
f 5328 6904 5081
f 4467 195 4109
f 6807 2877 2541
f 1047 2472 4493
f 4611 4571 2709
f 28 826 399
f 3434 1563 3459
f 4484 5547 4545
f 1561 5013 3964
f 5571 5610 5635
f 369 7800 4905
f 7607 4776 3793
f 811 2565 933
f 370 2378 181
f 169 2905 979
f 5765 5742 3112
f 5269 1852 132
f 6061 6677 6699
f 3667 5277 5310
f 7755 5321 625
f 5153 1300 2535
f 3070 518 3975
f 4117 2367 3683
f 4894 7335 523
f 2011 919 620
f 7114 6701 6600
f 6702 6538 6040
f 2791 137 3489
f 4872 4886 4880
f 405 5291 30
f 4155 3708 4985
f 1839 1129 1117
f 6956 3881 624
f 1766 972 899
f 43 2440 5125
f 5910 764 2887
f 6806 2515 3129
f 493 99 4339
f 2524 7165 4623
f 1821 3015 1767
f 562 4014 1980
f 3779 2311 4760
f 1612 720 4210
f 2563 3478 4135
f 2314 3754 3318
f 6148 6362 82
f 6656 6003 5890
f 4908 2147 3919
f 3123 3081 1917
f 6462 1927 554
f 5243 3531 5725
f 74 2548 1811
f 3061 4379 5527
f 3658 2254 5234
f 882 1725 1984
f 586 4555 4829
f 4393 1966 7581
f 2711 1076 1568
f 2255 1648 2628
f 4011 7698 4579
f 566 5858 2516
f 4653 2761 1876
f 2909 5730 1858
f 5281 5256 4440
f 5207 221 2552
f 330 3168 4011
f 5458 3048 5021
f 4512 1935 4157
f 2554 905 3142
f 3064 1572 1920
f 3285 263 5828
f 2 2351 5401
f 3681 1270 4288
f 5554 5476 1614
f 2476 2381 5874
f 30 70 2232
f 680 2519 4181
f 4054 3890 5067
f 4870 8013 4866
f 1388 7491 1839
f 3702 5399 2027
f 2478 2209 5226
f 4174 5565 356
f 7687 8012 1581
f 1750 3085 4237
f 1051 3042 3095
f 5191 5767 2895
f 727 8009 949
f 1710 2841 1328
f 304 5825 1927
f 576 6928 1496
f 199 7337 1261
f 5728 3215 4389
f 2634 2451 5058
f 3347 1406 5747
f 644 5090 2959
f 3296 3312 4251
f 4365 1871 3865
f 4228 3724 4226
f 2669 2668 3591
f 7869 3258 7728
f 2041 3535 728
f 3876 4073 3960
f 5320 866 1468
f 7278 4059 6968
f 3626 431 5359
f 297 1647 1666
f 2458 3217 5696
f 1393 3935 1391
f 5895 5643 1868
f 3794 5443 4359
f 2767 1867 4206
f 5725 4968 3494
f 363 171 170
f 395 3291 3061
f 2129 1795 2052
f 5348 3798 2154
f 1145 5812 4570
f 829 7255 5501
f 8002 887 5857
f 5986 5994 6413
f 1366 5723 5799
f 4732 4733 4736
f 1983 4628 3547
f 2690 3893 1399
f 4337 4341 5806
f 6822 260 2996
f 2514 3999 4319
f 2211 2457 501
f 3134 7266 1270
f 1606 5663 465
f 1045 5747 1406
f 783 3160 1182
f 1783 5727 2533
f 2390 1287 2096
f 4143 4294 2544
f 6705 6995 1972
f 6454 728 3535
f 5257 4095 4929
f 103 3067 4
f 4405 2423 201
f 4097 1249 479
f 3014 6316 2281
f 1493 3886 3682
f 5675 2440 5298
f 5118 6994 7946
f 669 408 2007
f 1108 4307 652
f 1384 591 2994
f 1849 2758 2335
f 2144 3552 4761
f 3414 5343 3492
f 1256 4711 5585
f 2844 6706 4536
f 4306 4846 4254
f 5766 5161 351
f 3402 4784 6953
f 3072 3928 4943
f 3110 3357 3915
f 386 541 3477
f 5662 2495 3246
f 5464 7271 5471
f 1855 2310 2602
f 3043 1013 614
f 7036 191 7067
f 7145 3081 3039
f 2665 3205 4012
f 1898 1537 1058
f 4000 2322 4792
f 3042 5473 3095
f 2479 3858 4647
f 500 2452 3252
f 2243 1360 2047
f 1640 4929 3789
f 2869 3360 90
f 6694 1592 5486
f 48 7006 4000
f 5396 5735 1075
f 5269 1011 1852
f 3629 5731 3812
f 3477 541 2748
f 1030 1505 713
f 4870 4274 4549
f 55 4804 4799
f 4730 3369 1587
f 4328 2840 2729
f 5723 5784 4972
f 5575 1234 2177
f 3174 3148 3264
f 2824 5616 3579
f 1255 3043 3920
f 4809 5685 1522
f 371 1316 4074
f 2308 2306 892
f 1901 4488 3843
f 7761 7802 2558
f 782 94 2249
f 2933 4301 2826
f 1986 4731 5698
f 2557 1030 2530
f 2643 6709 5692
f 91 3811 752
f 4177 4803 1259
f 3093 430 3948
f 2388 3851 4070
f 3902 5135 2951
f 6710 6730 7120
f 1128 4649 3150
f 261 1500 2129
f 1405 3283 2509
f 3009 4922 1255
f 5998 6683 6274
f 470 3212 3877
f 2961 2456 244
f 868 428 2620
f 5284 1215 4352
f 2082 3781 2910
f 3504 4259 4075
f 1219 6485 5157
f 3129 1588 1275
f 904 3906 963
f 3857 2366 1887
f 2671 1524 582
f 4111 1377 2627
f 6612 3100 6043
f 4977 6711 5309
f 4863 514 1800
f 72 5025 2723
f 7992 288 2772
f 2325 7709 166
f 6131 2696 3523
f 1805 452 4363
f 1907 7959 2794
f 7886 6800 2754
f 4820 3372 5873
f 2841 5759 545
f 508 5835 1020
f 165 3963 4676
f 2224 7697 5186
f 4759 2177 1234
f 2883 4984 5250
f 2541 3765 51
f 4005 3953 3887
f 4017 7936 1912
f 3040 2965 922
f 5816 406 5210
f 583 2154 2288
f 5519 2323 5189
f 4570 5039 1160
f 7043 7068 3998
f 2451 5599 2601
f 377 414 4301
f 7445 4160 4370
f 3353 4577 3141
f 1786 6444 4898
f 7351 2132 937
f 3621 4300 64
f 1831 5644 379
f 3873 3065 403
f 5280 2047 1594
f 5527 3359 4609
f 3250 4941 5149
f 2157 7689 7696
f 3942 219 847
f 5051 1203 67
f 5453 2308 289
f 7220 2184 2334
f 1665 1677 1116
f 4465 4705 2125
f 5597 352 1473
f 2633 6884 216
f 2550 4574 1177
f 5580 2630 665
f 1841 3664 2743
f 6569 7492 7647
f 5615 594 80
f 2293 5177 3348
f 7511 2025 5803
f 1583 257 1243
f 7000 4259 1407
f 1777 2413 3248
f 983 7067 2529
f 2052 1795 1739
f 1395 1476 1464
f 2849 7654 3159
f 3133 904 287
f 3852 4156 4523
f 5843 1889 3683
f 3757 607 2584
f 3932 3380 1294
f 3951 1035 1528
f 2593 2063 3925
f 5275 3031 3910
f 1160 4522 1469
f 2295 4760 2311
f 3684 4954 1943
f 4330 7795 707
f 1107 1814 5523
f 2829 5273 2166
f 4757 3341 1308
f 4202 1043 967
f 1260 1866 38
f 3131 3826 4707
f 540 4272 1316
f 41 1173 5561
f 2149 2607 690
f 115 6282 2218
f 4067 5381 4745
f 1137 973 4468
f 23 3599 414
f 1648 2214 3447
f 4688 5495 542
f 1317 1884 1153
f 4926 2641 1993
f 2426 2196 562
f 1700 3417 1354
f 4797 4945 4634
f 4126 3513 2496
f 1083 2528 1921
f 5970 4001 3658
f 4979 3107 846
f 4803 4177 4102
f 3581 4707 3826
f 4067 3534 3571
f 3377 4349 3435
f 5737 7071 5562
f 1947 33 397
f 4234 3597 4857
f 3791 858 2028
f 1262 3095 5473
f 1489 3117 3120
f 2073 3052 3391
f 4607 609 5402
f 6389 6443 6716
f 1666 5055 297
f 2323 1232 5570
f 4966 4837 368
f 2828 970 4420
f 301 7281 2165
f 1865 1967 3336
f 1708 2747 2361
f 4270 1770 3804
f 3716 4528 4246
f 939 1461 3997
f 4102 3194 4119
f 523 7335 3032
f 4587 2377 4619
f 939 3997 2538
f 4792 5183 3584
f 5545 5788 492
f 1795 3294 1739
f 131 2814 2934
f 1609 2382 3769
f 2000 5283 4346
f 4797 1828 4945
f 2758 1341 3265
f 6286 7037 4817
f 1440 5681 3253
f 7608 7559 3714
f 3146 3636 3232
f 3547 899 972
f 6618 6728 1557
f 4451 5143 5385
f 5563 5208 467
f 923 2168 2811
f 4684 4466 2424
f 4901 4983 1713
f 5022 5201 231
f 2574 4854 5693
f 1272 3833 161
f 195 45 4109
f 4440 4092 5281
f 1563 1753 4839
f 2669 3591 1443
f 2684 3990 4878
f 154 1011 330
f 1608 2128 4
f 3177 6867 1950
f 198 2535 1300
f 682 4962 1366
f 4109 877 4467
f 2547 1819 5511
f 1033 1121 2251
f 3570 3224 945
f 776 7076 442
f 1919 5139 1361
f 1475 6772 3730
f 5203 179 1136
f 2092 5774 674
f 1387 2904 2057
f 4211 4119 3968
f 315 912 2050
f 5279 1018 5201
f 230 3222 2292
f 5453 2993 2308
f 859 5640 735
f 5322 1776 222
f 1069 4849 2162
f 2268 1148 7807
f 3305 2015 5173
f 5713 1711 1757
f 1685 3175 3552
f 7425 4300 58
f 5834 3019 1626
f 5443 7170 4594
f 6886 3875 2773
f 3094 4142 2686
f 2073 3391 3730
f 1933 5879 5733
f 3169 1595 5828
f 2967 3615 2013
f 2793 5778 5336
f 2211 501 1421
f 4238 1194 4223
f 1796 4952 3796
f 7079 3158 5940
f 1409 1297 3215
f 1815 2088 5589
f 1048 820 116
f 3685 5557 317
f 2147 7212 4560
f 2250 6795 3930
f 3373 6967 5315
f 3736 1112 3735
f 4563 3796 4952
f 863 7092 1339
f 5061 3439 617
f 1451 3367 4940
f 5758 4452 2070
f 3598 4109 45
f 7665 2099 5691
f 3344 4495 3673
f 1672 2274 5393
f 5380 5523 2319
f 4095 5277 2035
f 3890 3413 4634
f 6817 459 7726
f 4208 540 371
f 3062 5879 2623
f 5391 254 4490
f 1366 2298 660
f 4425 2057 3711
f 184 7420 3810
f 4481 3531 5649
f 6141 1654 5785
f 4490 254 5107
f 1471 3384 5390
f 3638 1206 2907
f 3673 2879 3344
f 2230 1316 4272
f 1327 5319 5314
f 2220 2503 5810
f 3181 7584 4175
f 350 2959 5090
f 7295 2799 3099
f 2414 3625 1113
f 6887 4668 4629
f 1168 4363 452
f 2384 3278 2026
f 2000 5742 2537
f 2086 1337 2107
f 5352 5542 2733
f 2533 2205 1623
f 7224 6305 7136
f 3368 3028 1355
f 4689 7882 1125
f 4307 1108 4388
f 2532 4353 4808
f 2996 367 6822
f 7284 6808 914
f 846 4983 5080
f 549 5183 2322
f 355 4098 2696
f 188 6022 3652
f 4177 2807 1706
f 3701 493 5175
f 626 3632 4410
f 1708 5774 2092
f 252 2575 138
f 6335 6210 6116
f 1017 5566 4522
f 2027 4933 2921
f 5566 5650 3448
f 441 1549 7317
f 5323 1302 2649
f 3136 3020 5712
f 1896 3564 1949
f 5410 3459 1563
f 7808 2644 5762
f 831 4959 1917
f 5116 4040 1142
f 1440 3063 852
f 4363 1168 582
f 3741 3818 1386
f 2709 3079 5646
f 471 3360 567
f 569 516 1340
f 6512 6808 6662
f 6847 6722 337
f 4525 3641 1248
f 2358 2936 2891
f 1554 1327 584
f 4388 1929 1225
f 1985 5846 5147
f 1624 900 3503
f 206 5652 365
f 5455 6998 1762
f 3347 4451 1406
f 7027 7285 3309
f 3471 2236 2136
f 1340 516 1112
f 2038 7079 1911
f 2821 152 2787
f 7480 1881 5327
f 2948 4135 3478
f 1726 4856 292
f 3722 7233 5148
f 438 802 3759
f 6491 6123 6499
f 414 377 381
f 791 3686 725
f 54 5195 1564
f 1132 4575 3661
f 4705 4465 80
f 477 2114 3824
f 6364 6718 6599
f 2462 1548 4239
f 190 3311 726
f 5350 1937 608
f 6651 1190 4975
f 919 3901 1047
f 2415 1535 2967
f 4509 5058 2451
f 4600 3597 4847
f 2418 1032 2417
f 4437 1583 1243
f 5658 2422 2406
f 5309 855 4977
f 3520 5027 3869
f 5791 7080 4516
f 3930 5210 2250
f 4432 3818 3741
f 6704 6469 6676
f 1157 7016 4455
f 5680 4827 7513
f 5090 2599 5419
f 4801 2614 3093
f 546 48 5513
f 2085 519 526
f 5206 4619 2377
f 3104 4348 4572
f 3412 3609 2745
f 4185 3163 104
f 1367 5145 1905
f 6672 6723 3019
f 7305 7009 4752
f 3728 726 3280
f 4421 94 782
f 5799 4449 3339
f 468 1742 1239
f 3536 7331 5011
f 2915 6932 5766
f 3931 1753 5412
f 3377 879 1441
f 4616 2110 4446
f 2282 909 1527
f 2713 5704 1240
f 2718 4028 4650
f 3495 4995 4980
f 1349 7081 2542
f 4757 1308 1068
f 5862 4134 5854
f 201 3026 6419
f 4504 162 4042
f 2758 3814 2589
f 941 4151 3880
f 3894 3076 185
f 2044 4305 302
f 3266 891 1530
f 3813 5740 3866
f 1307 4225 3358
f 3532 1142 4040
f 1440 3253 1768
f 404 1657 4802
f 445 2803 809
f 1732 7939 4963
f 4983 2023 5080
f 3762 7366 6868
f 3218 7812 5773
f 1612 6274 3200
f 4889 918 2248
f 1190 4826 4852
f 1282 1299 296
f 1904 5203 1136
f 1158 546 5001
f 3863 3078 1590
f 2945 2879 2288
f 4717 5534 5623
f 4841 4834 4497
f 4616 4394 1055
f 2022 7468 4933
f 5454 1531 1621
f 7908 6585 6301
f 7613 7617 3198
f 5560 4972 5176
f 3179 608 2817
f 1584 313 2842
f 347 2987 868
f 3400 3672 5422
f 1582 1932 4260
f 5458 3092 5442
f 6431 6876 4216
f 1066 820 1048
f 7299 7671 4384
f 2668 4655 1114
f 2823 505 2542
f 2736 2355 4816
f 1110 1733 2458
f 2947 1065 4172
f 1973 2009 3195
f 6224 5576 6279
f 4075 670 5570
f 4577 1472 5148
f 2634 2802 1143
f 3686 142 234
f 3461 5290 2802
f 603 1100 3416
f 4755 6971 4639
f 3324 3551 1048
f 6357 2946 6636
f 4494 2362 5620
f 3278 1116 2820
f 15 675 3165
f 275 5195 348
f 4647 2270 1813
f 2183 1980 4014
f 2820 4196 3278
f 2338 7695 5848
f 3758 2111 4148
f 1498 2705 1507
f 2652 1476 1682
f 5041 2600 5524
f 697 5104 5677
f 2720 5051 4229
f 898 1088 4699
f 4076 5619 610
f 4389 4782 4838
f 5226 2209 3407
f 7956 1042 5781
f 328 207 5502
f 944 775 2053
f 3084 7938 2776
f 7614 2921 205
f 8018 7810 4543
f 423 5214 1577
f 3415 2923 4851
f 7883 6708 4650
f 2176 7351 7344
f 3555 5404 3148
f 4439 1913 3239
f 5778 6 767
f 6787 1807 270
f 330 1011 2664
f 4420 4634 3413
f 6792 102 1179
f 2041 280 3706
f 3227 841 5574
f 3349 1785 4499
f 6712 3269 1878
f 3685 3232 5327
f 5843 3683 3933
f 2173 2986 165
f 6978 7085 6955
f 3158 7086 4477
f 5039 5812 440
f 5273 682 1945
f 6588 6726 7646
f 6938 2701 3056
f 5486 969 3216
f 6512 6662 6551
f 3940 3410 3399
f 2232 2659 1103
f 3795 1231 3543
f 2340 5321 1734
f 3068 1384 4954
f 2365 3382 2908
f 4660 3156 5386
f 3407 3352 5226
f 3673 4495 5366
f 1545 5659 1433
f 389 2571 2735
f 390 392 291
f 5108 4415 4470
f 694 4395 2559
f 2919 3258 3330
f 544 5867 2209
f 7959 4416 2794
f 4096 4172 1065
f 1712 1070 1479
f 5497 4862 4825
f 5601 7759 4024
f 2688 1554 355
f 2652 1459 1990
f 6011 2893 1103
f 1080 4086 7956
f 5267 2887 764
f 7672 4877 146
f 3957 3802 4539
f 2461 2263 2056
f 1044 7675 6929
f 3480 7543 6473
f 1094 2289 4936
f 129 5882 3728
f 954 5793 1405
f 6575 6652 7948
f 5522 7437 2680
f 2640 1235 7751
f 2980 1477 3270
f 4055 3200 6274
f 987 1886 5753
f 5076 5330 3106
f 2453 4886 4872
f 4559 2412 3659
f 1202 249 3483
f 2610 2866 1279
f 4618 3521 3712
f 3986 760 5746
f 3965 3528 3595
f 667 1754 678
f 222 2989 5322
f 1862 4435 2016
f 284 3287 525
f 325 6440 763
f 5987 6616 6615
f 2040 1249 3390
f 4302 78 3291
f 7544 6915 1335
f 4897 6570 5909
f 1088 511 5215
f 5718 7017 4716
f 4194 3492 3534
f 6971 4755 3346
f 1775 7179 2161
f 622 632 3306
f 5477 5100 4783
f 3022 4862 5394
f 927 151 5113
f 639 4868 3408
f 1415 366 361
f 2111 1671 4894
f 5513 48 2979
f 4498 2828 4938
f 2728 4837 4334
f 3538 3450 1720
f 1430 8029 5267
f 4833 4568 7509
f 1659 819 1506
f 3471 2136 55
f 6752 2039 4636
f 1125 3650 4689
f 1815 2329 2088
f 3837 5607 3774
f 4397 3705 5262
f 2180 2569 5512
f 4802 4975 404
f 6865 4069 3376
f 262 1147 3933
f 401 688 4266
f 1698 2752 998
f 3922 5700 5703
f 3107 3132 3287
f 7577 3701 4151
f 5950 5244 4554
f 85 1289 1426
f 3946 5589 5738
f 586 5647 5083
f 1822 1931 4328
f 5284 3602 1215
f 1112 516 3735
f 3799 2660 753
f 1529 1492 4140
f 2946 4107 3998
f 3794 4034 5413
f 2423 3867 3267
f 1274 218 813
f 1171 4062 431
f 3442 7785 3488
f 513 7525 7424
f 6728 6558 1557
f 3897 5068 3098
f 2765 7300 143
f 5839 7735 3805
f 1057 7514 3157
f 2521 5166 3369
f 3597 4234 2511
f 2206 4346 5790
f 226 5085 1435
f 4252 977 1598
f 1311 5365 1447
f 3791 69 858
f 3787 4940 4241
f 462 3941 5433
f 3233 1007 1237
f 6686 5684 5919
f 3235 7015 987
f 6112 6962 548
f 852 5660 4734
f 3299 741 590
f 6624 6043 7553
f 3999 821 4756
f 5307 3859 2763
f 959 5334 3195
f 5799 638 4449
f 5148 1472 3722
f 5829 2640 4072
f 342 119 3433
f 851 661 4689
f 3923 2973 3213
f 3068 4954 4624
f 5773 6832 7039
f 640 434 572
f 3470 5503 1685
f 3463 3481 2033
f 488 5260 3637
f 4694 5541 5506
f 1561 1672 4907
f 1647 297 2144
f 3061 6942 5841
f 3273 2527 4233
f 1120 5037 4325
f 2947 2162 5481
f 890 3458 3825
f 2107 2968 2086
f 107 5176 2717
f 4204 6670 6326
f 1457 4029 4127
f 5402 2494 8036
f 2285 3058 3527
f 123 2501 1353
f 1094 5574 4697
f 5646 3079 556
f 2616 4444 4704
f 3735 1262 4142
f 4650 2273 3918
f 5031 1955 3012
f 2931 4936 2289
f 4708 3335 134
f 2945 1533 2181
f 1184 6743 239
f 4433 5130 3334
f 5266 5333 2927
f 3877 1843 470
f 1736 5383 1418
f 6698 1449 5869
f 2674 4882 5490
f 789 2851 333
f 3589 6474 3487
f 1027 733 5701
f 245 1028 3543
f 7632 5459 5466
f 3447 2628 1648
f 5644 6690 7018
f 218 5517 813
f 6054 6730 2844
f 714 1715 3304
f 1470 329 4417
f 2730 3283 2657
f 5188 779 2924
f 2914 5146 5159
f 4803 4102 5437
f 5692 4934 2643
f 3697 918 4889
f 3820 2391 2257
f 3316 7455 3646
f 1566 2607 4093
f 7568 6782 1469
f 5326 2631 3499
f 3744 2613 4010
f 616 3848 591
f 6434 5498 6021
f 6643 4435 1862
f 3714 3869 5027
f 6271 6620 3524
f 5612 2074 5654
f 2039 6752 40
f 2139 2591 32
f 4761 3552 3175
f 949 1158 727
f 2236 3471 1253
f 5881 4764 2587
f 7625 1797 3484
f 2681 7451 7748
f 2612 4150 958
f 5500 5433 5810
f 368 7627 3208
f 5280 495 2047
f 4431 4534 3761
f 3826 3709 3016
f 7581 1652 4393
f 4634 5067 3890
f 794 4818 309
f 1523 2118 4748
f 2931 2289 1910
f 4328 5324 2497
f 1474 5350 4558
f 7773 4070 3851
f 603 3416 4905
f 2213 5194 3822
f 3082 3542 4701
f 3679 3868 731
f 4117 3683 1889
f 3886 3799 3472
f 5916 6100 6715
f 6848 3011 863
f 1280 5397 5184
f 3564 86 515
f 804 803 4875
f 128 2985 3275
f 4468 3059 2739
f 3470 353 508
f 1566 4093 2609
f 2000 3811 5283
f 3509 350 385
f 7615 6521 6107
f 7292 1040 427
f 6197 3826 3131
f 5456 1086 3692
f 3521 4618 2677
f 1615 2171 1705
f 3406 5406 4610
f 600 6226 6731
f 5746 759 4114
f 4191 155 2430
f 5467 578 5238
f 3983 6985 2225
f 6234 6436 6095
f 3078 3863 3550
f 7208 4448 5079
f 2415 1226 2525
f 4564 3924 5509
f 2795 7401 4955
f 6964 3237 2969
f 5094 4664 1573
f 2766 7354 345
f 1043 4202 3024
f 2404 3968 3194
f 2398 1885 4309
f 2565 4039 933
f 1032 5507 2417
f 3890 2523 3413
f 2939 3150 313
f 942 5365 3272
f 5235 7355 2975
f 7077 4397 5262
f 2935 358 4859
f 5065 1297 5715
f 5633 318 2369
f 3364 3241 2678
f 7147 5995 7106
f 1000 3684 1559
f 7781 3152 1207
f 717 451 5872
f 2965 1737 2883
f 2820 5781 1042
f 5391 5352 254
f 2073 7657 3935
f 5464 5471 5033
f 8030 321 2517
f 5709 5000 4495
f 1040 4943 3051
f 1573 3902 3817
f 5449 6732 5893
f 1113 880 1941
f 339 5283 2239
f 5962 7160 6363
f 1567 975 1212
f 2555 4061 774
f 1790 1553 2341
f 7045 4388 1108
f 2887 5267 1258
f 3288 1929 2970
f 4863 1800 2633
f 6481 3703 1916
f 1511 4826 1190
f 5726 132 5667
f 3980 3431 3993
f 4083 4322 4327
f 7892 4806 5657
f 2793 2004 5778
f 1248 304 1927
f 435 6714 1004
f 2262 7072 4687
f 2822 7412 1964
f 200 5889 1165
f 2777 2592 5182
f 2842 245 3543
f 3009 1255 1166
f 4744 5401 1525
f 5826 5015 2230
f 3640 4227 1909
f 6731 6318 6189
f 1536 584 1660
f 3003 5066 5855
f 1160 6782 4570
f 4511 6957 3633
f 2379 824 2715
f 6261 6509 6337
f 2296 357 361
f 339 645 5283
f 5629 3724 3732
f 4084 707 4082
f 4184 1806 1062
f 181 920 370
f 2175 4429 257
f 2135 2138 4361
f 913 620 919
f 3309 7285 3743
f 3118 2934 1260
f 5514 5551 156
f 3555 4051 1238
f 3689 5031 3645
f 2870 4487 1460
f 4576 3108 724
f 699 3803 2058
f 4835 3398 7761
f 765 3351 281
f 499 2827 1342
f 2943 5106 40
f 507 3450 2210
f 1951 7356 1596
f 5351 4399 1012
f 127 515 86
f 1067 911 686
f 1263 5338 1979
f 928 1139 2225
f 5492 4331 5306
f 7672 7809 1063
f 768 5376 2823
f 3532 4044 4632
f 4250 2018 4394
f 4090 7301 5109
f 3649 7087 1135
f 2061 1948 1176
f 4568 4544 4272
f 6346 5448 1607
f 3268 3037 5833
f 6841 2339 781
f 3303 659 2395
f 887 861 5857
f 1915 6669 2280
f 1588 7030 4669
f 3041 367 1181
f 2538 2442 3503
f 6554 6211 6497
f 2746 5355 4890
f 3988 6038 6587
f 5415 2827 3592
f 5370 3678 5253
f 944 2053 1317
f 5665 5740 3297
f 7058 3029 6033
f 5489 4872 4880
f 5453 2283 3234
f 5855 5066 3308
f 3911 2815 2724
f 547 1766 2331
f 985 2576 5862
f 2720 4302 1203
f 3556 3583 1972
f 4683 5645 3949
f 2813 5646 556
f 5812 1550 440
f 1488 7345 609
f 615 565 4231
f 19 2244 3234
f 1487 7040 2504
f 6986 7084 1224
f 3948 1603 5221
f 5251 416 587
f 6733 4928 785
f 4269 2728 4334
f 3994 3874 4294
f 3793 4747 295
f 6132 5865 6340
f 2186 910 3764
f 6530 3307 3389
f 6939 6935 2588
f 1828 4152 6307
f 3518 4618 3712
f 1078 494 4642
f 2621 4854 4878
f 5422 7768 2880
f 360 4812 1230
f 2230 2012 415
f 1052 2199 770
f 1807 6787 2473
f 4288 6559 3681
f 5423 328 4965
f 4029 1457 219
f 3825 1936 3995
f 3072 2809 3928
f 169 7238 4081
f 2815 4009 3140
f 3874 5253 4002
f 280 253 4644
f 5664 5755 833
f 956 3292 3982
f 2274 5677 5104
f 6119 6737 6321
f 4953 1236 703
f 2848 3987 52
f 7611 7587 723
f 2006 2876 4156
f 5429 3947 4033
f 4994 4241 843
f 4433 3486 657
f 5105 5369 5145
f 5692 6709 837
f 5574 1094 4936
f 7302 2571 2506
f 504 2709 4571
f 1114 979 2668
f 3527 4176 1331
f 217 148 7432
f 174 3301 3772
f 3068 1555 5172
f 2494 3053 8036
f 4814 7396 6756
f 3022 7074 4862
f 552 5224 1656
f 5845 1466 3038
f 5293 458 654
f 1693 1354 1784
f 6917 6793 2488
f 3697 3760 3699
f 6240 6740 5972
f 1948 2061 2858
f 1140 2487 4505
f 488 3325 4094
f 3728 4768 129
f 6515 7138 6435
f 3584 3405 2121
f 1536 3290 584
f 526 1802 1988
f 5717 1056 4116
f 563 4842 2261
f 817 5837 946
f 5144 7857 5320
f 4971 2281 5430
f 1181 3709 3041
f 3458 2357 4545
f 4686 4498 4938
f 3575 1022 316
f 703 1236 1226
f 5871 1336 3926
f 446 2255 5347
f 1436 3349 2992
f 3921 4842 5817
f 881 1885 2398
f 6988 3274 5010
f 4953 6984 3076
f 5191 7198 1977
f 5670 530 1263
f 2651 2268 3000
f 1416 2949 5128
f 3552 6323 1685
f 2783 1718 637
f 7756 4718 4526
f 851 969 1592
f 3554 5314 907
f 7073 6741 6297
f 7229 1875 716
f 2284 7925 2195
f 2546 1811 2548
f 7814 1213 269
f 636 3494 4968
f 3600 1418 4181
f 24 7361 1856
f 1224 2837 1219
f 5269 2664 1011
f 2554 4870 4112
f 3829 2378 5781
f 2692 1042 7956
f 2288 943 583
f 3277 5379 5247
f 324 7943 1064
f 3583 6705 1972
f 4265 3794 4359
f 5051 67 129
f 5700 3922 1228
f 4783 5100 1286
f 4873 5833 5748
f 633 595 3183
f 4574 6874 3033
f 509 2422 5658
f 1706 1721 2137
f 4406 3979 24
f 6448 6422 1019
f 380 1506 1428
f 4882 3708 4155
f 2709 504 3787
f 3069 271 1247
f 5328 5863 6904
f 6958 2542 505
f 4604 5028 1169
f 7607 295 5037
f 4930 7567 601
f 5584 2416 4278
f 7851 7955 4159
f 1656 976 5398
f 5645 4683 1779
f 3161 5569 2929
f 3305 5173 7448
f 2966 3336 4145
f 2440 5675 2218
f 247 5607 5265
f 810 4451 3347
f 5451 4676 3963
f 6794 3510 2032
f 4565 318 2428
f 2538 1110 2458
f 6734 5977 6717
f 2953 2408 6614
f 1869 656 3665
f 1006 1326 1967
f 499 2700 2827
f 6064 6685 6539
f 3864 1996 1749
f 5574 4936 3227
f 2532 1127 2603
f 7568 235 2480
f 7245 5367 5800
f 1327 1554 2688
f 7194 7832 3905
f 1347 1689 995
f 6002 4354 6682
f 593 4006 1523
f 4882 4155 952
f 3390 4097 4376
f 5405 6825 959
f 22 2719 3331
f 1867 3184 4254
f 641 2739 3059
f 1632 6536 4935
f 4853 1631 5564
f 5275 293 2623
f 3491 1107 5523
f 930 4998 4419
f 7949 5035 2884
f 374 6816 2896
f 3509 385 3443
f 5260 7191 3637
f 7368 1358 5368
f 335 4144 4799
f 3619 4060 3546
f 5324 397 5088
f 583 1978 2154
f 2172 347 4050
f 3925 2063 2987
f 3478 5751 406
f 7661 5565 4174
f 7357 7200 5295
f 2175 257 900
f 7155 1431 5087
f 1909 1576 3640
f 1351 4632 4714
f 4703 2251 7679
f 2173 777 11
f 20 7439 5548
f 5695 844 665
f 6033 3029 1051
f 1863 3215 1297
f 1056 5717 4283
f 5060 1967 3333
f 2067 4329 4349
f 563 5817 4842
f 1539 2245 4885
f 682 660 1320
f 610 877 3161
f 3719 3936 2159
f 6998 5880 5805
f 1868 1755 2024
f 7878 6199 3786
f 6358 7713 1166
f 3746 3118 985
f 4931 824 648
f 2840 6110 3841
f 5557 3685 6
f 875 4035 256
f 5066 1111 3308
f 2906 5844 2762
f 6253 6252 6102
f 4801 4475 2614
f 3243 6584 6019
f 4973 4796 4137
f 1376 4197 1353
f 4303 2125 4705
f 2846 478 1768
f 579 2890 521
f 3443 4182 3657
f 5347 5758 446
f 5404 3176 3148
f 5979 2685 6642
f 1278 5963 2303
f 6688 6370 5142
f 5314 5319 3153
f 4741 7438 889
f 4351 3999 2514
f 5045 5738 3663
f 5697 5211 4624
f 4995 4401 5004
f 3765 3525 5548
f 2019 4832 86
f 4861 65 1174
f 7413 6650 6720
f 415 4074 1316
f 1873 5394 1209
f 6582 6729 7626
f 38 2166 2576
f 3252 1305 1958
f 5233 3519 2689
f 5330 5800 5345
f 324 953 4119
f 719 2088 2094
f 5877 4503 3540
f 3671 3375 7807
f 4491 7662 1785
f 7628 4517 2904
f 4300 170 58
f 1558 7872 5794
f 155 647 2430
f 5254 7121 6174
f 861 887 140
f 2262 1033 2854
f 4928 3169 263
f 737 5263 3694
f 4222 3668 2663
f 5950 654 5244
f 565 615 4147
f 6743 4895 239
f 1647 3392 1439
f 5346 6495 917
f 4118 4171 4769
f 1190 1924 4975
f 5552 4150 1833
f 6162 2637 6163
f 870 7248 2430
f 2557 6851 1030
f 5199 2755 4635
f 3695 1260 2934
f 1759 7358 2888
f 748 7081 1490
f 5440 380 4812
f 1144 7416 5354
f 3029 7058 4158
f 7091 502 76
f 3820 5578 285
f 5858 1423 443
f 4642 7483 1078
f 7847 6439 6078
f 1283 597 1285
f 7893 4960 4589
f 6391 5004 4447
f 3841 2729 2840
f 6910 1389 557
f 2233 2524 4169
f 354 1523 451
f 4234 4857 4630
f 2807 4177 1259
f 3381 3106 2964
f 3659 468 1239
f 5503 508 1833
f 1501 1666 1647
f 5396 6373 5735
f 3284 3187 1745
f 6416 4043 4341
f 3430 4875 803
f 4938 2828 3413
f 3778 444 4479
f 207 5423 873
f 5562 1084 3577
f 1880 6769 3892
f 5072 4714 5305
f 376 6376 4064
f 4722 2619 10
f 3194 4102 4177
f 3465 173 5595
f 3511 3883 3404
f 1873 2811 5394
f 2015 3305 4284
f 5841 4510 4348
f 4306 7778 4694
f 4646 4271 4003
f 3876 1191 3192
f 4106 2018 4344
f 3569 4914 157
f 886 1667 668
f 2059 2846 2495
f 7773 4625 4070
f 6596 6744 6101
f 4115 1370 4557
f 3461 1690 5793
f 5637 5288 7465
f 340 3344 1105
f 7628 1387 2162
f 3213 56 3923
f 7688 7779 1791
f 5280 6948 1218
f 2337 3698 5184
f 2258 279 160
f 4324 368 4915
f 2713 835 1421
f 4686 4796 4973
f 5495 4103 2254
f 4087 5545 4766
f 2780 1547 4847
f 430 2142 1603
f 3402 4627 7510
f 4458 3483 204
f 1391 4517 755
f 1726 4035 875
f 2873 3944 292
f 173 199 5595
f 3237 6802 1583
f 4865 5586 4666
f 7357 2268 2651
f 3976 1391 3935
f 3328 5097 3202
f 2458 5696 939
f 5202 3795 4371
f 5552 1833 3469
f 4895 7945 2748
f 1195 5974 3560
f 1371 4206 3968
f 190 180 3311
f 5728 1045 3215
f 365 1756 206
f 4808 4935 311
f 6352 6684 6710
f 3603 215 2935
f 5315 7854 5613
f 5456 5653 3329
f 3176 312 3314
f 94 4421 4595
f 1475 5721 3386
f 480 994 3629
f 2937 6437 243
f 2942 4582 635
f 4257 3382 1078
f 810 5624 4125
f 3328 4297 5097
f 2566 4301 407
f 1908 7359 1926
f 2660 3886 1493
f 4681 3464 3394
f 2187 721 3233
f 3143 4925 457
f 1987 2944 5708
f 2142 695 3833
f 6315 6092 5943
f 5575 2177 2019
f 2212 521 3936
f 4619 4332 2222
f 4835 3318 3754
f 359 6110 2840
f 1440 852 5681
f 2159 1251 3831
f 5830 3643 3501
f 179 7974 214
f 3605 524 2201
f 5064 7034 5572
f 4476 4751 5719
f 387 317 2349
f 3881 7007 5038
f 3252 1958 500
f 1231 6408 3543
f 3066 1522 5685
f 4326 5790 3331
f 1876 2761 4743
f 6056 7430 4404
f 2008 180 2788
f 909 2282 384
f 6765 7097 3978
f 2585 3197 2662
f 2662 7289 5801
f 898 3658 4001
f 4484 4613 5547
f 2350 4009 3911
f 5937 6461 4883
f 2447 2963 847
f 3874 3994 5253
f 5799 5723 638
f 609 4607 1196
f 808 1252 4778
f 6821 7027 3309
f 2871 2753 3204
f 3530 1477 3624
f 4556 770 2199
f 498 1565 676
f 4088 1514 1074
f 840 341 5832
f 54 1564 130
f 1009 6958 126
f 3770 1458 1654
f 5926 6573 592
f 4021 5221 1602
f 1187 1888 4141
f 6029 6840 2091
f 2646 2358 3616
f 2547 4496 2852
f 3224 1907 945
f 7634 1378 771
f 595 5172 3183
f 3384 3230 5390
f 156 5551 604
f 5292 5193 3408
f 3914 5146 2796
f 1270 1402 37
f 1091 2737 3200
f 3231 2275 7421
f 3325 488 1568
f 3182 458 1764
f 2748 4663 3477
f 1772 3266 2048
f 1757 2984 1610
f 5387 426 412
f 2766 17 5408
f 5142 6402 4277
f 1706 3194 4177
f 4914 4612 1694
f 5220 4376 4097
f 7350 113 2304
f 3369 4449 638
f 2114 3275 3322
f 7930 123 4197
f 328 5432 4965
f 4804 439 335
f 4623 3800 2954
f 4917 3332 4595
f 4145 5866 4173
f 3617 3627 2890
f 2916 4298 623
f 5830 3501 3180
f 2975 8020 5085
f 3702 1622 5399
f 1090 5121 3087
f 4357 3938 7210
f 3315 1879 7619
f 5919 7076 6686
f 1852 5020 5667
f 4626 4666 7518
f 2052 4096 1488
f 91 2239 3811
f 3562 5163 3102
f 518 3070 830
f 3894 1236 3076
f 5980 6746 2054
f 4445 4763 4790
f 7638 2564 5860
f 3512 1018 5279
f 767 2496 5778
f 1140 1874 5428
f 5268 5238 2464
f 3028 3121 3133
f 1020 3469 1833
f 7508 7360 2492
f 3479 6747 7064
f 2725 326 803
f 6696 1782 5925
f 2988 6870 448
f 4739 1381 4603
f 5371 7581 1966
f 3149 5345 1284
f 4604 3548 5028
f 5300 2698 1304
f 7630 1838 520
f 1069 2947 1212
f 625 1600 1716
f 3610 7990 4247
f 1748 3576 2041
f 3059 4468 973
f 2997 3690 2672
f 4840 247 2307
f 5058 1690 3461
f 3172 3437 4085
f 1297 1409 5715
f 3250 1498 2198
f 5574 627 4697
f 259 2664 3957
f 7817 7881 5356
f 1892 355 1554
f 797 6475 2204
f 6678 6723 5907
f 440 6369 5388
f 1374 3961 3807
f 5602 3505 5656
f 107 2717 3335
f 5877 7046 3865
f 834 847 2963
f 1639 1385 1725
f 3204 607 4291
f 3921 1470 1628
f 6872 6666 4343
f 1113 1941 2414
f 4758 4013 2600
f 4942 7570 5209
f 1986 3297 4731
f 1951 7592 1174
f 3743 2455 157
f 5139 833 1550
f 2565 7690 4039
f 5176 4972 5784
f 6816 5929 4874
f 3351 6213 4823
f 800 4464 3965
f 4251 4375 3296
f 950 996 3888
f 2120 2117 1481
f 6186 6736 1731
f 3237 2511 2407
f 932 1488 609
f 4795 1467 5117
f 330 5036 3168
f 7353 3126 2131
f 4868 3661 4575
f 4553 7685 4257
f 2546 7085 6960
f 571 1946 3445
f 492 4047 465
f 703 2869 90
f 7707 2264 3882
f 1426 1289 2253
f 610 3161 4076
f 4142 5727 2686
f 2366 2337 5392
f 4302 3291 1203
f 5139 1550 5812
f 3538 6465 3450
f 574 3584 5183
f 3261 5495 2254
f 2082 2435 2215
f 2122 2536 1093
f 640 2112 2301
f 5135 3302 2224
f 4946 4561 2364
f 6323 6322 5932
f 6653 3988 3126
f 31 1835 1698
f 2621 4885 2245
f 1192 5539 1674
f 4582 3725 1483
f 1935 1856 1781
f 2881 1037 845
f 4421 782 3744
f 5493 5091 1625
f 379 3630 4223
f 3927 4511 2351
f 262 3933 3683
f 6748 6310 6278
f 3006 5729 1151
f 3255 6722 1408
f 2082 2910 2435
f 2830 7193 1401
f 3711 7900 3032
f 4020 3136 964
f 769 2301 1074
f 5045 3663 950
f 3415 2600 778
f 841 3653 627
f 162 4504 1191
f 2110 139 4420
f 3040 4217 2965
f 5394 5750 1209
f 4731 7002 3423
f 5136 7099 855
f 5146 2914 948
f 3671 7807 1148
f 4275 8023 3321
f 3199 5604 5836
f 5491 6365 1436
f 6719 4199 6283
f 4598 96 3462
f 6559 6605 3681
f 3926 1935 4512
f 7242 2874 5861
f 3609 366 388
f 4581 1718 3304
f 4705 80 594
f 3406 6049 7180
f 964 4322 4020
f 630 2991 1636
f 1200 6505 5286
f 611 2084 5167
f 1824 713 6617
f 2833 308 2403
f 5113 1459 1141
f 5051 2720 1203
f 2794 945 1907
f 6889 5034 1778
f 4984 2883 1737
f 4374 6487 1223
f 5022 1313 5201
f 1774 2773 2838
f 1062 1806 1256
f 2651 3074 1570
f 5829 4220 2640
f 3722 5061 617
f 1019 6422 6024
f 3592 4386 4461
f 3672 1199 3386
f 5832 3651 840
f 3826 3016 3581
f 4467 5672 195
f 1058 5248 2785
f 5376 768 2778
f 6707 6047 6543
f 6609 3178 1014
f 1679 6752 4636
f 645 4346 5283
f 4780 5117 1467
f 5738 2088 719
f 18 84 4831
f 5531 3154 4544
f 2406 7029 65
f 1138 5426 4387
f 700 2577 4810
f 4506 564 271
f 2463 1659 3529
f 5179 4630 4857
f 3218 3838 211
f 896 3835 5798
f 2305 4124 3003
f 3208 5225 5298
f 7714 2598 62
f 6753 6768 4678
f 538 5768 3444
f 4895 629 1832
f 5454 207 3242
f 505 2242 126
f 403 4076 3873
f 1269 709 7284
f 2644 3052 3935
f 4942 469 3713
f 2034 3111 4884
f 7478 7103 5757
f 6039 6702 6040
f 5050 3070 3975
f 2729 5324 4328
f 3172 7995 2752
f 2201 2625 3605
f 4634 4420 139
f 1480 4616 4446
f 4951 2299 5507
f 7802 5921 2558
f 3063 4267 852
f 2687 5445 5519
f 961 2271 3651
f 2695 7319 6920
f 70 30 5291
f 3116 4751 4760
f 4472 879 866
f 5687 5363 677
f 2041 3706 1748
f 7541 6750 6724
f 5509 4615 4836
f 4407 1953 5722
f 2752 182 998
f 5752 5582 990
f 2545 7104 4057
f 6663 2586 2549
f 4106 4394 2018
f 3400 3891 1199
f 114 3918 5760
f 2896 4642 494
f 4178 6763 1664
f 4410 839 5706
f 3200 4055 1091
f 2299 3039 722
f 193 5522 4286
f 192 7505 5093
f 2082 5590 3781
f 85 4245 2978
f 1683 2091 604
f 1741 3498 7440
f 3323 6925 3548
f 4582 2942 3725
f 525 3132 7105
f 3929 1507 2705
f 6954 6926 5335
f 4291 903 2207
f 2250 5751 5018
f 5580 665 3996
f 7523 7808 6435
f 4701 631 4841
f 2603 1127 5585
f 3529 5440 309
f 590 2956 3299
f 1765 3374 661
f 732 7322 4695
f 3884 5667 5020
f 4802 6105 739
f 4724 4816 2355
f 3250 2198 4246
f 2726 1542 2089
f 1579 2800 1675
f 4950 5313 5588
f 3432 4436 4005
f 5369 5363 5664
f 1123 5439 7137
f 5371 4192 1056
f 3098 6604 6411
f 360 7226 794
f 5789 3034 3690
f 1825 4473 4727
f 1039 1761 2411
f 1012 4399 3842
f 380 5440 1659
f 2500 5059 4875
f 3316 1146 2570
f 5607 3837 3898
f 134 3969 4708
f 738 390 3320
f 7311 5687 684
f 3868 5550 3023
f 4442 1217 433
f 1471 1417 5047
f 3077 4850 1883
f 3512 1139 3510
f 2638 1454 1667
f 3017 4479 3020
f 6749 7751 1235
f 5697 4624 3684
f 1379 938 936
f 2210 3005 44
f 1667 4243 3913
f 7210 7230 4357
f 3666 5137 3588
f 7635 7084 1104
f 4072 3373 5613
f 7811 2401 6114
f 977 941 1442
f 1140 5428 2487
f 7097 6463 5971
f 728 253 280
f 7875 1213 417
f 2798 4962 5273
f 653 4401 3495
f 256 7051 253
f 5244 1119 4025
f 1582 4260 3346
f 2470 7038 4757
f 4201 3956 5050
f 1676 6565 5817
f 2487 3516 4668
f 655 3607 3801
f 1475 3386 2100
f 1178 1161 4390
f 156 1172 947
f 8018 4543 7804
f 678 1334 5842
f 5243 3661 2345
f 5776 2436 2764
f 282 3784 4514
f 3247 2924 442
f 1139 928 3510
f 7075 3057 187
f 6992 7105 3125
f 7383 6386 6563
f 4906 753 4073
f 458 4164 654
f 2557 2530 4879
f 2962 5856 5325
f 6 5778 2004
f 969 5486 1592
f 7995 1723 182
f 375 5399 1622
f 2747 3769 2382
f 3117 6850 3644
f 6749 6215 6516
f 6582 2310 5100
f 5121 1090 2620
f 6040 6538 6530
f 714 3304 1718
f 2775 2976 1548
f 4024 4409 7704
f 3145 1649 5827
f 3970 4845 5558
f 4780 2312 4540
f 4499 2992 3349
f 290 2260 1189
f 2062 1930 691
f 481 1778 1483
f 2389 3676 5588
f 5294 1887 5567
f 6745 6691 5556
f 3896 1300 5153
f 4357 2948 3938
f 3163 4185 4991
f 268 710 1751
f 2557 3284 5375
f 7179 5682 4698
f 5795 1934 5356
f 4464 5741 3965
f 6258 5011 6379
f 894 2630 3136
f 2420 6182 2949
f 5158 3726 5120
f 6177 6544 6295
f 509 7285 7027
f 374 5380 2319
f 1371 7199 1903
f 4894 4148 2111
f 313 1183 6961
f 2221 2916 2439
f 5561 6694 4042
f 1004 6714 7024
f 664 7249 709
f 6442 6488 2333
f 2823 2542 768
f 4394 1480 4250
f 2884 5035 3714
f 4601 2357 890
f 3886 2660 3799
f 327 887 8002
f 3376 2988 1674
f 4828 1383 1099
f 781 6695 6042
f 3794 4265 4034
f 5181 7077 5262
f 3630 379 589
f 3673 5366 3626
f 7331 4009 2350
f 2191 7100 1015
f 6441 2589 6442
f 1455 2032 928
f 3809 3530 1694
f 6367 6254 6693
f 334 4918 5794
f 107 7715 5560
f 1446 1638 402
f 5110 1430 5808
f 5787 7019 1496
f 5821 1870 4546
f 792 4900 1915
f 3318 4835 7761
f 4363 582 3630
f 647 155 1524
f 5405 2009 806
f 4771 6864 5216
f 4837 4966 43
f 4414 996 950
f 3215 1045 1409
f 4608 5347 2255
f 1564 6118 5642
f 2653 2839 5868
f 5777 2016 4435
f 6680 7069 7381
f 3402 6953 2184
f 1036 3098 5068
f 1893 5385 5143
f 3467 5287 5185
f 1446 3337 1638
f 4585 5521 813
f 3709 2683 3041
f 6307 4071 1828
f 1170 2881 845
f 2708 2960 3337
f 636 2587 4764
f 3908 6594 7533
f 1291 6982 7803
f 5421 1752 3973
f 2417 1717 2215
f 4598 649 3944
f 3932 3399 3380
f 2709 3787 3079
f 1433 619 1545
f 5789 1642 3034
f 4698 3670 2859
f 6392 3049 133
f 5017 6735 7083
f 6869 1927 5825
f 4275 1940 1234
f 6615 6508 7116
f 3801 4591 2667
f 807 3096 363
f 3479 4877 6747
f 340 1156 2673
f 7583 4523 4156
f 3339 2757 3759
f 2403 6222 2833
f 6716 6369 6389
f 5787 5518 3094
f 4730 7229 3836
f 2543 7249 664
f 1510 6859 1233
f 5752 5188 5582
f 1720 3559 3538
f 1459 2652 4424
f 3885 2148 1614
f 2970 2960 3288
f 733 7961 5797
f 90 471 634
f 6334 5372 6059
f 3316 3646 1820
f 3842 7895 4721
f 4109 5569 877
f 2952 2033 1641
f 1400 3181 4175
f 3240 6623 6572
f 6744 7442 6739
f 2902 6820 3202
f 7355 3466 4478
f 5156 6831 3312
f 4591 3607 3575
f 6737 6320 6321
f 851 1592 661
f 6503 6309 1448
f 441 3990 1549
f 1914 2040 1941
f 5376 5048 5690
f 7056 7103 2831
f 3767 6345 3569
f 1817 1339 929
f 1814 642 3579
f 5014 6912 4144
f 4974 1252 5223
f 4577 4350 1472
f 704 1538 6936
f 7345 2494 5402
f 177 3139 5069
f 2659 6011 1103
f 5622 487 7823
f 566 332 1423
f 964 2630 5580
f 4415 1001 4470
f 2463 2615 819
f 125 6655 2583
f 7889 976 5417
f 3871 7401 4308
f 5211 5697 4015
f 550 4443 4566
f 3279 1136 5546
f 2926 3171 4257
f 3828 765 281
f 7462 5235 204
f 3979 4406 4989
f 2054 6746 944
f 4729 7716 1780
f 4140 2280 1529
f 3704 7570 2850
f 3147 5434 1883
f 4664 1668 3302
f 2889 5940 3158
f 4274 4662 5281
f 2728 4269 2836
f 5609 3260 1025
f 4154 5682 585
f 678 4063 667
f 5309 2737 1091
f 3675 2161 7179
f 2667 231 2450
f 1751 7981 5288
f 1881 5665 1986
f 3567 700 4815
f 1546 2858 2061
f 589 605 1805
f 4460 744 3717
f 952 5490 4882
f 5655 5539 1500
f 1042 2692 3590
f 4127 779 1457
f 2962 5069 3139
f 153 2160 3593
f 508 5503 3470
f 4165 1464 1476
f 5644 1831 5102
f 1488 2129 2052
f 3552 2144 297
f 2643 4934 5772
f 6541 6738 6522
f 1383 1114 4655
f 5218 4099 3512
f 1574 3566 4104
f 5864 1571 2316
f 320 1445 109
f 3384 2151 4372
f 6138 6153 6191
f 1878 3269 4566
f 5732 3013 1749
f 4510 4947 4348
f 3556 4984 2552
f 2367 1963 262
f 1032 2418 5634
f 6185 6713 6352
f 3144 3148 3174
f 2265 2272 4163
f 2859 3675 4698
f 1457 5188 5752
f 3589 4710 4077
f 4385 337 5231
f 272 1035 1879
f 406 2250 5210
f 2181 3344 2879
f 4303 197 2125
f 2389 3750 1933
f 1632 5226 3352
f 3210 1975 5132
f 4715 6974 2566
f 4496 5511 4480
f 3368 1444 3870
f 97 4799 4144
f 7612 7332 5712
f 1755 1770 2024
f 4005 3887 3932
f 5117 774 2390
f 609 1196 818
f 1772 2907 3266
f 1382 641 4395
f 5580 3903 964
f 758 5654 2074
f 2371 632 3027
f 4870 4866 4274
f 2849 3549 105
f 7399 3089 5306
f 1102 2010 5463
f 2242 910 2186
f 7347 5099 5479
f 2166 5273 5008
f 5572 681 5064
f 5019 6332 6104
f 2314 3603 3754
f 2729 3841 4249
f 1399 213 2608
f 6550 6500 6373
f 335 873 4144
f 66 79 1577
f 6534 6640 3409
f 2514 4319 2738
f 4587 3719 3831
f 6681 3162 6568
f 6751 6632 3797
f 2032 3510 928
f 745 5512 611
f 2532 2603 4353
f 1389 1575 1957
f 454 7155 3856
f 1623 3992 5853
f 3836 3339 4449
f 6625 215 3499
f 3987 4221 52
f 7024 6343 1004
f 3410 3940 830
f 5357 6908 6757
f 2673 1897 340
f 4861 1174 2328
f 5137 4684 4356
f 2563 5558 4845
f 7275 856 2095
f 6629 7153 6466
f 2681 485 538
f 6451 3954 1304
f 4570 7109 1145
f 2898 3866 5740
f 779 442 2924
f 2579 6769 1880
f 2035 4774 164
f 1604 878 4400
f 5370 6473 5065
f 2556 636 3840
f 2941 2564 6826
f 1083 37 3439
f 1576 1053 2740
f 4021 1602 5408
f 2329 5136 855
f 6899 1279 929
f 808 5640 5168
f 5552 958 4150
f 2692 5815 5620
f 4852 3219 5626
f 5938 6593 6630
f 2051 3433 119
f 7768 3428 945
f 1418 1135 560
f 2448 3359 3766
f 680 5054 2519
f 5132 1134 3210
f 2230 5015 2012
f 4565 6575 7948
f 2255 446 5777
f 1483 1778 5034
f 637 6751 3797
f 4608 197 5347
f 1038 761 5054
f 2403 240 1593
f 1045 1406 1409
f 5699 4137 4054
f 4230 2117 2520
f 4931 4322 3903
f 5756 3245 4036
f 4384 2153 4763
f 1251 3986 3831
f 2231 6988 486
f 2563 7082 5751
f 1831 379 4223
f 5683 589 379
f 4218 416 5251
f 1301 1575 5446
f 984 6853 760
f 5612 5654 5863
f 4853 2856 3307
f 2940 3962 5613
f 7920 2476 5874
f 5990 7111 876
f 6411 6604 80
f 4938 2523 4796
f 3928 7940 1264
f 1568 3618 2711
f 63 1669 1266
f 4576 724 877
f 4654 6875 2276
f 208 3967 4633
f 7966 119 342
f 378 1714 1686
f 3333 4010 2613
f 2631 5326 1747
f 4198 2918 5882
f 3128 4242 3792
f 125 5031 3689
f 2526 7968 7529
f 3731 4487 2818
f 7819 2822 4409
f 5885 5886 4293
f 4293 3006 5885
f 3114 5887 6324
f 6045 7113 3600
f 5889 200 5134
f 5890 3320 314
f 5891 6407 1067
f 3765 2541 2877
f 5892 4261 4892
f 4261 5892 5893
f 5012 1877 2848
f 2814 6506 5885
f 5885 3006 2814
f 4367 6725 5894
f 5894 507 4367
f 3628 7296 6462
f 6143 5896 6692
f 6561 5895 6143
f 5895 4920 5896
f 3042 1687 5898
f 5898 2205 3042
f 6018 940 3222
f 6535 327 4161
f 971 5899 3338
f 5899 971 98
f 2485 1982 5900
f 2936 7829 5901
f 5902 3397 1792
f 1792 885 5902
f 7348 4122 5000
f 7159 4202 5322
f 2370 5422 3830
f 1753 1613 5611
f 868 1678 428
f 1122 4186 6601
f 753 4906 1646
f 5904 5906 3263
f 6029 5905 5904
f 2712 1462 5907
f 3945 1540 2300
f 4302 2720 5908
f 1445 5909 2611
f 5910 7492 764
f 2388 6916 3008
f 2553 893 548
f 4196 2820 6264
f 1707 5053 2635
f 361 260 1415
f 5912 5913 2386
f 1562 3762 5914
f 5915 1001 4415
f 5916 2003 3228
f 4778 1179 5917
f 1179 110 5917
f 322 3142 5918
f 5642 5920 7365
f 5921 3424 5630
f 5922 3056 788
f 7082 2563 4845
f 1065 5481 5924
f 5925 968 7066
f 1937 3071 6190
f 1368 5039 5388
f 5953 676 1565
f 1345 1364 4403
f 5927 2446 4498
f 1822 2497 7173
f 6587 2638 3988
f 1115 5928 6341
f 8038 2014 7979
f 4936 2931 7141
f 7523 7531 6963
f 7531 7523 6435
f 141 5930 5929
f 2615 6682 5414
f 6574 5931 924
f 5055 5375 5932
f 5258 5934 7262
f 5934 5258 5933
f 2616 5813 5935
f 5935 6004 2616
f 5936 3616 1650
f 1704 759 6853
f 724 3108 5938
f 3723 319 6555
f 1298 6426 5939
f 4493 5190 5940
f 5126 1658 3839
f 1658 5126 1861
f 3341 7038 1552
f 7141 5941 4936
f 5943 5576 5299
f 5944 5218 6794
f 5946 3308 1111
f 3308 5946 5947
f 5437 953 5444
f 6548 6725 5046
f 6344 1143 2802
f 7123 4099 7389
f 5470 6248 5952
f 5952 27 5470
f 2834 6833 2333
f 346 676 5953
f 5519 5445 5954
f 400 3403 1152
f 2631 5955 5945
f 5956 1997 4318
f 7114 3560 303
f 5958 5480 5046
f 7466 3438 3090
f 7181 3506 5959
f 7160 349 4404
f 5960 5395 202
f 5962 349 7160
f 4485 2303 5963
f 7897 2002 5217
f 1785 973 4491
f 3320 5890 738
f 5965 7969 1050
f 5966 5968 3385
f 6028 5967 5966
f 5967 6311 5968
f 2891 2936 5901
f 5969 96 4992
f 2858 1546 2046
f 2401 5669 6114
f 6921 6975 7385
f 6921 5961 7967
f 5971 4979 5559
f 5972 1448 1396
f 7540 2784 2304
f 2139 5973 7154
f 5973 2139 4916
f 6095 4263 7192
f 306 3560 102
f 7639 7524 7749
f 1009 5976 7069
f 5976 1009 3919
f 1678 4588 428
f 1186 4332 3720
f 6531 6289 2016
f 7367 6681 5977
f 6681 6568 5977
f 5978 3240 391
f 7699 1369 5979
f 7288 5923 5973
f 5980 3313 666
f 5981 5069 2962
f 5983 5670 1263
f 5984 602 423
f 5981 2962 4083
f 1159 871 5948
f 5032 5986 560
f 5986 5032 6406
f 3798 5348 5987
f 5988 5579 1357
f 6168 4080 1821
f 6764 3857 8025
f 5990 876 3422
f 3422 4687 5990
f 5991 5887 6228
f 1822 7173 5991
f 7173 6324 5887
f 5638 7120 6054
f 5007 216 6884
f 2672 871 1456
f 5993 2899 860
f 5994 6406 1843
f 6980 2578 5994
f 7106 4645 5179
f 5374 5494 3943
f 5996 6335 1283
f 1283 2188 5996
f 3323 2493 1869
f 5998 296 1956
f 5999 1032 551
f 6000 82 7631
f 6001 4931 648
f 6002 175 1729
f 6656 5890 2501
f 6003 738 5890
f 7368 7315 650
f 6004 6989 3109
f 5018 6005 109
f 6005 5018 7082
f 2863 5236 6644
f 4899 3210 4747
f 6006 279 2183
f 6007 1227 3164
f 1227 6007 6900
f 6014 860 2899
f 5999 1324 5507
f 7971 5993 860
f 7971 2694 5993
f 5661 7054 496
f 6009 4315 5127
f 6010 4706 1616
f 6011 2659 3496
f 7534 4947 17
f 7019 1783 596
f 596 7055 7019
f 8010 4789 6012
f 2374 7122 2132
f 6013 6186 378
f 6015 2703 3810
f 6016 4167 1818
f 391 6017 5978
f 6017 391 4424
f 6018 3222 230
f 4041 3243 6019
f 4619 5206 6020
f 6902 1241 5444
f 5252 7369 6021
f 6022 7369 3652
f 5752 1052 6023
f 6023 219 5752
f 3271 1019 6024
f 6024 5525 3271
f 1054 1915 6025
f 5938 5672 724
f 3479 3364 2678
f 3364 3479 7064
f 4466 3666 6078
f 6042 7697 3302
f 2410 827 6027
f 4899 5951 1975
f 6030 6032 5913
f 3326 6031 6030
f 6031 5556 6032
f 6900 569 1340
f 569 6900 6033
f 6646 5420 3251
f 5420 6646 6034
f 7497 7474 3541
f 6036 2834 2333
f 6918 5185 6037
f 6588 6038 6653
f 1784 3417 4355
f 6040 3389 6039
f 2354 1728 618
f 6041 488 4094
f 1668 4733 6042
f 1724 657 3486
f 4248 4375 6044
f 4632 7124 2813
f 6045 4181 2519
f 5535 6607 6046
f 6046 2974 5535
f 6048 1744 4058
f 526 1988 6661
f 4672 100 6049
f 7100 7125 2907
f 763 7218 178
f 3089 6729 6051
f 6051 5477 7213
f 6053 3599 6603
f 6603 6052 6053
f 6054 4536 5638
f 6055 3345 2381
f 7847 1253 5181
f 854 7126 6057
f 2565 811 6058
f 1272 5608 6490
f 6059 2345 7300
f 6688 5142 911
f 3495 4779 6013
f 6013 378 3495
f 3225 1448 6062
f 5153 4180 6063
f 6064 4175 1601
f 2353 82 122
f 7789 6065 3594
f 6872 706 4956
f 6067 5313 1517
f 4361 5876 6068
f 1467 4817 7037
f 4817 1467 4795
f 258 2021 6115
f 3479 2678 146
f 6069 5807 4793
f 5807 6069 6070
f 2636 4413 6071
f 5047 7370 6072
f 792 3357 6073
f 6633 4863 216
f 4863 6633 6074
f 7620 6093 6076
f 6093 6639 6076
f 2317 6077 662
f 2449 4336 6080
f 6488 6082 2333
f 1415 6082 6488
f 6084 4538 6485
f 4560 6245 6084
f 2278 6085 3449
f 3435 3459 6086
f 4567 6087 130
f 6088 1221 56
f 7471 3119 1516
f 648 21 6001
f 5579 6089 4325
f 7942 4123 4056
f 1906 7423 2425
f 6091 6092 4292
f 6556 5943 6092
f 2910 6639 6093
f 3007 4122 2017
f 5148 6097 4577
f 3671 1148 6099
f 3060 6917 6100
f 5735 5140 6037
f 6101 4365 6314
f 556 2468 2813
f 2724 4370 4160
f 7304 6253 6102
f 6253 7304 5450
f 6103 6541 4373
f 3406 4927 6049
f 209 6105 1657
f 6105 209 6403
f 6106 3493 955
f 1616 4706 1408
f 4892 5825 6107
f 5343 6117 3492
f 5936 1650 1127
f 7306 6665 6346
f 6010 3713 469
f 2959 5963 6047
f 5963 2959 4485
f 2351 6109 3927
f 6109 2351 2
f 5898 6112 5468
f 1687 6842 5898
f 6842 6962 6112
f 6113 6658 5472
f 6113 2179 6658
f 4860 4030 5729
f 3035 6046 6115
f 6046 3035 2974
f 7543 3480 2948
f 2065 1724 6116
f 6117 5343 5334
f 1228 6511 6118
f 3288 1225 1929
f 5554 6120 3303
f 4069 1149 6088
f 6121 5453 274
f 274 6108 6121
f 6122 3916 2229
f 5958 6123 5333
f 5333 5266 5958
f 5677 333 2874
f 5671 6124 4649
f 2377 4587 6125
f 4762 4049 6126
f 1978 702 2154
f 5908 2320 4302
f 1404 4643 6128
f 7372 1388 6624
f 2505 6201 6130
f 6130 2582 2505
f 6836 6131 5739
f 387 6209 6018
f 6018 230 387
f 3134 3681 901
f 7148 8022 2405
f 2395 5914 6133
f 6133 224 2395
f 6134 6806 1275
f 4289 1793 3677
f 4759 6136 5530
f 6136 4759 6179
f 2432 1196 4607
f 5088 33 6738
f 6090 6429 2682
f 2682 7301 6090
f 6137 1295 4268
f 4268 1644 6137
f 4709 6138 2103
f 5427 4113 822
f 6139 6140 1942
f 6541 6103 6139
f 6103 3033 6140
f 1151 2717 6141
f 6142 1848 746
f 6143 6692 6144
f 6146 5148 7233
f 6253 5450 5635
f 3921 1628 6147
f 1468 3435 6086
f 7125 7735 3638
f 6149 527 352
f 72 2723 6331
f 2126 6150 5861
f 6151 4418 2741
f 1765 661 2090
f 6191 6153 6152
f 6153 77 6152
f 3355 2885 3409
f 3260 7334 189
f 4637 6155 6154
f 6155 723 9
f 6156 6087 4567
f 4567 255 6156
f 6157 2944 1987
f 7742 7539 7367
f 3853 3113 6159
f 3485 7821 7785
f 6161 4593 6432
f 1352 7965 1709
f 3436 6163 5180
f 6163 3436 6162
f 6005 3104 109
f 6164 5611 1613
f 6165 1231 3795
f 3058 2285 5899
f 2396 4232 6166
f 575 7640 3170
f 4032 2300 6167
f 5046 2151 6499
f 2952 6169 5989
f 6169 2952 1306
f 6170 2430 1016
f 6171 4548 5668
f 3058 5899 1312
f 5899 2285 3338
f 1972 6995 5250
f 5250 4984 1972
f 3003 5894 6172
f 5894 3003 507
f 2930 6489 7028
f 4269 2145 2836
f 2807 1259 6173
f 5275 7503 293
f 4281 1101 6175
f 491 6177 6176
f 319 5810 3941
f 5305 6178 5072
f 8021 5119 2642
f 746 528 6179
f 6180 5293 654
f 2323 5519 5954
f 4156 3852 6181
f 3193 4765 6182
f 6183 1246 3209
f 6184 6151 2741
f 2741 3916 6184
f 3463 3507 3763
f 1442 2283 6121
f 1205 1765 2090
f 425 6185 6352
f 6185 4136 1378
f 7149 449 780
f 742 4045 1309
f 6175 5414 4281
f 1006 6748 6187
f 6187 5455 1006
f 6188 6190 321
f 600 6189 6188
f 6189 2155 6190
f 4641 7129 2287
f 3460 6192 6191
f 247 5265 6242
f 2048 6235 6193
f 5905 6029 1837
f 1837 5937 5905
f 6194 5096 6394
f 3852 4025 6181
f 4753 1625 6303
f 1348 6287 436
f 6287 1348 5756
f 4572 4947 6195
f 7534 6195 4947
f 3457 7373 3268
f 5009 1325 466
f 1754 6727 68
f 1022 2683 6197
f 6198 3004 4179
f 805 2695 6754
f 6378 7131 1146
f 6199 3952 443
f 4817 4795 4692
f 6825 5405 806
f 6200 6201 3332
f 6200 4881 6201
f 6872 4343 701
f 1902 6204 6203
f 8008 6204 4530
f 5313 7664 3750
f 7664 5313 6067
f 6094 3982 5212
f 6063 1818 4167
f 1149 6865 5954
f 5954 5445 1149
f 6205 4224 840
f 6206 5155 3490
f 7452 7563 6207
f 7610 7958 7962
f 734 6208 1443
f 5309 6711 6209
f 7269 6210 7382
f 2516 4822 2545
f 6167 2548 5603
f 1543 6497 6211
f 1410 6212 6532
f 6212 1410 3
f 6213 3775 4823
f 6214 1271 4064
f 5912 2386 1125
f 4426 3099 6215
f 3639 7168 6003
f 6684 3229 3430
f 6131 3523 6495
f 6218 6152 77
f 6218 5550 6152
f 6219 1789 2313
f 2313 6700 6219
f 6220 5919 5615
f 6028 3801 2667
f 6356 6221 5941
f 4128 5889 6356
f 5889 5134 6221
f 3642 6222 1593
f 2472 6223 5190
f 7119 5339 5970
f 163 5101 1071
f 6224 997 5576
f 2472 6224 6223
f 5009 7302 6154
f 2425 5178 6537
f 4771 6225 77
f 3256 343 6132
f 7193 6227 3883
f 1079 7906 251
f 6228 3102 5163
f 4646 6073 3357
f 6073 4646 7110
f 6229 398 3738
f 1054 3187 6231
f 3823 6149 4631
f 4631 4612 3823
f 7153 6232 2453
f 6232 2426 4702
f 938 7193 2830
f 1530 5939 6235
f 5939 1530 278
f 1960 7913 394
f 6236 3843 4488
f 2045 7096 2611
f 6237 2043 4305
f 3433 7877 342
f 1702 1516 3119
f 3135 7885 1702
f 6687 6238 5119
f 6736 4779 6238
f 6450 6240 6239
f 6240 6663 7775
f 2444 4016 6096
f 5265 1925 6242
f 2197 1313 6993
f 6198 2231 3004
f 6243 2390 774
f 774 4061 6243
f 7075 7111 7072
f 3854 2914 6244
f 2744 7251 7237
f 2518 2800 6407
f 6245 4560 7212
f 6382 6246 3324
f 6247 1513 2804
f 5165 7017 7221
f 5671 2699 6124
f 5401 4744 6111
f 6111 2 5401
f 1993 5582 974
f 1090 3087 6249
f 4123 6090 4090
f 6753 7152 1797
f 6251 3769 2257
f 6055 2381 4411
f 6122 4855 6899
f 2762 7135 2906
f 6252 6253 5534
f 6252 6327 3217
f 6134 6381 5901
f 1275 6254 6134
f 6254 1197 6381
f 3256 6255 3164
f 6255 3256 6132
f 5955 2631 5131
f 6256 6697 6075
f 1743 2053 6697
f 2257 2391 6251
f 6258 1878 4146
f 4653 7273 699
f 6259 3549 3159
f 6260 519 2085
f 6337 3776 6261
f 5765 9 6262
f 3034 1246 6263
f 1481 3254 1692
f 9 723 6262
f 6264 1042 3590
f 6078 6828 7847
f 1461 478 6265
f 6266 6265 478
f 6333 7902 4671
f 5444 5487 6613
f 3768 7516 6267
f 4914 3823 4612
f 6268 4896 3138
f 2238 6270 6269
f 6270 2238 3654
f 6272 3855 4513
f 526 6661 6273
f 6034 7458 5420
f 6274 1612 4210
f 4417 6275 1628
f 7554 3979 5499
f 6276 6277 604
f 6276 383 6277
f 6279 6091 2449
f 2449 6080 6279
f 6613 6107 6280
f 6107 5825 6280
f 7527 665 844
f 1959 3345 6055
f 5100 5477 6051
f 7136 4598 3462
f 3432 1294 6244
f 6282 2625 2217
f 5924 3282 3053
f 6283 5240 7826
f 6109 2 1104
f 1104 6284 6109
f 5684 7934 5919
f 6454 4317 6591
f 5965 4196 749
f 6285 6205 5482
f 6286 1526 4501
f 3590 749 6264
f 6287 5756 5529
f 3501 3576 5335
f 6288 188 1193
f 1862 6289 6934
f 3358 1169 5028
f 1207 6566 6290
f 4202 6721 3213
f 6292 3113 6434
f 242 188 3652
f 2522 7591 6294
f 7529 2606 5075
f 1343 5052 6295
f 6742 7117 2446
f 6296 5321 7755
f 6741 7073 6602
f 1697 6009 4911
f 1746 6298 7641
f 1243 257 8016
f 7121 7463 5997
f 4082 6300 5763
f 6341 5928 1514
f 1115 5364 6057
f 383 6276 6302
f 6303 1625 5293
f 4236 105 1947
f 1257 2167 729
f 5910 2887 6659
f 6306 27 6019
f 6120 659 3303
f 6068 7047 5934
f 6307 5591 7835
f 6308 4019 4015
f 986 1396 6309
f 5410 747 6086
f 2317 662 5436
f 6310 5254 6174
f 5930 4077 4080
f 4080 6168 5930
f 5336 6312 5308
f 1601 5384 6064
f 7639 2429 4541
f 1671 3236 3282
f 1031 7530 6314
f 2702 3449 2882
f 5430 6316 6315
f 6316 1773 6315
f 1741 6318 1344
f 547 6692 5896
f 729 6921 1257
f 304 4988 6280
f 6129 6319 6166
f 6562 6319 6129
f 7158 51 1349
f 7089 6138 4709
f 7065 5802 1180
f 6119 307 3937
f 307 6119 6321
f 2806 1204 1723
f 6363 6035 3026
f 3026 5962 6363
f 1159 7948 6652
f 6322 6323 3552
f 3552 297 6322
f 3129 1275 6806
f 1550 833 5755
f 5697 1000 6502
f 4482 4990 3484
f 4347 5374 3943
f 4704 5813 2616
f 6137 5434 1295
f 7138 427 1864
f 1430 5110 6062
f 7239 6269 6260
f 3863 3216 6326
f 5869 6248 5470
f 6327 6252 5534
f 2448 3656 6328
f 4031 4690 6048
f 4442 6162 3436
f 129 4198 5882
f 5163 6354 6228
f 6354 5163 4264
f 5958 5266 5480
f 6868 2693 5074
f 5044 7461 6331
f 7118 5246 4446
f 5959 3506 5630
f 5630 2594 5959
f 4203 7638 6332
f 4203 817 3046
f 6333 6334 6065
f 5649 6334 6333
f 5993 2694 4957
f 1394 7496 6174
f 3907 7597 4453
f 6336 6338 6120
f 2148 6337 6336
f 1992 4309 6339
f 6340 5865 1556
f 72 6331 6341
f 6331 1115 6341
f 2882 6342 2663
f 6342 2882 3449
f 2545 1789 6906
f 3593 1004 6343
f 6343 252 3593
f 178 325 763
f 6108 274 7933
f 6048 4058 148
f 7492 2665 4012
f 6344 2802 5290
f 4079 5229 418
f 6345 3767 1503
f 604 5551 6276
f 6346 1607 3572
f 6118 5920 5642
f 6511 6520 6118
f 6520 345 5920
f 6347 6155 9
f 7127 7140 6347
f 6348 6154 6155
f 6349 4469 3310
f 3310 7522 6349
f 6269 2083 1314
f 1872 3549 6259
f 5482 6205 6351
f 1494 1499 5903
f 7482 8023 850
f 1755 232 6353
f 4264 3226 6354
f 6347 9 5765
f 6355 1582 4755
f 7141 2931 2504
f 6956 1643 3881
f 5258 1085 5933
f 6357 4107 2946
f 6357 883 4107
f 3273 1452 2527
f 4118 6176 6295
f 6176 4118 4769
f 4535 6545 6270
f 6270 3654 4535
f 1858 5374 6396
f 7267 2524 2233
f 6023 847 219
f 847 6023 2447
f 2527 6058 811
f 1452 6359 6058
f 6359 5878 6058
f 6577 6361 6360
f 6361 1507 6596
f 6362 4888 122
f 4874 4642 6816
f 2781 7909 6945
f 5681 6718 6364
f 6364 3253 5681
f 6365 534 3349
f 6946 4457 5180
f 4088 1074 6366
f 1256 5585 6367
f 1445 6368 5909
f 6368 7132 3989
f 6369 5689 6389
f 7162 2772 1653
f 6371 6372 4224
f 6371 3254 6302
f 6373 5396 1410
f 1903 3995 1936
f 6375 3399 6417
f 6375 3380 3399
f 5659 843 6376
f 1821 3998 6168
f 6056 2078 1798
f 6378 7973 2107
f 2107 7725 6378
f 5249 7161 2377
f 6380 5999 551
f 551 421 6380
f 1486 3850 5452
f 3850 1486 6937
f 6381 1197 1650
f 3221 391 3240
f 4525 1944 3105
f 3319 6382 3324
f 4457 6946 4285
f 6169 1306 36
f 2191 7472 4448
f 1411 1404 6383
f 6383 1830 1411
f 1562 7152 7366
f 6384 2034 4884
f 4884 8021 6384
f 6386 1825 5688
f 3356 6148 6000
f 6000 4800 3356
f 5941 4286 3227
f 5529 6387 6287
f 6387 662 6077
f 5611 6164 6388
f 1633 6389 5689
f 327 6535 6390
f 6390 887 327
f 7170 5673 4594
f 7621 7219 2941
f 4785 6836 5739
f 4210 296 5998
f 7005 2881 1519
f 6080 1333 6223
f 6423 6178 907
f 6388 6391 4447
f 4447 7440 6388
f 6392 2100 3049
f 4267 3217 6327
f 6393 7942 4719
f 4719 4649 6393
f 6394 1143 6344
f 6140 6395 1942
f 6140 6324 6395
f 7108 5622 6396
f 7682 7113 7918
f 6397 6258 6379
f 6610 6712 6397
f 6712 1878 6258
f 6398 3289 5744
f 2329 5457 5136
f 8009 727 6399
f 6219 6906 1789
f 5810 319 2220
f 5299 6416 5943
f 4933 592 6400
f 6401 3425 5213
f 5213 7128 6401
f 6390 7005 906
f 906 140 6390
f 2023 4983 6602
f 2491 2639 6083
f 5599 5016 4681
f 6317 5016 6667
f 6603 6402 6370
f 6402 6603 915
f 6837 5331 2459
f 3514 209 1050
f 3514 6034 6403
f 7334 5820 283
f 6214 6404 1271
f 3010 6404 6214
f 6405 2366 3857
f 3857 6764 6405
f 1792 2860 885
f 6406 470 1843
f 6408 463 1584
f 6357 6924 1722
f 2235 2193 6918
f 6588 117 6726
f 6409 2489 756
f 1159 1456 871
f 3859 3277 6410
f 1413 6644 935
f 6411 3447 3897
f 6052 6370 1600
f 6052 6603 6370
f 7232 1041 4199
f 6414 5795 6546
f 6415 4855 572
f 4510 5841 6942
f 1958 1305 227
f 6416 6315 5943
f 6416 5430 6315
f 6984 4953 1701
f 6594 7012 7533
f 6375 6417 7012
f 6417 5587 7012
f 2672 3690 871
f 5153 2535 4180
f 2772 7162 8006
f 1292 4867 7017
f 4867 1292 5232
f 6418 6032 5556
f 3292 6420 3660
f 6420 3292 6419
f 7446 2060 6777
f 3108 5118 5938
f 5033 6330 6421
f 6330 5033 42
f 6422 3314 312
f 6733 2441 4813
f 2575 6385 6298
f 6298 138 2575
f 7171 6424 6423
f 7599 3706 6944
f 6324 7173 6395
f 3640 1576 6425
f 6329 5819 2981
f 2586 6663 5972
f 7130 4290 4706
f 6989 7321 3109
f 888 6428 1528
f 4993 6428 888
f 6410 3277 2540
f 2727 7740 6430
f 4216 5 6431
f 6428 3951 1528
f 2990 5769 7267
f 7118 5249 5246
f 4232 6433 6166
f 6433 5907 6129
f 2177 4759 6525
f 2937 635 5876
f 5245 5498 6434
f 6294 692 2522
f 1782 4501 5925
f 1182 2156 6161
f 5819 6436 2981
f 2021 3035 6115
f 7643 6198 6470
f 7798 6311 4253
f 6437 2937 5876
f 5876 4361 6437
f 6384 7195 2034
f 6205 258 6438
f 6014 1994 2480
f 6439 2424 6078
f 592 4933 2027
f 6203 528 1902
f 2526 7529 6440
f 6440 798 2526
f 6441 6442 2128
f 2128 555 6441
f 6245 7212 3141
f 5018 5751 7082
f 4735 3797 2185
f 2256 241 6443
f 4871 7381 5976
f 5976 3919 4871
f 5912 6030 5913
f 651 5731 6447
f 2585 6448 6825
f 6448 2585 5770
f 6449 7762 7443
f 1793 3622 3677
f 6226 7404 7561
f 133 6067 7278
f 5754 5809 5960
f 7679 7736 658
f 7775 6663 5447
f 6451 6200 2861
f 6451 4881 6200
f 1182 6452 783
f 6452 1182 6161
f 6453 7171 5133
f 6454 3643 3895
f 888 6791 6541
f 1380 1671 3282
f 6455 7092 3011
f 7114 1195 3560
f 3475 6241 6923
f 6456 4707 64
f 64 6446 6456
f 6173 6457 2375
f 6649 6668 6173
f 6458 6334 6059
f 3594 6065 6458
f 6093 2740 4896
f 5991 6354 3226
f 3226 1822 5991
f 4141 4365 7046
f 4193 6685 6460
f 6460 5255 4193
f 2113 60 1906
f 6432 4593 1267
f 6358 7874 6673
f 6461 5247 1284
f 1186 2291 6611
f 2969 7304 6102
f 1156 2703 6015
f 871 3690 6263
f 6028 7123 5967
f 5967 3010 6311
f 3042 5875 1687
f 2445 7329 6250
f 2485 5900 6085
f 5931 3629 5478
f 6431 512 2801
f 1224 1219 5157
f 6462 4200 503
f 4527 5971 6463
f 6463 3125 4527
f 659 6464 908
f 6464 659 6120
f 2570 7131 3821
f 6465 3642 3005
f 2126 183 6150
f 6467 393 3362
f 6467 3362 2498
f 2498 6469 6467
f 951 6970 7717
f 2886 1707 6470
f 811 933 4939
f 6471 2137 5553
f 5553 6074 6471
f 5946 1111 2808
f 2808 1709 5946
f 2233 4742 1223
f 808 4778 5917
f 5921 5630 5326
f 6222 3642 5151
f 5399 1364 5926
f 1373 4807 6472
f 394 6050 1960
f 267 5856 3139
f 3698 2366 6405
f 7708 5297 7253
f 6225 6218 77
f 6567 6294 6225
f 7591 3023 6218
f 5937 4883 5367
f 6210 7379 7382
f 5334 6325 6117
f 6325 5334 1999
f 6473 5816 5065
f 6972 1337 2086
f 6372 6276 341
f 3972 6261 3973
f 6261 3972 7102
f 6474 141 2319
f 6993 4643 1404
f 1411 2656 6993
f 6917 2488 6100
f 2178 2204 6475
f 2058 7380 699
f 1119 6477 2006
f 6477 1119 7339
f 4012 764 7492
f 7876 7878 568
f 6478 3808 4644
f 5278 7727 6271
f 1385 1645 7150
f 5924 2494 1065
f 4100 3473 6479
f 135 6480 1891
f 6480 135 895
f 6390 140 887
f 6481 6483 2290
f 1916 6482 6481
f 6482 1860 6483
f 6417 3956 5587
f 6340 1556 1106
f 6301 3678 1893
f 6560 6152 5550
f 3460 6191 6560
f 6243 1823 4844
f 3580 6291 6484
f 6484 7590 3580
f 4560 6084 6485
f 743 6486 771
f 743 771 7234
f 7267 6487 2990
f 1223 6487 7267
f 388 366 6488
f 2127 4515 6498
f 6489 7143 5196
f 675 5254 6310
f 6403 6645 739
f 6403 6034 6645
f 7718 7749 3647
f 7749 7718 4519
f 5992 5948 6263
f 5948 871 6263
f 1272 6490 5598
f 150 6156 6491
f 1462 6562 6129
f 5190 1911 5940
f 7544 4471 6492
f 6082 1415 260
f 260 1422 6082
f 2499 7645 2059
f 6268 1696 2435
f 6010 1616 3713
f 2718 6493 4547
f 1747 7201 114
f 3089 6494 5306
f 7213 3089 6051
f 2336 6702 6039
f 6039 6212 2336
f 336 6464 6338
f 6464 336 908
f 4993 6452 6428
f 6452 4993 783
f 6429 6124 3763
f 6090 6393 6429
f 6393 4649 6124
f 6131 6495 5346
f 7374 6299 4537
f 5983 6496 5670
f 5901 4052 6134
f 1650 2891 6381
f 4640 7536 5975
f 5897 326 5823
f 2151 150 6499
f 5735 6373 6500
f 6501 1501 1439
f 1439 1496 6501
f 115 2625 6282
f 621 2155 6318
f 4652 6549 7560
f 6981 7087 838
f 424 2771 6503
f 7767 2812 599
f 1025 6025 7110
f 6025 1025 1054
f 6208 6504 1443
f 1294 3854 6244
f 6479 732 5064
f 4037 6505 3474
f 6505 4037 7546
f 3541 3784 561
f 6414 1163 2039
f 7145 6414 6546
f 131 6506 2814
f 7114 1229 1195
f 2744 2762 5349
f 6411 3897 3098
f 7728 2808 6507
f 2194 2966 7016
f 7052 2040 1914
f 2145 4269 7052
f 7822 4864 1246
f 4864 7822 39
f 6508 6561 6143
f 1594 2047 2637
f 527 6345 1503
f 6345 527 6149
f 7642 7691 5397
f 2839 6476 1646
f 1646 4906 2839
f 6057 7867 854
f 669 2007 6509
f 6184 7164 6576
f 3916 6455 6184
f 6455 3011 7164
f 473 6510 475
f 4848 135 2326
f 2952 6860 6799
f 2591 7146 6987
f 6484 7527 2736
f 7527 6484 6281
f 6512 6551 1841
f 3205 568 7878
f 4362 2453 6232
f 6513 5957 7632
f 4620 6386 6513
f 3022 5425 7074
f 5980 2054 4588
f 7885 2295 2311
f 7268 7144 7536
f 6745 1810 1832
f 5762 6515 7808
f 3525 6459 6516
f 6517 2716 3074
f 3077 5434 6518
f 6519 6520 6511
f 4136 7234 1378
f 4937 5594 6521
f 4059 7644 4068
f 5469 5670 6496
f 6522 783 4993
f 6312 5336 3513
f 7362 848 6885
f 6523 7540 2304
f 2304 4358 6523
f 51 1490 1349
f 1490 51 1414
f 6453 6984 5373
f 5373 7171 6453
f 7147 7776 5679
f 6266 6486 743
f 6486 478 2846
f 214 6524 6506
f 6525 2470 2177
f 4188 6526 1767
f 6526 4188 2946
f 8006 2321 2549
f 2321 8006 6527
f 6174 1836 6310
f 687 3467 6528
f 7055 596 6617
f 1501 6501 7055
f 4286 6221 5134
f 6221 4286 5941
f 6125 3831 3986
f 1953 4233 6529
f 5478 7206 7091
f 3389 6040 6530
f 3553 6289 6531
f 7339 1119 4164
f 6471 6374 1903
f 1903 7199 6471
f 6532 6373 1410
f 6126 5408 5461
f 5408 6126 4021
f 6533 1627 4280
f 3666 6828 6078
f 992 7090 6534
f 6776 1939 5469
f 2001 7104 6906
f 6609 1014 1124
f 3812 4818 7026
f 4161 1037 6535
f 2192 1876 4743
f 1152 3403 2421
f 6366 1074 2301
f 7724 6147 1628
f 6147 7724 4754
f 4166 5364 6353
f 6536 1632 5710
f 6537 7371 1906
f 5178 6242 6537
f 6095 5353 4263
f 251 5913 6032
f 71 1398 6538
f 6989 6230 2408
f 6622 6158 6230
f 6220 3247 442
f 442 7076 6220
f 3938 3480 4143
f 6233 6227 7193
f 5985 6026 6227
f 4175 6064 6539
f 6539 1400 4175
f 6540 62 6317
f 1600 842 6052
f 6541 4993 888
f 6542 1909 1462
f 5963 1278 6543
f 1343 6295 6544
f 6544 1973 1343
f 7415 3984 3476
f 6260 6545 519
f 1092 3142 905
f 3512 3510 5218
f 7149 6382 2489
f 6078 2424 4466
f 831 7145 6546
f 6478 7535 3808
f 6547 6507 1111
f 144 7728 6507
f 294 7237 5177
f 762 3164 6255
f 6172 6548 2305
f 2305 3003 6172
f 4982 6549 2597
f 6113 2374 506
f 6550 6039 3389
f 6373 6532 6550
f 6532 6212 6039
f 5487 953 1064
f 4563 1841 6551
f 6006 2183 5271
f 7162 1653 735
f 6552 3421 5734
f 5734 461 6552
f 5955 6553 5945
f 4984 3556 1972
f 2408 2953 6427
f 6555 4811 3723
f 5943 6556 5576
f 3045 5326 3499
f 6196 7067 1325
f 2529 6196 6348
f 626 4362 2835
f 7566 4007 843
f 6511 3922 3989
f 3989 6519 6511
f 6359 7249 5878
f 106 239 2105
f 7953 4082 4065
f 6558 4114 759
f 6082 6036 2333
f 1422 6036 6082
f 5636 7460 2293
f 3096 3460 6560
f 6313 6508 2661
f 7452 6207 6562
f 6207 6306 6319
f 5482 6351 6377
f 2198 1507 6361
f 5688 525 6563
f 2358 2646 6099
f 42 5471 2433
f 5962 3026 3267
f 7960 5859 7637
f 4744 602 5984
f 263 7770 785
f 5429 5614 6564
f 2813 7124 5646
f 4101 3423 7002
f 1385 7150 7778
f 6643 6566 4524
f 6472 6251 2391
f 6175 1250 4773
f 2789 2509 7647
f 5568 576 7033
f 2551 6467 6704
f 5892 4892 6521
f 7695 914 2512
f 3484 7152 4482
f 286 6827 6570
f 3361 2186 6308
f 4513 4584 6272
f 5819 6329 6572
f 4858 993 4554
f 6398 5744 1953
f 1953 6529 6398
f 199 1261 6527
f 7001 160 6006
f 6400 6719 2510
f 592 6573 6400
f 6573 7232 6719
f 924 4810 6574
f 6549 3545 3840
f 6575 585 1995
f 6406 1559 470
f 2295 3135 2367
f 6576 4854 2574
f 475 6510 3738
f 6229 3738 6510
f 4193 5098 6577
f 5555 4646 3363
f 1454 2638 6578
f 6019 27 4041
f 7153 2453 2782
f 6350 3711 2057
f 6579 4475 6213
f 4035 6580 7051
f 136 4035 649
f 6038 6581 6587
f 6588 7646 6038
f 6582 2602 2310
f 6194 5261 5291
f 450 3580 5492
f 344 732 6479
f 5436 6017 4424
f 6017 5436 662
f 6197 3131 316
f 5326 3506 6493
f 6166 6584 2396
f 6583 6019 6584
f 7306 3572 6887
f 604 6277 1683
f 6561 6313 5643
f 6585 4002 5253
f 5253 6301 6585
f 6248 5869 1449
f 7813 4791 2442
f 5293 6180 6303
f 6180 5950 5949
f 6586 5824 2754
f 6296 1734 5321
f 6578 2638 6587
f 6588 6653 5543
f 6418 7637 7510
f 6589 6590 6012
f 175 6002 6589
f 6002 6682 6590
f 870 2430 6170
f 5568 7033 599
f 5824 6586 5803
f 6586 229 7511
f 728 6454 6591
f 7725 1337 2133
f 4597 5033 6421
f 6592 459 3634
f 3634 6281 6592
f 2309 7648 5944
f 7878 5192 3205
f 797 83 72
f 6335 6895 1283
f 3380 6594 3854
f 6594 3380 6375
f 2185 7308 4735
f 7308 1397 456
f 7127 5765 5573
f 6500 2856 5140
f 6595 534 6365
f 1077 6657 6595
f 3929 6596 1507
f 2003 7250 3627
f 3601 266 6597
f 561 6969 3474
f 1514 5928 1074
f 7383 6563 6992
f 6600 241 1229
f 1229 7114 6600
f 3506 4547 6493
f 3235 2760 3687
f 1757 5482 6377
f 6336 6120 5554
f 5554 2148 6336
f 6237 3567 3620
f 6106 5577 3717
f 3717 4552 6106
f 1052 990 2199
f 6602 7073 4775
f 6669 7729 5540
f 5344 6644 1413
f 5813 4704 5802
f 3247 6220 6604
f 5670 5469 530
f 7273 1876 6657
f 901 6605 5618
f 4230 1683 6277
f 6159 6288 6160
f 3113 6292 6159
f 6292 188 6288
f 5409 6313 2661
f 5409 7873 6399
f 6438 6351 6205
f 6115 6607 6438
f 6607 2078 6351
f 5516 7932 6608
f 927 6609 1124
f 5066 5942 6547
f 6547 1111 5066
f 2294 7471 6157
f 6571 2493 1131
f 1131 4115 6571
f 7186 3768 6765
f 4408 4335 6041
f 2479 6610 6497
f 6611 2486 2212
f 3905 7129 7194
f 6249 6612 6043
f 410 6536 6249
f 6536 5710 6612
f 545 474 6980
f 2287 5006 5510
f 7615 6107 6613
f 6280 6902 6613
f 6509 6338 6337
f 336 6338 6509
f 2193 2235 6528
f 213 957 1669
f 1447 1454 6578
f 5228 3564 1896
f 2602 6582 7626
f 6173 2375 2807
f 4626 5679 5506
f 3 2336 6212
f 2051 3274 6081
f 5487 7615 6613
f 2009 1973 6544
f 5508 7293 1607
f 6517 5854 4134
f 459 6614 6647
f 6151 2574 4418
f 2574 6151 6576
f 2791 1917 6160
f 6535 1037 2881
f 2881 7005 6535
f 4937 4824 5407
f 6615 6616 2661
f 4562 2661 6616
f 2030 6617 1505
f 6617 2030 7055
f 6618 1557 5668
f 5668 4548 6618
f 6619 3848 5711
f 5711 6470 6619
f 2350 4381 6379
f 893 7782 548
f 6112 7782 5468
f 6271 6401 6620
f 5935 6622 6004
f 5813 6621 5935
f 5935 4891 6622
f 6463 1532 3125
f 7272 7088 5840
f 3244 6577 7272
f 6454 3535 3643
f 5893 4857 4600
f 1664 2386 2140
f 4261 554 6869
f 1502 1456 7276
f 5975 6383 1404
f 7536 7730 5975
f 7730 1830 6383
f 6623 6387 5529
f 3240 5978 6623
f 5978 662 6387
f 6555 4986 4811
f 6301 5253 3678
f 6447 5731 5931
f 7021 1817 2866
f 2326 7710 683
f 1510 6625 6859
f 6625 3499 5945
f 1481 383 6302
f 6302 3254 1481
f 4969 4180 3958
f 2766 5598 6490
f 5180 6626 6946
f 6626 4597 6421
f 5987 6627 3030
f 3030 3798 5987
f 5896 4920 1719
f 6358 490 5431
f 6265 3997 1461
f 3997 6265 7095
f 7365 6490 5608
f 4381 6554 6397
f 6397 6379 4381
f 6097 6628 6245
f 5148 6146 6097
f 6146 7629 6628
f 4503 5638 3540
f 7308 1569 477
f 6457 1896 1949
f 7537 3335 4030
f 6059 5639 6458
f 3686 6629 220
f 7225 1250 1714
f 2103 6138 3393
f 6192 3393 6138
f 5672 5938 6630
f 6630 6579 5672
f 6378 1146 2246
f 2246 7973 6378
f 6631 360 1230
f 3723 2203 2220
f 2220 319 3723
f 7021 870 6170
f 5968 1521 3385
f 60 5631 557
f 6633 216 5026
f 6634 2380 2666
f 2865 6518 6635
f 6518 5434 6137
f 4038 2779 6571
f 4422 7671 398
f 5473 2533 5727
f 6636 4188 3101
f 3101 2075 6636
f 3600 4181 6045
f 2040 6637 1249
f 6637 2040 7052
f 6638 988 3954
f 5295 6099 7357
f 6302 6372 6371
f 6276 6372 6302
f 5861 6150 5902
f 5902 7242 5861
f 6235 2048 1530
f 6608 218 1274
f 6380 421 2793
f 900 1583 6802
f 1821 6526 3998
f 6526 1821 1767
f 1582 6076 6639
f 6355 6425 6076
f 2010 4610 6640
f 3872 4784 5678
f 1960 6050 2191
f 6133 6868 5771
f 5771 224 6133
f 5982 750 1681
f 6641 5922 2165
f 6217 3056 5922
f 4586 5979 6642
f 105 2143 2849
f 6580 7535 6478
f 3434 4325 6089
f 4122 757 2017
f 6643 1210 6290
f 6643 1862 1210
f 5644 5683 379
f 4671 7902 5318
f 537 2492 2507
f 938 7252 6233
f 6127 6645 1202
f 6661 6645 6127
f 4566 4443 1878
f 1119 2006 6181
f 7726 6647 6216
f 459 6647 7726
f 6519 6648 6195
f 3989 7132 6648
f 7132 320 6648
f 1106 1556 2204
f 6016 1818 3492
f 3492 6117 6016
f 5742 5765 6262
f 7156 4802 1988
f 6565 1293 329
f 6193 1329 2048
f 3679 6560 5550
f 4124 6650 5942
f 6650 4124 4390
f 6188 321 2150
f 6269 1314 2238
f 7033 576 6839
f 4007 4253 6376
f 4413 5419 6764
f 6651 4975 4802
f 1437 5945 6553
f 2005 7276 6652
f 7276 1456 6652
f 7004 1992 6339
f 2527 811 6529
f 4232 1626 6678
f 7503 4989 293
f 6653 2755 5543
f 4015 2513 6308
f 2813 2468 3532
f 6657 2192 4432
f 6619 2994 3848
f 2994 6619 4179
f 6259 3159 248
f 7103 7056 3537
f 6374 5026 3995
f 6576 1809 4854
f 5988 6089 5579
f 6391 6164 5988
f 6164 1613 6089
f 2501 123 6656
f 6658 222 1776
f 1776 5472 6658
f 5910 6659 6060
f 6349 688 159
f 1306 1641 3474
f 2885 7898 3409
f 4041 27 5952
f 6562 4227 7452
f 6646 6645 6034
f 6661 739 6645
f 418 587 416
f 1423 3786 6199
f 6035 6363 7923
f 7064 3606 5809
f 1922 1450 6662
f 927 6937 6609
f 3367 6557 4940
f 6557 3367 3378
f 6663 2549 5447
f 459 6592 6614
f 6592 6281 6291
f 6128 3421 4640
f 4640 5975 6128
f 6135 7632 5466
f 2237 4339 4805
f 6096 4016 5566
f 3523 6837 6495
f 6837 3523 5331
f 1915 1054 6231
f 5124 2781 6945
f 6611 372 2486
f 6995 2175 1624
f 1714 378 6186
f 3271 959 1019
f 5769 5357 836
f 6552 7257 3421
f 7257 6552 6446
f 6160 1917 4959
f 6665 1492 6830
f 7074 5425 75
f 6666 5425 4343
f 3207 7585 6246
f 6667 7576 1280
f 6457 6703 1896
f 6173 6668 6457
f 6668 4171 6703
f 6204 1902 2293
f 2293 6412 6204
f 6102 1733 2969
f 6853 759 760
f 6456 461 3131
f 3131 4707 6456
f 6669 5540 2280
f 4320 2843 5286
f 1257 7385 6671
f 7385 5289 7157
f 6382 3319 2489
f 6672 581 1053
f 1053 6542 6672
f 5254 4593 7121
f 3568 50 6533
f 6143 7116 6508
f 6249 6043 1090
f 1929 7045 5460
f 5535 2078 6607
f 1890 3558 2751
f 6494 6427 450
f 7318 4090 5109
f 1674 448 1192
f 6668 4769 4171
f 4769 6668 6649
f 5595 199 5911
f 1024 7722 7721
f 6608 5337 5516
f 3510 6794 5218
f 2357 4601 6673
f 2165 6674 6641
f 1543 7901 6497
f 7637 4784 3402
f 4917 2861 6200
f 6084 6628 4538
f 7629 4538 6628
f 6192 3460 698
f 1034 6665 4629
f 6665 1034 1492
f 7500 6770 5822
f 6409 399 2489
f 399 6409 176
f 102 5974 6676
f 6676 110 102
f 6750 7112 2583
f 5600 5649 6333
f 1388 2172 6624
f 2475 7001 6006
f 3558 6677 2768
f 6433 6678 5907
f 4232 6678 6433
f 6201 2505 3332
f 7322 7533 7012
f 6044 4375 2957
f 689 1243 8016
f 6171 8040 7799
f 6542 1053 1909
f 7721 7743 1024
f 1637 6275 4417
f 6275 1637 4949
f 517 3568 6533
f 6353 5364 5814
f 1452 1922 6359
f 5956 4318 6679
f 5893 4600 4261
f 7126 769 1074
f 6680 7381 2174
f 2174 6807 6680
f 6531 446 5758
f 7049 7215 7154
f 2980 2693 4678
f 6682 4281 5414
f 3246 6364 7975
f 6364 3246 3253
f 6206 7253 5421
f 5421 5155 6206
f 4535 4960 6545
f 7365 2490 5642
f 7620 6425 1576
f 5078 5886 6524
f 6524 1981 5078
f 719 6683 3663
f 6683 719 4055
f 6627 5236 3030
f 4064 4253 6214
f 2698 6784 4881
f 6237 4305 1899
f 6728 3587 2018
f 6684 3430 5897
f 1704 1557 6558
f 6558 759 1704
f 108 6638 2861
f 156 604 2091
f 2465 5006 6229
f 7318 6239 5435
f 4946 7371 4454
f 6715 6896 1635
f 3224 6715 7274
f 6686 7434 7190
f 5757 4492 373
f 6326 5818 4204
f 3648 3604 1535
f 7054 7359 5466
f 5854 2020 3279
f 5952 6248 5632
f 1940 4759 1234
f 6135 5466 7359
f 108 3760 6638
f 1711 6371 6285
f 6285 5482 1711
f 1716 6688 1808
f 2229 572 6122
f 6141 5785 1151
f 8010 6447 6574
f 1939 1023 6634
f 5953 891 1206
f 1615 6066 2171
f 7902 1615 5318
f 7189 6903 6901
f 2944 6157 6654
f 6654 2311 2944
f 6414 2039 40
f 2771 986 6309
f 6216 6647 7723
f 6660 2372 7384
f 6130 4881 6784
f 6784 7387 6130
f 5424 96 5969
f 2189 4849 6708
f 1823 212 1150
f 1465 5581 2146
f 3164 762 6007
f 6504 614 1013
f 3839 1541 5126
f 3429 6690 5102
f 2465 6229 6510
f 1490 1414 4533
f 7965 5947 1709
f 5583 5308 6312
f 6691 5141 7960
f 7960 6418 5556
f 848 6990 838
f 6273 6127 4458
f 4458 2085 6273
f 3092 5918 3142
f 5918 3092 2286
f 1556 83 2204
f 4817 1072 6286
f 3490 6564 5782
f 6564 3490 3947
f 6674 2165 7281
f 3114 1315 5887
f 3943 4212 6739
f 4538 4546 6485
f 6693 1588 437
f 437 1256 6693
f 2653 6476 2839
f 6694 5486 4042
f 4428 7697 6695
f 6001 4327 4322
f 3855 6272 6581
f 6272 6578 6587
f 6053 407 3599
f 407 6053 4715
f 8021 4884 5873
f 6268 3138 5272
f 6696 611 5512
f 6465 3538 3642
f 775 6697 2053
f 6316 7265 1773
f 7900 7904 4027
f 6385 2575 1245
f 4980 2642 4779
f 3958 4180 2535
f 5966 3385 3801
f 3801 6028 5966
f 89 6698 5869
f 6698 89 2072
f 6589 1007 175
f 618 7031 6142
f 6142 2354 618
f 6699 3558 1890
f 3558 6699 6677
f 7227 1880 2561
f 4354 4281 6682
f 6600 497 6443
f 497 6600 6701
f 71 6538 6702
f 6702 4192 71
f 1711 3254 6371
f 3254 1711 73
f 2889 4493 5940
f 6362 6148 3991
f 4888 3991 2756
f 3639 6003 6656
f 6656 26 3639
f 503 1927 6462
f 6639 1932 1582
f 6209 387 2737
f 6631 4836 360
f 5601 2167 1257
f 2848 7833 7059
f 7338 4969 2327
f 12 5714 5239
f 5239 3086 12
f 6527 5911 199
f 6527 7162 5911
f 7644 4059 7278
f 6595 6365 1077
f 6561 5643 5895
f 4343 7712 2168
f 6413 5994 2578
f 1736 5986 6413
f 5986 6406 5994
f 2342 4891 6621
f 1965 120 7910
f 6029 1683 1837
f 2175 6705 4429
f 6705 2175 6995
f 6316 5430 2281
f 6070 1479 1070
f 6043 6624 4050
f 2844 369 6706
f 6042 3302 1668
f 5161 3980 351
f 6585 2876 4002
f 5101 5604 1071
f 4128 2504 7040
f 6708 2273 4650
f 7299 7388 7671
f 398 7388 7393
f 2134 6477 6079
f 6477 2134 2006
f 5891 2518 6407
f 6342 5900 1589
f 2090 1592 6694
f 2611 7060 1445
f 6429 3763 3507
f 3507 2682 6429
f 6506 131 214
f 4914 3569 3823
f 7120 6730 6054
f 7309 6710 7120
f 6710 5897 6730
f 6683 5998 1956
f 1956 3663 6683
f 5127 7622 6009
f 4292 3739 6091
f 1219 4560 6485
f 5710 3100 6612
f 5196 7542 6489
f 6610 2479 3186
f 6321 454 307
f 7349 2300 1540
f 2300 6978 6955
f 5441 7164 3011
f 7164 1809 6576
f 6712 6610 3186
f 3765 1414 51
f 6392 133 7278
f 4259 7290 1407
f 3229 6684 6713
f 6713 7952 3229
f 2541 7158 6680
f 1786 2200 6444
f 6714 673 711
f 7415 6241 3984
f 2791 6288 1193
f 6288 2791 6160
f 6715 1635 2003
f 6060 7647 5910
f 493 4339 2237
f 6658 2179 6870
f 6689 3140 4226
f 1952 5856 267
f 5015 4867 5232
f 4867 5015 5826
f 4102 4119 953
f 5 4216 773
f 773 1502 5
f 1149 4069 6865
f 6282 2902 2218
f 7376 6321 6320
f 6443 241 6600
f 497 6716 6443
f 72 6341 797
f 6999 6717 6568
f 5530 6525 4759
f 7542 7028 6489
f 168 6655 2588
f 1782 6286 4501
f 6286 1782 7037
f 3587 6618 4548
f 6618 3587 6728
f 5627 7893 6599
f 7493 2756 6412
f 511 5970 6069
f 6069 4793 511
f 2287 5510 4641
f 6434 7211 5245
f 6461 2520 5247
f 1475 3730 5721
f 2346 7664 133
f 5472 1776 7286
f 2317 902 6077
f 1896 1617 5228
f 1617 1896 6703
f 4734 7305 5681
f 6719 6283 2510
f 2331 6144 6692
f 6144 2331 6811
f 3770 1654 6141
f 6339 4309 1885
f 1885 1928 6339
f 5673 7170 6720
f 6720 4390 5673
f 7018 3325 1076
f 5683 5644 7018
f 3417 1213 4355
f 6305 7224 3872
f 3872 7535 6305
f 188 6292 6022
f 6292 6434 6022
f 7159 5322 2989
f 6030 5912 1606
f 1606 3326 6030
f 6116 1703 2065
f 1703 6116 6210
f 3855 6581 7374
f 2615 6590 6682
f 2816 27 6306
f 6512 914 6808
f 745 6722 6847
f 6722 5167 1408
f 7079 5940 1911
f 6499 6123 5958
f 150 6491 6499
f 6491 1531 6123
f 5084 1368 5388
f 4752 6599 6718
f 6599 4752 5627
f 1257 6671 5601
f 1202 3251 249
f 6676 6469 110
f 5964 6704 6676
f 6704 6467 6469
f 7310 6327 4717
f 581 6672 3019
f 6672 2712 6723
f 7377 7341 1965
f 2915 5766 4605
f 1864 6435 7138
f 7153 2426 6232
f 6528 3182 687
f 5014 5423 1916
f 7366 7152 4678
f 2693 6868 7366
f 2842 313 6961
f 1885 544 1928
f 4045 1218 1309
f 460 3104 6005
f 6279 6556 6091
f 6080 6224 6279
f 6279 5576 6556
f 6636 2946 4188
f 2075 6357 6636
f 2338 237 7695
f 7159 6088 6721
f 3301 7270 6708
f 4372 6725 4367
f 3186 3269 6712
f 6123 1531 5333
f 3914 6299 6726
f 2701 788 3056
f 6808 1922 6662
f 6460 6064 5384
f 5384 5255 6460
f 775 3727 6697
f 4482 7152 1562
f 4049 16 4483
f 6083 2639 185
f 6436 5819 5353
f 5353 6095 6436
f 7543 406 5816
f 5816 6473 7543
f 5882 4213 3728
f 6652 6575 1995
f 1995 2005 6652
f 6006 160 279
f 7090 992 1695
f 6659 3496 2659
f 1557 1704 5668
f 6700 2313 931
f 6194 5291 5096
f 6440 325 3542
f 3542 798 6440
f 6616 5987 5348
f 5348 3734 6616
f 3236 3053 3282
f 5909 6570 2045
f 7017 4867 4716
f 6540 5184 3698
f 2039 5583 4636
f 1916 5423 4965
f 6337 2148 3776
f 6558 6728 4250
f 4250 4114 6558
f 6687 5119 5873
f 5249 2377 6125
f 7190 5684 6686
f 2917 3697 6598
f 6425 6355 2049
f 6601 5316 194
f 2592 915 6603
f 7065 2342 6621
f 6670 3550 3863
f 3863 6326 6670
f 7133 6809 6986
f 1184 5141 6743
f 3946 1449 6698
f 7088 3064 5840
f 3589 4077 6474
f 461 5734 7706
f 6690 4094 3325
f 3325 7018 6690
f 6730 5823 2844
f 5933 4360 6068
f 2730 5903 3283
f 6021 5457 5252
f 5457 6021 5498
f 4524 4435 6643
f 7011 5903 2730
f 6018 6711 940
f 1916 4965 6482
f 3476 2093 6767
f 856 7275 6366
f 6706 210 4536
f 6715 6100 7274
f 2003 5916 6715
f 5916 3060 6100
f 634 6424 5373
f 6424 3115 6178
f 6521 5594 5892
f 4892 6107 6521
f 6229 5006 4422
f 2683 3826 6197
f 6551 3796 4563
f 6731 7561 1344
f 7561 6731 6226
f 7272 7530 7088
f 6577 6360 7272
f 6360 6596 7530
f 2981 6234 5452
f 6234 2981 6436
f 2766 6490 7354
f 7354 7365 5920
f 6764 8025 4413
f 6588 5543 117
f 783 6522 33
f 33 1947 783
f 6281 3634 3996
f 5986 1736 560
f 7871 4939 3220
f 4939 7871 6398
f 6732 5179 4857
f 4857 5893 6732
f 7160 7430 3322
f 4527 4979 5971
f 1619 3703 6481
f 6481 2290 1619
f 6491 6156 255
f 6156 150 6072
f 435 673 6714
f 6189 6318 2155
f 600 6731 6189
f 6731 1344 6318
f 669 6509 7102
f 3941 3959 7825
f 7534 6520 6519
f 345 6520 7534
f 6033 1051 569
f 5684 6020 5927
f 7190 6020 5684
f 3326 1606 465
f 6665 6830 6346
f 1915 6231 6669
f 3911 81 4381
f 6554 81 6211
f 4640 7257 61
f 3988 6653 6038
f 7881 6546 5795
f 6567 5216 7151
f 246 6789 1407
f 3074 2020 6517
f 7135 3173 2906
f 6344 5290 5261
f 5261 6194 6344
f 6386 177 1825
f 6733 7220 2334
f 3922 6368 3989
f 6368 3922 4897
f 5871 3307 6530
f 6717 7538 6734
f 4288 2393 6559
f 6735 5017 7600
f 6013 6736 6186
f 4779 6736 6013
f 6211 81 7008
f 6028 2667 2450
f 489 6737 6119
f 6950 489 1630
f 7253 5297 992
f 4031 217 619
f 2750 158 4256
f 6139 6738 6541
f 1942 6738 6139
f 221 1871 6739
f 3540 5638 1187
f 5972 6740 1448
f 6663 6240 5972
f 6240 6450 6740
f 7138 6515 174
f 174 4534 7138
f 4971 5430 4337
f 6566 4617 93
f 93 4524 6566
f 6984 6083 3076
f 7907 2776 4791
f 6741 4901 3817
f 3817 6297 6741
f 4836 6480 895
f 6480 4836 6631
f 1162 6705 3583
f 6705 1162 4429
f 5971 5559 3978
f 3314 6448 5770
f 6448 3314 6422
f 4601 7713 6673
f 6836 4785 5319
f 5648 5388 6369
f 3698 7714 6540
f 6717 5977 6568
f 6647 6614 7723
f 6551 1089 3796
f 1089 6551 6662
f 6539 3244 1400
f 3244 6539 6685
f 7389 6404 7123
f 5218 7094 7389
f 7389 7094 1271
f 1729 4354 6002
f 6825 1019 959
f 6567 4771 5216
f 4771 6567 6225
f 6536 410 4935
f 1684 2051 6081
f 7122 937 2132
f 5087 1431 5936
f 6502 1000 3860
f 6110 2955 3841
f 6406 5032 1559
f 6252 3217 1733
f 1733 6102 6252
f 3243 2396 6584
f 7161 5206 2377
f 6642 5549 2884
f 5549 6642 2685
f 1600 6688 1716
f 6688 1600 6370
f 7242 697 2874
f 5752 990 1052
f 6720 6650 4390
f 7170 7413 6720
f 7413 144 6650
f 7626 6729 2568
f 1036 5068 974
f 629 4895 6743
f 6728 2018 4250
f 6495 3238 917
f 6163 6626 5180
f 4855 6415 574
f 6664 2562 1075
f 3782 7918 5888
f 1843 6980 5994
f 2874 333 2851
f 7316 2864 34
f 6213 4475 3775
f 5898 5468 2205
f 376 5659 6376
f 6725 4372 5046
f 6101 6744 1871
f 6596 3929 6744
f 1370 4786 4557
f 5880 6187 6278
f 2513 5197 6990
f 6699 1890 5093
f 1148 2268 7357
f 712 1596 7356
f 1195 5964 5974
f 6710 6684 5897
f 7309 6352 6710
f 469 6193 6010
f 6437 4361 2138
f 2138 243 6437
f 6620 487 6217
f 6092 6315 1773
f 1773 4292 6092
f 359 7862 6110
f 7370 1417 5362
f 7814 3859 6410
f 6408 2842 3543
f 7136 7375 4598
f 6461 5937 1837
f 1837 2520 6461
f 2143 7827 2849
f 6012 1007 6589
f 6573 5926 1345
f 1345 7232 6573
f 7078 1207 6290
f 3843 6231 3187
f 6231 3843 6236
f 3888 5632 6248
f 6402 915 4277
f 6031 6745 5556
f 1810 6745 6031
f 6721 56 3213
f 6674 4659 7722
f 6661 1988 739
f 7434 6686 7076
f 7275 4088 6366
f 5915 7339 4164
f 4164 1001 5915
f 6746 5980 666
f 666 775 6746
f 4146 1878 4443
f 596 1824 6617
f 2492 7360 2500
f 6747 2865 3606
f 3606 7064 6747
f 2977 1589 1982
f 1589 2977 6829
f 6097 3141 4577
f 797 4088 6475
f 5907 6723 2712
f 6678 3019 6723
f 440 5689 6369
f 6809 7391 6284
f 3257 2865 6635
f 5236 7116 935
f 4956 6666 6872
f 6666 6879 75
f 7405 5078 5002
f 5492 7590 4816
f 5929 7068 4874
f 3351 2409 6213
f 6736 277 1731
f 7051 256 4035
f 3050 3343 1335
f 7714 3698 6405
f 6740 6062 1448
f 6465 2210 3450
f 1727 3797 6632
f 3797 1727 2185
f 6322 297 5055
f 5055 5932 6322
f 6667 1280 5184
f 5184 6540 6667
f 675 6748 1865
f 6748 675 6310
f 3255 337 6722
f 3680 5462 6881
f 4275 850 8023
f 6489 7142 7143
f 5491 1077 6365
f 5610 5656 6863
f 7632 4620 6513
f 6719 7232 4199
f 6605 6559 5205
f 7180 2605 7348
f 3541 6505 1200
f 6505 561 3474
f 7537 7137 5439
f 6487 4374 4427
f 4427 1743 6487
f 6024 312 5525
f 312 6024 6422
f 6579 2409 195
f 6543 6047 5963
f 4258 6707 6543
f 6707 6727 6047
f 1486 3178 6609
f 189 7334 5932
f 7334 6323 5932
f 4506 271 198
f 4167 6016 6304
f 6727 1754 644
f 5851 7279 5251
f 6190 2517 321
f 875 256 6591
f 4192 6702 2336
f 4891 447 6622
f 6569 1499 2665
f 2665 7492 6569
f 3704 7731 7066
f 6724 1379 936
f 1379 6724 6750
f 4572 6195 6648
f 6648 320 4572
f 6207 2816 6306
f 6253 5635 5534
f 7808 7523 3838
f 6546 1844 831
f 4802 1657 6105
f 5 1502 4521
f 6319 6583 6166
f 6306 6583 6319
f 3098 3247 6604
f 5883 4320 4242
f 4320 5883 6257
f 3023 5550 6218
f 1905 2485 6085
f 6786 3758 4148
f 570 940 464
f 6730 5897 5823
f 7097 6267 6463
f 6267 1532 6463
f 6548 5480 2305
f 2498 5917 6469
f 5917 110 6469
f 6492 196 2809
f 7048 6758 1968
f 1947 3160 783
f 345 17 2766
f 17 345 7534
f 6563 6386 5688
f 7730 751 1830
f 2643 4487 6709
f 1594 2637 6162
f 6162 7484 1594
f 6516 6215 3099
f 6749 6949 6215
f 4677 6407 4215
f 6407 4677 1067
f 6530 1398 5871
f 1398 6530 6538
f 6691 6745 629
f 629 5141 6691
f 4146 5011 6258
f 6675 2751 1894
f 6182 4765 2949
f 6177 2009 6544
f 5561 2090 6694
f 7024 711 1245
f 711 7024 6714
f 2128 6442 2333
f 6952 403 2163
f 5141 629 6743
f 6483 6994 3522
f 2202 6695 781
f 7472 2191 1015
f 2191 6050 7100
f 2335 6441 555
f 6441 2335 2589
f 6693 6254 1275
f 1256 6367 6693
f 6367 1197 6254
f 3537 7486 1318
f 3593 223 1004
f 4562 5409 2661
f 7914 2049 4276
f 1564 1228 6118
f 6208 734 3140
f 3140 6689 6208
f 2683 400 3041
f 4071 4945 1828
f 3908 3854 6594
f 6679 6709 5884
f 7972 1558 3602
f 6615 2661 6508
f 6747 3077 2865
f 3077 6747 4877
f 5980 1678 3313
f 6328 3656 5499
f 5499 3979 6328
f 2403 1593 6222
f 3342 6716 497
f 6716 5648 6369
f 6859 5945 1437
f 5649 5372 6334
f 6741 6602 4983
f 4983 4901 6741
f 6623 5529 5400
f 5400 6572 6623
f 6739 7442 3943
f 1871 6744 6739
f 6744 3929 7442
f 2902 3202 5097
f 5533 6320 6737
f 6320 5533 5538
f 1396 1448 6309
f 6345 3823 3569
f 101 1249 6637
f 6732 5449 5382
f 612 68 6707
f 6595 3741 534
f 4432 6595 6657
f 6746 775 944
f 1231 7899 7506
f 3951 6432 1267
f 2653 7447 6476
f 6750 2590 1379
f 3126 2146 6653
f 7533 2208 3908
f 6522 6738 33
f 4993 6541 6522
f 7717 7635 6111
f 5427 6523 4113
f 4358 2647 6523
f 2348 6153 7089
f 6153 2348 77
f 3153 7171 6423
f 6713 6185 4369
f 6396 6938 7108
f 6748 1006 1865
f 4519 7903 6804
f 5888 2519 5029
f 6238 4779 2642
f 1104 6986 6284
f 6986 6809 6284
f 2352 5368 5619
f 5837 6332 5019
f 6332 5837 817
f 2462 3660 6420
f 2856 6550 3389
f 6550 2856 6500
f 6640 7090 5463
f 5463 2010 6640
f 6726 5159 3914
f 3124 3162 6681
f 4421 6632 6751
f 6751 4595 4421
f 7155 5087 3856
f 1510 215 6625
f 6343 7024 2575
f 2575 252 6343
f 1186 2222 4332
f 2426 7153 6629
f 6629 2196 2426
f 7023 7042 7109
f 7103 3537 4492
f 533 7163 1738
f 974 5582 1036
f 5370 3480 6473
f 12 3086 1334
f 4855 1279 6899
f 12 7328 2624
f 6630 2614 4475
f 2614 6630 6593
f 4565 585 6575
f 2425 6537 1906
f 2266 6751 637
f 6751 2266 4595
f 6247 1099 1513
f 1002 7413 7170
f 7413 4658 144
f 7850 7965 7849
f 5455 456 250
f 4318 837 6679
f 6604 5615 80
f 93 2759 4524
f 732 344 4700
f 6752 4930 2943
f 6753 1797 710
f 6754 1705 2171
f 7287 2464 4459
f 6756 5567 5392
f 1309 7484 433
f 6757 836 5357
f 2501 5890 314
f 6758 4318 1997
f 2723 6759 3804
f 1968 7323 6760
f 7944 5460 3178
f 1391 6761 4517
f 2751 5086 1894
f 4906 4108 6947
f 6771 4287 1323
f 6762 1061 103
f 3985 3650 6763
f 4726 4066 6997
f 2356 4617 3151
f 6765 7707 3882
f 6766 820 1066
f 1114 4507 6767
f 1089 6662 1450
f 6768 1477 2980
f 6769 4729 1644
f 6800 1276 1961
f 1926 5821 1908
f 2635 5053 6081
f 628 3350 2123
f 6772 1332 5484
f 6985 2656 2645
f 6775 4189 4673
f 7464 7532 4539
f 6777 5152 6810
f 3847 3391 3052
f 7377 1214 2152
f 6780 158 2860
f 6782 1160 1469
f 6890 4107 883
f 6783 7517 2461
f 2698 5300 6784
f 3553 373 6798
f 6785 820 5377
f 308 2833 6786
f 6787 270 2483
f 6788 2983 4405
f 3540 4141 7046
f 7720 3937 5121
f 3800 836 6790
f 6790 2260 3800
f 6791 273 4373
f 1353 314 6792
f 36 6855 7386
f 7386 630 6169
f 6793 960 2488
f 2309 6794 1544
f 2032 1544 6794
f 6795 4782 3930
f 7146 6797 3008
f 6796 683 6797
f 2517 6190 3071
f 3197 5791 4516
f 7422 5354 1845
f 6798 373 4492
f 6762 1027 1061
f 784 2033 6799
f 6800 946 5837
f 5268 593 4338
f 5166 2521 2400
f 1438 3670 6801
f 6862 6863 5680
f 6802 1110 3503
f 6098 2116 4967
f 4967 4981 6098
f 2715 4519 6804
f 6805 5213 285
f 7542 7829 7028
f 2872 5296 8020
f 6807 2541 6680
f 7764 2958 3518
f 1578 1922 6808
f 110 1179 102
f 1926 7391 6809
f 3421 6128 4643
f 6810 281 3351
f 6811 6878 1413
f 1413 935 6811
f 7399 5306 4331
f 7422 1861 5126
f 6922 7422 1845
f 3878 3622 6775
f 6943 4910 4974
f 3645 3012 3677
f 5019 6104 2241
f 493 2237 7010
f 18 3431 6813
f 6814 5062 4471
f 141 374 2319
f 5166 4256 6972
f 3634 6817 966
f 3314 5770 3105
f 6818 3846 4060
f 3846 6818 246
f 336 6509 2007
f 6819 1310 181
f 6814 4471 7544
f 3309 5637 7507
f 6822 4046 260
f 1692 6824 2120
f 2212 3936 7336
f 2331 3147 6811
f 806 2585 6825
f 1487 6826 3046
f 1434 1487 4809
f 4116 3 6827
f 1817 929 2866
f 3677 3622 7062
f 4787 2236 6828
f 181 3829 6819
f 7910 3601 1214
f 7386 2477 2991
f 3239 8000 4439
f 6831 5156 28
f 7204 3958 7185
f 2370 5544 1774
f 2128 6833 4
f 6096 3448 2046
f 6834 4680 6867
f 61 3980 3993
f 6933 3378 2920
f 6836 2688 2696
f 6997 4066 4679
f 2459 5381 6837
f 6766 5377 820
f 3478 7543 2948
f 6838 4272 4544
f 6839 3392 4766
f 6840 573 1172
f 6841 4732 4542
f 5158 5129 6842
f 5716 6844 6843
f 3421 4643 5734
f 6849 6845 4152
f 4152 1029 6849
f 7584 4767 6846
f 6754 2171 3122
f 623 3632 2439
f 5512 6847 2180
f 1870 5821 1926
f 6756 2928 4814
f 6790 3310 2260
f 3310 6790 6757
f 5705 7245 7407
f 2265 5441 6848
f 3653 4932 6849
f 6850 7771 7526
f 7771 6850 4484
f 1447 6578 4584
f 4412 1365 6932
f 4586 6642 5027
f 6851 2557 5375
f 6852 3537 1318
f 6853 984 1266
f 1980 4702 562
f 1185 2674 3753
f 6843 7096 5716
f 4782 6795 6843
f 6795 1175 7096
f 98 971 6766
f 282 6855 36
f 4468 6856 1137
f 3680 7369 6858
f 1437 1233 6859
f 5396 4838 6844
f 6752 2943 40
f 6820 1515 5641
f 8036 6812 5402
f 6812 8036 5474
f 3334 2080 6895
f 6762 7961 733
f 1471 5390 6861
f 2789 754 6905
f 6174 7121 1394
f 6862 5623 6863
f 7719 1268 7757
f 2742 1152 6901
f 6754 2695 4738
f 3105 5770 3641
f 2433 5216 6864
f 2323 5954 6865
f 901 6866 1882
f 264 4287 6771
f 6834 5082 464
f 5082 6834 6867
f 6868 5074 5771
f 6959 557 5631
f 6658 6870 222
f 6870 2179 448
f 3572 4505 6887
f 1745 1025 3260
f 7098 2022 4933
f 2244 7540 5427
f 5484 3730 6772
f 1188 3027 6931
f 6824 1692 1693
f 2400 2521 5560
f 6873 1883 4850
f 6916 3745 203
f 5775 3114 6874
f 6981 838 6990
f 6875 2316 2276
f 4316 1670 6876
f 6877 4004 1254
f 6851 5375 298
f 5623 5610 6863
f 6878 6873 5344
f 5344 1413 6878
f 5634 5831 6879
f 5268 2464 6755
f 6880 4043 2460
f 4742 1033 7312
f 6767 979 1114
f 979 6767 169
f 6792 1179 1376
f 3652 6881 242
f 7407 5259 1093
f 6882 7711 2347
f 6906 2152 2001
f 323 3145 6883
f 6884 2804 5007
f 5591 6845 1254
f 2528 1083 6885
f 6886 5544 7812
f 7395 602 6936
f 4505 2487 6887
f 6888 2017 757
f 6890 580 3614
f 1399 3893 7196
f 2846 1768 6892
f 6893 2649 5518
f 4178 7831 6894
f 7225 364 1250
f 489 7720 4588
f 6779 3847 3218
f 7884 4932 7656
f 6833 1847 4
f 2080 597 6895
f 6896 3224 208
f 2003 1635 2332
f 1584 463 6897
f 6898 2806 2343
f 2104 2477 6855
f 7101 26 5411
f 6455 3916 6899
f 1340 1227 6900
f 6901 2421 4456
f 5285 7633 6951
f 2343 7653 6898
f 5444 6613 6902
f 2797 7862 7063
f 32 6987 203
f 6987 32 2591
f 1405 6905 954
f 6905 1405 2509
f 7377 2152 6906
f 2911 2983 6788
f 1740 7616 1643
f 6875 2286 5458
f 6907 104 1321
f 5357 5237 6908
f 4366 2528 6885
f 6909 3665 1307
f 3253 3246 6892
f 5611 3498 5412
f 3498 6388 7440
f 5533 531 5538
f 6838 4544 2691
f 1169 6910 4604
f 464 4977 6834
f 3051 1264 7196
f 1262 516 3095
f 97 6912 6911
f 6912 97 4144
f 4956 1299 6913
f 6914 6965 2932
f 2932 2208 6914
f 3072 3050 6915
f 7764 3780 192
f 3827 3745 6916
f 4182 5242 7093
f 5827 2330 5289
f 5568 599 6893
f 6755 4453 266
f 6917 1585 2062
f 4167 6304 6857
f 6918 7601 2235
f 5025 6759 2723
f 6919 2251 1121
f 6874 2550 3533
f 2100 3386 6941
f 5154 224 6920
f 1870 5157 4546
f 179 7896 7974
f 618 4667 7031
f 7734 429 7402
f 5501 4949 5839
f 7188 3475 6923
f 712 801 1204
f 1044 7618 6924
f 4923 3882 650
f 3665 6925 1869
f 6925 3665 6909
f 5335 6926 3501
f 1430 6062 6450
f 2281 462 6815
f 6872 701 4414
f 7509 5573 4833
f 6927 3342 497
f 7107 7380 145
f 6326 3216 5818
f 5518 5787 6928
f 4589 4535 3655
f 2433 6864 5169
f 5437 5444 1241
f 6865 4781 2323
f 7246 6930 42
f 6330 42 6930
f 6931 622 3388
f 1335 5959 2594
f 3896 4167 6857
f 4824 4937 7615
f 5034 4821 7047
f 1596 712 7653
f 6934 6798 6852
f 4607 6812 2432
f 2588 6935 168
f 6791 272 273
f 1210 1862 6934
f 1791 7779 7080
f 3641 4525 3105
f 5374 4347 6938
f 7780 4910 6943
f 2831 3561 7056
f 228 116 6785
f 7422 1144 5354
f 1535 1801 3648
f 6941 5824 2982
f 6943 4974 2903
f 1492 7651 6830
f 1584 2939 313
f 2939 1584 6897
f 992 6534 1752
f 4806 4341 6880
f 6765 3882 4923
f 7596 1495 3085
f 101 6637 4334
f 6996 2746 4890
f 6932 5161 5766
f 5161 6932 6813
f 7157 2330 7474
f 2330 7157 5289
f 1410 6844 6940
f 6810 3351 4823
f 1594 7484 6948
f 6949 7298 1109
f 7002 3813 903
f 3927 5661 6957
f 5533 6737 6950
f 6951 4242 4320
f 4320 7546 6951
f 2476 7920 5748
f 5748 3037 2476
f 7282 4756 821
f 2352 5619 6952
f 4694 7134 5541
f 6953 7450 2184
f 3469 6846 6954
f 6846 3469 1020
f 5328 5081 2031
f 7260 2518 5891
f 2548 6167 6955
f 6956 1675 2800
f 3583 3556 5730
f 6957 238 3633
f 7722 7839 7786
f 744 3133 7083
f 6841 781 4733
f 6980 474 2578
f 1009 7069 6958
f 1888 1031 4141
f 6856 4229 1137
f 6959 481 3557
f 1092 905 4478
f 5891 7499 4515
f 7514 4627 4529
f 2619 4318 6758
f 6010 6193 7130
f 4316 6876 2955
f 796 2123 3350
f 6800 1961 946
f 5300 1085 6784
f 1003 6170 6960
f 770 7485 4004
f 1900 7337 6961
f 4026 6962 5129
f 5466 5459 496
f 7394 2104 4985
f 7896 179 5203
f 6905 671 954
f 20 5714 2624
f 6964 2969 1733
f 6452 6161 6432
f 4374 1223 7312
f 6966 6789 1046
f 1046 7314 6966
f 1781 4008 4157
f 6967 3373 6459
f 6169 630 5989
f 4674 104 6907
f 6968 4059 1332
f 1332 6772 6968
f 3037 5748 5833
f 6969 36 1306
f 637 3797 4735
f 6970 5040 3502
f 6970 3691 5040
f 1853 548 6962
f 400 1152 1097
f 6935 1247 271
f 6972 4256 6780
f 2685 1369 6783
f 3724 7603 3395
f 2878 2219 3387
f 6911 5749 97
f 8024 825 2143
f 3358 5028 6909
f 5594 5382 5449
f 3963 6974 5451
f 5827 6883 3145
f 6883 5827 6975
f 6772 6392 6968
f 2990 6487 6256
f 6931 3027 622
f 3622 1793 6775
f 3742 3905 6976
f 6976 4279 3742
f 6977 3851 3008
f 6953 7224 7450
f 6832 5773 5544
f 3558 2768 7282
f 6978 2267 2269
f 6979 6903 8019
f 2161 3675 7015
f 4574 2550 6874
f 6781 7516 3633
f 6948 5280 1594
f 6981 5197 6502
f 5833 495 3457
f 6982 6774 1086
f 1086 5456 6982
f 5488 869 6983
f 564 4506 814
f 5780 6785 5377
f 6785 5780 7350
f 2730 8026 7011
f 6984 1701 5373
f 4354 1453 1126
f 7963 2706 5222
f 6985 389 2225
f 7287 4453 6755
f 4937 6521 7615
f 203 6987 6916
f 6988 5010 486
f 1630 5676 6950
f 7399 7414 7555
f 6787 2483 5504
f 1474 1126 1453
f 6849 7884 6845
f 6849 4932 7884
f 6960 6170 1016
f 888 1528 6791
f 7830 5447 4423
f 1375 3758 6991
f 6993 1404 1411
f 861 1539 7916
f 6994 1860 7946
f 6996 5665 2632
f 2632 2746 6996
f 7764 192 5093
f 6997 403 2892
f 5754 5960 2655
f 1110 6802 6964
f 103 2534 6762
f 472 7298 1235
f 1198 2455 5658
f 6942 3291 78
f 4426 6215 6949
f 2768 6717 6999
f 5124 6945 6983
f 2151 5047 150
f 2281 6815 3014
f 7000 670 4075
f 4888 3718 122
f 6983 237 5488
f 5053 1222 6081
f 7002 3297 3813
f 4079 418 6943
f 4486 7649 7003
f 7003 7765 4486
f 1776 7578 7286
f 4602 7656 1164
f 7079 2038 7086
f 1779 7431 300
f 755 4517 2189
f 7005 1519 906
f 550 4000 7006
f 178 5038 7007
f 6211 7008 5779
f 81 2724 7008
f 7009 5686 2670
f 2670 2436 7009
f 2237 228 7010
f 7011 8027 2201
f 5398 2051 1684
f 6594 6375 7012
f 2632 5164 2746
f 2700 499 7013
f 6773 6853 1266
f 1266 1669 6773
f 7014 2895 4622
f 5264 2290 3522
f 6936 4744 704
f 3127 3391 6779
f 1886 987 7015
f 1157 7 7016
f 3537 6852 4492
f 5165 1292 7017
f 1076 5683 7018
f 488 6041 5260
f 6824 1784 2540
f 5696 3217 4267
f 5857 861 2474
f 6814 2594 3424
f 4969 7204 2327
f 87 5779 7008
f 650 5111 1358
f 953 324 1064
f 2265 7022 2272
f 2118 7003 7020
f 7003 2118 354
f 7023 1363 3615
f 1003 1817 7021
f 1424 3669 3040
f 3524 6641 7786
f 7093 2674 5490
f 5687 7044 5363
f 7044 5687 1633
f 6756 7396 1636
f 784 6799 1518
f 4266 7522 6908
f 550 7006 4443
f 7373 5280 1218
f 3083 1855 2602
f 2792 1188 7342
f 7531 3747 6963
f 7024 1245 2575
f 7993 3623 4157
f 7026 3924 1491
f 1781 3874 4008
f 3089 7429 6729
f 1040 1864 427
f 1210 7078 6290
f 7078 1210 6934
f 966 6817 3862
f 1730 5847 7877
f 2867 7028 715
f 7028 2867 2930
f 5027 6642 2884
f 2046 3448 2858
f 2422 31 7029
f 7030 4307 4388
f 3525 3765 2877
f 2362 3594 3047
f 7031 4580 1848
f 7520 1526 4840
f 149 7032 2252
f 6966 853 670
f 670 7000 6966
f 4747 7283 3845
f 5061 6885 1083
f 6885 5061 7362
f 1491 480 7026
f 576 3392 6839
f 3914 4537 6299
f 7890 2746 5164
f 5826 2230 6838
f 6797 683 5572
f 5572 6977 6797
f 3159 5605 248
f 2903 5467 338
f 7034 3851 6977
f 6866 92 5695
f 7004 6339 1928
f 7262 2284 2582
f 7035 7947 4434
f 4604 6910 6959
f 6959 3557 4604
f 7195 3845 3340
f 7053 1121 2262
f 7036 7205 2572
f 1802 1826 7156
f 2312 1467 7037
f 3985 6763 787
f 7038 3341 4757
f 2098 7976 8019
f 3309 3743 5637
f 7184 3601 7910
f 1185 4882 2674
f 4882 1185 3708
f 2963 2447 6877
f 4478 8020 2975
f 6862 3379 4717
f 7039 3672 3127
f 1781 4157 1935
f 7346 7040 3046
f 7041 422 4285
f 4285 6946 7041
f 7042 1361 1145
f 1361 7042 6891
f 4107 7043 3998
f 7043 4107 6890
f 3800 7165 836
f 6867 4680 7099
f 7844 34 617
f 3550 6670 2806
f 787 6894 4204
f 5689 1550 7044
f 7045 1108 1014
f 245 6961 7337
f 2105 1634 6944
f 3865 7046 4365
f 5106 2943 7086
f 6980 1843 276
f 7047 4582 1483
f 3517 4279 6976
f 6922 1845 7428
f 7048 1968 7265
f 4133 6932 1365
f 3874 1781 4294
f 3964 333 1561
f 7585 1046 6818
f 7049 4848 2326
f 7726 2429 6817
f 6974 7050 2340
f 2340 5451 6974
f 6478 4644 7051
f 901 5618 6866
f 1914 2145 7052
f 6831 4251 3312
f 4251 6831 4893
f 6944 3706 280
f 6902 6280 4988
f 4783 2616 3109
f 4220 7681 1041
f 7896 7926 7974
f 2379 2715 6804
f 1262 3735 516
f 2133 6780 2860
f 2860 3955 2133
f 6638 3760 988
f 5827 5289 6975
f 5289 7385 6975
f 6911 3703 1619
f 4898 4518 2307
f 2030 1501 7055
f 2732 2726 1834
f 5565 7014 4622
f 7014 5565 7519
f 7056 7421 7486
f 52 4628 7833
f 2103 3016 3709
f 3539 5011 7057
f 4756 7282 6999
f 6999 2344 4756
f 6788 4405 3815
f 1588 3129 7030
f 6007 762 7058
f 6848 863 2267
f 2267 7022 6848
f 2635 7643 1707
f 6858 5252 1815
f 1815 5589 6858
f 2825 2590 564
f 7032 149 3398
f 3398 7621 7032
f 7060 1175 5018
f 7091 4815 924
f 1738 5344 6873
f 6913 551 5634
f 5634 6879 6913
f 6965 2710 2932
f 983 7036 7067
f 7036 983 3057
f 208 4633 6896
f 7061 5136 5498
f 5498 5245 7061
f 5315 2877 6807
f 3645 7062 411
f 7062 3645 3677
f 7584 6846 1020
f 1362 7971 860
f 7967 323 6883
f 5809 3364 7064
f 251 7510 7557
f 4628 3804 6759
f 1097 1152 2742
f 576 5568 6928
f 5654 7397 6904
f 7065 6621 5813
f 5118 7259 6994
f 6918 5140 5564
f 4341 4043 6880
f 2200 3704 7066
f 4169 7036 2572
f 7036 4169 191
f 5375 3284 189
f 1816 6922 1081
f 1861 6922 1816
f 6844 4838 4782
f 3040 922 1424
f 2822 1964 2702
f 7708 7741 3586
f 3191 3572 7291
f 6847 4461 2180
f 6893 5518 5568
f 2866 929 1279
f 754 6060 2232
f 4874 7043 3614
f 7043 4874 7068
f 7069 6680 7158
f 7340 1269 7284
f 532 2219 2878
f 4075 4259 7000
f 1025 1745 1054
f 5131 7980 7343
f 7070 6385 4311
f 5737 3404 7071
f 2262 4131 7072
f 2473 2332 7175
f 7073 5596 5337
f 991 4825 7074
f 7075 7072 4131
f 776 7434 7076
f 112 7077 1619
f 2388 3827 6916
f 2250 1175 6795
f 3634 459 6817
f 7078 6852 1318
f 1417 6861 7176
f 2487 4668 6887
f 1540 2272 7022
f 7057 3396 3539
f 2846 6892 2495
f 6947 4108 1495
f 428 7720 5121
f 5121 2620 428
f 18 6813 4133
f 4354 1729 1453
f 983 187 3057
f 7080 4508 4516
f 2198 6361 5098
f 5679 7518 7147
f 1349 1490 7081
f 2758 2399 3814
f 2801 6876 6431
f 460 6005 7082
f 7395 5214 602
f 2179 1372 448
f 6933 413 419
f 7544 1335 2594
f 2535 2055 3958
f 3121 7083 3133
f 7241 3502 5040
f 1883 6878 3147
f 2269 7085 6978
f 7085 2269 1003
f 3158 7079 7086
f 4863 6074 514
f 6697 3727 6075
f 7517 2977 1982
f 7720 489 6119
f 7544 6492 6915
f 6827 286 4116
f 6842 5129 6962
f 4825 4862 7074
f 6881 6971 3346
f 3346 242 6881
f 1135 7087 3860
f 6832 3830 7039
f 6809 1870 1926
f 7006 48 3612
f 2940 3691 6970
f 6847 5512 745
f 7089 3733 2348
f 441 7916 1539
f 7916 441 7317
f 5280 3457 495
f 3011 7092 863
f 6920 4738 2695
f 3983 2656 6985
f 4448 5617 5079
f 2542 6958 1349
f 6802 3237 6964
f 6886 7812 6963
f 112 4397 7077
f 7518 5995 7147
f 1929 4388 7045
f 7090 1695 5463
f 7007 6973 178
f 7062 916 411
f 4511 3927 6957
f 4766 5545 6839
f 7091 76 4815
f 6802 3503 900
f 4677 911 1067
f 3649 838 7087
f 4542 21 6841
f 7030 1225 4669
f 5453 6121 2283
f 7015 3675 1886
f 7084 6986 1104
f 1247 6935 2077
f 6939 2077 6935
f 6075 3727 5237
f 5235 226 2083
f 61 351 3980
f 2116 7223 4967
f 7092 929 1339
f 2635 3274 6988
f 2195 6889 2364
f 2855 5490 952
f 178 6973 325
f 2055 2639 3958
f 7185 3958 2639
f 2799 7295 20
f 3191 696 4505
f 1629 7832 7194
f 5532 7832 1629
f 4501 1526 7520
f 5181 5262 5112
f 2637 6626 6163
f 34 2819 7316
f 6851 1505 1030
f 768 7081 748
f 7081 768 2542
f 502 7091 120
f 4118 6295 5052
f 1169 1389 6910
f 6778 4415 3623
f 3677 3012 4289
f 796 2271 2123
f 6769 1644 3892
f 3883 2376 3404
f 6948 1309 1218
f 5221 4483 5122
f 1174 65 7356
f 7096 1175 2611
f 7034 5064 732
f 732 4695 7034
f 6765 3768 7097
f 1787 7027 6821
f 2540 4355 6410
f 1216 7490 4483
f 6029 5904 6840
f 4385 4461 6847
f 3893 3051 7196
f 7944 2970 5460
f 405 6799 6860
f 6799 405 1518
f 2631 1747 5131
f 2569 1782 6696
f 2989 6870 2988
f 6870 2989 222
f 7014 7198 5191
f 5191 2895 7014
f 7071 5389 5562
f 5877 3540 7046
f 7047 1483 5034
f 6033 6007 7058
f 6960 7085 1003
f 2546 6955 7085
f 787 4178 6894
f 5248 2510 6606
f 6514 5355 5702
f 7099 4680 855
f 7086 2943 4477
f 2874 2851 5861
f 6768 268 1477
f 7269 7977 3749
f 7100 1772 1015
f 5853 713 1824
f 7101 484 8
f 623 4410 3632
f 5672 6579 195
f 2406 2422 7029
f 268 6753 710
f 6753 268 6768
f 7093 2596 3657
f 3388 2710 6965
f 1073 2810 756
f 1031 6314 4141
f 2831 7103 7478
f 7478 7760 2831
f 6854 1482 5830
f 7104 2001 424
f 424 4057 7104
f 4178 787 6763
f 6925 5028 3548
f 6894 7831 5418
f 5418 2343 6894
f 6776 4207 1023
f 8 3639 7101
f 6786 4148 6430
f 6803 2058 857
f 2470 6525 7038
f 3072 6915 2809
f 369 4905 3563
f 7075 4131 3057
f 7105 3132 3125
f 4135 2948 4357
f 6952 2163 2352
f 6350 2904 6761
f 2290 6483 3522
f 5749 7077 5181
f 7077 5749 1619
f 4668 5694 4629
f 6982 5456 5761
f 5761 7803 6982
f 3121 5017 7083
f 7080 1241 4508
f 4334 6637 4269
f 5014 3703 6912
f 3165 7016 7
f 7106 6732 5382
f 7107 1734 6296
f 998 801 7029
f 7029 31 998
f 6974 3963 2566
f 7108 6217 487
f 2849 3159 3549
f 7429 7399 7555
f 5572 683 681
f 6939 2525 2077
f 2525 6939 1801
f 6757 7522 3310
f 7522 6757 6908
f 93 4617 2356
f 6782 1363 7109
f 2727 6430 523
f 2259 7716 2579
f 5609 1025 7110
f 1185 5294 4696
f 6826 4203 3046
f 4203 6826 2564
f 1121 7053 6919
f 7896 6919 7053
f 6997 2163 403
f 991 7074 75
f 75 5831 991
f 7312 1033 2251
f 6856 2385 2720
f 2720 4229 6856
f 7111 4208 876
f 5412 1753 5611
f 4654 2286 6875
f 5883 4242 3128
f 7113 6045 5888
f 7113 606 3600
f 7114 291 6701
f 2611 5909 2045
f 7115 5923 4502
f 7116 5236 6627
f 5926 1364 1345
f 7541 7112 6750
f 5931 5478 924
f 7038 6525 1552
f 5941 3227 4936
f 5948 5992 6514
f 4102 953 5437
f 6833 2128 2333
f 400 1022 3403
f 7629 6146 2864
f 7117 4446 970
f 4446 7117 7118
f 3267 349 5962
f 5970 3658 7119
f 6921 7967 6975
f 3742 2287 3905
f 5638 3669 7120
f 6992 3125 1532
f 5995 4645 7106
f 5997 1394 7121
f 7122 2374 6113
f 6113 5472 7122
f 1241 6902 4508
f 6593 5938 5118
f 5179 6732 7106
f 5951 4899 7565
f 7123 6028 2450
f 1200 1466 7497
f 1633 5689 7044
f 4632 1351 7124
f 7100 6050 7125
f 2907 1772 7100
f 7126 854 769
f 4729 3257 6635
f 1928 1779 7004
f 1871 4365 6101
f 7140 187 983
f 7139 7140 7127
f 7260 1643 6956
f 6761 2904 4517
f 2928 5096 4814
f 6148 3356 7327
f 6050 7735 7125
f 6168 3998 7068
f 863 2269 2267
f 3644 6850 6888
f 6888 7526 2017
f 7128 5213 6805
f 6185 425 4136
f 5992 5355 6514
f 4641 3519 7129
f 7130 6235 6426
f 2928 6394 5096
f 6196 1325 5009
f 35 7131 7725
f 7131 35 3821
f 98 1066 862
f 862 1312 98
f 4045 5628 6871
f 5157 7133 1224
f 6986 1224 7133
f 5705 3263 5906
f 7895 5483 7766
f 7137 4078 1123
f 6845 766 1254
f 2773 5544 6886
f 6233 7193 938
f 2017 7526 1171
f 2045 5716 7096
f 7795 7877 976
f 5398 976 7877
f 3475 7327 6241
f 5592 7111 7075
f 7075 187 5592
f 465 1810 3326
f 1635 7175 2332
f 4678 7152 6753
f 26 4218 5411
f 6455 6899 7092
f 3916 6122 6899
f 7135 2762 2744
f 4653 1876 7273
f 7861 2637 1360
f 7528 7370 5362
f 531 3375 5538
f 1782 2312 7037
f 7117 6742 7118
f 7117 970 2446
f 6297 5596 7073
f 7353 1465 2146
f 7537 4860 7137
f 4236 8024 105
f 6921 7385 1257
f 4709 3733 7089
f 5813 5802 7065
f 712 1204 6898
f 6178 5305 907
f 4534 427 7138
f 427 4534 4431
f 5592 187 7139
f 3655 4535 3654
f 7041 6946 6330
f 6330 6930 7041
f 4822 1789 2545
f 285 7911 6805
f 6118 6520 5920
f 7140 6348 6347
f 7624 3563 6854
f 1424 425 7309
f 425 6352 7309
f 2504 6356 7141
f 6996 5740 5665
f 6368 1445 7132
f 6940 6844 5716
f 6374 3995 1903
f 6377 2078 6056
f 5249 7118 7161
f 1944 3174 3264
f 6348 7140 2529
f 7070 7641 6385
f 7641 7693 4904
f 487 5622 7108
f 2031 5081 6857
f 2329 1815 5457
f 7097 5971 3978
f 7098 6400 2510
f 7593 5627 4752
f 6357 2075 6924
f 756 2810 6409
f 5236 935 6644
f 1848 6142 7031
f 474 4596 2578
f 7553 7372 6624
f 7130 4706 6010
f 6426 4290 7130
f 7740 308 6430
f 6432 3951 6428
f 7400 7378 6860
f 6245 3141 6097
f 7142 7363 1990
f 6791 4373 6541
f 6314 4365 4141
f 2969 2407 7304
f 4814 7400 7396
f 7396 5989 630
f 630 1636 7396
f 2570 1146 7131
f 5329 5297 7708
f 2256 1633 7311
f 6780 1337 6972
f 7111 5990 7072
f 7111 5592 4208
f 5883 7929 6445
f 5237 5357 6075
f 6070 5970 5339
f 6256 6487 1743
f 366 1415 6488
f 7143 5113 151
f 151 5196 7143
f 4052 6806 6134
f 6502 7087 6981
f 7087 6502 3860
f 7532 5469 6496
f 1163 6414 7145
f 2194 3336 2966
f 5821 7330 1759
f 4310 7767 7033
f 895 135 4848
f 2591 7215 7146
f 3525 2877 6967
f 6967 6459 3525
f 4937 7776 5594
f 2304 113 4358
f 5373 6424 7171
f 7147 7106 5382
f 3666 4787 6828
f 7104 2545 6906
f 3812 309 4818
f 3950 5985 7148
f 6242 1925 6537
f 6004 6230 6989
f 2489 449 7149
f 229 3427 7511
f 3427 229 2241
f 953 5487 5444
f 5131 1747 2176
f 2953 450 6427
f 6196 2529 7067
f 6361 6577 5098
f 5960 202 2655
f 42 5033 5471
f 7124 1351 4611
f 4611 5646 7124
f 4101 601 3423
f 6294 6567 7151
f 7151 692 6294
f 1797 7152 3484
f 6571 4115 4038
f 2581 160 7001
f 7110 4646 5555
f 2782 7329 7153
f 6580 4035 136
f 6335 3486 6895
f 6347 5765 7127
f 6969 1306 3474
f 5928 7126 1074
f 7073 5337 4775
f 7049 7115 4848
f 5469 1939 530
f 1944 503 4200
f 6041 4335 5260
f 3190 3768 7186
f 7129 3905 2287
f 957 598 1669
f 5679 3300 5506
f 3911 4381 2350
f 7128 7823 487
f 5438 554 4261
f 3629 5931 5731
f 2172 4050 6624
f 1819 7467 1665
f 7114 303 291
f 5639 3047 6458
f 2454 7021 2866
f 7021 2454 870
f 4421 3744 6632
f 7316 7358 1759
f 7671 7388 398
f 2358 6099 5295
f 5902 885 7242
f 6305 7535 7375
f 537 7508 2492
f 7156 1826 6651
f 6651 4802 7156
f 7320 344 6479
f 338 5467 4338
f 2284 147 2582
f 6653 2146 2755
f 7056 7486 3537
f 6633 5026 6374
f 3743 5288 5637
f 7149 3207 6246
f 3830 3672 7039
f 6614 6291 2953
f 862 4295 1312
f 5903 3088 1494
f 7099 7061 1950
f 7099 5136 7061
f 5254 15 4593
f 2354 705 1728
f 7497 5311 7157
f 7157 7474 7497
f 7045 1014 5460
f 5435 4123 4090
f 448 1372 1192
f 7786 6674 7722
f 5679 7776 3300
f 7112 125 2583
f 1695 7001 2475
f 7001 1695 2581
f 333 1672 1561
f 2174 7854 6807
f 7140 983 2529
f 4193 6577 6685
f 6715 3224 6896
f 3604 3615 1535
f 6179 4759 1940
f 6901 6903 2742
f 4456 7189 6901
f 7189 8019 6903
f 7013 212 1823
f 1810 6031 3326
f 6690 5644 5102
f 3109 2616 6004
f 7060 2611 1175
f 1880 3262 2561
f 7833 4628 6759
f 7338 6063 4969
f 1965 502 120
f 189 3284 1745
f 7060 109 1445
f 6836 2696 6131
f 7291 3572 1607
f 6978 2300 7349
f 2267 6978 7349
f 7349 1540 7022
f 7352 7136 3462
f 7158 2541 51
f 6468 7865 7367
f 6987 7146 6916
f 454 6321 7155
f 6787 7250 2332
f 2075 1044 6924
f 6816 141 5929
f 7007 1643 7616
f 6283 6606 2510
f 6722 745 5167
f 5913 7906 2386
f 6956 2800 2518
f 2405 8022 1403
f 4069 6088 7159
f 7159 2989 4069
f 4049 2141 16
f 644 6047 6727
f 1687 5158 6842
f 7553 6043 3100
f 1180 2342 7065
f 1870 7133 5157
f 7133 1870 6809
f 1031 3064 7088
f 48 1158 3612
f 3476 3984 2093
f 6424 634 3115
f 7082 4845 460
f 7395 6936 1538
f 7538 6717 2768
f 4640 3421 7257
f 2020 5854 6517
f 6733 2334 4928
f 7538 3647 6734
f 226 1314 2083
f 6737 489 6950
f 4031 619 1433
f 6470 5711 2886
f 7092 6899 929
f 7139 7127 5573
f 5229 7020 7649
f 5084 5388 5648
f 5218 5944 7094
f 5472 937 7122
f 3616 5936 1431
f 7125 3638 2907
f 6742 5206 7161
f 7161 7118 6742
f 5262 3705 5112
f 2637 4597 6626
f 7390 7324 3395
f 6037 5140 6918
f 6187 5880 6998
f 2513 4015 5197
f 712 7398 801
f 1329 6193 469
f 6577 3244 6685
f 6840 5904 573
f 1318 1207 7078
f 6088 56 6721
f 4659 1874 7722
f 5959 1335 3343
f 5900 1982 1589
f 935 7116 6144
f 6666 4956 6879
f 5929 6168 7068
f 6450 6062 6740
f 7187 1392 5332
f 5702 5355 2746
f 89 5462 3680
f 7143 1990 5113
f 1990 7143 7142
f 6049 2605 7180
f 6505 3541 561
f 7029 7398 65
f 447 6158 6622
f 6926 4767 3180
f 6786 6430 308
f 7035 3758 6786
f 6104 7216 2241
f 2058 3803 857
f 3768 6267 7097
f 3563 4905 6854
f 6758 7323 1968
f 4487 5884 6709
f 4076 403 6952
f 6483 1860 6994
f 7158 1349 7069
f 6627 6615 7116
f 4653 699 7107
f 7107 6296 4653
f 735 5204 7162
f 7162 5204 5911
f 7108 3056 6217
f 3056 7108 6938
f 7387 5258 7262
f 6045 2519 5888
f 3439 37 1402
f 6074 5553 514
f 7109 7042 1145
f 1363 7023 7109
f 7023 3604 7042
f 6430 4148 523
f 7163 5344 1738
f 6644 5344 7163
f 5455 1762 456
f 6945 7909 709
f 709 1269 6945
f 7164 5441 1809
f 5769 836 7165
f 309 3812 7166
f 7167 5651 2481
f 3067 5301 7168
f 3014 2618 7265
f 5133 7171 4785
f 3153 4785 7171
f 7394 4985 3708
f 3423 7567 7258
f 5908 2720 2385
f 7020 4079 338
f 4211 7834 324
f 3505 7549 4827
f 4139 5764 7172
f 7174 2292 3222
f 3222 4120 7174
f 7175 4633 790
f 1392 2739 5332
f 3157 3214 1057
f 1658 1816 7178
f 7710 135 1891
f 2949 1416 5063
f 4183 7178 5349
f 7715 3969 7243
f 7180 5403 5406
f 4547 3506 7181
f 4455 7182 3898
f 2020 1904 3279
f 7653 3214 1596
f 7183 2424 6439
f 5528 7403 7184
f 2491 7203 7185
f 7203 2491 5739
f 7293 5508 1842
f 5985 7737 6026
f 4871 2837 7241
f 7186 4923 4679
f 2060 2385 7187
f 7188 1552 5530
f 7859 1538 704
f 7338 2327 3571
f 7189 2732 1834
f 4619 6020 7190
f 7191 4756 2344
f 5406 3406 7180
f 3419 5076 918
f 2395 4599 5914
f 7192 4585 5517
f 3883 1401 7193
f 3519 5233 7194
f 652 2515 5196
f 1999 5328 2031
f 5341 7450 7352
f 7196 7684 957
f 127 1800 7197
f 4037 5285 7546
f 1216 16 4121
f 5331 4098 7313
f 2404 2137 7199
f 2506 57 4637
f 4657 5729 4293
f 7200 715 2936
f 2718 3918 7201
f 7247 2195 4561
f 4384 5563 7299
f 7202 6929 999
f 5346 7203 5739
f 2327 7204 917
f 3429 5102 2465
f 3729 2824 3832
f 7205 2854 2572
f 7206 994 5528
f 4828 7207 2363
f 7303 570 464
f 7166 5731 651
f 2913 6897 463
f 1960 2191 7208
f 3113 1712 7211
f 6427 6494 7213
f 3699 7547 6598
f 7215 7049 6796
f 2788 3427 7216
f 7216 2008 2788
f 6891 3604 7217
f 2020 658 1904
f 7192 832 6095
f 7200 1570 715
f 7218 5075 375
f 4145 4173 7182
f 7219 5860 2564
f 7219 4240 5860
f 2701 6938 4347
f 7220 926 4529
f 4326 646 7221
f 5076 2248 918
f 2444 1362 235
f 3671 5538 3375
f 4136 7575 7234
f 6175 1101 1250
f 4487 2870 2818
f 7224 6953 3872
f 5013 1561 46
f 7225 1714 6186
f 4818 7226 4615
f 1790 25 1553
f 138 2579 7227
f 238 5459 5957
f 7229 716 3836
f 7657 7904 3976
f 2392 1920 1572
f 4827 7549 7513
f 7306 6887 4629
f 5558 4135 7230
f 515 127 7197
f 7231 1345 4403
f 1345 7231 7232
f 7233 3722 617
f 2124 965 7248
f 7176 1273 5362
f 3671 2646 5538
f 3869 7757 7571
f 771 1378 7234
f 2954 1325 191
f 4168 857 5491
f 2765 4590 5639
f 7236 4676 145
f 7474 7550 3784
f 282 6969 3784
f 5662 3246 7294
f 1046 3207 7314
f 1350 515 7197
f 7135 2744 7237
f 4851 7238 1838
f 7238 4851 4081
f 7178 1816 1605
f 5285 6951 7546
f 2083 7239 204
f 4458 204 7239
f 3054 6891 7217
f 7207 4828 1099
f 2444 2502 1362
f 3793 295 7607
f 7240 1698 1835
f 2837 1224 7241
f 4924 5852 2596
f 7242 158 697
f 7551 5493 4753
f 2750 7243 3969
f 3756 7453 7244
f 6861 8028 7277
f 4515 2127 1740
f 7218 375 5038
f 7245 5800 5259
f 1417 7176 5362
f 3412 7246 5169
f 1996 1081 7428
f 3525 6516 2799
f 7654 1478 849
f 7182 4173 3898
f 2249 147 7247
f 965 4191 7248
f 1783 2533 1824
f 5616 2824 3729
f 1681 614 7390
f 499 4380 5378
f 4234 4630 7304
f 7250 5504 3627
f 7251 3348 5177
f 962 7252 1379
f 7219 7621 7548
f 2695 805 7319
f 992 5421 7253
f 7859 3585 2892
f 7182 4455 7016
f 1995 585 7254
f 1712 7256 1070
f 7256 1712 3853
f 2456 7552 2119
f 7257 4333 61
f 6781 1532 6267
f 7205 3057 4131
f 4333 7257 6446
f 7258 4126 5698
f 7259 5118 3108
f 512 6431 4741
f 360 4836 7226
f 3756 7244 7261
f 7261 5092 3756
f 2109 4393 7209
f 558 7202 999
f 7202 558 3083
f 69 1023 4207
f 7262 4821 2284
f 7214 3035 1680
f 1290 2439 1699
f 7539 3124 6681
f 7266 3134 4921
f 4154 7174 7264
f 7174 2428 2292
f 1699 3632 2835
f 7479 6819 1677
f 2233 1223 7267
f 4529 2184 7220
f 4831 7417 7268
f 7269 3788 1703
f 2403 308 7364
f 1894 4887 7177
f 7121 4593 2156
f 7831 1057 3214
f 2433 5471 7271
f 7272 5840 3244
f 1907 7274 960
f 7273 1077 3803
f 5821 4546 7330
f 1616 5167 2084
f 1955 7112 7541
f 829 7913 7998
f 2488 960 7274
f 7515 7296 3167
f 6100 2488 7274
f 2178 6475 7275
f 7539 447 476
f 7738 2143 825
f 1702 1963 3135
f 7276 4521 1502
f 2068 4165 7363
f 5526 8028 1432
f 7422 5126 1144
f 6968 6392 7278
f 7279 5411 4218
f 1712 1479 7211
f 7280 1835 1787
f 7281 301 3613
f 7283 3855 3340
f 755 2189 7270
f 7326 1484 3790
f 914 7695 7340
f 7240 7280 1305
f 1159 6514 47
f 5658 2455 7285
f 5698 4731 7258
f 7890 2369 4682
f 4813 7220 6733
f 7659 1522 2252
f 7168 8 1608
f 4459 3907 7287
f 3115 471 7172
f 7288 4916 587
f 2639 2491 7185
f 2596 5852 3657
f 4516 4508 7289
f 3613 5428 7281
f 7148 5985 6233
f 7166 3529 309
f 7209 3062 293
f 7290 246 1407
f 7291 3729 3191
f 7177 1591 4378
f 7292 3050 3072
f 7293 3729 7291
f 7294 3655 3654
f 5082 4103 7303
f 4806 4911 5657
f 2119 7552 7297
f 7297 49 2119
f 5477 3109 7321
f 7298 6749 1235
f 7298 6949 6749
f 4513 3793 4776
f 3396 7655 3612
f 7268 3993 3431
f 4888 2756 7493
f 4533 612 4258
f 7299 5563 3438
f 7300 1 143
f 1465 7353 3871
f 7301 2682 1118
f 7302 2506 4637
f 7181 3761 4547
f 7303 4688 1438
f 7304 4630 5450
f 4752 6718 7305
f 7222 4229 4768
f 2394 7551 4753
f 7307 4339 99
f 7931 2157 5868
f 2604 5092 7261
f 7308 456 1569
f 7275 2095 4158
f 1041 7231 7263
f 7231 1041 7232
f 7310 4717 5660
f 917 7204 7203
f 7203 5346 917
f 684 7502 7311
f 5764 5072 7172
f 731 3868 2071
f 3252 2752 7240
f 4667 618 7313
f 7289 4508 4988
f 5660 852 7310
f 5891 1067 7499
f 5264 3522 7406
f 897 7719 921
f 5260 4319 7191
f 3264 3176 3314
f 6803 6098 5798
f 5639 6059 7300
f 5185 6918 2193
f 7295 7488 5239
f 7314 3156 853
f 7235 1771 4676
f 1771 7235 4859
f 7254 7179 1775
f 1775 1995 7254
f 4679 4923 7315
f 4458 6127 3483
f 7452 4276 7563
f 7292 427 4431
f 7307 3319 4339
f 7261 7244 1799
f 3283 1499 6569
f 7700 6929 7675
f 1218 6871 7373
f 7318 5109 1258
f 7319 4033 5476
f 7314 780 3156
f 3280 7222 3728
f 5872 7184 7403
f 3388 6965 7320
f 7187 3441 6777
f 2892 3065 7859
f 7807 7487 2268
f 5225 6871 5628
f 6427 7213 7321
f 7213 5477 7321
f 7322 5587 4695
f 5630 3424 2594
f 3429 473 4408
f 987 6760 7323
f 7177 4887 1992
f 7324 4226 3724
f 1605 7251 5349
f 7251 1605 3348
f 7331 2350 6379
f 2606 305 7325
f 7326 3790 3088
f 1855 4147 615
f 520 6241 7327
f 68 7705 7328
f 2445 6466 7329
f 7227 2561 252
f 4637 7611 723
f 7507 2373 4017
f 7330 4546 4538
f 1698 7240 2752
f 7331 3536 2228
f 3475 2756 3991
f 5063 1416 889
f 7212 2147 4908
f 1402 7266 7332
f 1738 6873 4850
f 7250 6787 5504
f 7333 5851 32
f 7378 5096 5291
f 7192 5517 2397
f 7369 3680 6881
f 7334 3260 5820
f 7335 4894 4425
f 4425 3711 7335
f 2524 5769 7165
f 7336 6611 2212
f 199 173 7337
f 746 1940 3321
f 2223 7631 2353
f 7338 1818 6063
f 4864 39 7453
f 7266 1402 1270
f 7282 2751 3558
f 7610 6498 7481
f 869 7271 5464
f 7271 869 7151
f 6079 6477 7339
f 1712 3113 3853
f 2176 2132 7351
f 643 588 7602
f 7340 237 6983
f 20 2624 7439
f 3441 7187 5332
f 7341 7905 502
f 7710 1891 7342
f 7343 7980 39
f 3007 5366 5000
f 4100 5064 681
f 7281 4659 6674
f 7335 3711 3032
f 7890 47 5702
f 2178 7275 4158
f 7834 1867 4254
f 7344 5131 2176
f 7345 1488 4096
f 7519 7661 1281
f 5571 7793 2302
f 7346 1165 4128
f 2007 408 5023
f 5160 1010 7347
f 5709 5403 7348
f 5489 5541 2853
f 7349 7022 2267
f 3148 3176 3264
f 7247 3091 2249
f 7233 2864 6146
f 4267 6327 7310
f 4734 7009 7305
f 7331 6379 5011
f 191 4623 2954
f 7583 6585 7908
f 7350 2304 5175
f 1391 3976 6761
f 1746 7641 4904
f 7344 4651 1799
f 4651 7344 7351
f 3803 699 7273
f 4169 4623 191
f 7562 7311 7502
f 7351 937 4651
f 4837 43 4334
f 596 1783 1824
f 5233 3707 7194
f 2765 5639 7300
f 7352 3462 1991
f 3050 4431 3343
f 3855 7374 3340
f 7353 2131 4955
f 4943 7292 3072
f 7292 4943 1040
f 7354 5920 345
f 7355 4478 2975
f 3000 658 2020
f 7285 2455 3743
f 7301 1118 5109
f 558 4147 1855
f 7345 5402 609
f 884 7706 5734
f 4220 472 2640
f 4220 1041 7263
f 558 1855 3083
f 169 2093 7238
f 3761 3343 4431
f 3343 3761 7181
f 5009 2571 7302
f 5657 4911 6009
f 4031 148 217
f 3939 4511 3633
f 2968 1875 7229
f 4619 7190 4332
f 7434 4332 7190
f 5705 5367 7245
f 4098 4667 7313
f 7191 2344 3637
f 650 1358 7368
f 7200 7357 2651
f 2651 1570 7200
f 5695 92 844
f 7571 4084 3520
f 7248 4191 2430
f 7358 3778 2888
f 34 2864 7233
f 7233 617 34
f 4803 5437 7779
f 2152 7597 2001
f 1241 7779 5437
f 2662 4516 7289
f 7293 1842 5616
f 7360 2872 4112
f 7554 2544 7361
f 2658 7362 1472
f 6903 6979 1422
f 2283 941 3880
f 3871 7353 4955
f 630 7386 2991
f 4182 7093 3657
f 7327 3356 520
f 7319 5476 6920
f 2896 6816 4642
f 7226 4818 794
f 1761 4168 2411
f 3656 7230 7210
f 7230 3656 3766
f 4831 7268 3431
f 509 5658 7285
f 1371 2404 7199
f 7249 1578 709
f 2228 4009 7331
f 946 7346 817
f 5915 6079 7339
f 4730 2968 7229
f 2543 5878 7249
f 7462 7355 5235
f 7355 7462 3466
f 3607 3403 3575
f 4096 2494 7345
f 4898 6444 4518
f 6707 68 6727
f 5003 2424 7183
f 7234 3526 743
f 7216 513 2008
f 4165 1990 7363
f 7303 4103 4688
f 7328 455 68
f 7269 3749 3788
f 4487 3731 5884
f 7296 4200 6462
f 6721 4202 7159
f 7740 7364 308
f 7207 6247 2633
f 1425 1164 7437
f 2353 7631 82
f 4678 2693 7366
f 3560 5974 102
f 5229 7649 7288
f 7288 5973 4916
f 6992 1532 7228
f 7368 5368 2352
f 7315 7368 2352
f 2352 2163 7315
f 6022 6021 7369
f 763 5075 7218
f 5047 1417 7370
f 2990 6075 5357
f 7371 1925 4454
f 7553 3100 49
f 7315 2163 4679
f 4629 6665 7306
f 7537 4030 4860
f 6127 1202 3483
f 7359 1952 6135
f 7301 4090 6090
f 1644 6635 6137
f 3991 6148 7327
f 7742 447 7539
f 4502 4848 7115
f 2930 7142 6489
f 4404 349 2984
f 7373 3281 3268
f 1703 6210 7269
f 7302 4637 6154
f 4909 5178 2425
f 5934 4821 7262
f 7251 5177 7237
f 6246 3551 3324
f 7595 1271 7094
f 1293 7739 5997
f 1246 6183 6263
f 6333 4671 5600
f 3883 6227 2376
f 7286 937 5472
f 3655 7294 7975
f 885 158 7242
f 4537 3340 7374
f 7583 7908 2894
f 6057 5928 1115
f 7375 7136 6305
f 7376 1431 7155
f 7376 6320 5538
f 2031 6304 6325
f 6325 1999 2031
f 7239 6260 2085
f 2083 6269 7239
f 1101 1714 1250
f 3649 4366 838
f 6957 496 238
f 7151 5216 7271
f 7219 2564 2941
f 6431 5 4741
f 6906 6219 7377
f 7236 5798 3835
f 6403 209 3514
f 7173 2497 6395
f 6427 7321 6989
f 1546 7411 2046
f 7378 405 6860
f 7183 6439 5112
f 5112 7784 7183
f 968 2200 7066
f 6446 64 4333
f 7188 6923 1552
f 5977 6468 7367
f 5996 7379 6210
f 7379 5996 2188
f 2058 5798 7380
f 6476 343 3259
f 6479 5064 4100
f 5798 7236 7380
f 7236 145 7380
f 7381 3691 2174
f 4871 3691 7381
f 1747 6493 7201
f 6494 3089 7213
f 2060 5908 2385
f 6498 7499 1208
f 914 7340 7284
f 7340 7695 237
f 6504 1013 1443
f 7259 7406 3522
f 2952 5989 6860
f 4256 7243 2750
f 7557 1079 251
f 47 6514 5702
f 7206 120 7091
f 7199 2137 6471
f 6256 6075 2990
f 1023 1939 6776
f 6537 1925 7371
f 7376 2646 1431
f 2646 7376 5538
f 62 2598 2580
f 7323 1997 3235
f 5019 2241 229
f 6359 1578 7249
f 4744 6936 602
f 6565 1470 5817
f 6569 2509 3283
f 2509 6569 7647
f 6572 5400 7169
f 6346 3572 7306
f 6303 5949 4753
f 2185 1397 7308
f 7382 264 6771
f 2003 2332 7250
f 3697 3699 6598
f 4589 7975 6599
f 3115 7172 6178
f 7293 7291 1607
f 7710 681 683
f 6630 4475 6579
f 5131 7343 5955
f 962 8022 7252
f 3499 2314 3045
f 7320 6479 3473
f 4552 7083 6735
f 7384 7393 6660
f 6606 7826 7709
f 266 3601 4006
f 7157 6671 7385
f 5435 4090 7318
f 7322 7012 5587
f 4700 7533 7322
f 7215 2591 2139
f 7215 2139 7154
f 7217 3604 3648
f 6169 36 7386
f 7384 5768 538
f 5768 7384 2372
f 7387 2582 6130
f 7670 7912 3648
f 1394 7739 7496
f 4486 5923 7649
f 6316 3014 7265
f 6700 7905 7341
f 2579 1880 7227
f 3991 4888 6362
f 7336 1186 6611
f 6063 4180 4969
f 6498 1208 7481
f 7388 7299 3438
f 3438 6660 7388
f 7388 6660 7393
f 7067 191 1325
f 4259 789 7290
f 7155 6321 7376
f 6341 1514 797
f 168 2583 6655
f 2756 4530 6412
f 6434 3113 7211
f 5443 1002 7170
f 1677 1665 7467
f 7305 6718 5681
f 7374 7646 6299
f 6657 1077 7273
f 6646 3251 1202
f 7341 502 1965
f 4045 6871 1218
f 7260 6956 2518
f 7270 2189 6708
f 4755 2049 6355
f 6711 4977 940
f 7324 6689 4226
f 6596 6101 6314
f 6490 7365 7354
f 81 6554 4381
f 2886 5711 7418
f 614 6504 7390
f 6516 3099 2799
f 7375 136 4598
f 7360 4112 5059
f 5059 2500 7360
f 1422 6979 6036
f 5661 7391 7054
f 7391 5661 6284
f 7908 1893 4282
f 7329 2782 3206
f 7220 4813 926
f 5851 6823 7279
f 2809 6915 6492
f 7486 7781 1318
f 6444 968 4518
f 3741 6595 4432
f 3126 7353 2146
f 2647 4113 6523
f 7309 7120 3669
f 4369 1378 7634
f 2222 1186 7336
f 12 455 7328
f 6755 2464 7287
f 6770 4110 880
f 4110 6770 4398
f 7290 789 3964
f 3964 246 7290
f 7377 1965 1214
f 1926 7054 7391
f 6816 374 141
f 7333 1341 1849
f 1849 6823 7333
f 3964 3846 246
f 4969 3958 7204
f 6096 5566 3448
f 7245 5259 7407
f 7369 5252 6858
f 793 1171 7526
f 6779 3218 5773
f 1951 1174 7356
f 7428 1081 6922
f 4530 3475 7188
f 7139 5573 7509
f 1010 5099 7347
f 7107 699 7380
f 6929 7317 999
f 7779 1241 7080
f 1309 6948 7484
f 7298 305 1109
f 7228 1532 6781
f 3738 398 7393
f 1699 2439 3632
f 7280 227 1305
f 7499 6498 4515
f 2477 2104 7394
f 7314 853 6966
f 7734 5214 7395
f 1438 7264 4120
f 3264 3314 3105
f 5126 1541 1144
f 7352 7450 7224
f 1849 1829 6823
f 3907 4453 7287
f 3062 2623 293
f 1591 3849 4378
f 2111 3758 1375
f 472 305 7298
f 7741 5241 3586
f 2251 4703 7312
f 2118 338 4748
f 3747 3875 6963
f 5680 6863 4827
f 7373 5225 3281
f 3914 2796 4537
f 1434 7659 2941
f 7036 3057 7205
f 7040 1487 3046
f 3800 4623 7165
f 4553 3171 7414
f 5312 1453 3749
f 4456 2732 7189
f 880 5056 6770
f 5315 6967 2877
f 5654 758 7397
f 7397 874 6904
f 7259 3522 6994
f 6983 1269 7340
f 7369 6881 3652
f 7439 7705 612
f 4100 681 7342
f 39 7980 7244
f 2473 6787 2332
f 1471 6861 1417
f 5679 4626 7518
f 7084 7241 1224
f 7241 7084 3502
f 6783 2977 7517
f 4713 7395 1538
f 3000 4391 658
f 4154 6801 5682
f 1520 4967 7223
f 6823 5851 7333
f 7295 5714 20
f 7398 7356 65
f 7752 1428 364
f 1784 4355 2540
f 7977 6771 1323
f 7977 7269 7382
f 7382 6771 7977
f 7787 7703 4377
f 1199 3891 6941
f 7262 2582 7387
f 7429 3089 7399
f 6856 1392 2385
f 6247 6884 2633
f 1928 5645 1779
f 187 7140 7139
f 1952 267 6135
f 1611 7545 5483
f 2017 1171 3007
f 7297 7372 7553
f 7372 7297 7552
f 4696 2477 7394
f 6860 5989 7400
f 4814 7378 7400
f 7378 4814 5096
f 7142 2930 7363
f 7400 5989 7396
f 6389 1633 2256
f 7201 6493 2718
f 7215 6796 7146
f 7362 2658 848
f 7206 5478 994
f 5949 2394 4753
f 7555 580 4195
f 7329 6466 7153
f 7350 5175 7010
f 264 7382 7379
f 7379 2188 264
f 7228 7383 6992
f 7383 7228 5957
f 7115 7049 7154
f 7129 3519 7194
f 7710 2326 135
f 202 1512 4482
f 6863 5656 4827
f 2819 7358 7316
f 7375 6580 136
f 6580 7375 7535
f 6965 344 7320
f 475 7701 485
f 7393 7701 3738
f 6614 6592 6291
f 4006 3601 7184
f 2990 5357 5769
f 705 2459 1728
f 7830 4123 5435
f 7054 1926 7359
f 1453 3788 3749
f 7556 3268 2714
f 4515 7260 5891
f 7352 7224 7136
f 118 7392 2559
f 6700 7341 7377
f 91 7730 7144
f 6801 4698 5682
f 7389 1271 6404
f 8014 2405 7477
f 6689 7390 6504
f 7390 6689 7324
f 712 7356 7398
f 1392 7187 2385
f 7029 801 7398
f 7279 6823 5411
f 6104 513 7216
f 6758 1997 7323
f 1349 6958 7069
f 6784 5258 7387
f 4521 7805 7438
f 2795 931 7401
f 5362 1273 7528
f 4748 4338 593
f 2755 2146 5581
f 7405 5043 4657
f 1296 7777 7402
f 1857 2905 7445
f 2644 3838 7473
f 1649 4514 7550
f 7691 2337 5397
f 7402 429 1296
f 5412 7561 7404
f 7405 4293 5886
f 2477 4696 2991
f 7584 3181 4767
f 4450 5264 7406
f 2536 7407 1093
f 2954 466 1325
f 5706 2101 7513
f 7408 3748 4295
f 3173 1560 3290
f 7424 1761 1039
f 7409 2596 7093
f 7410 5872 451
f 7680 1220 2868
f 7413 1002 4658
f 7414 4331 4724
f 7415 1308 3341
f 2152 1214 6597
f 423 602 5214
f 960 1962 3773
f 7416 1144 2987
f 91 7144 7417
f 2372 6660 7466
f 4168 5491 2411
f 301 2165 788
f 3180 7419 5830
f 408 669 7420
f 2743 5848 2512
f 5848 2743 7569
f 7422 6922 1861
f 5057 1847 7504
f 7423 1389 1957
f 3896 7732 7477
f 1562 2655 202
f 351 61 7425
f 7426 3747 7531
f 7427 3832 3442
f 5732 1996 7428
f 8017 2855 952
f 7545 7277 5526
f 7430 1096 3322
f 7406 4614 4450
f 4614 7406 7470
f 4573 5768 7498
f 300 7004 1779
f 5230 4364 7433
f 7489 510 1963
f 883 1722 4195
f 3720 7434 776
f 7435 334 50
f 50 731 7435
f 7436 4010 1326
f 7805 3737 7438
f 1414 5548 7439
f 4798 46 7408
f 5485 7440 4447
f 1397 1727 7436
f 4513 4776 7441
f 2410 1848 4580
f 1779 4683 7431
f 5003 7183 7521
f 2705 4347 7442
f 3713 2084 2850
f 7548 7223 4665
f 7419 3180 2443
f 2905 4081 7445
f 4392 1652 7581
f 770 4556 7485
f 343 6476 7447
f 7745 2749 7448
f 7411 7951 3130
f 4925 7433 457
f 457 7433 7449
f 7449 2023 457
f 7450 5341 2334
f 8031 4432 2192
f 3209 4864 7453
f 3420 7476 7454
f 7454 5395 3420
f 3222 940 4120
f 7455 3316 3276
f 7456 3454 4078
f 4924 2596 7457
f 7436 1326 250
f 7458 4656 5420
f 4726 8032 7459
f 7460 7493 6412
f 7461 5814 5364
f 4750 5997 7463
f 3768 3190 7516
f 4539 3802 7464
f 7461 5044 5814
f 7627 368 4324
f 5839 2648 7735
f 7625 7981 710
f 2119 7466 3090
f 2067 4919 7441
f 2547 7479 7467
f 7479 2547 1509
f 3610 7453 3756
f 5734 4643 884
f 2832 7982 7427
f 362 2263 7517
f 7468 2022 4774
f 7556 2714 3211
f 2978 7392 7469
f 1625 4753 5493
f 4665 1761 7424
f 305 472 7325
f 2743 2512 1841
f 7470 7259 3108
f 7660 2650 1026
f 7471 2294 5404
f 4685 4207 7464
f 1652 4138 3062
f 679 4448 7472
f 1216 4823 7490
f 7473 3218 3847
f 3784 3541 7474
f 7431 4711 1806
f 7578 2203 7444
f 7417 2239 91
f 2491 6083 5133
f 3464 4681 7475
f 1780 7894 7476
f 54 130 7528
f 2855 7457 7409
f 7457 2855 7418
f 3236 1375 7455
f 7455 3276 3236
f 7477 2405 1403
f 7450 2334 2184
f 1215 4918 2071
f 5107 3025 7478
f 7479 1509 1310
f 7480 5327 3232
f 1319 7610 7481
f 3052 2644 7473
f 7609 705 7482
f 4195 2568 7429
f 7429 7555 4195
f 425 1424 2508
f 7841 1793 5049
f 3051 3747 7426
f 7483 4642 4874
f 7423 557 1389
f 4442 7484 6162
f 6145 3664 212
f 5837 5019 7495
f 4442 433 7484
f 4550 4654 4652
f 7468 2035 205
f 7486 2641 7781
f 1026 4915 2728
f 4426 5822 7488
f 7489 1238 4400
f 6386 7383 6513
f 6528 3467 2193
f 382 24 1336
f 6543 2778 4258
f 46 5850 7408
f 7490 3775 5122
f 5080 2023 7449
f 3782 7846 7918
f 7491 7552 1129
f 4773 1250 364
f 7480 3636 5164
f 7404 2749 3931
f 7494 7392 118
f 229 6586 7495
f 7496 1130 1836
f 7410 4006 7184
f 5160 7347 7686
f 3541 1200 7497
f 7746 1329 469
f 192 7838 7505
f 7498 5768 2372
f 7494 118 3818
f 3835 4859 7235
f 4648 1679 3513
f 6914 4700 344
f 7500 4398 6770
f 7915 380 2247
f 2115 7562 7501
f 1872 4750 7463
f 7470 4255 4614
f 6328 3979 7503
f 4537 2034 7195
f 7504 1847 6833
f 7470 7406 7259
f 7425 58 351
f 7747 4214 7718
f 3718 1749 3013
f 2105 239 1634
f 1904 658 7736
f 2650 7962 4089
f 463 6408 7506
f 4767 2443 3180
f 1702 3119 7489
f 2119 7498 7466
f 7498 2119 49
f 4888 7493 3718
f 5133 4785 5739
f 2912 7462 249
f 7501 5669 2401
f 5669 7501 7502
f 7456 4860 5729
f 7837 7804 4543
f 3209 1246 4864
f 1658 7178 7617
f 2868 463 7506
f 5820 7816 3080
f 5085 7508 1463
f 7508 5085 5296
f 235 7568 1469
f 7509 540 4208
f 1388 7372 7491
f 3085 500 4237
f 692 2338 2522
f 2923 7445 4081
f 7445 2923 4160
f 7492 5910 7647
f 3427 2025 7511
f 881 7748 5867
f 1153 1884 7487
f 4333 4300 7425
f 7460 1749 3718
f 3718 7493 7460
f 1153 7807 3375
f 184 4262 7420
f 7496 1836 6174
f 4933 7468 2921
f 7440 5485 1741
f 510 7489 4400
f 2193 3467 5185
f 3208 2277 5225
f 1780 3420 3257
f 2568 4195 1722
f 7513 2101 5536
f 3483 249 7462
f 5860 4240 7525
f 7514 926 3157
f 7792 1848 2410
f 7455 6991 3646
f 5817 563 1676
f 7838 4214 7747
f 7735 2648 3638
f 7627 2277 3208
f 1465 3871 4308
f 7401 3871 4955
f 2728 2836 1026
f 2822 1220 7412
f 3190 3939 7516
f 172 7578 7444
f 7444 7744 172
f 7421 2641 7486
f 4830 5865 7447
f 3370 3493 7600
f 8032 3939 7459
f 5496 7627 4324
f 7627 5496 2714
f 7517 2263 2461
f 7477 7732 8014
f 7410 451 1523
f 5546 3118 3746
f 7438 3737 889
f 4258 2778 748
f 4208 5592 7509
f 7416 347 2172
f 2172 5354 7416
f 7483 3614 2926
f 2926 1078 7483
f 2991 5294 5567
f 1375 3236 2111
f 6056 1798 7430
f 7513 5536 5680
f 7815 5384 3934
f 4671 3809 5600
f 7578 172 7286
f 7454 4904 1512
f 1512 5395 7454
f 4064 6376 4253
f 4919 4584 7441
f 2522 2338 5284
f 4768 3728 7222
f 537 1463 7508
f 7439 4533 1414
f 1791 5791 491
f 7435 2071 4918
f 4918 334 7435
f 7619 1035 7512
f 7401 2313 4308
f 7521 7183 7784
f 7495 5019 229
f 2999 7748 4592
f 7427 3442 3488
f 3488 7743 7427
f 5622 7823 3387
f 7434 3720 4332
f 7415 3341 6923
f 7112 5031 125
f 5930 141 4077
f 6660 3438 7466
f 7524 6734 3647
f 3647 7749 7524
f 6026 7071 2376
f 7071 6026 5389
f 7963 5005 2706
f 2659 2232 6060
f 1845 1839 7428
f 6083 185 3076
f 5404 3119 7471
f 1906 60 7423
f 7428 1839 1117
f 7525 513 6104
f 7639 5340 2429
f 7447 6132 343
f 6155 4637 723
f 6888 6850 7526
f 5275 6328 7503
f 6177 491 5745
f 6034 3514 7458
f 6026 2376 6227
f 3996 665 7527
f 7527 6281 3996
f 7528 130 6087
f 450 2953 3580
f 2953 6291 3580
f 5075 763 7529
f 7865 6468 4541
f 7367 7865 7742
f 7121 2156 7463
f 4078 4860 7456
f 1031 7088 7530
f 7475 4681 6317
f 6898 1204 2806
f 7110 5555 5609
f 7461 1115 6331
f 6332 817 4203
f 7636 575 2499
f 163 1071 7917
f 1944 3264 3105
f 5016 6317 4681
f 7506 6408 1231
f 2436 7593 7009
f 6733 785 2441
f 5448 6346 6830
f 7531 6435 1864
f 7025 7404 6226
f 7404 7025 2749
f 6250 7329 3206
f 2886 5053 1707
f 141 6474 4077
f 4640 3993 7536
f 6145 2743 3664
f 2812 7794 7828
f 7532 6776 5469
f 844 2736 7527
f 6513 7383 5957
f 6519 6195 7534
f 6921 729 5961
f 7237 294 6027
f 7460 6412 2293
f 4541 6468 7524
f 7524 6468 6734
f 2309 7836 7648
f 7471 1516 6157
f 2235 4470 6528
f 7144 7730 7536
f 1582 6355 6076
f 7426 7531 1864
f 1864 1040 7426
f 7537 5439 134
f 1676 563 7496
f 3979 4989 7503
f 2806 6670 2343
f 2768 6677 7538
f 7539 6681 7367
f 5489 2853 4872
f 5791 5745 491
f 7442 4347 3943
f 6356 2504 4128
f 6327 5534 4717
f 7646 6726 6299
f 2045 6827 5716
f 7160 4404 7430
f 7600 3493 6735
f 6614 2408 7723
f 3782 5888 5029
f 5886 5078 7405
f 7650 5983 1979
f 134 3335 7537
f 6459 7751 6749
f 7823 2878 3387
f 1765 7828 3374
f 7828 1765 6893
f 2099 7163 533
f 7532 7464 4207
f 4207 6776 7532
f 6779 3391 3847
f 6781 238 7228
f 6793 1962 960
f 5757 5107 7478
f 6098 6803 2116
f 6806 4052 7542
f 3478 406 7543
f 7544 2594 6814
f 4046 1422 260
f 6826 1487 1434
f 7499 686 1208
f 3676 7545 5588
f 6835 1730 4330
f 561 3784 6969
f 7419 6854 5830
f 7624 7419 2392
f 2244 19 7540
f 1740 1643 7260
f 7738 7864 7586
f 4320 5286 7546
f 926 7514 4529
f 7514 7840 4627
f 6963 211 7523
f 2839 3456 5868
f 1424 922 2508
f 4266 688 7522
f 3457 5280 7373
f 6833 2834 7504
f 239 4895 1634
f 5066 3003 5942
f 7520 4840 2307
f 7056 3561 7421
f 6781 3633 238
f 7557 4627 7840
f 6808 7284 1578
f 1968 6760 1620
f 3404 2376 7071
f 6350 6761 3976
f 2277 3281 5225
f 2635 6081 3274
f 7093 5490 7409
f 7482 705 2354
f 5925 7983 968
f 34 432 2819
f 7490 5122 4483
f 3749 7977 8030
f 6350 2057 2904
f 5923 4486 4502
f 6159 6160 3853
f 5656 2302 5602
f 3475 3991 7327
f 6087 7370 7528
f 7717 3502 7635
f 7268 7536 3993
f 3456 3371 5868
f 7330 7629 7316
f 3853 6160 4959
f 5961 729 6300
f 6004 6622 6230
f 7709 7692 6606
f 1562 202 4482
f 7149 780 3207
f 2680 7437 4932
f 2853 2782 4872
f 7146 3008 6916
f 8022 962 1403
f 644 2959 6047
f 5229 4079 7020
f 4120 940 570
f 7521 5230 4925
f 3044 1553 7652
f 4696 5294 2991
f 7917 1071 6907
f 7834 7943 324
f 3505 2130 7549
f 7617 7178 4183
f 4377 7937 3196
f 7547 7214 6598
f 3699 1715 7547
f 7548 4240 7219
f 5957 7228 238
f 2130 4187 7549
f 7549 4187 7513
f 7550 7474 2330
f 7 7512 1267
f 7613 7661 1788
f 7551 978 5493
f 4643 1313 884
f 7548 1520 7223
f 1520 7548 7621
f 805 236 7319
f 4393 1652 7209
f 1715 3035 7547
f 1310 6819 7479
f 4831 2239 7417
f 7296 3628 3167
f 2060 7580 5908
f 2035 2318 205
f 3853 4959 7256
f 7535 5678 3808
f 7488 7295 3099
f 4754 2779 4149
f 3636 2369 5164
f 3396 3612 949
f 5475 7551 2394
f 7551 5475 978
f 7488 5822 5239
f 7448 7025 3305
f 7472 7746 679
f 7550 4514 3784
f 7202 3083 1044
f 3984 6241 520
f 5637 7465 7507
f 2353 1082 2223
f 49 7297 7553
f 7662 7573 7222
f 7763 7672 146
f 2681 7748 485
f 5499 2544 7554
f 7554 24 3979
f 24 7554 7361
f 1165 7346 946
f 1425 233 1164
f 7372 7552 7491
f 7908 4282 2894
f 7014 7519 7198
f 5661 496 6957
f 7411 7606 2046
f 343 3256 3259
f 7364 7740 7644
f 6027 294 2410
f 6670 4204 2343
f 7318 8029 6239
f 7535 3872 5678
f 5230 7686 4364
f 5983 1263 1979
f 1906 7371 2113
f 2864 7316 7629
f 7469 8031 88
f 7479 1677 7467
f 7469 88 1289
f 4257 3171 4553
f 3003 4124 5942
f 7556 2106 3037
f 4294 1781 7361
f 7284 709 1578
f 7662 3280 4499
f 7432 5116 217
f 6777 6810 7446
f 3676 5483 7545
f 6930 2745 422
f 5836 7577 3199
f 3171 580 7555
f 7663 190 3750
f 2314 3318 3045
f 1611 6861 7277
f 7664 7663 3750
f 3037 3268 7556
f 1781 1856 7361
f 7392 2978 2559
f 7214 1680 796
f 7347 5479 4364
f 7371 4946 2113
f 6810 124 7446
f 3198 4183 5844
f 5397 1280 7642
f 2116 6803 7594
f 2451 2634 7576
f 3869 3714 7559
f 3274 2051 7572
f 7614 205 2318
f 4992 4998 7560
f 474 2629 3909
f 3498 1344 7561
f 4488 3317 7729
f 7562 2256 7311
f 7564 3122 4494
f 3845 7195 7565
f 5535 4463 1798
f 6067 1517 7644
f 7566 843 4241
f 7567 3423 601
f 1363 2013 3615
f 7588 4308 2313
f 7562 241 2256
f 3356 4013 7630
f 5745 806 2009
f 806 5745 3197
f 7569 5284 2338
f 5209 679 4942
f 2097 5010 7572
f 7573 1137 4229
f 4494 5815 7574
f 3526 7234 7575
f 7576 2634 1280
f 504 2694 6202
f 99 493 7577
f 967 2203 7578
f 2816 6207 7563
f 3371 3456 7596
f 7568 2013 1363
f 5581 1465 7598
f 7750 412 7579
f 7580 7446 4121
f 3137 3610 4970
f 4156 2876 7583
f 7584 1020 5835
f 7585 4060 3551
f 7587 6262 723
f 7558 1117 2961
f 7588 1789 4822
f 1008 7719 7559
f 5302 5007 2804
f 707 4084 4330
f 2703 7589 184
f 2029 3411 1948
f 7590 2736 4816
f 2522 4352 7591
f 4491 1137 7573
f 7592 2328 1174
f 849 5605 7654
f 7593 8034 5627
f 4665 7223 7594
f 648 2339 21
f 3174 1944 6882
f 805 7564 7574
f 7574 236 805
f 5278 1979 5338
f 7596 3456 6947
f 3196 8017 4377
f 7598 2413 1777
f 3084 3526 7575
f 1058 2022 5248
f 1634 2748 7599
f 7600 1840 1790
f 805 6754 7564
f 138 6298 2259
f 1631 5108 7601
f 3193 6182 5024
f 3705 2731 7784
f 7603 5629 702
f 2847 7984 2770
f 2203 3723 7444
f 4211 4206 1867
f 7605 696 2832
f 6096 2046 7606
f 575 3170 7634
f 4329 2067 7607
f 2782 2853 3206
f 7608 3714 5035
f 5035 3511 7608
f 2436 8034 7593
f 4211 3968 4206
f 743 3526 6266
f 5111 650 3882
f 2127 6498 7610
f 1750 3371 7596
f 196 6492 5274
f 7560 5969 4992
f 7687 7868 1617
f 5241 370 3586
f 752 2537 7587
f 884 5030 7706
f 57 751 7611
f 4839 3931 522
f 4080 4077 4710
f 5732 1117 7558
f 7614 6601 194
f 5208 4445 7631
f 2413 4308 7588
f 4007 3565 7798
f 7358 2819 444
f 7616 5222 6973
f 1044 3083 7618
f 7618 2568 1722
f 1254 7835 5591
f 3909 2629 4579
f 3388 7320 6931
f 2703 5691 7589
f 7569 3602 5284
f 4058 7750 7579
f 5845 4409 4024
f 5844 4520 7702
f 7619 7512 1157
f 702 1978 7603
f 4976 3411 2029
f 7610 7962 5005
f 522 4396 5410
f 7599 6944 1634
f 1624 2442 7669
f 2740 7620 1576
f 5599 2451 7576
f 4352 2071 3868
f 4635 5581 7598
f 2626 4586 5621
f 5609 7816 5820
f 2941 7032 7621
f 3870 1840 7600
f 1008 5737 921
f 429 7826 5240
f 7622 4902 7744
f 4553 1497 7685
f 7985 1572 210
f 2202 6804 7623
f 7709 7826 166
f 7624 7985 3563
f 3317 5540 7729
f 1008 7608 3404
f 7608 1008 7559
f 7601 5564 1631
f 7584 5835 4175
f 533 7809 7589
f 3318 2558 3045
f 7613 5162 7617
f 194 2921 7614
f 4362 4886 2453
f 493 3701 7577
f 4294 7361 2544
f 2626 5621 5763
f 107 3335 4708
f 7568 1363 6782
f 7618 7626 2568
f 7618 2602 7626
f 3647 7538 6061
f 7657 3976 3935
f 7447 5865 6132
f 7443 3844 2779
f 752 7587 7611
f 7611 751 752
f 2113 2364 2066
f 7627 2714 2277
f 7612 3020 444
f 4930 4648 7567
f 7519 5565 7661
f 4849 2189 7628
f 1794 7582 1536
f 2904 1387 7628
f 7572 119 2097
f 1547 2780 2076
f 4183 3198 7617
f 4203 2564 7638
f 4758 1838 7630
f 7631 4445 4800
f 1951 2441 7592
f 7605 1140 696
f 7628 2162 4849
f 5248 2022 7098
f 2653 5868 2157
f 4758 7630 4013
f 5236 2863 3030
f 2200 7570 3704
f 7570 2200 5209
f 4976 2029 5650
f 3484 3977 7625
f 7631 4800 6000
f 2740 6093 7620
f 7636 2238 1435
f 7635 2 6111
f 7640 1463 3170
f 6230 7723 2408
f 6239 7775 5435
f 3849 4618 6293
f 6298 1746 2259
f 7638 7525 6104
f 3010 4253 6311
f 7638 6104 6332
f 7597 6597 4453
f 2957 8033 825
f 1435 7640 7636
f 7640 1435 1463
f 7642 1143 6394
f 7135 6027 3173
f 6418 251 6032
f 541 3706 7599
f 2231 6198 7643
f 6311 7798 7919
f 7278 6067 7644
f 8039 6145 5378
f 4618 3518 6293
f 6484 2736 7590
f 2499 575 7645
f 7560 4982 5969
f 4982 7560 6549
f 2928 7691 7642
f 7642 6394 2928
f 2626 7699 5979
f 5979 4586 2626
f 62 7475 6317
f 7865 6216 7742
f 3565 7566 6557
f 7566 3565 4007
f 4541 7524 7639
f 6418 7960 7637
f 7614 1122 6601
f 6236 4488 7729
f 1944 4200 6882
f 4482 1512 4990
f 6060 2789 7647
f 7648 7094 5944
f 7595 4064 1271
f 5425 6666 75
f 7585 3551 6246
f 6667 5016 7576
f 7645 771 2059
f 7645 7634 771
f 575 7634 7645
f 4548 6171 196
f 6076 6425 7620
f 4926 974 3151
f 6066 1615 7902
f 6695 7623 4428
f 1097 4046 6822
f 6707 4258 612
f 6342 6085 5900
f 511 4001 5970
f 7583 2876 6585
f 7272 6360 7530
f 5889 4128 1165
f 491 6176 4788
f 5492 3580 7590
f 1874 1140 7605
f 267 7632 6135
f 7632 267 4620
f 7681 5240 4199
f 7523 211 3838
f 7635 1104 2
f 2009 6177 5745
f 6695 2202 7623
f 8000 3819 4439
f 5378 212 7013
f 7652 2719 22
f 5378 7013 499
f 5285 5671 7633
f 2343 5418 7653
f 6918 5564 7601
f 7602 6759 5025
f 7618 1722 6924
f 1492 2064 7651
f 6947 1495 7596
f 7134 2853 5541
f 4865 4880 5602
f 3724 5629 7603
f 6835 4330 7571
f 8026 8027 7011
f 7651 2064 3819
f 1188 3473 7342
f 5542 5067 7658
f 4296 420 7652
f 7654 5605 3159
f 7655 4443 7006
f 7658 5067 4071
f 5702 2746 7890
f 4402 7956 4086
f 7652 420 2719
f 3207 1046 7585
f 7585 6818 4060
f 2635 6988 7643
f 6973 7007 7616
f 6773 1669 598
f 7538 6677 6061
f 7633 4242 6951
f 1787 6821 3452
f 7098 2510 5248
f 6954 6846 6926
f 6988 2231 7643
f 2853 7134 3206
f 7736 2251 6919
f 7070 7693 7641
f 7693 7070 2676
f 7113 5888 7918
f 6027 827 3173
f 1944 4525 503
f 7656 4602 7884
f 7567 4648 7258
f 1393 755 1359
f 4330 4084 7571
f 4136 2508 7575
f 5459 7632 5957
f 5484 4027 7657
f 5412 3498 7561
f 7235 4676 7236
f 7657 2073 5484
f 7547 3035 7214
f 1434 1522 7659
f 2481 2474 7167
f 4637 57 7611
f 39 7244 7453
f 7180 7348 5403
f 2049 4430 4276
f 4214 7903 7718
f 7330 4538 7629
f 7649 5923 7288
f 7195 6384 7565
f 6444 2200 968
f 7243 4256 2400
f 2400 4256 5166
f 329 1470 6565
f 7374 6581 7646
f 6176 4769 4788
f 5340 7749 4519
f 7606 2502 2444
f 1438 6801 7264
f 1776 967 7578
f 7020 338 2118
f 5719 5389 7737
f 7659 7032 2941
f 7659 2252 7032
f 4168 4665 7594
f 6926 6846 4767
f 7577 5836 99
f 7701 538 485
f 7701 7393 7384
f 7384 538 7701
f 857 4168 7594
f 7650 7839 1024
f 1026 4834 7660
f 7660 4834 2706
f 7655 4146 4443
f 7418 2855 3196
f 7443 4754 7724
f 4138 1652 4392
f 3209 7453 4247
f 7347 4364 7686
f 1905 7841 2485
f 7774 705 7609
f 6492 4471 5274
f 7423 60 557
f 7837 7842 7835
f 4987 2626 5763
f 7798 4253 4007
f 235 1469 4016
f 5737 5515 921
f 7595 7094 7648
f 1884 1288 7487
f 4178 2140 2805
f 4262 408 7420
f 7424 7525 4240
f 7455 1375 6991
f 4520 3290 1536
f 426 7432 7579
f 5145 4189 1905
f 7516 3939 3633
f 1879 1035 7619
f 2029 3448 5650
f 7137 4860 4078
f 7638 5860 7525
f 7640 575 7636
f 6570 6827 2045
f 6459 6749 6516
f 7609 7482 7868
f 3473 4100 7342
f 7057 4146 7655
f 7510 4627 7557
f 5656 5610 2302
f 6970 3502 7717
f 7437 1164 7656
f 4694 7778 7150
f 3044 2341 1553
f 7512 3951 1267
f 7661 4174 1788
f 7613 1281 7661
f 2489 3319 756
f 7580 2320 5908
f 7580 2060 7446
f 7658 7810 2733
f 2749 7025 7448
f 3319 7307 756
f 1785 7662 4499
f 7662 4491 7573
f 4276 4430 4321
f 7748 2999 485
f 7432 148 7579
f 7519 1281 7198
f 7411 2502 7606
f 6439 7847 5181
f 7222 3280 7662
f 7577 4151 3199
f 7663 7664 2346
f 2346 2025 7663
f 7689 2157 2160
f 7666 4703 1288
f 646 420 7667
f 7668 1017 934
f 7682 7918 4578
f 1533 2863 7665
f 2580 7475 62
f 3648 1801 7670
f 7671 4422 2438
f 7668 934 5797
f 4082 707 4065
f 7677 4132 4829
f 4713 1538 7678
f 7673 4473 5069
f 4155 4985 7674
f 7700 7167 2474
f 7167 7700 7675
f 200 1165 7797
f 6001 21 7676
f 7677 5674 5596
f 2278 1367 1905
f 6307 4152 5591
f 2364 6889 2066
f 2420 2014 5024
f 3515 166 7678
f 543 4058 1744
f 7921 7986 453
f 2553 1519 893
f 5829 7681 4220
f 7682 1921 2528
f 7683 7210 3938
f 749 4590 5792
f 6203 6179 528
f 3087 3937 3185
f 7731 3704 2850
f 7684 7196 1264
f 3563 6706 369
f 5274 1303 4718
f 1057 7831 2805
f 2115 7843 1229
f 4703 7679 1288
f 4391 1288 7679
f 7668 5650 5566
f 7685 2908 3382
f 1791 4788 7688
f 3151 4617 3152
f 4794 2732 1521
f 7689 153 2164
f 6297 7677 5596
f 7677 6297 4132
f 1577 5214 66
f 5213 2391 285
f 7713 5302 3009
f 829 5501 3805
f 7688 1259 4803
f 7709 315 7692
f 7694 4176 3055
f 4078 3454 7694
f 1205 5561 5323
f 3249 3700 2770
f 269 2763 7814
f 7683 3938 4143
f 2512 5848 7695
f 7696 5358 4830
f 4830 2653 7696
f 7697 2224 3302
f 3022 2811 7712
f 5499 7210 7683
f 7711 6882 4200
f 7698 1732 4596
f 1123 4078 7694
f 5981 7673 5069
f 7673 5981 7676
f 4788 6649 7688
f 7699 6829 1369
f 2885 3966 299
f 285 2391 3820
f 5089 4912 4048
f 4985 786 7674
f 7845 4873 5748
f 4737 5403 1897
f 4617 1207 3152
f 7674 167 2803
f 651 6447 7801
f 2484 3198 7702
f 4377 7703 1222
f 1512 4904 7693
f 21 4542 7673
f 3937 307 3185
f 5668 1704 7733
f 7704 2882 3668
f 3668 4024 7704
f 4434 7978 7035
f 7328 7705 2624
f 7682 2528 606
f 7745 7448 5173
f 3306 277 6687
f 7920 7845 5748
f 7666 1884 53
f 1063 1738 4850
f 6703 2431 1617
f 6703 4171 2431
f 1047 997 2472
f 4653 6296 2761
f 4970 1201 3137
f 7707 3978 3981
f 7708 3586 5329
f 7697 4428 5186
f 2963 766 7791
f 7689 2164 5358
f 5358 7696 7689
f 7710 7342 681
f 7168 5301 6003
f 3515 7678 3065
f 1141 391 3221
f 7892 3959 5806
f 5586 2302 7793
f 6598 7214 2917
f 1373 6472 8015
f 4959 1844 7817
f 7712 2811 2168
f 5806 4806 7892
f 646 7667 5165
f 6358 6673 7713
f 7713 3009 1166
f 2118 1523 354
f 3382 4257 7685
f 3981 2264 7707
f 7714 6405 6764
f 4296 1553 25
f 84 339 4831
f 3218 7473 3838
f 6764 2598 7714
f 7681 1296 5240
f 1938 7667 4048
f 7667 1938 5165
f 1905 6085 2278
f 2365 7846 3782
f 7704 2702 2882
f 2702 7704 4409
f 4048 4912 1938
f 7715 2400 5560
f 1322 793 7771
f 7716 7894 1780
f 4516 2662 3197
f 7717 6111 5984
f 7691 5392 2337
f 7670 1801 6939
f 2868 7506 7680
f 5049 1982 2485
f 6042 6695 7697
f 7747 3647 6061
f 3647 7747 7718
f 6088 1149 1221
f 6119 3937 7720
f 7721 1874 7605
f 6182 2420 5024
f 7722 1024 7839
f 6230 6158 7723
f 423 951 7717
f 7717 5984 423
f 6449 7724 6275
f 1628 6275 7724
f 1207 4617 6566
f 7706 3131 461
f 2133 35 7725
f 6426 3021 4290
f 2090 5561 1205
f 7726 4541 2429
f 3220 933 1429
f 5447 7830 7775
f 6401 7727 3425
f 7727 6401 6271
f 144 4658 7728
f 7869 7728 4658
f 5983 7821 6496
f 2812 7828 599
f 6549 3840 2597
f 4327 7676 5981
f 1337 7725 2107
f 7729 6669 6236
f 6458 3047 3594
f 7825 3959 7892
f 6644 7163 2863
f 7252 8022 6233
f 7721 7722 1874
f 7605 7743 7721
f 7739 6565 1676
f 4343 5425 7712
f 5119 8021 5873
f 6250 7134 7150
f 6386 4620 177
f 4601 5302 7713
f 7429 2568 6729
f 62 6540 7714
f 5921 3045 2558
f 7731 6696 7066
f 611 6696 7731
f 7105 6992 6563
f 6425 2049 7914
f 7914 3640 6425
f 7903 7623 6804
f 6765 3978 7707
f 1704 6773 7733
f 5340 4519 2715
f 6829 8035 4222
f 6832 5544 2370
f 7703 552 1222
f 7711 2361 2347
f 1205 2649 6893
f 4182 6071 5242
f 4713 429 7734
f 6926 3180 3501
f 7670 6939 2588
f 7395 4713 7734
f 7916 2474 861
f 5591 4152 6845
f 3851 4695 7773
f 6991 3758 7035
f 7708 6206 7741
f 6800 7495 2754
f 5301 738 6003
f 6773 598 7733
f 7409 5490 2855
f 7332 7844 1402
f 7716 4729 6769
f 6769 2579 7716
f 6050 394 7735
f 3206 7134 6250
f 7128 6805 7823
f 7163 2099 2863
f 4708 3969 7715
f 5985 3950 7737
f 7602 588 7059
f 7684 598 957
f 3101 7167 7675
f 3452 227 7280
f 2428 7174 4154
f 5429 4996 4402
f 897 1268 7719
f 7317 6929 7700
f 7487 4391 2268
f 68 612 7705
f 6061 6699 7505
f 3101 5651 7167
f 447 7742 6158
f 1293 6565 7739
f 5112 3705 7784
f 7739 1676 7496
f 5782 5241 7741
f 7439 2624 7705
f 7604 1428 7752
f 445 552 7703
f 7739 1394 5997
f 91 751 7730
f 2917 7214 796
f 7650 1024 7743
f 7921 7412 7680
f 3896 6857 7732
f 4811 7744 7444
f 7444 3723 4811
f 7745 3401 4396
f 522 7745 4396
f 7745 522 2749
f 2731 5160 7686
f 7472 1329 7746
f 7746 469 4942
f 7501 7843 2115
f 7747 6061 7505
f 7816 3934 3080
f 7748 7451 5867
f 172 7744 4902
f 1798 1096 7430
f 7715 7243 2400
f 7748 881 4592
f 2014 3731 5024
f 2474 7916 7700
f 4330 1730 7795
f 7738 7586 7827
f 825 1321 7738
f 174 6515 1359
f 7520 7983 4501
f 6515 5762 1359
f 7692 2785 5248
f 5248 6606 7692
f 588 5012 7059
f 2779 4038 4149
f 7296 7515 7711
f 7746 4942 679
f 4262 7672 7763
f 7763 408 4262
f 2237 4805 228
f 7740 4068 7644
f 6206 5782 7741
f 1229 241 2115
f 1989 7987 2076
f 241 7562 2115
f 2480 2013 7568
f 3611 412 7750
f 7702 2079 2484
f 7751 4072 2640
f 1044 2075 7675
f 66 5214 7734
f 3805 5501 5839
f 2676 4990 7693
f 3611 7750 4368
f 4058 4368 7750
f 3038 7819 5845
f 7702 4520 7582
f 5844 2906 4520
f 167 809 2803
f 2565 5878 7690
f 1624 3503 2442
f 5127 4902 7622
f 4553 4724 1497
f 3373 4072 7751
f 7742 6216 6158
f 7723 6158 6216
f 7919 1521 5968
f 7650 7743 3488
f 2075 3101 7675
f 5878 2543 7690
f 2754 7495 6586
f 7752 364 7225
f 7679 2251 7736
f 3322 7923 6363
f 7505 6699 5093
f 6655 310 7670
f 5340 7639 7749
f 7752 7225 1731
f 5719 1084 5389
f 1478 7654 7827
f 2779 4754 7443
f 947 7848 5514
f 5514 7848 961
f 5145 4673 4189
f 7332 7612 7844
f 4694 7150 7134
f 2076 674 7796
f 7903 4519 7718
f 4805 116 228
f 3573 8041 4858
f 6439 5181 5112
f 7845 7690 2543
f 2173 165 4638
f 165 1771 4638
f 3650 1125 1664
f 2150 7824 6188
f 7654 2849 7827
f 7966 7754 2713
f 8004 3753 2674
f 2394 3573 5475
f 2170 4743 7755
f 174 1359 3301
f 6329 3850 3221
f 7756 3587 4548
f 7757 7559 7719
f 6786 2833 7947
f 707 7795 7889
f 7790 84 1970
f 7758 4113 2647
f 1466 5845 7759
f 7760 7478 3025
f 3142 322 2554
f 7762 2279 3844
f 7763 2678 5023
f 835 2713 7754
f 7764 5093 2958
f 7765 4564 4486
f 6597 1214 3601
f 7886 7855 4416
f 5733 4138 7766
f 7820 4890 5355
f 7794 2812 7988
f 7988 1606 7794
f 7768 2370 3428
f 4320 6257 2843
f 4218 7930 416
f 824 8005 2715
f 4808 5276 4935
f 7770 3285 1503
f 4651 937 7788
f 796 3350 7818
f 7772 3329 5653
f 7758 1840 4113
f 3093 2614 482
f 4625 7773 3956
f 7774 2459 705
f 2442 2538 7813
f 2843 6257 3038
f 25 1790 7758
f 5733 7766 3676
f 7666 4374 4703
f 5356 5807 7817
f 7669 2442 4791
f 7777 5829 4072
f 5095 4706 4290
f 6048 4690 7836
f 6329 3221 3240
f 6012 6590 7801
f 5422 2370 7768
f 7779 7688 4803
f 7780 6943 418
f 4439 3015 1913
f 4926 3152 7781
f 3992 5468 7782
f 416 7930 7780
f 7780 418 416
f 1429 3345 5077
f 3025 2733 7760
f 6377 6056 4404
f 7784 7686 5230
f 7785 1419 3485
f 7869 3166 865
f 7800 369 5823
f 717 4564 7765
f 3869 7559 7757
f 445 7703 7787
f 7788 172 4902
f 7770 1503 2328
f 3594 3122 7789
f 2383 7604 7752
f 3185 311 410
f 7790 22 3331
f 7841 4189 6775
f 7772 3327 3329
f 4918 1558 5794
f 6785 7350 228
f 5508 4710 1842
f 7788 7286 172
f 152 834 7791
f 2898 4890 7820
f 6114 6165 7811
f 7792 2410 294
f 2397 4345 3574
f 1360 2781 7861
f 7427 7982 3832
f 1429 5874 3345
f 1902 528 7792
f 5474 8036 3276
f 7794 1606 7882
f 1367 2278 2938
f 976 7889 7795
f 7777 1296 5829
f 7886 2754 3891
f 1221 5445 7772
f 7796 3167 1547
f 3773 1962 7797
f 5501 6449 4949
f 1978 1021 5982
f 7800 5783 603
f 6764 5419 2598
f 645 339 7790
f 2355 1497 4724
f 7685 1497 5205
f 7802 4018 3424
f 3844 1869 2493
f 6971 6881 5462
f 7797 1276 3773
f 893 1170 7782
f 5156 1691 7803
f 5484 1332 4027
f 7753 676 1427
f 4039 5874 1429
f 7753 1478 7586
f 1332 3032 4027
f 5278 6271 3524
f 6896 4633 1635
f 4556 3974 7804
f 7800 603 4905
f 2761 6296 7755
f 1887 3753 3857
f 6222 7947 2833
f 7754 5847 3103
f 4656 1758 143
f 4161 4488 1901
f 7802 7761 149
f 149 4018 7802
f 1276 6800 7886
f 7806 5618 6605
f 2014 4190 7979
f 2676 7070 4311
f 2641 2275 1993
f 1153 7487 7807
f 4052 5901 7829
f 3838 2644 7808
f 3374 7828 7794
f 7589 7809 184
f 7671 2438 4384
f 8018 7760 7810
f 7759 5845 4024
f 2790 5202 5217
f 3442 1419 7785
f 2940 6970 951
f 951 3962 2940
f 5202 2790 7811
f 4262 7809 7672
f 7809 4262 184
f 7759 5601 6671
f 6874 3114 3033
f 7813 3997 7095
f 285 5578 7911
f 3205 2190 568
f 823 3130 1451
f 1213 7814 4355
f 6410 4355 7814
f 7774 5381 2459
f 4710 3589 1842
f 7815 5555 3363
f 5555 7815 7816
f 951 1577 3962
f 2641 4926 7781
f 1379 7252 938
f 2790 2401 7811
f 7755 625 2170
f 7817 5807 1070
f 4723 1629 1895
f 3220 1429 5077
f 5961 7953 7967
f 7818 3350 3419
f 6445 2822 7819
f 7819 6257 6445
f 2936 715 7829
f 7820 5355 5992
f 7819 3038 6257
f 6066 7789 2171
f 7789 6066 6065
f 6131 5346 5739
f 7821 7650 3488
f 3488 7785 7821
f 7821 3485 6496
f 1963 2367 3135
f 1642 6553 7822
f 7822 1246 1642
f 6224 2472 997
f 2981 3850 6329
f 7801 6590 2615
f 7793 4645 5995
f 6449 7255 7762
f 7754 7966 5847
f 7148 874 3950
f 7922 2150 4284
f 5593 5992 6183
f 7813 7095 4791
f 7350 7010 228
f 6399 6313 5409
f 6112 548 7782
f 7892 4986 7825
f 6606 6283 7826
f 7911 5578 532
f 2958 1890 6675
f 1606 5912 7882
f 7783 6724 936
f 1955 7541 7783
f 7102 3972 299
f 7759 6671 5311
f 2143 7738 7827
f 7993 2134 6079
f 7542 4052 7829
f 4423 529 7830
f 3191 7982 696
f 7720 428 4588
f 597 1283 6895
f 4197 4910 7780
f 280 4644 6944
f 6945 1269 6983
f 7003 354 7765
f 529 4056 7830
f 6571 2779 3844
f 4434 5151 3559
f 432 34 7844
f 2938 2278 1964
f 7828 6893 599
f 7812 211 6963
f 7832 6976 3905
f 7832 5532 3517
f 3517 6976 7832
f 7829 715 7028
f 7102 299 669
f 7760 8018 2831
f 7833 7602 7059
f 7911 2878 6805
f 474 3909 4596
f 7147 5382 7776
f 6183 3209 5593
f 4517 7628 2189
f 300 2679 7004
f 6759 7602 7833
f 3950 874 7397
f 7500 5822 815
f 5351 1273 7176
f 6944 4644 2105
f 7762 7255 2279
f 7817 1070 7256
f 3301 1359 7270
f 7270 1359 755
f 7312 4703 4374
f 5205 7806 6605
f 5774 2361 7515
f 815 5822 4426
f 4521 2005 7805
f 931 2313 7401
f 7777 66 7402
f 7680 7412 1220
f 7836 4690 7648
f 6775 1793 7841
f 4004 7837 7835
f 299 7420 669
f 7816 7815 3934
f 192 5186 7838
f 918 2917 7818
f 7818 3419 918
f 7660 7962 2650
f 7485 7804 7837
f 7804 7485 4556
f 7476 3420 1780
f 528 1848 7792
f 5186 4428 7838
f 4960 4535 4589
f 3363 5384 7815
f 2309 1744 7836
f 6724 7783 7541
f 918 3697 2917
f 7518 5586 7793
f 825 7917 1321
f 7840 7514 1057
f 5230 7521 7784
f 5609 5555 7816
f 5483 3676 7766
f 5247 2520 1851
f 3902 2951 4132
f 4306 4254 7778
f 4377 8017 7787
f 2520 2117 1851
f 2951 4829 4132
f 7687 7609 7868
f 1581 7609 7687
f 4520 1536 7582
f 1254 4004 7835
f 7633 5671 1128
f 533 1063 7809
f 5631 60 2066
f 2863 1533 3030
f 6226 600 7824
f 5435 7775 7830
f 7756 4548 196
f 6805 2878 7823
f 6933 419 7798
f 6821 225 3452
f 2481 5857 2474
f 7650 1979 7839
f 7787 4219 2803
f 1905 4189 7841
f 7842 7837 4543
f 4543 7769 7842
f 5671 4649 1128
f 60 2113 2066
f 7842 6307 7835
f 6307 7842 7769
f 7841 5049 2485
f 7658 7769 7810
f 1428 7604 2247
f 2025 2788 7663
f 146 2678 7763
f 7843 2790 2002
f 7843 2401 2790
f 1057 2805 7840
f 7843 2002 1229
f 2731 7686 7784
f 7690 7920 4039
f 5300 2763 269
f 123 1353 4197
f 4383 7921 453
f 7666 4427 4374
f 3355 7856 2885
f 2359 568 2190
f 1478 7827 7586
f 2963 1254 766
f 1459 391 1141
f 5202 4371 5217
f 4959 831 1844
f 2361 7711 7515
f 4710 5508 3239
f 2365 2908 7846
f 5431 793 1322
f 1629 3707 1895
f 6202 1451 3787
f 4939 933 3220
f 1890 2751 6675
f 1704 6853 6773
f 3851 7034 4695
f 7844 617 3439
f 394 3805 7735
f 7501 2401 7843
f 7505 7838 7747
f 5668 7733 8040
f 7557 7840 1079
f 7819 4409 5845
f 7778 4254 3184
f 5657 7622 4986
f 7605 2832 7743
f 3322 6363 7160
f 7515 3167 7796
f 6655 125 310
f 7847 2236 1253
f 7848 947 2102
f 2102 4340 7848
f 7848 4340 961
f 7622 7744 4986
f 7733 7940 8040
f 6828 2236 7847
f 7810 7769 4543
f 7796 5774 7515
f 5774 7796 674
f 2384 1330 1665
f 7604 2371 2247
f 7663 2788 190
f 7824 600 6188
f 1665 1330 1599
f 4236 4248 6044
f 3440 7850 7849
f 7850 3440 3383
f 7852 3103 1268
f 7854 5315 6807
f 7860 6482 4965
f 6482 7860 1860
f 2880 4416 7855
f 7856 3355 4737
f 1638 4489 3574
f 4720 1285 7857
f 7858 2419 5228
f 5228 1617 7858
f 3345 1959 7870
f 223 3593 2160
f 7926 4687 3422
f 2013 2480 1994
f 7678 1538 7859
f 1141 3221 7879
f 7860 4965 5432
f 7860 5432 3093
f 7861 5464 5033
f 2673 7856 4737
f 7856 2673 6015
f 7880 5578 3820
f 2885 299 7898
f 7955 3852 4523
f 7853 2461 2056
f 7864 1244 498
f 1758 7969 5965
f 7866 5669 5666
f 5666 453 7866
f 2880 7768 2794
f 5792 5965 749
f 1026 2650 4915
f 7867 4166 5513
f 7858 850 2419
f 850 7858 7868
f 3276 2570 5474
f 2397 3574 832
f 4589 6599 7893
f 7869 4658 925
f 7879 3850 6937
f 3367 1451 3130
f 7870 5182 5227
f 4214 7838 4428
f 1321 1244 7864
f 2526 815 1109
f 2247 2368 7915
f 102 6792 306
f 3220 5077 7871
f 274 1298 7933
f 7871 5227 3289
f 5707 5794 7872
f 7870 1959 5182
f 7873 5198 3771
f 6673 7874 2357
f 4316 2955 7862
f 417 1085 7875
f 7873 3771 8009
f 7876 3952 6199
f 7857 5144 4720
f 3433 5398 7877
f 7957 3620 76
f 76 7905 7957
f 4545 2357 7874
f 89 1974 7888
f 310 3689 7912
f 1778 2066 6889
f 7854 2174 3691
f 5113 1141 7879
f 7869 925 3166
f 3858 2479 7901
f 5300 269 7875
f 4112 2872 2554
f 2551 6704 7897
f 656 3844 2279
f 7880 2092 674
f 7881 5795 5356
f 4689 3374 7882
f 7794 7882 3374
f 7883 4650 4028
f 4562 5198 7873
f 3574 8011 832
f 1989 2076 2780
f 3239 5508 5448
f 7876 1918 3952
f 7861 5033 4597
f 7884 4602 2786
f 1516 7885 6654
f 4080 4710 1913
f 7886 4416 1276
f 4028 3772 7883
f 3977 7887 2373
f 7887 3977 2676
f 7888 4430 4639
f 5417 989 7889
f 5474 3821 6812
f 3454 7456 4170
f 4166 7867 5364
f 835 7754 7852
f 7852 1574 835
f 6821 7507 225
f 2871 7990 3137
f 7891 2089 1542
f 3301 6708 7883
f 2880 7855 3400
f 7857 597 5320
f 7851 3852 7955
f 1558 8039 7872
f 3662 4960 7893
f 7893 5796 3662
f 2618 2619 7048
f 7854 2940 5613
f 7817 1844 7881
f 7892 5657 4986
f 7900 4027 3032
f 732 4700 7322
f 1746 7894 2259
f 1213 7875 269
f 3842 4399 7895
f 7766 4392 7895
f 4380 7999 7872
f 993 5950 4554
f 5964 2002 7897
f 6008 6202 2694
f 7898 3972 1752
f 3966 7856 6015
f 6110 7862 2955
f 7866 7899 6114
f 6114 5669 7866
f 7986 7866 453
f 7899 6165 6114
f 7906 5913 251
f 1960 2573 7913
f 342 7877 5847
f 7885 1516 1702
f 6687 277 6238
f 6057 5364 7867
f 3323 1131 2493
f 3711 6350 7900
f 5927 5206 6742
f 5206 5927 6020
f 2781 1969 7909
f 3817 4132 6297
f 6413 2578 4963
f 7865 7726 6216
f 1220 2822 6445
f 6358 1322 7874
f 7901 2479 6497
f 3135 2295 7885
f 3795 5202 6165
f 729 4987 6300
f 2908 5205 2393
f 266 4453 6597
f 2311 6654 7885
f 7898 1752 6534
f 6534 3409 7898
f 7879 6937 927
f 1543 1895 7901
f 4214 7623 7903
f 7904 7900 6350
f 6350 3976 7904
f 6142 8023 2354
f 502 7905 76
f 5964 7897 6704
f 7906 1079 2140
f 5242 6071 4413
f 7871 3289 6398
f 1844 6546 7881
f 4791 7095 7907
f 2776 7907 3084
f 4789 1007 6012
f 6742 2446 5927
f 1231 6165 7899
f 897 1574 7852
f 5947 7965 7850
f 7850 3383 5947
f 664 7909 1969
f 1214 1965 7910
f 7911 532 2878
f 3648 7912 7217
f 4178 2805 7831
f 905 2872 8020
f 2872 905 2554
f 7987 674 2076
f 7053 7926 7896
f 7926 7053 4687
f 4518 7520 2307
f 6792 314 306
f 766 6845 7884
f 1064 7943 4824
f 7048 2619 6758
f 7912 3054 7217
f 3281 2714 3268
f 7150 1645 6250
f 7906 2140 2386
f 7909 664 709
f 7657 4027 7904
f 829 394 7913
f 4682 47 7890
f 5616 1842 7964
f 4963 2578 4596
f 7670 310 7912
f 6700 931 7905
f 6301 1893 7908
f 6185 1378 4369
f 2277 2714 3281
f 7456 4657 4170
f 7507 4017 225
f 4227 3640 7914
f 4017 7887 4311
f 7887 4017 2373
f 7894 1746 7476
f 4656 7458 1758
f 25 7758 4474
f 4812 380 7915
f 7915 1230 4812
f 4987 5763 6300
f 4846 5506 3300
f 7650 7821 5983
f 6854 7419 7624
f 7738 1321 7864
f 7482 850 7868
f 7465 2373 7507
f 7770 7592 785
f 7918 7846 4578
f 5627 5796 7893
f 277 6736 6238
f 1894 4378 6675
f 8035 7699 4987
f 6675 4378 6293
f 758 7737 3950
f 854 7989 3405
f 7452 4227 7914
f 7690 7845 7920
f 7680 7986 7921
f 7895 4392 4721
f 7716 2259 7894
f 1681 3395 5982
f 3150 2939 1128
f 2939 3792 1128
f 2120 2540 1851
f 2938 7412 7921
f 1851 2540 3277
f 5982 3395 7603
f 7916 7317 7700
f 7176 6861 1611
f 7592 2441 785
f 7702 7582 2079
f 419 1521 7919
f 4214 4428 7623
f 1125 2386 1664
f 7753 1427 7863
f 3103 7852 7754
f 7768 945 2794
f 1918 7876 2359
f 4918 3602 1558
f 2397 218 4345
f 299 3966 7420
f 2243 2781 1360
f 7982 3729 3832
f 2089 7891 2098
f 2098 8019 2089
f 498 676 7753
f 5847 1730 3103
f 1758 2765 143
f 2014 2420 4190
f 1913 4710 3239
f 4739 5475 3573
f 6165 5202 7811
f 7820 5992 5593
f 4986 6555 7825
f 7982 2832 696
f 3191 3729 7982
f 4056 4123 7830
f 7947 5151 4434
f 6250 1645 2445
f 39 7822 7343
f 7758 2647 4474
f 1581 7774 7609
f 3300 7776 5407
f 3275 2775 7923
f 7923 2775 2462
f 4383 2938 7921
f 7856 3966 2885
f 7950 4247 7990
f 7927 4342 2315
f 7923 2462 6035
f 1451 4940 3787
f 7822 5955 7343
f 7840 2805 1079
f 2832 7427 7743
f 7776 4937 5407
f 4777 4248 4236
f 415 3497 7924
f 7925 4821 5034
f 7936 4311 6385
f 7927 2056 1095
f 5268 7928 593
f 1220 6445 7929
f 7930 26 123
f 263 785 4928
f 3371 223 7931
f 1977 7198 7935
f 3574 4345 7932
f 7933 4991 1598
f 7935 2079 4314
f 1319 3354 7958
f 5089 4048 7991
f 6204 8008 6203
f 7936 1245 1912
f 7867 5513 7989
f 816 3452 225
f 5053 2886 7937
f 5268 6755 7928
f 7938 2965 2883
f 5383 1736 7939
f 6012 7801 8010
f 8037 5584 4278
f 7931 5868 3371
f 7942 6393 6090
f 1109 305 7968
f 7970 4846 3300
f 4846 7970 7943
f 7944 1638 3337
f 4663 2748 7945
f 4846 7943 7834
f 7946 482 2614
f 7947 6222 5151
f 7949 7853 2315
f 4047 4663 7945
f 7991 420 4296
f 4870 2554 322
f 288 872 2772
f 3589 3487 7964
f 2898 7820 7950
f 4434 3440 7978
f 7951 1546 2920
f 880 1914 1941
f 2765 5792 4590
f 7938 922 2965
f 2507 3229 7952
f 1222 5053 7937
f 7953 5961 6300
f 2466 2507 7952
f 7924 4074 415
f 4074 7924 5043
f 29 2780 7954
f 7955 4532 4159
f 7956 5781 1080
f 7582 1794 2079
f 7932 5516 402
f 5318 3270 1477
f 1204 801 182
f 4843 5383 7939
f 4430 7888 4321
f 7957 2043 3620
f 2955 2801 3841
f 7954 3597 2511
f 3597 7954 4847
f 7984 4190 5063
f 7928 266 4006
f 7948 4682 4565
f 3367 3130 7951
f 7962 7958 4089
f 7959 960 3773
f 6817 2429 3862
f 1875 2968 7973
f 2872 7360 5296
f 5556 6691 7960
f 7961 4976 5797
f 1907 960 7959
f 4017 4311 7936
f 7963 7616 1740
f 7954 2511 4437
f 1732 4843 7939
f 3084 922 7938
f 3773 4416 7959
f 1323 321 8030
f 7925 6889 2195
f 7853 7949 5549
f 1814 3579 7964
f 1352 1875 718
f 718 7965 1352
f 687 8037 7941
f 4895 1832 7945
f 7966 2713 1240
f 3432 4635 4436
f 7963 1740 2127
f 2127 5005 7963
f 8038 5956 6679
f 7964 3487 1814
f 7981 7465 5288
f 7932 402 1638
f 1240 119 7966
f 2526 1109 7968
f 5919 7934 5615
f 5965 5792 1758
f 7970 3300 5407
f 6008 2694 7971
f 6090 4123 7942
f 7933 1598 6108
f 7972 3602 7569
f 6204 6412 4530
f 7610 1319 7958
f 832 5452 6234
f 2637 7861 4597
f 2534 3073 7961
f 7942 4056 4719
f 6524 214 7974
f 6657 1876 2192
f 6300 4082 7953
f 1975 2642 5123
f 2047 1360 2637
f 4589 3655 7975
f 6399 7873 8009
f 7932 4345 6608
f 750 5982 1021
f 7976 2834 6979
f 6634 2666 4725
f 6713 4369 7952
f 7972 7569 2743
f 2743 6145 7972
f 6620 6217 3524
f 3524 6217 6641
f 7275 6475 4088
f 5884 8038 6679
f 6145 8039 7972
f 6238 2642 5119
f 7977 1323 8030
f 6991 7978 3646
f 7925 2284 4821
f 6812 3821 2432
f 182 801 998
f 5578 7880 121
f 4489 1638 7944
f 3718 3013 122
f 7504 7976 2098
f 7976 7504 2834
f 7968 2606 7529
f 1968 1620 7265
f 1362 2502 7971
f 5131 7344 7980
f 5222 7616 7963
f 6876 2801 2955
f 2968 2107 7973
f 2502 823 6008
f 3128 7929 5883
f 7929 3128 2913
f 7011 3088 5903
f 6079 5915 6778
f 2760 5956 7979
f 8038 7979 5956
f 7935 2484 2079
f 2480 1362 6014
f 7834 4254 4846
f 5616 3729 7293
f 2160 2157 7931
f 7011 2201 7326
f 3939 3190 7459
f 7263 472 4220
f 5296 7360 7508
f 7806 5205 1497
f 7373 6871 5225
f 7980 1799 7244
f 1799 7980 7344
f 3190 4066 7459
f 7545 1611 7277
f 7411 1546 7951
f 7981 1751 710
f 7625 7465 7981
f 4247 7453 3610
f 1319 7481 2875
f 5005 7660 2706
f 6008 7971 2502
f 7593 4752 7009
f 7983 4518 968
f 7937 2886 7418
f 7418 3196 7937
f 2035 5277 2318
f 4380 8039 5378
f 4811 4986 7744
f 3756 4970 3610
f 3862 2429 5340
f 2847 4190 7984
f 7624 2392 7985
f 7985 6706 3563
f 1451 6202 823
f 6226 7824 7922
f 7985 210 6706
f 5240 6283 4199
f 7984 3737 2770
f 4987 2167 8035
f 7680 7506 7986
f 7978 6991 7035
f 7940 598 7684
f 2431 7687 1617
f 2919 2808 3258
f 5915 4415 6778
f 7983 5925 4501
f 7983 7520 4518
f 1989 689 7987
f 3258 2808 7728
f 7987 121 7880
f 342 5847 7966
f 7988 7767 5663
f 7767 7988 2812
f 5663 1606 7988
f 3584 6415 3405
f 737 3015 4439
f 3844 656 1869
f 3753 8025 3857
f 1981 6524 7974
f 6415 434 3405
f 4218 26 7930
f 7989 2121 3405
f 7953 4065 989
f 989 7967 7953
f 7148 2405 874
f 7824 2150 7922
f 7660 5005 7962
f 7518 7793 5995
f 7917 6907 1321
f 823 6202 6008
f 7919 7798 419
f 99 1073 7307
f 1947 397 5128
f 2760 7979 2847
f 2847 3687 2760
f 2167 4222 8035
f 993 8041 5949
f 2795 2043 7957
f 5549 2461 7853
f 2246 7849 718
f 4299 4532 7955
f 274 3021 1298
f 812 5794 5707
f 7969 3514 1050
f 1489 111 1645
f 7990 2871 3866
f 4065 7889 989
f 2570 3821 5474
f 3610 3137 7990
f 8039 4380 7872
f 7888 1974 4321
f 7899 7986 7506
f 7986 7899 7866
f 7880 674 7987
f 7970 5407 4824
f 6014 1362 860
f 7481 59 2875
f 7458 3514 7969
f 854 7867 7989
f 5057 7891 3073
f 2938 1964 7412
f 7849 7965 718
f 7876 568 2359
f 3308 3383 1720
f 3966 3810 7420
f 8040 3928 7799
f 2898 7950 7990
f 1758 5792 2765
f 4532 3573 4159
f 2056 7927 7853
f 5947 3383 3308
f 7891 3411 3073
f 5593 4247 7950
f 3573 4858 4159
f 7783 4342 7927
f 5705 3674 3263
f 4958 2810 1073
f 1196 3397 818
f 2957 8024 6044
f 6651 1826 1511
f 4086 5614 4402
f 2132 1747 114
f 7667 420 7991
f 7992 2586 5360
f 4562 6616 3734
f 4157 4008 7993
f 1700 1356 2138
f 823 2502 3130
f 1122 7614 2318
f 2471 5840 3064
f 7995 3172 4085
f 4436 3953 4005
f 4278 810 3347
f 4436 5606 3953
f 2957 1651 8033
f 5965 1050 4196
f 5720 4832 2470
f 3354 1319 7996
f 7999 5707 7872
f 2875 539 7996
f 3360 2869 7997
f 2573 3665 7998
f 3906 5707 7999
f 7651 8000 6830
f 8001 1985 5147
f 5147 4602 8001
f 3578 5438 4847
f 4582 7047 5876
f 4847 5438 4600
f 4023 5857 2481
f 5857 4023 8002
f 8003 5620 2362
f 2470 4832 2019
f 1122 7994 694
f 2138 1356 2911
f 5123 4995 5138
f 4995 5123 4980
f 268 3624 1477
f 5341 3169 4928
f 8005 3631 966
f 7992 2549 2586
f 2549 7992 8006
f 3771 2081 8009
f 1162 2219 8007
f 8003 4590 749
f 7188 5530 8008
f 7994 1382 694
f 2362 3047 8003
f 8009 2081 949
f 5771 6920 224
f 3178 1486 8011
f 4539 7532 3485
f 4165 2068 1464
f 4489 3178 8011
f 5628 5298 5225
f 7996 4411 3354
f 4118 8012 4171
f 8012 4118 5052
f 2967 1994 1618
f 8013 930 4866
f 8013 2240 930
f 2240 8013 5918
f 8014 5081 6904
f 4278 3347 5743
f 5392 5567 1887
f 2068 4134 1464
f 8015 5338 1263
f 7589 5691 533
f 3367 7951 3378
f 5709 4495 1897
f 1763 1021 583
f 8016 4429 1162
f 1162 8007 8016
f 8017 952 4219
f 3378 7951 2920
f 2997 4712 2622
f 8001 233 1985
f 233 8001 1164
f 4794 419 413
f 7563 4321 5470
f 7994 2318 5277
f 7804 3974 8018
f 4870 322 8013
f 8012 5052 1581
f 5360 288 7992
f 8029 1258 5267
f 8015 7727 5338
f 6466 2445 220
f 220 6629 6466
f 1941 3390 2414
f 4006 7410 1523
f 7997 1994 2899
f 7999 1342 963
f 1547 3578 4847
f 121 7987 689
f 8020 5296 5085
f 3921 5817 1470
f 7995 182 2752
f 7799 2809 196
f 4085 1723 7995
f 4899 1975 3210
f 8012 7687 2431
f 5138 5132 5123
f 5939 278 1298
f 8021 2642 5951
f 1050 3278 4196
f 3495 4980 4779
f 7047 6068 5876
f 40 5795 6414
f 1430 6450 8029
f 6220 5615 6604
f 8024 2957 825
f 6629 3686 2196
f 2246 718 7973
f 8010 7801 6447
f 6574 4810 8010
f 8019 7976 6979
f 5903 1499 3283
f 8025 5242 4413
f 2899 1994 6014
f 6679 837 6709
f 7993 6079 6778
f 5448 8000 3239
f 8000 5448 6830
f 3498 5611 6388
f 5153 4167 3896
f 2730 2216 8026
f 8027 2625 2201
f 6778 3623 7993
f 6914 2208 4700
f 989 323 7967
f 8027 2217 2625
f 1258 5109 2887
f 7030 4388 1225
f 587 418 5229
f 8023 7482 2354
f 6234 6095 832
f 8024 2143 105
f 4590 3047 5639
f 6861 5390 8028
f 8028 5073 1432
f 5390 5073 8028
f 829 7998 7255
f 6239 8029 6450
f 7732 5081 8014
f 7558 2353 3013
f 8030 5312 3749
f 874 2405 8014
f 429 5240 1296
f 2471 2443 3181
f 3130 2502 7411
f 3196 2855 8017
f 7494 4432 8031
f 8031 7469 7494
f 3585 8032 4726
f 8032 3585 1525
f 7460 5636 1749
f 730 3939 8032
f 8032 1525 730
f 4700 2208 7533
f 7437 7656 4932
f 7318 1258 8029
f 2353 122 3013
f 8031 2192 88
f 2517 5312 8030
f 2745 2399 422
f 8033 163 7917
f 8034 5796 5627
f 5776 8034 2436
f 8034 5776 4826
f 3485 7532 6496
f 7610 5005 2127
f 5796 8034 4826
f 8033 7917 825
f 1097 2742 4046
f 7651 3819 8000
f 2217 8027 8026
f 8026 2216 2217
f 1296 7681 5829
f 1201 2753 3137
f 8015 3425 7727
f 3425 8015 6472
f 7938 2883 2776
f 6426 1298 3021
f 8035 6829 7699
f 816 227 3452
f 897 7852 1268
f 327 8002 4488
f 7612 432 7844
f 8041 993 4858
f 8005 3862 2715
f 8036 3053 3276
f 7806 1497 2355
f 5278 3524 7786
f 8004 5242 8025
f 4008 2134 7993
f 8017 4219 7787
f 7025 7922 3305
f 1730 6835 3103
f 7844 3439 1402
f 7922 4284 3305
f 4865 5602 5586
f 4996 5815 4402
f 8005 824 3631
f 5586 5602 2302
f 8011 3574 4489
f 8011 5452 832
f 2692 4402 5815
f 4402 2692 7956
f 3467 7941 5287
f 220 111 725
f 7869 865 3258
f 7876 6199 7878
f 5205 6559 2393
f 7943 7970 4824
f 4402 5614 5429
f 2573 7998 7913
f 4846 4306 5506
f 7699 2626 4987
f 756 7307 1073
f 4249 5128 397
f 3235 1997 2760
f 1997 5956 2760
f 865 3330 3258
f 3662 1802 4960
f 3120 725 111
f 7934 594 5615
f 816 225 1912
f 7093 5242 8004
f 8037 4278 7941
f 5091 5584 8037
f 872 1653 2772
f 4686 594 7934
f 880 4110 1914
f 1618 1994 7997
f 530 4725 1373
f 532 121 8007
f 687 5091 8037
f 3432 5199 4635
f 3073 4976 7961
f 5951 2642 1975
f 2014 8038 3731
f 5884 3731 8038
f 8039 1558 7972
f 5109 3496 2887
f 7011 7326 3088
f 7998 2279 7255
f 2443 4767 3181
f 4048 7667 7991
f 2883 7669 2776
f 8002 3317 4488
f 3753 8004 8025
f 8041 2394 5949
f 3103 6835 1268
f 8041 3573 2394
f 4873 7845 1969
f 1489 1645 1639
f 5684 5927 7934
f 7941 5743 5287
f 4725 4807 1373
f 121 689 8007
f 220 2445 111
f 7063 7862 777
f 7940 3928 8040
f 5927 4498 7934
f 7862 359 777
f 7783 936 4342
f 3193 4777 4765
f 4765 4777 1947
f 3033 6103 4574
f 1802 519 4960
f 6103 4373 4574
f 7407 3674 5705
f 1947 105 3160
f 105 3549 3160
f 573 5904 3263
f 5798 6098 896
f 4213 1933 726
f 206 7063 5652
f 4873 1969 495
f 6098 4981 896
f 4958 4893 2810
f 1933 3750 726
f 44 4367 2210
f 7063 4638 5652
f 1196 1792 3397
f 2210 4367 507
f 3662 1511 1826
f 8024 4236 6044
f 1969 2243 495
f 6651 1511 1190
f 4070 5180 4457
f 4086 5241 5614
f 5128 4765 1947
f 2132 2176 1747
f 7845 2543 1969
